ISO-10303-21;
HEADER;
FILE_DESCRIPTION(('FreeCAD Model'),'2;1');
FILE_NAME('Open CASCADE Shape Model','2026-09-30T18:56:16',('Author'),(
    ''),'Open CASCADE STEP processor 7.9','FreeCAD','Unknown');
FILE_SCHEMA(('AUTOMOTIVE_DESIGN { 1 0 10303 214 1 1 1 1 }'));
ENDSEC;
DATA;
#1 = APPLICATION_PROTOCOL_DEFINITION('international standard',
  'automotive_design',2000,#2);
#2 = APPLICATION_CONTEXT(
  'core data for automotive mechanical design processes');
#3 = SHAPE_DEFINITION_REPRESENTATION(#4,#10);
#4 = PRODUCT_DEFINITION_SHAPE('','',#5);
#5 = PRODUCT_DEFINITION('design','',#6,#9);
#6 = PRODUCT_DEFINITION_FORMATION('','',#7);
#7 = PRODUCT('FormatDriveGear','FormatDriveGear','',(#8));
#8 = PRODUCT_CONTEXT('',#2,'mechanical');
#9 = PRODUCT_DEFINITION_CONTEXT('part definition',#2,'design');
#10 = ADVANCED_BREP_SHAPE_REPRESENTATION('',(#11,#15),#10096);
#11 = AXIS2_PLACEMENT_3D('',#12,#13,#14);
#12 = CARTESIAN_POINT('',(0.,0.,0.));
#13 = DIRECTION('',(0.,0.,1.));
#14 = DIRECTION('',(1.,0.,-0.));
#15 = MANIFOLD_SOLID_BREP('',#16);
#16 = CLOSED_SHELL('',(#17,#57,#90,#126,#2584,#5042,#5059,#5079,#5096,
    #5113,#5130,#5150,#5170,#5190,#5210,#5227,#5244,#5261,#5281,#5298,
    #5318,#5335,#5352,#5369,#5386,#5406,#5423,#5443,#5460,#5477,#5494,
    #5514,#5534,#5554,#5574,#5591,#5608,#5625,#5645,#5662,#5682,#5699,
    #5716,#5733,#5750,#5770,#5787,#5807,#5824,#5841,#5858,#5878,#5898,
    #5918,#5938,#5955,#5972,#5989,#6009,#6026,#6046,#6063,#6080,#6097,
    #6114,#6134,#6151,#6171,#6188,#6205,#6222,#6242,#6262,#6282,#6302,
    #6319,#6336,#6353,#6373,#6390,#6410,#6427,#6444,#6461,#6478,#6498,
    #6515,#6535,#6552,#6569,#6586,#6606,#6626,#6646,#6666,#6683,#6700,
    #6717,#6737,#6754,#6774,#6791,#6808,#6825,#6842,#6862,#6879,#6899,
    #6916,#6933,#6950,#6970,#6990,#7010,#7030,#7047,#7064,#7081,#7101,
    #7118,#7138,#7155,#7172,#7189,#7206,#7226,#7243,#7263,#7280,#7297,
    #7314,#7334,#7354,#7374,#7394,#7411,#7428,#7445,#7465,#7482,#7502,
    #7519,#7536,#7553,#7570,#7590,#7607,#7627,#7644,#7661,#7678,#7698,
    #7718,#7738,#7758,#7775,#7792,#7809,#7829,#7846,#7866,#7883,#7900,
    #7917,#7934,#7954,#7971,#7991,#8008,#8025,#8042,#8062,#8082,#8102,
    #8122,#8139,#8156,#8173,#8193,#8210,#8230,#8247,#8264,#8281,#8298,
    #8318,#8335,#8355,#8372,#8389,#8406,#8426,#8446,#8466,#8486,#8503,
    #8520,#8537,#8557,#8574,#8594,#8611,#8628,#8645,#8662,#8682,#8699,
    #8719,#8736,#8753,#8770,#8790,#8810,#8830,#8850,#8867,#8884,#8901,
    #8921,#8938,#8958,#8975,#8992,#9009,#9026,#9046,#9063,#9083,#9100,
    #9117,#9134,#9154,#9174,#9194,#9214,#9231,#9248,#9265,#9285,#9302,
    #9322,#9339,#9356,#9373,#9390,#9410,#9427,#9447,#9464,#9481,#9498,
    #9518,#9538,#9558,#9578,#9595,#9612,#9629,#9649,#9666,#9686,#9703,
    #9720,#9737,#9754,#9774,#9791,#9811,#9828,#9845,#9862,#9882,#9902,
    #9922,#9942,#9959,#9976,#9993,#10013,#10030,#10050,#10067,#10079));
#17 = ADVANCED_FACE('',(#18),#52,.F.);
#18 = FACE_BOUND('',#19,.F.);
#19 = EDGE_LOOP('',(#20,#30,#38,#46));
#20 = ORIENTED_EDGE('',*,*,#21,.T.);
#21 = EDGE_CURVE('',#22,#24,#26,.T.);
#22 = VERTEX_POINT('',#23);
#23 = CARTESIAN_POINT('',(16.894086212921,-1.166262531918,0.));
#24 = VERTEX_POINT('',#25);
#25 = CARTESIAN_POINT('',(16.894086212921,-1.166262531918,2.595294117647
    ));
#26 = LINE('',#27,#28);
#27 = CARTESIAN_POINT('',(16.894086212921,-1.166262531918,0.));
#28 = VECTOR('',#29,1.);
#29 = DIRECTION('',(0.,0.,1.));
#30 = ORIENTED_EDGE('',*,*,#31,.T.);
#31 = EDGE_CURVE('',#24,#32,#34,.T.);
#32 = VERTEX_POINT('',#33);
#33 = CARTESIAN_POINT('',(17.055931989555,-1.176519344986,2.595294117647
    ));
#34 = LINE('',#35,#36);
#35 = CARTESIAN_POINT('',(16.894086212921,-1.166262531918,2.595294117647
    ));
#36 = VECTOR('',#37,1.);
#37 = DIRECTION('',(0.997997897239,-6.324711145577E-02,0.));
#38 = ORIENTED_EDGE('',*,*,#39,.F.);
#39 = EDGE_CURVE('',#40,#32,#42,.T.);
#40 = VERTEX_POINT('',#41);
#41 = CARTESIAN_POINT('',(17.055931989555,-1.176519344986,0.));
#42 = LINE('',#43,#44);
#43 = CARTESIAN_POINT('',(17.055931989555,-1.176519344986,0.));
#44 = VECTOR('',#45,1.);
#45 = DIRECTION('',(0.,0.,1.));
#46 = ORIENTED_EDGE('',*,*,#47,.F.);
#47 = EDGE_CURVE('',#22,#40,#48,.T.);
#48 = LINE('',#49,#50);
#49 = CARTESIAN_POINT('',(16.894086212921,-1.166262531918,0.));
#50 = VECTOR('',#51,1.);
#51 = DIRECTION('',(0.997997897239,-6.324711145577E-02,0.));
#52 = PLANE('',#53);
#53 = AXIS2_PLACEMENT_3D('',#54,#55,#56);
#54 = CARTESIAN_POINT('',(16.894086212921,-1.166262531918,0.));
#55 = DIRECTION('',(6.324711145577E-02,0.997997897239,0.));
#56 = DIRECTION('',(0.997997897239,-6.324711145577E-02,0.));
#57 = ADVANCED_FACE('',(#58),#85,.F.);
#58 = FACE_BOUND('',#59,.F.);
#59 = EDGE_LOOP('',(#60,#70,#77,#78));
#60 = ORIENTED_EDGE('',*,*,#61,.T.);
#61 = EDGE_CURVE('',#62,#64,#66,.T.);
#62 = VERTEX_POINT('',#63);
#63 = CARTESIAN_POINT('',(16.362244549644,-1.609230836769,0.));
#64 = VERTEX_POINT('',#65);
#65 = CARTESIAN_POINT('',(16.362244549644,-1.609230836769,2.595294117647
    ));
#66 = LINE('',#67,#68);
#67 = CARTESIAN_POINT('',(16.362244549644,-1.609230836769,0.));
#68 = VECTOR('',#69,1.);
#69 = DIRECTION('',(0.,0.,1.));
#70 = ORIENTED_EDGE('',*,*,#71,.T.);
#71 = EDGE_CURVE('',#64,#24,#72,.T.);
#72 = CIRCLE('',#73,0.493105882353);
#73 = AXIS2_PLACEMENT_3D('',#74,#75,#76);
#74 = CARTESIAN_POINT('',(16.852967380189,-1.657651026702,2.595294117647
    ));
#75 = DIRECTION('',(0.,0.,-1.));
#76 = DIRECTION('',(-0.995167261447,9.819430606289E-02,0.));
#77 = ORIENTED_EDGE('',*,*,#21,.F.);
#78 = ORIENTED_EDGE('',*,*,#79,.F.);
#79 = EDGE_CURVE('',#62,#22,#80,.T.);
#80 = CIRCLE('',#81,0.493105882353);
#81 = AXIS2_PLACEMENT_3D('',#82,#83,#84);
#82 = CARTESIAN_POINT('',(16.852967380189,-1.657651026702,0.));
#83 = DIRECTION('',(0.,0.,-1.));
#84 = DIRECTION('',(-0.995167261447,9.819430606289E-02,0.));
#85 = CYLINDRICAL_SURFACE('',#86,0.493105882353);
#86 = AXIS2_PLACEMENT_3D('',#87,#88,#89);
#87 = CARTESIAN_POINT('',(16.852967380189,-1.657651026702,0.));
#88 = DIRECTION('',(0.,0.,-1.));
#89 = DIRECTION('',(-0.995167261447,9.819430606289E-02,0.));
#90 = ADVANCED_FACE('',(#91),#118,.F.);
#91 = FACE_BOUND('',#92,.F.);
#92 = EDGE_LOOP('',(#93,#94,#103,#111));
#93 = ORIENTED_EDGE('',*,*,#39,.T.);
#94 = ORIENTED_EDGE('',*,*,#95,.T.);
#95 = EDGE_CURVE('',#32,#96,#98,.T.);
#96 = VERTEX_POINT('',#97);
#97 = CARTESIAN_POINT('',(17.655353718378,-1.1054742898,2.595294117647)
  );
#98 = B_SPLINE_CURVE_WITH_KNOTS('',3,(#99,#100,#101,#102),
  .UNSPECIFIED.,.F.,.F.,(4,4),(0.,1.),.PIECEWISE_BEZIER_KNOTS.);
#99 = CARTESIAN_POINT('',(17.055931989555,-1.176519344986,2.595294117647
    ));
#100 = CARTESIAN_POINT('',(17.122282233736,-1.177513866521,
    2.595294117647));
#101 = CARTESIAN_POINT('',(17.322312095938,-1.173366277804,
    2.595294117647));
#102 = CARTESIAN_POINT('',(17.655353718378,-1.1054742898,2.595294117647)
  );
#103 = ORIENTED_EDGE('',*,*,#104,.F.);
#104 = EDGE_CURVE('',#105,#96,#107,.T.);
#105 = VERTEX_POINT('',#106);
#106 = CARTESIAN_POINT('',(17.655353718378,-1.1054742898,0.));
#107 = LINE('',#108,#109);
#108 = CARTESIAN_POINT('',(17.655353718378,-1.1054742898,0.));
#109 = VECTOR('',#110,1.);
#110 = DIRECTION('',(0.,0.,1.));
#111 = ORIENTED_EDGE('',*,*,#112,.F.);
#112 = EDGE_CURVE('',#40,#105,#113,.T.);
#113 = B_SPLINE_CURVE_WITH_KNOTS('',3,(#114,#115,#116,#117),
  .UNSPECIFIED.,.F.,.F.,(4,4),(0.,1.),.PIECEWISE_BEZIER_KNOTS.);
#114 = CARTESIAN_POINT('',(17.055931989555,-1.176519344986,0.));
#115 = CARTESIAN_POINT('',(17.122282233736,-1.177513866521,0.));
#116 = CARTESIAN_POINT('',(17.322312095938,-1.173366277804,0.));
#117 = CARTESIAN_POINT('',(17.655353718378,-1.1054742898,0.));
#118 = SURFACE_OF_LINEAR_EXTRUSION('',#119,#124);
#119 = B_SPLINE_CURVE_WITH_KNOTS('',3,(#120,#121,#122,#123),
  .UNSPECIFIED.,.F.,.F.,(4,4),(0.,1.),.PIECEWISE_BEZIER_KNOTS.);
#120 = CARTESIAN_POINT('',(17.055931989555,-1.176519344986,0.));
#121 = CARTESIAN_POINT('',(17.122282233736,-1.177513866521,0.));
#122 = CARTESIAN_POINT('',(17.322312095938,-1.173366277804,0.));
#123 = CARTESIAN_POINT('',(17.655353718378,-1.1054742898,0.));
#124 = VECTOR('',#125,1.);
#125 = DIRECTION('',(-0.,-0.,-1.));
#126 = ADVANCED_FACE('',(#127,#2568),#2579,.F.);
#127 = FACE_BOUND('',#128,.F.);
#128 = EDGE_LOOP('',(#129,#130,#131,#140,#149,#158,#167,#175,#184,#193,
    #202,#210,#219,#228,#237,#246,#255,#263,#272,#281,#290,#298,#307,
    #316,#325,#334,#343,#351,#360,#369,#378,#386,#395,#404,#413,#422,
    #431,#439,#448,#457,#466,#474,#483,#492,#501,#510,#519,#527,#536,
    #545,#554,#562,#571,#580,#589,#598,#607,#615,#624,#633,#642,#650,
    #659,#668,#677,#686,#695,#703,#712,#721,#730,#738,#747,#756,#765,
    #774,#783,#791,#800,#809,#818,#826,#835,#844,#853,#862,#871,#879,
    #888,#897,#906,#914,#923,#932,#941,#950,#959,#967,#976,#985,#994,
    #1002,#1011,#1020,#1029,#1038,#1047,#1055,#1064,#1073,#1082,#1090,
    #1099,#1108,#1117,#1126,#1135,#1143,#1152,#1161,#1170,#1178,#1187,
    #1196,#1205,#1214,#1223,#1231,#1240,#1249,#1258,#1266,#1275,#1284,
    #1293,#1302,#1311,#1319,#1328,#1337,#1346,#1354,#1363,#1372,#1381,
    #1390,#1399,#1407,#1416,#1425,#1434,#1442,#1451,#1460,#1469,#1478,
    #1487,#1495,#1504,#1513,#1522,#1530,#1539,#1548,#1557,#1566,#1575,
    #1583,#1592,#1601,#1610,#1618,#1627,#1636,#1645,#1654,#1663,#1671,
    #1680,#1689,#1698,#1706,#1715,#1724,#1733,#1742,#1751,#1759,#1768,
    #1777,#1786,#1794,#1803,#1812,#1821,#1830,#1839,#1847,#1856,#1865,
    #1874,#1882,#1891,#1900,#1909,#1918,#1927,#1935,#1944,#1953,#1962,
    #1970,#1979,#1988,#1997,#2006,#2015,#2023,#2032,#2041,#2050,#2058,
    #2067,#2076,#2085,#2094,#2103,#2111,#2120,#2129,#2138,#2146,#2155,
    #2164,#2173,#2182,#2191,#2199,#2208,#2217,#2226,#2234,#2243,#2252,
    #2261,#2270,#2279,#2287,#2296,#2305,#2314,#2322,#2331,#2340,#2349,
    #2358,#2367,#2375,#2384,#2393,#2402,#2410,#2419,#2428,#2437,#2446,
    #2455,#2463,#2472,#2481,#2490,#2498,#2507,#2516,#2525,#2534,#2543,
    #2551,#2560,#2567));
#129 = ORIENTED_EDGE('',*,*,#47,.T.);
#130 = ORIENTED_EDGE('',*,*,#112,.T.);
#131 = ORIENTED_EDGE('',*,*,#132,.T.);
#132 = EDGE_CURVE('',#105,#133,#135,.T.);
#133 = VERTEX_POINT('',#134);
#134 = CARTESIAN_POINT('',(19.355971321854,-0.487094956612,0.));
#135 = B_SPLINE_CURVE_WITH_KNOTS('',3,(#136,#137,#138,#139),
  .UNSPECIFIED.,.F.,.F.,(4,4),(0.,1.),.PIECEWISE_BEZIER_KNOTS.);
#136 = CARTESIAN_POINT('',(17.655353718378,-1.1054742898,0.));
#137 = CARTESIAN_POINT('',(18.054712673468,-1.023160755402,0.));
#138 = CARTESIAN_POINT('',(18.632890818679,-0.849910571074,0.));
#139 = CARTESIAN_POINT('',(19.355971321854,-0.487094956612,0.));
#140 = ORIENTED_EDGE('',*,*,#141,.T.);
#141 = EDGE_CURVE('',#133,#142,#144,.T.);
#142 = VERTEX_POINT('',#143);
#143 = CARTESIAN_POINT('',(19.35475538763,0.487508891974,0.));
#144 = CIRCLE('',#145,19.360894117645);
#145 = AXIS2_PLACEMENT_3D('',#146,#147,#148);
#146 = CARTESIAN_POINT('',(6.178279920341E-04,-2.394037949699E-02,0.));
#147 = DIRECTION('',(-0.,0.,1.));
#148 = DIRECTION('',(0.999713823972,-2.392216879556E-02,0.));
#149 = ORIENTED_EDGE('',*,*,#150,.T.);
#150 = EDGE_CURVE('',#142,#151,#153,.T.);
#151 = VERTEX_POINT('',#152);
#152 = CARTESIAN_POINT('',(17.655353718378,1.1054742898,0.));
#153 = B_SPLINE_CURVE_WITH_KNOTS('',3,(#154,#155,#156,#157),
  .UNSPECIFIED.,.F.,.F.,(4,4),(0.,1.),.PIECEWISE_BEZIER_KNOTS.);
#154 = CARTESIAN_POINT('',(19.35475538763,0.487508891974,0.));
#155 = CARTESIAN_POINT('',(18.632890818679,0.849910571074,0.));
#156 = CARTESIAN_POINT('',(18.054712673468,1.023160755402,0.));
#157 = CARTESIAN_POINT('',(17.655353718378,1.1054742898,0.));
#158 = ORIENTED_EDGE('',*,*,#159,.T.);
#159 = EDGE_CURVE('',#151,#160,#162,.T.);
#160 = VERTEX_POINT('',#161);
#161 = CARTESIAN_POINT('',(17.055931989555,1.176519344986,0.));
#162 = B_SPLINE_CURVE_WITH_KNOTS('',3,(#163,#164,#165,#166),
  .UNSPECIFIED.,.F.,.F.,(4,4),(0.,1.),.PIECEWISE_BEZIER_KNOTS.);
#163 = CARTESIAN_POINT('',(17.655353718378,1.1054742898,0.));
#164 = CARTESIAN_POINT('',(17.322312095938,1.173366277804,0.));
#165 = CARTESIAN_POINT('',(17.122282233736,1.177513866521,0.));
#166 = CARTESIAN_POINT('',(17.055931989555,1.176519344986,0.));
#167 = ORIENTED_EDGE('',*,*,#168,.T.);
#168 = EDGE_CURVE('',#160,#169,#171,.T.);
#169 = VERTEX_POINT('',#170);
#170 = CARTESIAN_POINT('',(16.894086212921,1.166262531918,0.));
#171 = LINE('',#172,#173);
#172 = CARTESIAN_POINT('',(17.055931989555,1.176519344986,0.));
#173 = VECTOR('',#174,1.);
#174 = DIRECTION('',(-0.997997897239,-6.32471114558E-02,0.));
#175 = ORIENTED_EDGE('',*,*,#176,.T.);
#176 = EDGE_CURVE('',#169,#177,#179,.T.);
#177 = VERTEX_POINT('',#178);
#178 = CARTESIAN_POINT('',(16.362244549644,1.609230836769,0.));
#179 = CIRCLE('',#180,0.493105882353);
#180 = AXIS2_PLACEMENT_3D('',#181,#182,#183);
#181 = CARTESIAN_POINT('',(16.852967380189,1.657651026702,0.));
#182 = DIRECTION('',(0.,0.,-1.));
#183 = DIRECTION('',(8.338743098338E-02,-0.99651720324,0.));
#184 = ORIENTED_EDGE('',*,*,#185,.T.);
#185 = EDGE_CURVE('',#177,#186,#188,.T.);
#186 = VERTEX_POINT('',#187);
#187 = CARTESIAN_POINT('',(16.310096466142,2.072057878899,0.));
#188 = CIRCLE('',#189,16.441188235292);
#189 = AXIS2_PLACEMENT_3D('',#190,#191,#192);
#190 = CARTESIAN_POINT('',(1.96854E-12,1.6323E-13,0.));
#191 = DIRECTION('',(0.,-0.,1.));
#192 = DIRECTION('',(0.995198419693,9.787801305714E-02,0.));
#193 = ORIENTED_EDGE('',*,*,#194,.T.);
#194 = EDGE_CURVE('',#186,#195,#197,.T.);
#195 = VERTEX_POINT('',#196);
#196 = CARTESIAN_POINT('',(16.730034027624,2.622265947139,0.));
#197 = CIRCLE('',#198,0.493105882353);
#198 = AXIS2_PLACEMENT_3D('',#199,#200,#201);
#199 = CARTESIAN_POINT('',(16.799290356672,2.134047786786,0.));
#200 = DIRECTION('',(0.,0.,-1.));
#201 = DIRECTION('',(-0.992066629169,-0.125713178662,-0.));
#202 = ORIENTED_EDGE('',*,*,#203,.T.);
#203 = EDGE_CURVE('',#195,#204,#206,.T.);
#204 = VERTEX_POINT('',#205);
#205 = CARTESIAN_POINT('',(16.890104348356,2.648280367163,0.));
#206 = LINE('',#207,#208);
#207 = CARTESIAN_POINT('',(16.730034027624,2.622265947139,0.));
#208 = VECTOR('',#209,1.);
#209 = DIRECTION('',(0.987049812628,0.160414049857,0.));
#210 = ORIENTED_EDGE('',*,*,#211,.T.);
#211 = EDGE_CURVE('',#204,#212,#214,.T.);
#212 = VERTEX_POINT('',#213);
#213 = CARTESIAN_POINT('',(17.458688310921,2.850928057417,0.));
#214 = B_SPLINE_CURVE_WITH_KNOTS('',3,(#215,#216,#217,#218),
  .UNSPECIFIED.,.F.,.F.,(4,4),(0.,1.),.PIECEWISE_BEZIER_KNOTS.);
#215 = CARTESIAN_POINT('',(16.890104348356,2.648280367163,0.));
#216 = CARTESIAN_POINT('',(16.955012355249,2.662075098662,0.));
#217 = CARTESIAN_POINT('',(17.149104125865,2.710629530427,0.));
#218 = CARTESIAN_POINT('',(17.458688310921,2.850928057417,0.));
#219 = ORIENTED_EDGE('',*,*,#220,.T.);
#220 = EDGE_CURVE('',#212,#221,#223,.T.);
#221 = VERTEX_POINT('',#222);
#222 = CARTESIAN_POINT('',(18.979065533737,3.832226347086,0.));
#223 = B_SPLINE_CURVE_WITH_KNOTS('',3,(#224,#225,#226,#227),
  .UNSPECIFIED.,.F.,.F.,(4,4),(0.,1.),.PIECEWISE_BEZIER_KNOTS.);
#224 = CARTESIAN_POINT('',(17.458688310921,2.850928057417,0.));
#225 = CARTESIAN_POINT('',(17.829718018667,3.020043547323,0.));
#226 = CARTESIAN_POINT('',(18.354848237821,3.31760672868,0.));
#227 = CARTESIAN_POINT('',(18.979065533737,3.832226347086,0.));
#228 = ORIENTED_EDGE('',*,*,#229,.T.);
#229 = EDGE_CURVE('',#221,#230,#232,.T.);
#230 = VERTEX_POINT('',#231);
#231 = CARTESIAN_POINT('',(18.761010326898,4.782124271574,0.));
#232 = CIRCLE('',#233,19.360894117667);
#233 = AXIS2_PLACEMENT_3D('',#234,#235,#236);
#234 = CARTESIAN_POINT('',(5.929573337836E-03,-2.320266454296E-02,0.));
#235 = DIRECTION('',(0.,-0.,1.));
#236 = DIRECTION('',(0.979972094527,0.199134863721,0.));
#237 = ORIENTED_EDGE('',*,*,#238,.T.);
#238 = EDGE_CURVE('',#230,#239,#241,.T.);
#239 = VERTEX_POINT('',#240);
#240 = CARTESIAN_POINT('',(16.966705968059,5.006443540068,0.));
#241 = B_SPLINE_CURVE_WITH_KNOTS('',3,(#242,#243,#244,#245),
  .UNSPECIFIED.,.F.,.F.,(4,4),(0.,1.),.PIECEWISE_BEZIER_KNOTS.);
#242 = CARTESIAN_POINT('',(18.761010326898,4.782124271574,0.));
#243 = CARTESIAN_POINT('',(17.976602449712,4.974809805876,0.));
#244 = CARTESIAN_POINT('',(17.374368644908,5.015059505503,0.));
#245 = CARTESIAN_POINT('',(16.966705968059,5.006443540068,0.));
#246 = ORIENTED_EDGE('',*,*,#247,.T.);
#247 = EDGE_CURVE('',#239,#248,#250,.T.);
#248 = VERTEX_POINT('',#249);
#249 = CARTESIAN_POINT('',(16.366503981429,4.94232346446,0.));
#250 = B_SPLINE_CURVE_WITH_KNOTS('',3,(#251,#252,#253,#254),
  .UNSPECIFIED.,.F.,.F.,(4,4),(0.,1.),.PIECEWISE_BEZIER_KNOTS.);
#251 = CARTESIAN_POINT('',(16.966705968059,5.006443540068,0.));
#252 = CARTESIAN_POINT('',(16.626907005845,4.998524601315,0.));
#253 = CARTESIAN_POINT('',(16.4309693846,4.958057369567,0.));
#254 = CARTESIAN_POINT('',(16.366503981429,4.94232346446,0.));
#255 = ORIENTED_EDGE('',*,*,#256,.T.);
#256 = EDGE_CURVE('',#248,#257,#259,.T.);
#257 = VERTEX_POINT('',#258);
#258 = CARTESIAN_POINT('',(16.210998371942,4.896309737737,0.));
#259 = LINE('',#260,#261);
#260 = CARTESIAN_POINT('',(16.366503981429,4.94232346446,0.));
#261 = VECTOR('',#262,1.);
#262 = DIRECTION('',(-0.958902200005,-0.283736798503,0.));
#263 = ORIENTED_EDGE('',*,*,#264,.T.);
#264 = EDGE_CURVE('',#257,#265,#267,.T.);
#265 = VERTEX_POINT('',#266);
#266 = CARTESIAN_POINT('',(15.593921368644,5.209825998718,0.));
#267 = CIRCLE('',#268,0.493105882353);
#268 = AXIS2_PLACEMENT_3D('',#269,#270,#271);
#269 = CARTESIAN_POINT('',(16.061566247401,5.366228295964,0.));
#270 = DIRECTION('',(0.,0.,-1.));
#271 = DIRECTION('',(0.303042672759,-0.952976987386,0.));
#272 = ORIENTED_EDGE('',*,*,#273,.T.);
#273 = EDGE_CURVE('',#265,#274,#276,.T.);
#274 = VERTEX_POINT('',#275);
#275 = CARTESIAN_POINT('',(15.440092040796,5.649444960358,0.));
#276 = CIRCLE('',#277,16.441188235314);
#277 = AXIS2_PLACEMENT_3D('',#278,#279,#280);
#278 = CARTESIAN_POINT('',(-1.878413E-11,-6.57698E-12,0.));
#279 = DIRECTION('',(0.,-0.,1.));
#280 = DIRECTION('',(0.948466810639,0.31687648874,0.));
#281 = ORIENTED_EDGE('',*,*,#282,.T.);
#282 = EDGE_CURVE('',#274,#283,#285,.T.);
#283 = VERTEX_POINT('',#284);
#284 = CARTESIAN_POINT('',(15.727068077643,6.279303061977,0.));
#285 = CIRCLE('',#286,0.493105882353);
#286 = AXIS2_PLACEMENT_3D('',#287,#288,#289);
#287 = CARTESIAN_POINT('',(15.903226766943,5.818736533238,0.));
#288 = DIRECTION('',(0.,0.,-1.));
#289 = DIRECTION('',(-0.939219633594,-0.343316879676,-0.));
#290 = ORIENTED_EDGE('',*,*,#291,.T.);
#291 = EDGE_CURVE('',#283,#292,#294,.T.);
#292 = VERTEX_POINT('',#293);
#293 = CARTESIAN_POINT('',(15.877336348197,6.340284243446,0.));
#294 = LINE('',#295,#296);
#295 = CARTESIAN_POINT('',(15.727068077643,6.279303061977,0.));
#296 = VECTOR('',#297,1.);
#297 = DIRECTION('',(0.926606928851,0.376031380879,0.));
#298 = ORIENTED_EDGE('',*,*,#299,.T.);
#299 = EDGE_CURVE('',#292,#300,#302,.T.);
#300 = VERTEX_POINT('',#301);
#301 = CARTESIAN_POINT('',(16.38657137042,6.664372967396,0.));
#302 = B_SPLINE_CURVE_WITH_KNOTS('',3,(#303,#304,#305,#306),
  .UNSPECIFIED.,.F.,.F.,(4,4),(0.,1.),.PIECEWISE_BEZIER_KNOTS.);
#303 = CARTESIAN_POINT('',(15.877336348197,6.340284243446,0.));
#304 = CARTESIAN_POINT('',(15.937547359304,6.368176502541,0.));
#305 = CARTESIAN_POINT('',(16.115968466498,6.458703055399,0.));
#306 = CARTESIAN_POINT('',(16.38657137042,6.664372967396,0.));
#307 = ORIENTED_EDGE('',*,*,#308,.T.);
#308 = EDGE_CURVE('',#300,#309,#311,.T.);
#309 = VERTEX_POINT('',#310);
#310 = CARTESIAN_POINT('',(17.650470150083,7.959383819759,0.));
#311 = B_SPLINE_CURVE_WITH_KNOTS('',3,(#312,#313,#314,#315),
  .UNSPECIFIED.,.F.,.F.,(4,4),(0.,1.),.PIECEWISE_BEZIER_KNOTS.);
#312 = CARTESIAN_POINT('',(16.38657137042,6.664372967396,0.));
#313 = CARTESIAN_POINT('',(16.71066685199,6.911810255981,0.));
#314 = CARTESIAN_POINT('',(17.156416923147,7.318765373939,0.));
#315 = CARTESIAN_POINT('',(17.650470150083,7.959383819759,0.));
#316 = ORIENTED_EDGE('',*,*,#317,.T.);
#317 = EDGE_CURVE('',#309,#318,#320,.T.);
#318 = VERTEX_POINT('',#319);
#319 = CARTESIAN_POINT('',(17.226509869218,8.836943971785,0.));
#320 = CIRCLE('',#321,19.360894117645);
#321 = AXIS2_PLACEMENT_3D('',#322,#323,#324);
#322 = CARTESIAN_POINT('',(1.094398515841E-02,-2.130147109333E-02,0.));
#323 = DIRECTION('',(0.,-0.,1.));
#324 = DIRECTION('',(0.911090472255,0.412206442655,0.));
#325 = ORIENTED_EDGE('',*,*,#326,.T.);
#326 = EDGE_CURVE('',#318,#327,#329,.T.);
#327 = VERTEX_POINT('',#328);
#328 = CARTESIAN_POINT('',(15.427276733707,8.656368806149,0.));
#329 = B_SPLINE_CURVE_WITH_KNOTS('',3,(#330,#331,#332,#333),
  .UNSPECIFIED.,.F.,.F.,(4,4),(0.,1.),.PIECEWISE_BEZIER_KNOTS.);
#330 = CARTESIAN_POINT('',(17.226509869218,8.836943971785,0.));
#331 = CARTESIAN_POINT('',(16.418892170161,8.850251304016,0.));
#332 = CARTESIAN_POINT('',(15.822801223446,8.755482230934,0.));
#333 = CARTESIAN_POINT('',(15.427276733707,8.656368806149,0.));
#334 = ORIENTED_EDGE('',*,*,#335,.T.);
#335 = EDGE_CURVE('',#327,#336,#338,.T.);
#336 = VERTEX_POINT('',#337);
#337 = CARTESIAN_POINT('',(14.856391123104,8.46029884808,0.));
#338 = B_SPLINE_CURVE_WITH_KNOTS('',3,(#339,#340,#341,#342),
  .UNSPECIFIED.,.F.,.F.,(4,4),(0.,1.),.PIECEWISE_BEZIER_KNOTS.);
#339 = CARTESIAN_POINT('',(15.427276733707,8.656368806149,0.));
#340 = CARTESIAN_POINT('',(15.097759370562,8.573036029295,0.));
#341 = CARTESIAN_POINT('',(14.915739120766,8.489983173058,0.));
#342 = CARTESIAN_POINT('',(14.856391123104,8.46029884808,0.));
#343 = ORIENTED_EDGE('',*,*,#344,.T.);
#344 = EDGE_CURVE('',#336,#345,#347,.T.);
#345 = VERTEX_POINT('',#346);
#346 = CARTESIAN_POINT('',(14.71502338136,8.380835528096,0.));
#347 = LINE('',#348,#349);
#348 = CARTESIAN_POINT('',(14.856391123104,8.46029884808,0.));
#349 = VECTOR('',#350,1.);
#350 = DIRECTION('',(-0.871723142437,-0.489998737692,0.));
#351 = ORIENTED_EDGE('',*,*,#352,.T.);
#352 = EDGE_CURVE('',#345,#353,#355,.T.);
#353 = VERTEX_POINT('',#354);
#354 = CARTESIAN_POINT('',(14.043653855675,8.549178730753,0.));
#355 = CIRCLE('',#356,0.493105882353);
#356 = AXIS2_PLACEMENT_3D('',#357,#358,#359);
#357 = CARTESIAN_POINT('',(14.464771115708,8.805720471048,0.));
#358 = DIRECTION('',(0.,-0.,-1.));
#359 = DIRECTION('',(0.507502089527,-0.861650526098,0.));
#360 = ORIENTED_EDGE('',*,*,#361,.T.);
#361 = EDGE_CURVE('',#353,#362,#364,.T.);
#362 = VERTEX_POINT('',#363);
#363 = CARTESIAN_POINT('',(13.795856928315,8.943545281478,0.));
#364 = CIRCLE('',#365,16.441188235307);
#365 = AXIS2_PLACEMENT_3D('',#366,#367,#368);
#366 = CARTESIAN_POINT('',(-1.073132E-11,-6.91641E-12,0.));
#367 = DIRECTION('',(0.,-0.,1.));
#368 = DIRECTION('',(0.854175115247,0.519985454117,0.));
#369 = ORIENTED_EDGE('',*,*,#370,.T.);
#370 = EDGE_CURVE('',#362,#371,#373,.T.);
#371 = VERTEX_POINT('',#372);
#372 = CARTESIAN_POINT('',(13.935481263732,9.621469701202,0.));
#373 = CIRCLE('',#374,0.493105882353);
#374 = AXIS2_PLACEMENT_3D('',#375,#376,#377);
#375 = CARTESIAN_POINT('',(14.209708981028,9.211649532985,0.));
#376 = DIRECTION('',(0.,0.,-1.));
#377 = DIRECTION('',(-0.839276243752,-0.543705238777,-0.));
#378 = ORIENTED_EDGE('',*,*,#379,.T.);
#379 = EDGE_CURVE('',#371,#380,#382,.T.);
#380 = VERTEX_POINT('',#381);
#381 = CARTESIAN_POINT('',(14.068412405556,9.714359793042,0.));
#382 = LINE('',#383,#384);
#383 = CARTESIAN_POINT('',(13.935481263732,9.621469701202,0.));
#384 = VECTOR('',#385,1.);
#385 = DIRECTION('',(0.819700104488,0.572792928293,0.));
#386 = ORIENTED_EDGE('',*,*,#387,.T.);
#387 = EDGE_CURVE('',#380,#388,#390,.T.);
#388 = VERTEX_POINT('',#389);
#389 = CARTESIAN_POINT('',(14.492763317044,10.143638388793,0.));
#390 = B_SPLINE_CURVE_WITH_KNOTS('',3,(#391,#392,#393,#394),
  .UNSPECIFIED.,.F.,.F.,(4,4),(0.,1.),.PIECEWISE_BEZIER_KNOTS.);
#391 = CARTESIAN_POINT('',(14.068412405556,9.714359793042,0.));
#392 = CARTESIAN_POINT('',(14.120907189361,9.754950945393,0.));
#393 = CARTESIAN_POINT('',(14.274710853797,9.882910239978,0.));
#394 = CARTESIAN_POINT('',(14.492763317044,10.143638388793,0.));
#395 = ORIENTED_EDGE('',*,*,#396,.T.);
#396 = EDGE_CURVE('',#388,#397,#399,.T.);
#397 = VERTEX_POINT('',#398);
#398 = CARTESIAN_POINT('',(15.436806491159,11.687424552215,0.));
#399 = B_SPLINE_CURVE_WITH_KNOTS('',3,(#400,#401,#402,#403),
  .UNSPECIFIED.,.F.,.F.,(4,4),(0.,1.),.PIECEWISE_BEZIER_KNOTS.);
#400 = CARTESIAN_POINT('',(14.492763317044,10.143638388793,0.));
#401 = CARTESIAN_POINT('',(14.753673071687,10.456989937198,0.));
#402 = CARTESIAN_POINT('',(15.097691224989,10.952930562846,0.));
#403 = CARTESIAN_POINT('',(15.436806491159,11.687424552215,0.));
#404 = ORIENTED_EDGE('',*,*,#405,.T.);
#405 = EDGE_CURVE('',#397,#406,#408,.T.);
#406 = VERTEX_POINT('',#407);
#407 = CARTESIAN_POINT('',(14.828200275055,12.448642401386,0.));
#408 = CIRCLE('',#409,19.36089411765);
#409 = AXIS2_PLACEMENT_3D('',#410,#411,#412);
#410 = CARTESIAN_POINT('',(1.540961983983E-02,-1.833213294389E-02,0.));
#411 = DIRECTION('',(0.,-0.,1.));
#412 = DIRECTION('',(0.796522969322,0.60460826933,0.));
#413 = ORIENTED_EDGE('',*,*,#414,.T.);
#414 = EDGE_CURVE('',#406,#415,#417,.T.);
#415 = VERTEX_POINT('',#416);
#416 = CARTESIAN_POINT('',(13.114259425229,11.872227594442,0.));
#417 = B_SPLINE_CURVE_WITH_KNOTS('',3,(#418,#419,#420,#421),
  .UNSPECIFIED.,.F.,.F.,(4,4),(0.,1.),.PIECEWISE_BEZIER_KNOTS.);
#418 = CARTESIAN_POINT('',(14.828200275055,12.448642401386,0.));
#419 = CARTESIAN_POINT('',(14.037870077876,12.281904246341,0.));
#420 = CARTESIAN_POINT('',(13.477812478377,12.056868517596,0.));
#421 = CARTESIAN_POINT('',(13.114259425229,11.872227594442,0.));
#422 = ORIENTED_EDGE('',*,*,#423,.T.);
#423 = EDGE_CURVE('',#415,#424,#426,.T.);
#424 = VERTEX_POINT('',#425);
#425 = CARTESIAN_POINT('',(12.60131677898,11.554039520326,0.));
#426 = B_SPLINE_CURVE_WITH_KNOTS('',3,(#427,#428,#429,#430),
  .UNSPECIFIED.,.F.,.F.,(4,4),(0.,1.),.PIECEWISE_BEZIER_KNOTS.);
#427 = CARTESIAN_POINT('',(13.114259425229,11.872227594442,0.));
#428 = CARTESIAN_POINT('',(12.811547037686,11.717659632885,0.));
#429 = CARTESIAN_POINT('',(12.652571414715,11.59618576917,0.));
#430 = CARTESIAN_POINT('',(12.60131677898,11.554039520326,0.));
#431 = ORIENTED_EDGE('',*,*,#432,.T.);
#432 = EDGE_CURVE('',#424,#433,#435,.T.);
#433 = VERTEX_POINT('',#434);
#434 = CARTESIAN_POINT('',(12.48117567385,11.445111229755,0.));
#435 = LINE('',#436,#437);
#436 = CARTESIAN_POINT('',(12.60131677898,11.554039520326,0.));
#437 = VECTOR('',#438,1.);
#438 = DIRECTION('',(-0.740832246508,-0.671690094116,0.));
#439 = ORIENTED_EDGE('',*,*,#440,.T.);
#440 = EDGE_CURVE('',#433,#441,#443,.T.);
#441 = VERTEX_POINT('',#442);
#442 = CARTESIAN_POINT('',(11.789178897191,11.459839942966,0.));
#443 = CIRCLE('',#444,0.493105882353);
#444 = AXIS2_PLACEMENT_3D('',#445,#446,#447);
#445 = CARTESIAN_POINT('',(12.142651960649,11.803657052227,0.));
#446 = DIRECTION('',(0.,-0.,-1.));
#447 = DIRECTION('',(0.686513232382,-0.727117309493,0.));
#448 = ORIENTED_EDGE('',*,*,#449,.T.);
#449 = EDGE_CURVE('',#441,#450,#452,.T.);
#450 = VERTEX_POINT('',#451);
#451 = CARTESIAN_POINT('',(11.459839942966,11.789178897191,0.));
#452 = CIRCLE('',#453,16.441188235245);
#453 = AXIS2_PLACEMENT_3D('',#454,#455,#456);
#454 = CARTESIAN_POINT('',(3.453708E-11,3.453708E-11,0.));
#455 = DIRECTION('',(0.,-0.,1.));
#456 = DIRECTION('',(0.717051512851,0.697020177554,0.));
#457 = ORIENTED_EDGE('',*,*,#458,.T.);
#458 = EDGE_CURVE('',#450,#459,#461,.T.);
#459 = VERTEX_POINT('',#460);
#460 = CARTESIAN_POINT('',(11.445111229755,12.48117567385,0.));
#461 = CIRCLE('',#462,0.493105882353);
#462 = AXIS2_PLACEMENT_3D('',#463,#464,#465);
#463 = CARTESIAN_POINT('',(11.803657052227,12.142651960649,0.));
#464 = DIRECTION('',(0.,0.,-1.));
#465 = DIRECTION('',(-0.697248038535,-0.71682994689,-0.));
#466 = ORIENTED_EDGE('',*,*,#467,.T.);
#467 = EDGE_CURVE('',#459,#468,#470,.T.);
#468 = VERTEX_POINT('',#469);
#469 = CARTESIAN_POINT('',(11.554039520326,12.60131677898,0.));
#470 = LINE('',#471,#472);
#471 = CARTESIAN_POINT('',(11.445111229755,12.48117567385,0.));
#472 = VECTOR('',#473,1.);
#473 = DIRECTION('',(0.671690094116,0.740832246508,0.));
#474 = ORIENTED_EDGE('',*,*,#475,.T.);
#475 = EDGE_CURVE('',#468,#476,#478,.T.);
#476 = VERTEX_POINT('',#477);
#477 = CARTESIAN_POINT('',(11.872227594442,13.114259425229,0.));
#478 = B_SPLINE_CURVE_WITH_KNOTS('',3,(#479,#480,#481,#482),
  .UNSPECIFIED.,.F.,.F.,(4,4),(0.,1.),.PIECEWISE_BEZIER_KNOTS.);
#479 = CARTESIAN_POINT('',(11.554039520326,12.60131677898,0.));
#480 = CARTESIAN_POINT('',(11.59618576917,12.652571414715,0.));
#481 = CARTESIAN_POINT('',(11.717659632885,12.811547037686,0.));
#482 = CARTESIAN_POINT('',(11.872227594442,13.114259425229,0.));
#483 = ORIENTED_EDGE('',*,*,#484,.T.);
#484 = EDGE_CURVE('',#476,#485,#487,.T.);
#485 = VERTEX_POINT('',#486);
#486 = CARTESIAN_POINT('',(12.449076896277,14.82940901519,0.));
#487 = B_SPLINE_CURVE_WITH_KNOTS('',3,(#488,#489,#490,#491),
  .UNSPECIFIED.,.F.,.F.,(4,4),(0.,1.),.PIECEWISE_BEZIER_KNOTS.);
#488 = CARTESIAN_POINT('',(11.872227594442,13.114259425229,0.));
#489 = CARTESIAN_POINT('',(12.056868517596,13.477812478377,0.));
#490 = CARTESIAN_POINT('',(12.281904246341,14.037870077876,0.));
#491 = CARTESIAN_POINT('',(12.449076896277,14.82940901519,0.));
#492 = ORIENTED_EDGE('',*,*,#493,.T.);
#493 = EDGE_CURVE('',#485,#494,#496,.T.);
#494 = VERTEX_POINT('',#495);
#495 = CARTESIAN_POINT('',(11.686342801929,15.436113919978,0.));
#496 = CIRCLE('',#497,19.36089411765);
#497 = AXIS2_PLACEMENT_3D('',#498,#499,#500);
#498 = CARTESIAN_POINT('',(1.910255184223E-02,-1.444354509797E-02,0.));
#499 = DIRECTION('',(0.,-0.,1.));
#500 = DIRECTION('',(0.642014478717,0.766692512757,0.));
#501 = ORIENTED_EDGE('',*,*,#502,.T.);
#502 = EDGE_CURVE('',#494,#503,#505,.T.);
#503 = VERTEX_POINT('',#504);
#504 = CARTESIAN_POINT('',(10.143638388793,14.492763317044,0.));
#505 = B_SPLINE_CURVE_WITH_KNOTS('',3,(#506,#507,#508,#509),
  .UNSPECIFIED.,.F.,.F.,(4,4),(0.,1.),.PIECEWISE_BEZIER_KNOTS.);
#506 = CARTESIAN_POINT('',(11.686342801929,15.436113919978,0.));
#507 = CARTESIAN_POINT('',(10.952930562846,15.097691224989,0.));
#508 = CARTESIAN_POINT('',(10.456989937198,14.753673071687,0.));
#509 = CARTESIAN_POINT('',(10.143638388793,14.492763317044,0.));
#510 = ORIENTED_EDGE('',*,*,#511,.T.);
#511 = EDGE_CURVE('',#503,#512,#514,.T.);
#512 = VERTEX_POINT('',#513);
#513 = CARTESIAN_POINT('',(9.714359793042,14.068412405556,0.));
#514 = B_SPLINE_CURVE_WITH_KNOTS('',3,(#515,#516,#517,#518),
  .UNSPECIFIED.,.F.,.F.,(4,4),(0.,1.),.PIECEWISE_BEZIER_KNOTS.);
#515 = CARTESIAN_POINT('',(10.143638388793,14.492763317044,0.));
#516 = CARTESIAN_POINT('',(9.882910239978,14.274710853797,0.));
#517 = CARTESIAN_POINT('',(9.754950945393,14.120907189361,0.));
#518 = CARTESIAN_POINT('',(9.714359793042,14.068412405556,0.));
#519 = ORIENTED_EDGE('',*,*,#520,.T.);
#520 = EDGE_CURVE('',#512,#521,#523,.T.);
#521 = VERTEX_POINT('',#522);
#522 = CARTESIAN_POINT('',(9.621469701202,13.935481263732,0.));
#523 = LINE('',#524,#525);
#524 = CARTESIAN_POINT('',(9.714359793042,14.068412405556,0.));
#525 = VECTOR('',#526,1.);
#526 = DIRECTION('',(-0.572792928293,-0.819700104488,0.));
#527 = ORIENTED_EDGE('',*,*,#528,.T.);
#528 = EDGE_CURVE('',#521,#529,#531,.T.);
#529 = VERTEX_POINT('',#530);
#530 = CARTESIAN_POINT('',(8.943545281478,13.795856928315,0.));
#531 = CIRCLE('',#532,0.493105882353);
#532 = AXIS2_PLACEMENT_3D('',#533,#534,#535);
#533 = CARTESIAN_POINT('',(9.211649532985,14.209708981028,0.));
#534 = DIRECTION('',(0.,-0.,-1.));
#535 = DIRECTION('',(0.831099735136,-0.556123394812,0.));
#536 = ORIENTED_EDGE('',*,*,#537,.T.);
#537 = EDGE_CURVE('',#529,#538,#540,.T.);
#538 = VERTEX_POINT('',#539);
#539 = CARTESIAN_POINT('',(8.549178730753,14.043653855675,0.));
#540 = CIRCLE('',#541,16.441188235297);
#541 = AXIS2_PLACEMENT_3D('',#542,#543,#544);
#542 = CARTESIAN_POINT('',(-1.59396E-12,-2.73383E-12,0.));
#543 = DIRECTION('',(0.,-0.,1.));
#544 = DIRECTION('',(0.543971953455,0.839103398786,0.));
#545 = ORIENTED_EDGE('',*,*,#546,.T.);
#546 = EDGE_CURVE('',#538,#547,#549,.T.);
#547 = VERTEX_POINT('',#548);
#548 = CARTESIAN_POINT('',(8.380835528096,14.71502338136,0.));
#549 = CIRCLE('',#550,0.493105882353);
#550 = AXIS2_PLACEMENT_3D('',#551,#552,#553);
#551 = CARTESIAN_POINT('',(8.805720471048,14.464771115708,0.));
#552 = DIRECTION('',(0.,0.,-1.));
#553 = DIRECTION('',(-0.520256905212,-0.854009808245,-0.));
#554 = ORIENTED_EDGE('',*,*,#555,.T.);
#555 = EDGE_CURVE('',#547,#556,#558,.T.);
#556 = VERTEX_POINT('',#557);
#557 = CARTESIAN_POINT('',(8.46029884808,14.856391123104,0.));
#558 = LINE('',#559,#560);
#559 = CARTESIAN_POINT('',(8.380835528096,14.71502338136,0.));
#560 = VECTOR('',#561,1.);
#561 = DIRECTION('',(0.489998737692,0.871723142437,0.));
#562 = ORIENTED_EDGE('',*,*,#563,.T.);
#563 = EDGE_CURVE('',#556,#564,#566,.T.);
#564 = VERTEX_POINT('',#565);
#565 = CARTESIAN_POINT('',(8.656368806149,15.427276733707,0.));
#566 = B_SPLINE_CURVE_WITH_KNOTS('',3,(#567,#568,#569,#570),
  .UNSPECIFIED.,.F.,.F.,(4,4),(0.,1.),.PIECEWISE_BEZIER_KNOTS.);
#567 = CARTESIAN_POINT('',(8.46029884808,14.856391123104,0.));
#568 = CARTESIAN_POINT('',(8.489983173058,14.915739120766,0.));
#569 = CARTESIAN_POINT('',(8.573036029295,15.097759370562,0.));
#570 = CARTESIAN_POINT('',(8.656368806149,15.427276733707,0.));
#571 = ORIENTED_EDGE('',*,*,#572,.T.);
#572 = EDGE_CURVE('',#564,#573,#575,.T.);
#573 = VERTEX_POINT('',#574);
#574 = CARTESIAN_POINT('',(8.837098602998,17.227784987923,0.));
#575 = B_SPLINE_CURVE_WITH_KNOTS('',3,(#576,#577,#578,#579),
  .UNSPECIFIED.,.F.,.F.,(4,4),(0.,1.),.PIECEWISE_BEZIER_KNOTS.);
#576 = CARTESIAN_POINT('',(8.656368806149,15.427276733707,0.));
#577 = CARTESIAN_POINT('',(8.755482230934,15.822801223446,0.));
#578 = CARTESIAN_POINT('',(8.850251304016,16.418892170161,0.));
#579 = CARTESIAN_POINT('',(8.837098602998,17.227784987923,0.));
#580 = ORIENTED_EDGE('',*,*,#581,.T.);
#581 = EDGE_CURVE('',#573,#582,#584,.T.);
#582 = VERTEX_POINT('',#583);
#583 = CARTESIAN_POINT('',(7.958483302796,17.649554231024,0.));
#584 = CIRCLE('',#585,19.360894117648);
#585 = AXIS2_PLACEMENT_3D('',#586,#587,#588);
#586 = CARTESIAN_POINT('',(2.183760213065E-02,-9.830697588127E-03,0.));
#587 = DIRECTION('',(0.,-0.,1.));
#588 = DIRECTION('',(0.45531270133,0.890331592165,0.));
#589 = ORIENTED_EDGE('',*,*,#590,.T.);
#590 = EDGE_CURVE('',#582,#591,#593,.T.);
#591 = VERTEX_POINT('',#592);
#592 = CARTESIAN_POINT('',(6.664372967396,16.38657137042,0.));
#593 = B_SPLINE_CURVE_WITH_KNOTS('',3,(#594,#595,#596,#597),
  .UNSPECIFIED.,.F.,.F.,(4,4),(0.,1.),.PIECEWISE_BEZIER_KNOTS.);
#594 = CARTESIAN_POINT('',(7.958483302796,17.649554231024,0.));
#595 = CARTESIAN_POINT('',(7.318765373939,17.156416923147,0.));
#596 = CARTESIAN_POINT('',(6.911810255981,16.71066685199,0.));
#597 = CARTESIAN_POINT('',(6.664372967396,16.38657137042,0.));
#598 = ORIENTED_EDGE('',*,*,#599,.T.);
#599 = EDGE_CURVE('',#591,#600,#602,.T.);
#600 = VERTEX_POINT('',#601);
#601 = CARTESIAN_POINT('',(6.340284243446,15.877336348197,0.));
#602 = B_SPLINE_CURVE_WITH_KNOTS('',3,(#603,#604,#605,#606),
  .UNSPECIFIED.,.F.,.F.,(4,4),(0.,1.),.PIECEWISE_BEZIER_KNOTS.);
#603 = CARTESIAN_POINT('',(6.664372967396,16.38657137042,0.));
#604 = CARTESIAN_POINT('',(6.458703055399,16.115968466498,0.));
#605 = CARTESIAN_POINT('',(6.368176502541,15.937547359304,0.));
#606 = CARTESIAN_POINT('',(6.340284243446,15.877336348197,0.));
#607 = ORIENTED_EDGE('',*,*,#608,.T.);
#608 = EDGE_CURVE('',#600,#609,#611,.T.);
#609 = VERTEX_POINT('',#610);
#610 = CARTESIAN_POINT('',(6.279303061977,15.727068077643,0.));
#611 = LINE('',#612,#613);
#612 = CARTESIAN_POINT('',(6.340284243446,15.877336348197,0.));
#613 = VECTOR('',#614,1.);
#614 = DIRECTION('',(-0.376031380879,-0.926606928851,0.));
#615 = ORIENTED_EDGE('',*,*,#616,.T.);
#616 = EDGE_CURVE('',#609,#617,#619,.T.);
#617 = VERTEX_POINT('',#618);
#618 = CARTESIAN_POINT('',(5.649444960358,15.440092040796,0.));
#619 = CIRCLE('',#620,0.493105882353);
#620 = AXIS2_PLACEMENT_3D('',#621,#622,#623);
#621 = CARTESIAN_POINT('',(5.818736533238,15.903226766943,0.));
#622 = DIRECTION('',(0.,0.,-1.));
#623 = DIRECTION('',(0.934011426799,-0.357243130947,0.));
#624 = ORIENTED_EDGE('',*,*,#625,.T.);
#625 = EDGE_CURVE('',#617,#626,#628,.T.);
#626 = VERTEX_POINT('',#627);
#627 = CARTESIAN_POINT('',(5.209825998718,15.593921368644,0.));
#628 = CIRCLE('',#629,16.441188235288);
#629 = AXIS2_PLACEMENT_3D('',#630,#631,#632);
#630 = CARTESIAN_POINT('',(1.95875E-12,5.37546E-12,0.));
#631 = DIRECTION('',(0.,-0.,1.));
#632 = DIRECTION('',(0.343615368884,0.939110471812,0.));
#633 = ORIENTED_EDGE('',*,*,#634,.T.);
#634 = EDGE_CURVE('',#626,#635,#637,.T.);
#635 = VERTEX_POINT('',#636);
#636 = CARTESIAN_POINT('',(4.896309737737,16.210998371942,0.));
#637 = CIRCLE('',#638,0.493105882353);
#638 = AXIS2_PLACEMENT_3D('',#639,#640,#641);
#639 = CARTESIAN_POINT('',(5.366228295964,16.061566247401,0.));
#640 = DIRECTION('',(0.,0.,-1.));
#641 = DIRECTION('',(-0.317177918258,-0.94836605178,-0.));
#642 = ORIENTED_EDGE('',*,*,#643,.T.);
#643 = EDGE_CURVE('',#635,#644,#646,.T.);
#644 = VERTEX_POINT('',#645);
#645 = CARTESIAN_POINT('',(4.94232346446,16.366503981429,0.));
#646 = LINE('',#647,#648);
#647 = CARTESIAN_POINT('',(4.896309737737,16.210998371942,0.));
#648 = VECTOR('',#649,1.);
#649 = DIRECTION('',(0.283736798503,0.958902200005,0.));
#650 = ORIENTED_EDGE('',*,*,#651,.T.);
#651 = EDGE_CURVE('',#644,#652,#654,.T.);
#652 = VERTEX_POINT('',#653);
#653 = CARTESIAN_POINT('',(5.006443540068,16.966705968059,0.));
#654 = B_SPLINE_CURVE_WITH_KNOTS('',3,(#655,#656,#657,#658),
  .UNSPECIFIED.,.F.,.F.,(4,4),(0.,1.),.PIECEWISE_BEZIER_KNOTS.);
#655 = CARTESIAN_POINT('',(4.94232346446,16.366503981429,0.));
#656 = CARTESIAN_POINT('',(4.958057369567,16.4309693846,0.));
#657 = CARTESIAN_POINT('',(4.998524601315,16.626907005845,0.));
#658 = CARTESIAN_POINT('',(5.006443540068,16.966705968059,0.));
#659 = ORIENTED_EDGE('',*,*,#660,.T.);
#660 = EDGE_CURVE('',#652,#661,#663,.T.);
#661 = VERTEX_POINT('',#662);
#662 = CARTESIAN_POINT('',(4.781991285255,18.762287884396,0.));
#663 = B_SPLINE_CURVE_WITH_KNOTS('',3,(#664,#665,#666,#667),
  .UNSPECIFIED.,.F.,.F.,(4,4),(0.,1.),.PIECEWISE_BEZIER_KNOTS.);
#664 = CARTESIAN_POINT('',(5.006443540068,16.966705968059,0.));
#665 = CARTESIAN_POINT('',(5.015059505503,17.374368644908,0.));
#666 = CARTESIAN_POINT('',(4.974809805876,17.976602449712,0.));
#667 = CARTESIAN_POINT('',(4.781991285255,18.762287884396,0.));
#668 = ORIENTED_EDGE('',*,*,#669,.T.);
#669 = EDGE_CURVE('',#661,#670,#672,.T.);
#670 = VERTEX_POINT('',#671);
#671 = CARTESIAN_POINT('',(3.831552219129,18.977972194806,0.));
#672 = CIRCLE('',#673,19.360894117658);
#673 = AXIS2_PLACEMENT_3D('',#674,#675,#676);
#674 = CARTESIAN_POINT('',(2.347762385874E-02,-4.724897863389E-03,0.));
#675 = DIRECTION('',(0.,-0.,1.));
#676 = DIRECTION('',(0.245779643878,0.969325727841,0.));
#677 = ORIENTED_EDGE('',*,*,#678,.T.);
#678 = EDGE_CURVE('',#670,#679,#681,.T.);
#679 = VERTEX_POINT('',#680);
#680 = CARTESIAN_POINT('',(2.850928057417,17.458688310921,0.));
#681 = B_SPLINE_CURVE_WITH_KNOTS('',3,(#682,#683,#684,#685),
  .UNSPECIFIED.,.F.,.F.,(4,4),(0.,1.),.PIECEWISE_BEZIER_KNOTS.);
#682 = CARTESIAN_POINT('',(3.831552219129,18.977972194806,0.));
#683 = CARTESIAN_POINT('',(3.31760672868,18.354848237821,0.));
#684 = CARTESIAN_POINT('',(3.020043547323,17.829718018667,0.));
#685 = CARTESIAN_POINT('',(2.850928057417,17.458688310921,0.));
#686 = ORIENTED_EDGE('',*,*,#687,.T.);
#687 = EDGE_CURVE('',#679,#688,#690,.T.);
#688 = VERTEX_POINT('',#689);
#689 = CARTESIAN_POINT('',(2.648280367163,16.890104348356,0.));
#690 = B_SPLINE_CURVE_WITH_KNOTS('',3,(#691,#692,#693,#694),
  .UNSPECIFIED.,.F.,.F.,(4,4),(0.,1.),.PIECEWISE_BEZIER_KNOTS.);
#691 = CARTESIAN_POINT('',(2.850928057417,17.458688310921,0.));
#692 = CARTESIAN_POINT('',(2.710629530427,17.149104125865,0.));
#693 = CARTESIAN_POINT('',(2.662075098662,16.955012355249,0.));
#694 = CARTESIAN_POINT('',(2.648280367163,16.890104348356,0.));
#695 = ORIENTED_EDGE('',*,*,#696,.T.);
#696 = EDGE_CURVE('',#688,#697,#699,.T.);
#697 = VERTEX_POINT('',#698);
#698 = CARTESIAN_POINT('',(2.622265947139,16.730034027624,0.));
#699 = LINE('',#700,#701);
#700 = CARTESIAN_POINT('',(2.648280367163,16.890104348356,0.));
#701 = VECTOR('',#702,1.);
#702 = DIRECTION('',(-0.160414049857,-0.987049812628,0.));
#703 = ORIENTED_EDGE('',*,*,#704,.T.);
#704 = EDGE_CURVE('',#697,#705,#707,.T.);
#705 = VERTEX_POINT('',#706);
#706 = CARTESIAN_POINT('',(2.072057878899,16.310096466142,0.));
#707 = CIRCLE('',#708,0.493105882353);
#708 = AXIS2_PLACEMENT_3D('',#709,#710,#711);
#709 = CARTESIAN_POINT('',(2.134047786786,16.799290356672,0.));
#710 = DIRECTION('',(0.,0.,-1.));
#711 = DIRECTION('',(0.990087885431,-0.140449204778,0.));
#712 = ORIENTED_EDGE('',*,*,#713,.T.);
#713 = EDGE_CURVE('',#705,#714,#716,.T.);
#714 = VERTEX_POINT('',#715);
#715 = CARTESIAN_POINT('',(1.609230836769,16.362244549644,0.));
#716 = CIRCLE('',#717,16.441188235272);
#717 = AXIS2_PLACEMENT_3D('',#718,#719,#720);
#718 = CARTESIAN_POINT('',(2.48762E-12,2.184989E-11,0.));
#719 = DIRECTION('',(0.,-0.,1.));
#720 = DIRECTION('',(0.126028474904,0.992026624397,0.));
#721 = ORIENTED_EDGE('',*,*,#722,.T.);
#722 = EDGE_CURVE('',#714,#723,#725,.T.);
#723 = VERTEX_POINT('',#724);
#724 = CARTESIAN_POINT('',(1.166262531918,16.894086212921,0.));
#725 = CIRCLE('',#726,0.493105882353);
#726 = AXIS2_PLACEMENT_3D('',#727,#728,#729);
#727 = CARTESIAN_POINT('',(1.657651026702,16.852967380189,0.));
#728 = DIRECTION('',(0.,0.,-1.));
#729 = DIRECTION('',(-9.819430606289E-02,-0.995167261447,-0.));
#730 = ORIENTED_EDGE('',*,*,#731,.T.);
#731 = EDGE_CURVE('',#723,#732,#734,.T.);
#732 = VERTEX_POINT('',#733);
#733 = CARTESIAN_POINT('',(1.176519344986,17.055931989555,0.));
#734 = LINE('',#735,#736);
#735 = CARTESIAN_POINT('',(1.166262531918,16.894086212921,0.));
#736 = VECTOR('',#737,1.);
#737 = DIRECTION('',(6.32471114558E-02,0.997997897239,0.));
#738 = ORIENTED_EDGE('',*,*,#739,.T.);
#739 = EDGE_CURVE('',#732,#740,#742,.T.);
#740 = VERTEX_POINT('',#741);
#741 = CARTESIAN_POINT('',(1.1054742898,17.655353718378,0.));
#742 = B_SPLINE_CURVE_WITH_KNOTS('',3,(#743,#744,#745,#746),
  .UNSPECIFIED.,.F.,.F.,(4,4),(0.,1.),.PIECEWISE_BEZIER_KNOTS.);
#743 = CARTESIAN_POINT('',(1.176519344986,17.055931989555,0.));
#744 = CARTESIAN_POINT('',(1.177513866521,17.122282233736,0.));
#745 = CARTESIAN_POINT('',(1.173366277804,17.322312095938,0.));
#746 = CARTESIAN_POINT('',(1.1054742898,17.655353718378,0.));
#747 = ORIENTED_EDGE('',*,*,#748,.T.);
#748 = EDGE_CURVE('',#740,#749,#751,.T.);
#749 = VERTEX_POINT('',#750);
#750 = CARTESIAN_POINT('',(0.487094956612,19.355971321854,0.));
#751 = B_SPLINE_CURVE_WITH_KNOTS('',3,(#752,#753,#754,#755),
  .UNSPECIFIED.,.F.,.F.,(4,4),(0.,1.),.PIECEWISE_BEZIER_KNOTS.);
#752 = CARTESIAN_POINT('',(1.1054742898,17.655353718378,0.));
#753 = CARTESIAN_POINT('',(1.023160755402,18.054712673468,0.));
#754 = CARTESIAN_POINT('',(0.849910571074,18.632890818679,0.));
#755 = CARTESIAN_POINT('',(0.487094956612,19.355971321854,0.));
#756 = ORIENTED_EDGE('',*,*,#757,.T.);
#757 = EDGE_CURVE('',#749,#758,#760,.T.);
#758 = VERTEX_POINT('',#759);
#759 = CARTESIAN_POINT('',(-0.487508891974,19.35475538763,0.));
#760 = CIRCLE('',#761,19.360894117645);
#761 = AXIS2_PLACEMENT_3D('',#762,#763,#764);
#762 = CARTESIAN_POINT('',(2.394037949699E-02,6.178279920341E-04,0.));
#763 = DIRECTION('',(0.,-0.,1.));
#764 = DIRECTION('',(2.392216879556E-02,0.999713823972,0.));
#765 = ORIENTED_EDGE('',*,*,#766,.T.);
#766 = EDGE_CURVE('',#758,#767,#769,.T.);
#767 = VERTEX_POINT('',#768);
#768 = CARTESIAN_POINT('',(-1.1054742898,17.655353718378,0.));
#769 = B_SPLINE_CURVE_WITH_KNOTS('',3,(#770,#771,#772,#773),
  .UNSPECIFIED.,.F.,.F.,(4,4),(0.,1.),.PIECEWISE_BEZIER_KNOTS.);
#770 = CARTESIAN_POINT('',(-0.487508891974,19.35475538763,0.));
#771 = CARTESIAN_POINT('',(-0.849910571074,18.632890818679,0.));
#772 = CARTESIAN_POINT('',(-1.023160755402,18.054712673468,0.));
#773 = CARTESIAN_POINT('',(-1.1054742898,17.655353718378,0.));
#774 = ORIENTED_EDGE('',*,*,#775,.T.);
#775 = EDGE_CURVE('',#767,#776,#778,.T.);
#776 = VERTEX_POINT('',#777);
#777 = CARTESIAN_POINT('',(-1.176519344986,17.055931989555,0.));
#778 = B_SPLINE_CURVE_WITH_KNOTS('',3,(#779,#780,#781,#782),
  .UNSPECIFIED.,.F.,.F.,(4,4),(0.,1.),.PIECEWISE_BEZIER_KNOTS.);
#779 = CARTESIAN_POINT('',(-1.1054742898,17.655353718378,0.));
#780 = CARTESIAN_POINT('',(-1.173366277804,17.322312095938,0.));
#781 = CARTESIAN_POINT('',(-1.177513866521,17.122282233736,0.));
#782 = CARTESIAN_POINT('',(-1.176519344986,17.055931989555,0.));
#783 = ORIENTED_EDGE('',*,*,#784,.T.);
#784 = EDGE_CURVE('',#776,#785,#787,.T.);
#785 = VERTEX_POINT('',#786);
#786 = CARTESIAN_POINT('',(-1.166262531918,16.894086212921,0.));
#787 = LINE('',#788,#789);
#788 = CARTESIAN_POINT('',(-1.176519344986,17.055931989555,0.));
#789 = VECTOR('',#790,1.);
#790 = DIRECTION('',(6.32471114558E-02,-0.997997897239,0.));
#791 = ORIENTED_EDGE('',*,*,#792,.T.);
#792 = EDGE_CURVE('',#785,#793,#795,.T.);
#793 = VERTEX_POINT('',#794);
#794 = CARTESIAN_POINT('',(-1.609230836769,16.362244549644,0.));
#795 = CIRCLE('',#796,0.493105882353);
#796 = AXIS2_PLACEMENT_3D('',#797,#798,#799);
#797 = CARTESIAN_POINT('',(-1.657651026702,16.852967380189,0.));
#798 = DIRECTION('',(0.,0.,-1.));
#799 = DIRECTION('',(0.99651720324,8.338743098338E-02,0.));
#800 = ORIENTED_EDGE('',*,*,#801,.T.);
#801 = EDGE_CURVE('',#793,#802,#804,.T.);
#802 = VERTEX_POINT('',#803);
#803 = CARTESIAN_POINT('',(-2.072057878899,16.310096466142,0.));
#804 = CIRCLE('',#805,16.441188235292);
#805 = AXIS2_PLACEMENT_3D('',#806,#807,#808);
#806 = CARTESIAN_POINT('',(-1.6208E-13,1.96854E-12,0.));
#807 = DIRECTION('',(0.,0.,1.));
#808 = DIRECTION('',(-9.787801305714E-02,0.995198419693,0.));
#809 = ORIENTED_EDGE('',*,*,#810,.T.);
#810 = EDGE_CURVE('',#802,#811,#813,.T.);
#811 = VERTEX_POINT('',#812);
#812 = CARTESIAN_POINT('',(-2.622265947139,16.730034027624,0.));
#813 = CIRCLE('',#814,0.493105882353);
#814 = AXIS2_PLACEMENT_3D('',#815,#816,#817);
#815 = CARTESIAN_POINT('',(-2.134047786786,16.799290356672,0.));
#816 = DIRECTION('',(0.,0.,-1.));
#817 = DIRECTION('',(0.125713178662,-0.992066629169,0.));
#818 = ORIENTED_EDGE('',*,*,#819,.T.);
#819 = EDGE_CURVE('',#811,#820,#822,.T.);
#820 = VERTEX_POINT('',#821);
#821 = CARTESIAN_POINT('',(-2.648280367163,16.890104348356,0.));
#822 = LINE('',#823,#824);
#823 = CARTESIAN_POINT('',(-2.622265947139,16.730034027624,0.));
#824 = VECTOR('',#825,1.);
#825 = DIRECTION('',(-0.160414049857,0.987049812628,0.));
#826 = ORIENTED_EDGE('',*,*,#827,.T.);
#827 = EDGE_CURVE('',#820,#828,#830,.T.);
#828 = VERTEX_POINT('',#829);
#829 = CARTESIAN_POINT('',(-2.850928057417,17.458688310921,0.));
#830 = B_SPLINE_CURVE_WITH_KNOTS('',3,(#831,#832,#833,#834),
  .UNSPECIFIED.,.F.,.F.,(4,4),(0.,1.),.PIECEWISE_BEZIER_KNOTS.);
#831 = CARTESIAN_POINT('',(-2.648280367163,16.890104348356,0.));
#832 = CARTESIAN_POINT('',(-2.662075098662,16.955012355249,0.));
#833 = CARTESIAN_POINT('',(-2.710629530427,17.149104125865,0.));
#834 = CARTESIAN_POINT('',(-2.850928057417,17.458688310921,0.));
#835 = ORIENTED_EDGE('',*,*,#836,.T.);
#836 = EDGE_CURVE('',#828,#837,#839,.T.);
#837 = VERTEX_POINT('',#838);
#838 = CARTESIAN_POINT('',(-3.832226347086,18.979065533737,0.));
#839 = B_SPLINE_CURVE_WITH_KNOTS('',3,(#840,#841,#842,#843),
  .UNSPECIFIED.,.F.,.F.,(4,4),(0.,1.),.PIECEWISE_BEZIER_KNOTS.);
#840 = CARTESIAN_POINT('',(-2.850928057417,17.458688310921,0.));
#841 = CARTESIAN_POINT('',(-3.020043547323,17.829718018667,0.));
#842 = CARTESIAN_POINT('',(-3.31760672868,18.354848237821,0.));
#843 = CARTESIAN_POINT('',(-3.832226347086,18.979065533737,0.));
#844 = ORIENTED_EDGE('',*,*,#845,.T.);
#845 = EDGE_CURVE('',#837,#846,#848,.T.);
#846 = VERTEX_POINT('',#847);
#847 = CARTESIAN_POINT('',(-4.782124271574,18.761010326898,0.));
#848 = CIRCLE('',#849,19.360894117667);
#849 = AXIS2_PLACEMENT_3D('',#850,#851,#852);
#850 = CARTESIAN_POINT('',(2.320266454296E-02,5.929573337836E-03,0.));
#851 = DIRECTION('',(0.,0.,1.));
#852 = DIRECTION('',(-0.199134863721,0.979972094527,0.));
#853 = ORIENTED_EDGE('',*,*,#854,.T.);
#854 = EDGE_CURVE('',#846,#855,#857,.T.);
#855 = VERTEX_POINT('',#856);
#856 = CARTESIAN_POINT('',(-5.006443540068,16.966705968059,0.));
#857 = B_SPLINE_CURVE_WITH_KNOTS('',3,(#858,#859,#860,#861),
  .UNSPECIFIED.,.F.,.F.,(4,4),(0.,1.),.PIECEWISE_BEZIER_KNOTS.);
#858 = CARTESIAN_POINT('',(-4.782124271574,18.761010326898,0.));
#859 = CARTESIAN_POINT('',(-4.974809805876,17.976602449712,0.));
#860 = CARTESIAN_POINT('',(-5.015059505503,17.374368644908,0.));
#861 = CARTESIAN_POINT('',(-5.006443540068,16.966705968059,0.));
#862 = ORIENTED_EDGE('',*,*,#863,.T.);
#863 = EDGE_CURVE('',#855,#864,#866,.T.);
#864 = VERTEX_POINT('',#865);
#865 = CARTESIAN_POINT('',(-4.94232346446,16.366503981429,0.));
#866 = B_SPLINE_CURVE_WITH_KNOTS('',3,(#867,#868,#869,#870),
  .UNSPECIFIED.,.F.,.F.,(4,4),(0.,1.),.PIECEWISE_BEZIER_KNOTS.);
#867 = CARTESIAN_POINT('',(-5.006443540068,16.966705968059,0.));
#868 = CARTESIAN_POINT('',(-4.998524601315,16.626907005845,0.));
#869 = CARTESIAN_POINT('',(-4.958057369567,16.4309693846,0.));
#870 = CARTESIAN_POINT('',(-4.94232346446,16.366503981429,0.));
#871 = ORIENTED_EDGE('',*,*,#872,.T.);
#872 = EDGE_CURVE('',#864,#873,#875,.T.);
#873 = VERTEX_POINT('',#874);
#874 = CARTESIAN_POINT('',(-4.896309737737,16.210998371942,0.));
#875 = LINE('',#876,#877);
#876 = CARTESIAN_POINT('',(-4.94232346446,16.366503981429,0.));
#877 = VECTOR('',#878,1.);
#878 = DIRECTION('',(0.283736798503,-0.958902200005,0.));
#879 = ORIENTED_EDGE('',*,*,#880,.T.);
#880 = EDGE_CURVE('',#873,#881,#883,.T.);
#881 = VERTEX_POINT('',#882);
#882 = CARTESIAN_POINT('',(-5.209825998718,15.593921368644,0.));
#883 = CIRCLE('',#884,0.493105882353);
#884 = AXIS2_PLACEMENT_3D('',#885,#886,#887);
#885 = CARTESIAN_POINT('',(-5.366228295964,16.061566247401,0.));
#886 = DIRECTION('',(0.,0.,-1.));
#887 = DIRECTION('',(0.952976987386,0.303042672759,0.));
#888 = ORIENTED_EDGE('',*,*,#889,.T.);
#889 = EDGE_CURVE('',#881,#890,#892,.T.);
#890 = VERTEX_POINT('',#891);
#891 = CARTESIAN_POINT('',(-5.649444960358,15.440092040796,0.));
#892 = CIRCLE('',#893,16.441188235314);
#893 = AXIS2_PLACEMENT_3D('',#894,#895,#896);
#894 = CARTESIAN_POINT('',(6.57814E-12,-1.878413E-11,0.));
#895 = DIRECTION('',(0.,0.,1.));
#896 = DIRECTION('',(-0.31687648874,0.948466810639,0.));
#897 = ORIENTED_EDGE('',*,*,#898,.T.);
#898 = EDGE_CURVE('',#890,#899,#901,.T.);
#899 = VERTEX_POINT('',#900);
#900 = CARTESIAN_POINT('',(-6.279303061977,15.727068077643,0.));
#901 = CIRCLE('',#902,0.493105882353);
#902 = AXIS2_PLACEMENT_3D('',#903,#904,#905);
#903 = CARTESIAN_POINT('',(-5.818736533238,15.903226766943,0.));
#904 = DIRECTION('',(0.,0.,-1.));
#905 = DIRECTION('',(0.343316879676,-0.939219633594,0.));
#906 = ORIENTED_EDGE('',*,*,#907,.T.);
#907 = EDGE_CURVE('',#899,#908,#910,.T.);
#908 = VERTEX_POINT('',#909);
#909 = CARTESIAN_POINT('',(-6.340284243446,15.877336348197,0.));
#910 = LINE('',#911,#912);
#911 = CARTESIAN_POINT('',(-6.279303061977,15.727068077643,0.));
#912 = VECTOR('',#913,1.);
#913 = DIRECTION('',(-0.376031380879,0.926606928851,0.));
#914 = ORIENTED_EDGE('',*,*,#915,.T.);
#915 = EDGE_CURVE('',#908,#916,#918,.T.);
#916 = VERTEX_POINT('',#917);
#917 = CARTESIAN_POINT('',(-6.664372967397,16.38657137042,0.));
#918 = B_SPLINE_CURVE_WITH_KNOTS('',3,(#919,#920,#921,#922),
  .UNSPECIFIED.,.F.,.F.,(4,4),(0.,1.),.PIECEWISE_BEZIER_KNOTS.);
#919 = CARTESIAN_POINT('',(-6.340284243446,15.877336348197,0.));
#920 = CARTESIAN_POINT('',(-6.368176502541,15.937547359304,0.));
#921 = CARTESIAN_POINT('',(-6.458703055399,16.115968466498,0.));
#922 = CARTESIAN_POINT('',(-6.664372967396,16.38657137042,0.));
#923 = ORIENTED_EDGE('',*,*,#924,.T.);
#924 = EDGE_CURVE('',#916,#925,#927,.T.);
#925 = VERTEX_POINT('',#926);
#926 = CARTESIAN_POINT('',(-7.959383819759,17.650470150083,0.));
#927 = B_SPLINE_CURVE_WITH_KNOTS('',3,(#928,#929,#930,#931),
  .UNSPECIFIED.,.F.,.F.,(4,4),(0.,1.),.PIECEWISE_BEZIER_KNOTS.);
#928 = CARTESIAN_POINT('',(-6.664372967396,16.38657137042,0.));
#929 = CARTESIAN_POINT('',(-6.911810255981,16.71066685199,0.));
#930 = CARTESIAN_POINT('',(-7.318765373939,17.156416923147,0.));
#931 = CARTESIAN_POINT('',(-7.959383819759,17.650470150083,0.));
#932 = ORIENTED_EDGE('',*,*,#933,.T.);
#933 = EDGE_CURVE('',#925,#934,#936,.T.);
#934 = VERTEX_POINT('',#935);
#935 = CARTESIAN_POINT('',(-8.836943971785,17.226509869218,0.));
#936 = CIRCLE('',#937,19.360894117645);
#937 = AXIS2_PLACEMENT_3D('',#938,#939,#940);
#938 = CARTESIAN_POINT('',(2.130147109333E-02,1.094398515841E-02,0.));
#939 = DIRECTION('',(0.,0.,1.));
#940 = DIRECTION('',(-0.412206442655,0.911090472255,0.));
#941 = ORIENTED_EDGE('',*,*,#942,.T.);
#942 = EDGE_CURVE('',#934,#943,#945,.T.);
#943 = VERTEX_POINT('',#944);
#944 = CARTESIAN_POINT('',(-8.656368806149,15.427276733707,0.));
#945 = B_SPLINE_CURVE_WITH_KNOTS('',3,(#946,#947,#948,#949),
  .UNSPECIFIED.,.F.,.F.,(4,4),(0.,1.),.PIECEWISE_BEZIER_KNOTS.);
#946 = CARTESIAN_POINT('',(-8.836943971785,17.226509869218,0.));
#947 = CARTESIAN_POINT('',(-8.850251304016,16.418892170161,0.));
#948 = CARTESIAN_POINT('',(-8.755482230934,15.822801223446,0.));
#949 = CARTESIAN_POINT('',(-8.656368806149,15.427276733707,0.));
#950 = ORIENTED_EDGE('',*,*,#951,.T.);
#951 = EDGE_CURVE('',#943,#952,#954,.T.);
#952 = VERTEX_POINT('',#953);
#953 = CARTESIAN_POINT('',(-8.46029884808,14.856391123104,0.));
#954 = B_SPLINE_CURVE_WITH_KNOTS('',3,(#955,#956,#957,#958),
  .UNSPECIFIED.,.F.,.F.,(4,4),(0.,1.),.PIECEWISE_BEZIER_KNOTS.);
#955 = CARTESIAN_POINT('',(-8.656368806149,15.427276733707,0.));
#956 = CARTESIAN_POINT('',(-8.573036029295,15.097759370562,0.));
#957 = CARTESIAN_POINT('',(-8.489983173058,14.915739120766,0.));
#958 = CARTESIAN_POINT('',(-8.46029884808,14.856391123104,0.));
#959 = ORIENTED_EDGE('',*,*,#960,.T.);
#960 = EDGE_CURVE('',#952,#961,#963,.T.);
#961 = VERTEX_POINT('',#962);
#962 = CARTESIAN_POINT('',(-8.380835528096,14.71502338136,0.));
#963 = LINE('',#964,#965);
#964 = CARTESIAN_POINT('',(-8.46029884808,14.856391123104,0.));
#965 = VECTOR('',#966,1.);
#966 = DIRECTION('',(0.489998737692,-0.871723142437,0.));
#967 = ORIENTED_EDGE('',*,*,#968,.T.);
#968 = EDGE_CURVE('',#961,#969,#971,.T.);
#969 = VERTEX_POINT('',#970);
#970 = CARTESIAN_POINT('',(-8.549178730753,14.043653855675,0.));
#971 = CIRCLE('',#972,0.493105882353);
#972 = AXIS2_PLACEMENT_3D('',#973,#974,#975);
#973 = CARTESIAN_POINT('',(-8.805720471048,14.464771115708,0.));
#974 = DIRECTION('',(0.,0.,-1.));
#975 = DIRECTION('',(0.861650526098,0.507502089527,0.));
#976 = ORIENTED_EDGE('',*,*,#977,.T.);
#977 = EDGE_CURVE('',#969,#978,#980,.T.);
#978 = VERTEX_POINT('',#979);
#979 = CARTESIAN_POINT('',(-8.943545281478,13.795856928315,0.));
#980 = CIRCLE('',#981,16.441188235319);
#981 = AXIS2_PLACEMENT_3D('',#982,#983,#984);
#982 = CARTESIAN_POINT('',(1.307271E-11,-2.061552E-11,0.));
#983 = DIRECTION('',(0.,0.,1.));
#984 = DIRECTION('',(-0.519985454117,0.854175115247,0.));
#985 = ORIENTED_EDGE('',*,*,#986,.T.);
#986 = EDGE_CURVE('',#978,#987,#989,.T.);
#987 = VERTEX_POINT('',#988);
#988 = CARTESIAN_POINT('',(-9.621469701202,13.935481263732,0.));
#989 = CIRCLE('',#990,0.493105882353);
#990 = AXIS2_PLACEMENT_3D('',#991,#992,#993);
#991 = CARTESIAN_POINT('',(-9.211649532985,14.209708981028,0.));
#992 = DIRECTION('',(0.,-0.,-1.));
#993 = DIRECTION('',(0.543705238777,-0.839276243752,0.));
#994 = ORIENTED_EDGE('',*,*,#995,.T.);
#995 = EDGE_CURVE('',#987,#996,#998,.T.);
#996 = VERTEX_POINT('',#997);
#997 = CARTESIAN_POINT('',(-9.714359793042,14.068412405556,0.));
#998 = LINE('',#999,#1000);
#999 = CARTESIAN_POINT('',(-9.621469701202,13.935481263732,0.));
#1000 = VECTOR('',#1001,1.);
#1001 = DIRECTION('',(-0.572792928293,0.819700104488,0.));
#1002 = ORIENTED_EDGE('',*,*,#1003,.T.);
#1003 = EDGE_CURVE('',#996,#1004,#1006,.T.);
#1004 = VERTEX_POINT('',#1005);
#1005 = CARTESIAN_POINT('',(-10.14363838879,14.492763317044,0.));
#1006 = B_SPLINE_CURVE_WITH_KNOTS('',3,(#1007,#1008,#1009,#1010),
  .UNSPECIFIED.,.F.,.F.,(4,4),(0.,1.),.PIECEWISE_BEZIER_KNOTS.);
#1007 = CARTESIAN_POINT('',(-9.714359793042,14.068412405556,0.));
#1008 = CARTESIAN_POINT('',(-9.754950945393,14.120907189361,0.));
#1009 = CARTESIAN_POINT('',(-9.882910239978,14.274710853797,0.));
#1010 = CARTESIAN_POINT('',(-10.14363838879,14.492763317044,0.));
#1011 = ORIENTED_EDGE('',*,*,#1012,.T.);
#1012 = EDGE_CURVE('',#1004,#1013,#1015,.T.);
#1013 = VERTEX_POINT('',#1014);
#1014 = CARTESIAN_POINT('',(-11.68742455221,15.436806491159,0.));
#1015 = B_SPLINE_CURVE_WITH_KNOTS('',3,(#1016,#1017,#1018,#1019),
  .UNSPECIFIED.,.F.,.F.,(4,4),(0.,1.),.PIECEWISE_BEZIER_KNOTS.);
#1016 = CARTESIAN_POINT('',(-10.14363838879,14.492763317044,0.));
#1017 = CARTESIAN_POINT('',(-10.45698993719,14.753673071687,0.));
#1018 = CARTESIAN_POINT('',(-10.95293056284,15.097691224989,0.));
#1019 = CARTESIAN_POINT('',(-11.68742455221,15.436806491159,0.));
#1020 = ORIENTED_EDGE('',*,*,#1021,.T.);
#1021 = EDGE_CURVE('',#1013,#1022,#1024,.T.);
#1022 = VERTEX_POINT('',#1023);
#1023 = CARTESIAN_POINT('',(-12.44864240138,14.828200275055,0.));
#1024 = CIRCLE('',#1025,19.36089411765);
#1025 = AXIS2_PLACEMENT_3D('',#1026,#1027,#1028);
#1026 = CARTESIAN_POINT('',(1.833213294389E-02,1.540961983983E-02,0.));
#1027 = DIRECTION('',(0.,0.,1.));
#1028 = DIRECTION('',(-0.60460826933,0.796522969322,0.));
#1029 = ORIENTED_EDGE('',*,*,#1030,.T.);
#1030 = EDGE_CURVE('',#1022,#1031,#1033,.T.);
#1031 = VERTEX_POINT('',#1032);
#1032 = CARTESIAN_POINT('',(-11.87222759444,13.114259425229,0.));
#1033 = B_SPLINE_CURVE_WITH_KNOTS('',3,(#1034,#1035,#1036,#1037),
  .UNSPECIFIED.,.F.,.F.,(4,4),(0.,1.),.PIECEWISE_BEZIER_KNOTS.);
#1034 = CARTESIAN_POINT('',(-12.44864240138,14.828200275055,0.));
#1035 = CARTESIAN_POINT('',(-12.28190424634,14.037870077876,0.));
#1036 = CARTESIAN_POINT('',(-12.05686851759,13.477812478377,0.));
#1037 = CARTESIAN_POINT('',(-11.87222759444,13.114259425229,0.));
#1038 = ORIENTED_EDGE('',*,*,#1039,.T.);
#1039 = EDGE_CURVE('',#1031,#1040,#1042,.T.);
#1040 = VERTEX_POINT('',#1041);
#1041 = CARTESIAN_POINT('',(-11.55403952032,12.60131677898,0.));
#1042 = B_SPLINE_CURVE_WITH_KNOTS('',3,(#1043,#1044,#1045,#1046),
  .UNSPECIFIED.,.F.,.F.,(4,4),(0.,1.),.PIECEWISE_BEZIER_KNOTS.);
#1043 = CARTESIAN_POINT('',(-11.87222759444,13.114259425229,0.));
#1044 = CARTESIAN_POINT('',(-11.71765963288,12.811547037686,0.));
#1045 = CARTESIAN_POINT('',(-11.59618576917,12.652571414715,0.));
#1046 = CARTESIAN_POINT('',(-11.55403952032,12.60131677898,0.));
#1047 = ORIENTED_EDGE('',*,*,#1048,.T.);
#1048 = EDGE_CURVE('',#1040,#1049,#1051,.T.);
#1049 = VERTEX_POINT('',#1050);
#1050 = CARTESIAN_POINT('',(-11.44511122975,12.48117567385,0.));
#1051 = LINE('',#1052,#1053);
#1052 = CARTESIAN_POINT('',(-11.55403952032,12.60131677898,0.));
#1053 = VECTOR('',#1054,1.);
#1054 = DIRECTION('',(0.671690094116,-0.740832246508,0.));
#1055 = ORIENTED_EDGE('',*,*,#1056,.T.);
#1056 = EDGE_CURVE('',#1049,#1057,#1059,.T.);
#1057 = VERTEX_POINT('',#1058);
#1058 = CARTESIAN_POINT('',(-11.45983994296,11.789178897191,0.));
#1059 = CIRCLE('',#1060,0.493105882353);
#1060 = AXIS2_PLACEMENT_3D('',#1061,#1062,#1063);
#1061 = CARTESIAN_POINT('',(-11.80365705222,12.142651960649,0.));
#1062 = DIRECTION('',(0.,0.,-1.));
#1063 = DIRECTION('',(0.727117309493,0.686513232382,0.));
#1064 = ORIENTED_EDGE('',*,*,#1065,.T.);
#1065 = EDGE_CURVE('',#1057,#1066,#1068,.T.);
#1066 = VERTEX_POINT('',#1067);
#1067 = CARTESIAN_POINT('',(-11.78917889719,11.459839942966,0.));
#1068 = CIRCLE('',#1069,16.441188235255);
#1069 = AXIS2_PLACEMENT_3D('',#1070,#1071,#1072);
#1070 = CARTESIAN_POINT('',(-2.753308E-11,2.761837E-11,0.));
#1071 = DIRECTION('',(0.,0.,1.));
#1072 = DIRECTION('',(-0.697020177554,0.717051512851,0.));
#1073 = ORIENTED_EDGE('',*,*,#1074,.T.);
#1074 = EDGE_CURVE('',#1066,#1075,#1077,.T.);
#1075 = VERTEX_POINT('',#1076);
#1076 = CARTESIAN_POINT('',(-12.48117567385,11.445111229755,0.));
#1077 = CIRCLE('',#1078,0.493105882353);
#1078 = AXIS2_PLACEMENT_3D('',#1079,#1080,#1081);
#1079 = CARTESIAN_POINT('',(-12.14265196064,11.803657052227,0.));
#1080 = DIRECTION('',(0.,-0.,-1.));
#1081 = DIRECTION('',(0.71682994689,-0.697248038535,0.));
#1082 = ORIENTED_EDGE('',*,*,#1083,.T.);
#1083 = EDGE_CURVE('',#1075,#1084,#1086,.T.);
#1084 = VERTEX_POINT('',#1085);
#1085 = CARTESIAN_POINT('',(-12.60131677898,11.554039520326,0.));
#1086 = LINE('',#1087,#1088);
#1087 = CARTESIAN_POINT('',(-12.48117567385,11.445111229755,0.));
#1088 = VECTOR('',#1089,1.);
#1089 = DIRECTION('',(-0.740832246508,0.671690094116,0.));
#1090 = ORIENTED_EDGE('',*,*,#1091,.T.);
#1091 = EDGE_CURVE('',#1084,#1092,#1094,.T.);
#1092 = VERTEX_POINT('',#1093);
#1093 = CARTESIAN_POINT('',(-13.11425942522,11.872227594442,0.));
#1094 = B_SPLINE_CURVE_WITH_KNOTS('',3,(#1095,#1096,#1097,#1098),
  .UNSPECIFIED.,.F.,.F.,(4,4),(0.,1.),.PIECEWISE_BEZIER_KNOTS.);
#1095 = CARTESIAN_POINT('',(-12.60131677898,11.554039520326,0.));
#1096 = CARTESIAN_POINT('',(-12.65257141471,11.59618576917,0.));
#1097 = CARTESIAN_POINT('',(-12.81154703768,11.717659632885,0.));
#1098 = CARTESIAN_POINT('',(-13.11425942522,11.872227594442,0.));
#1099 = ORIENTED_EDGE('',*,*,#1100,.T.);
#1100 = EDGE_CURVE('',#1092,#1101,#1103,.T.);
#1101 = VERTEX_POINT('',#1102);
#1102 = CARTESIAN_POINT('',(-14.82940901519,12.449076896277,0.));
#1103 = B_SPLINE_CURVE_WITH_KNOTS('',3,(#1104,#1105,#1106,#1107),
  .UNSPECIFIED.,.F.,.F.,(4,4),(0.,1.),.PIECEWISE_BEZIER_KNOTS.);
#1104 = CARTESIAN_POINT('',(-13.11425942522,11.872227594442,0.));
#1105 = CARTESIAN_POINT('',(-13.47781247837,12.056868517596,0.));
#1106 = CARTESIAN_POINT('',(-14.03787007787,12.281904246341,0.));
#1107 = CARTESIAN_POINT('',(-14.82940901519,12.449076896277,0.));
#1108 = ORIENTED_EDGE('',*,*,#1109,.T.);
#1109 = EDGE_CURVE('',#1101,#1110,#1112,.T.);
#1110 = VERTEX_POINT('',#1111);
#1111 = CARTESIAN_POINT('',(-15.43611391997,11.686342801929,0.));
#1112 = CIRCLE('',#1113,19.36089411765);
#1113 = AXIS2_PLACEMENT_3D('',#1114,#1115,#1116);
#1114 = CARTESIAN_POINT('',(1.444354509797E-02,1.910255184223E-02,0.));
#1115 = DIRECTION('',(0.,0.,1.));
#1116 = DIRECTION('',(-0.766692512757,0.642014478717,0.));
#1117 = ORIENTED_EDGE('',*,*,#1118,.T.);
#1118 = EDGE_CURVE('',#1110,#1119,#1121,.T.);
#1119 = VERTEX_POINT('',#1120);
#1120 = CARTESIAN_POINT('',(-14.49276331704,10.143638388793,0.));
#1121 = B_SPLINE_CURVE_WITH_KNOTS('',3,(#1122,#1123,#1124,#1125),
  .UNSPECIFIED.,.F.,.F.,(4,4),(0.,1.),.PIECEWISE_BEZIER_KNOTS.);
#1122 = CARTESIAN_POINT('',(-15.43611391997,11.686342801929,0.));
#1123 = CARTESIAN_POINT('',(-15.09769122498,10.952930562846,0.));
#1124 = CARTESIAN_POINT('',(-14.75367307168,10.456989937198,0.));
#1125 = CARTESIAN_POINT('',(-14.49276331704,10.143638388793,0.));
#1126 = ORIENTED_EDGE('',*,*,#1127,.T.);
#1127 = EDGE_CURVE('',#1119,#1128,#1130,.T.);
#1128 = VERTEX_POINT('',#1129);
#1129 = CARTESIAN_POINT('',(-14.06841240555,9.714359793042,0.));
#1130 = B_SPLINE_CURVE_WITH_KNOTS('',3,(#1131,#1132,#1133,#1134),
  .UNSPECIFIED.,.F.,.F.,(4,4),(0.,1.),.PIECEWISE_BEZIER_KNOTS.);
#1131 = CARTESIAN_POINT('',(-14.49276331704,10.143638388793,0.));
#1132 = CARTESIAN_POINT('',(-14.27471085379,9.882910239978,0.));
#1133 = CARTESIAN_POINT('',(-14.12090718936,9.754950945393,0.));
#1134 = CARTESIAN_POINT('',(-14.06841240555,9.714359793042,0.));
#1135 = ORIENTED_EDGE('',*,*,#1136,.T.);
#1136 = EDGE_CURVE('',#1128,#1137,#1139,.T.);
#1137 = VERTEX_POINT('',#1138);
#1138 = CARTESIAN_POINT('',(-13.93548126373,9.621469701202,0.));
#1139 = LINE('',#1140,#1141);
#1140 = CARTESIAN_POINT('',(-14.06841240555,9.714359793042,0.));
#1141 = VECTOR('',#1142,1.);
#1142 = DIRECTION('',(0.819700104488,-0.572792928293,0.));
#1143 = ORIENTED_EDGE('',*,*,#1144,.T.);
#1144 = EDGE_CURVE('',#1137,#1145,#1147,.T.);
#1145 = VERTEX_POINT('',#1146);
#1146 = CARTESIAN_POINT('',(-13.79585692831,8.943545281478,0.));
#1147 = CIRCLE('',#1148,0.493105882353);
#1148 = AXIS2_PLACEMENT_3D('',#1149,#1150,#1151);
#1149 = CARTESIAN_POINT('',(-14.20970898102,9.211649532985,0.));
#1150 = DIRECTION('',(0.,0.,-1.));
#1151 = DIRECTION('',(0.556123394812,0.831099735136,0.));
#1152 = ORIENTED_EDGE('',*,*,#1153,.T.);
#1153 = EDGE_CURVE('',#1145,#1154,#1156,.T.);
#1154 = VERTEX_POINT('',#1155);
#1155 = CARTESIAN_POINT('',(-14.04365385567,8.549178730753,0.));
#1156 = CIRCLE('',#1157,16.441188235297);
#1157 = AXIS2_PLACEMENT_3D('',#1158,#1159,#1160);
#1158 = CARTESIAN_POINT('',(2.73383E-12,-1.59396E-12,0.));
#1159 = DIRECTION('',(0.,0.,1.));
#1160 = DIRECTION('',(-0.839103398786,0.543971953455,0.));
#1161 = ORIENTED_EDGE('',*,*,#1162,.T.);
#1162 = EDGE_CURVE('',#1154,#1163,#1165,.T.);
#1163 = VERTEX_POINT('',#1164);
#1164 = CARTESIAN_POINT('',(-14.71502338136,8.380835528096,0.));
#1165 = CIRCLE('',#1166,0.493105882353);
#1166 = AXIS2_PLACEMENT_3D('',#1167,#1168,#1169);
#1167 = CARTESIAN_POINT('',(-14.4647711157,8.805720471048,0.));
#1168 = DIRECTION('',(0.,-0.,-1.));
#1169 = DIRECTION('',(0.854009808245,-0.520256905212,0.));
#1170 = ORIENTED_EDGE('',*,*,#1171,.T.);
#1171 = EDGE_CURVE('',#1163,#1172,#1174,.T.);
#1172 = VERTEX_POINT('',#1173);
#1173 = CARTESIAN_POINT('',(-14.8563911231,8.46029884808,0.));
#1174 = LINE('',#1175,#1176);
#1175 = CARTESIAN_POINT('',(-14.71502338136,8.380835528096,0.));
#1176 = VECTOR('',#1177,1.);
#1177 = DIRECTION('',(-0.871723142437,0.489998737692,0.));
#1178 = ORIENTED_EDGE('',*,*,#1179,.T.);
#1179 = EDGE_CURVE('',#1172,#1180,#1182,.T.);
#1180 = VERTEX_POINT('',#1181);
#1181 = CARTESIAN_POINT('',(-15.4272767337,8.656368806149,0.));
#1182 = B_SPLINE_CURVE_WITH_KNOTS('',3,(#1183,#1184,#1185,#1186),
  .UNSPECIFIED.,.F.,.F.,(4,4),(0.,1.),.PIECEWISE_BEZIER_KNOTS.);
#1183 = CARTESIAN_POINT('',(-14.8563911231,8.46029884808,0.));
#1184 = CARTESIAN_POINT('',(-14.91573912076,8.489983173058,0.));
#1185 = CARTESIAN_POINT('',(-15.09775937056,8.573036029295,0.));
#1186 = CARTESIAN_POINT('',(-15.4272767337,8.656368806149,0.));
#1187 = ORIENTED_EDGE('',*,*,#1188,.T.);
#1188 = EDGE_CURVE('',#1180,#1189,#1191,.T.);
#1189 = VERTEX_POINT('',#1190);
#1190 = CARTESIAN_POINT('',(-17.22778498792,8.837098602998,0.));
#1191 = B_SPLINE_CURVE_WITH_KNOTS('',3,(#1192,#1193,#1194,#1195),
  .UNSPECIFIED.,.F.,.F.,(4,4),(0.,1.),.PIECEWISE_BEZIER_KNOTS.);
#1192 = CARTESIAN_POINT('',(-15.4272767337,8.656368806149,0.));
#1193 = CARTESIAN_POINT('',(-15.82280122344,8.755482230934,0.));
#1194 = CARTESIAN_POINT('',(-16.41889217016,8.850251304016,0.));
#1195 = CARTESIAN_POINT('',(-17.22778498792,8.837098602998,0.));
#1196 = ORIENTED_EDGE('',*,*,#1197,.T.);
#1197 = EDGE_CURVE('',#1189,#1198,#1200,.T.);
#1198 = VERTEX_POINT('',#1199);
#1199 = CARTESIAN_POINT('',(-17.64955423102,7.958483302796,0.));
#1200 = CIRCLE('',#1201,19.36089411765);
#1201 = AXIS2_PLACEMENT_3D('',#1202,#1203,#1204);
#1202 = CARTESIAN_POINT('',(9.830697589565E-03,2.183760212996E-02,0.));
#1203 = DIRECTION('',(0.,0.,1.));
#1204 = DIRECTION('',(-0.890331592165,0.45531270133,0.));
#1205 = ORIENTED_EDGE('',*,*,#1206,.T.);
#1206 = EDGE_CURVE('',#1198,#1207,#1209,.T.);
#1207 = VERTEX_POINT('',#1208);
#1208 = CARTESIAN_POINT('',(-16.38657137042,6.664372967396,0.));
#1209 = B_SPLINE_CURVE_WITH_KNOTS('',3,(#1210,#1211,#1212,#1213),
  .UNSPECIFIED.,.F.,.F.,(4,4),(0.,1.),.PIECEWISE_BEZIER_KNOTS.);
#1210 = CARTESIAN_POINT('',(-17.64955423102,7.958483302796,0.));
#1211 = CARTESIAN_POINT('',(-17.15641692314,7.318765373939,0.));
#1212 = CARTESIAN_POINT('',(-16.71066685199,6.911810255981,0.));
#1213 = CARTESIAN_POINT('',(-16.38657137042,6.664372967396,0.));
#1214 = ORIENTED_EDGE('',*,*,#1215,.T.);
#1215 = EDGE_CURVE('',#1207,#1216,#1218,.T.);
#1216 = VERTEX_POINT('',#1217);
#1217 = CARTESIAN_POINT('',(-15.87733634819,6.340284243446,0.));
#1218 = B_SPLINE_CURVE_WITH_KNOTS('',3,(#1219,#1220,#1221,#1222),
  .UNSPECIFIED.,.F.,.F.,(4,4),(0.,1.),.PIECEWISE_BEZIER_KNOTS.);
#1219 = CARTESIAN_POINT('',(-16.38657137042,6.664372967396,0.));
#1220 = CARTESIAN_POINT('',(-16.11596846649,6.458703055399,0.));
#1221 = CARTESIAN_POINT('',(-15.9375473593,6.368176502541,0.));
#1222 = CARTESIAN_POINT('',(-15.87733634819,6.340284243446,0.));
#1223 = ORIENTED_EDGE('',*,*,#1224,.T.);
#1224 = EDGE_CURVE('',#1216,#1225,#1227,.T.);
#1225 = VERTEX_POINT('',#1226);
#1226 = CARTESIAN_POINT('',(-15.72706807764,6.279303061977,0.));
#1227 = LINE('',#1228,#1229);
#1228 = CARTESIAN_POINT('',(-15.87733634819,6.340284243446,0.));
#1229 = VECTOR('',#1230,1.);
#1230 = DIRECTION('',(0.926606928851,-0.376031380879,0.));
#1231 = ORIENTED_EDGE('',*,*,#1232,.T.);
#1232 = EDGE_CURVE('',#1225,#1233,#1235,.T.);
#1233 = VERTEX_POINT('',#1234);
#1234 = CARTESIAN_POINT('',(-15.44009204079,5.649444960358,0.));
#1235 = CIRCLE('',#1236,0.493105882353);
#1236 = AXIS2_PLACEMENT_3D('',#1237,#1238,#1239);
#1237 = CARTESIAN_POINT('',(-15.90322676694,5.818736533238,0.));
#1238 = DIRECTION('',(0.,0.,-1.));
#1239 = DIRECTION('',(0.357243130947,0.934011426799,0.));
#1240 = ORIENTED_EDGE('',*,*,#1241,.T.);
#1241 = EDGE_CURVE('',#1233,#1242,#1244,.T.);
#1242 = VERTEX_POINT('',#1243);
#1243 = CARTESIAN_POINT('',(-15.59392136864,5.209825998718,0.));
#1244 = CIRCLE('',#1245,16.441188235334);
#1245 = AXIS2_PLACEMENT_3D('',#1246,#1247,#1248);
#1246 = CARTESIAN_POINT('',(3.781375E-11,-1.313783E-11,0.));
#1247 = DIRECTION('',(0.,0.,1.));
#1248 = DIRECTION('',(-0.939110471812,0.343615368884,0.));
#1249 = ORIENTED_EDGE('',*,*,#1250,.T.);
#1250 = EDGE_CURVE('',#1242,#1251,#1253,.T.);
#1251 = VERTEX_POINT('',#1252);
#1252 = CARTESIAN_POINT('',(-16.21099837194,4.896309737737,0.));
#1253 = CIRCLE('',#1254,0.493105882353);
#1254 = AXIS2_PLACEMENT_3D('',#1255,#1256,#1257);
#1255 = CARTESIAN_POINT('',(-16.0615662474,5.366228295964,0.));
#1256 = DIRECTION('',(0.,0.,-1.));
#1257 = DIRECTION('',(0.94836605178,-0.317177918258,0.));
#1258 = ORIENTED_EDGE('',*,*,#1259,.T.);
#1259 = EDGE_CURVE('',#1251,#1260,#1262,.T.);
#1260 = VERTEX_POINT('',#1261);
#1261 = CARTESIAN_POINT('',(-16.36650398142,4.94232346446,0.));
#1262 = LINE('',#1263,#1264);
#1263 = CARTESIAN_POINT('',(-16.21099837194,4.896309737737,0.));
#1264 = VECTOR('',#1265,1.);
#1265 = DIRECTION('',(-0.958902200005,0.283736798503,0.));
#1266 = ORIENTED_EDGE('',*,*,#1267,.T.);
#1267 = EDGE_CURVE('',#1260,#1268,#1270,.T.);
#1268 = VERTEX_POINT('',#1269);
#1269 = CARTESIAN_POINT('',(-16.96670596805,5.006443540068,0.));
#1270 = B_SPLINE_CURVE_WITH_KNOTS('',3,(#1271,#1272,#1273,#1274),
  .UNSPECIFIED.,.F.,.F.,(4,4),(0.,1.),.PIECEWISE_BEZIER_KNOTS.);
#1271 = CARTESIAN_POINT('',(-16.36650398142,4.94232346446,0.));
#1272 = CARTESIAN_POINT('',(-16.4309693846,4.958057369567,0.));
#1273 = CARTESIAN_POINT('',(-16.62690700584,4.998524601315,0.));
#1274 = CARTESIAN_POINT('',(-16.96670596805,5.006443540068,0.));
#1275 = ORIENTED_EDGE('',*,*,#1276,.T.);
#1276 = EDGE_CURVE('',#1268,#1277,#1279,.T.);
#1277 = VERTEX_POINT('',#1278);
#1278 = CARTESIAN_POINT('',(-18.76228788439,4.781991285255,0.));
#1279 = B_SPLINE_CURVE_WITH_KNOTS('',3,(#1280,#1281,#1282,#1283),
  .UNSPECIFIED.,.F.,.F.,(4,4),(0.,1.),.PIECEWISE_BEZIER_KNOTS.);
#1280 = CARTESIAN_POINT('',(-16.96670596805,5.006443540068,0.));
#1281 = CARTESIAN_POINT('',(-17.3743686449,5.015059505503,0.));
#1282 = CARTESIAN_POINT('',(-17.97660244971,4.974809805876,0.));
#1283 = CARTESIAN_POINT('',(-18.76228788439,4.781991285255,0.));
#1284 = ORIENTED_EDGE('',*,*,#1285,.T.);
#1285 = EDGE_CURVE('',#1277,#1286,#1288,.T.);
#1286 = VERTEX_POINT('',#1287);
#1287 = CARTESIAN_POINT('',(-18.9779721948,3.831552219129,0.));
#1288 = CIRCLE('',#1289,19.360894117658);
#1289 = AXIS2_PLACEMENT_3D('',#1290,#1291,#1292);
#1290 = CARTESIAN_POINT('',(4.724897863389E-03,2.347762385874E-02,0.));
#1291 = DIRECTION('',(0.,0.,1.));
#1292 = DIRECTION('',(-0.969325727841,0.245779643878,0.));
#1293 = ORIENTED_EDGE('',*,*,#1294,.T.);
#1294 = EDGE_CURVE('',#1286,#1295,#1297,.T.);
#1295 = VERTEX_POINT('',#1296);
#1296 = CARTESIAN_POINT('',(-17.45868831092,2.850928057417,0.));
#1297 = B_SPLINE_CURVE_WITH_KNOTS('',3,(#1298,#1299,#1300,#1301),
  .UNSPECIFIED.,.F.,.F.,(4,4),(0.,1.),.PIECEWISE_BEZIER_KNOTS.);
#1298 = CARTESIAN_POINT('',(-18.9779721948,3.831552219129,0.));
#1299 = CARTESIAN_POINT('',(-18.35484823782,3.31760672868,0.));
#1300 = CARTESIAN_POINT('',(-17.82971801866,3.020043547323,0.));
#1301 = CARTESIAN_POINT('',(-17.45868831092,2.850928057417,0.));
#1302 = ORIENTED_EDGE('',*,*,#1303,.T.);
#1303 = EDGE_CURVE('',#1295,#1304,#1306,.T.);
#1304 = VERTEX_POINT('',#1305);
#1305 = CARTESIAN_POINT('',(-16.89010434835,2.648280367163,0.));
#1306 = B_SPLINE_CURVE_WITH_KNOTS('',3,(#1307,#1308,#1309,#1310),
  .UNSPECIFIED.,.F.,.F.,(4,4),(0.,1.),.PIECEWISE_BEZIER_KNOTS.);
#1307 = CARTESIAN_POINT('',(-17.45868831092,2.850928057417,0.));
#1308 = CARTESIAN_POINT('',(-17.14910412586,2.710629530427,0.));
#1309 = CARTESIAN_POINT('',(-16.95501235524,2.662075098662,0.));
#1310 = CARTESIAN_POINT('',(-16.89010434835,2.648280367163,0.));
#1311 = ORIENTED_EDGE('',*,*,#1312,.T.);
#1312 = EDGE_CURVE('',#1304,#1313,#1315,.T.);
#1313 = VERTEX_POINT('',#1314);
#1314 = CARTESIAN_POINT('',(-16.73003402762,2.622265947139,0.));
#1315 = LINE('',#1316,#1317);
#1316 = CARTESIAN_POINT('',(-16.89010434835,2.648280367163,0.));
#1317 = VECTOR('',#1318,1.);
#1318 = DIRECTION('',(0.987049812628,-0.160414049857,0.));
#1319 = ORIENTED_EDGE('',*,*,#1320,.T.);
#1320 = EDGE_CURVE('',#1313,#1321,#1323,.T.);
#1321 = VERTEX_POINT('',#1322);
#1322 = CARTESIAN_POINT('',(-16.31009646614,2.072057878899,0.));
#1323 = CIRCLE('',#1324,0.493105882353);
#1324 = AXIS2_PLACEMENT_3D('',#1325,#1326,#1327);
#1325 = CARTESIAN_POINT('',(-16.79929035667,2.134047786786,0.));
#1326 = DIRECTION('',(0.,0.,-1.));
#1327 = DIRECTION('',(0.140449204778,0.990087885431,0.));
#1328 = ORIENTED_EDGE('',*,*,#1329,.T.);
#1329 = EDGE_CURVE('',#1321,#1330,#1332,.T.);
#1330 = VERTEX_POINT('',#1331);
#1331 = CARTESIAN_POINT('',(-16.36224454964,1.609230836769,0.));
#1332 = CIRCLE('',#1333,16.441188235272);
#1333 = AXIS2_PLACEMENT_3D('',#1334,#1335,#1336);
#1334 = CARTESIAN_POINT('',(-2.184989E-11,2.48617E-12,0.));
#1335 = DIRECTION('',(0.,0.,1.));
#1336 = DIRECTION('',(-0.992026624397,0.126028474904,0.));
#1337 = ORIENTED_EDGE('',*,*,#1338,.T.);
#1338 = EDGE_CURVE('',#1330,#1339,#1341,.T.);
#1339 = VERTEX_POINT('',#1340);
#1340 = CARTESIAN_POINT('',(-16.89408621292,1.166262531918,0.));
#1341 = CIRCLE('',#1342,0.493105882353);
#1342 = AXIS2_PLACEMENT_3D('',#1343,#1344,#1345);
#1343 = CARTESIAN_POINT('',(-16.85296738018,1.657651026702,0.));
#1344 = DIRECTION('',(0.,0.,-1.));
#1345 = DIRECTION('',(0.995167261447,-9.819430606289E-02,0.));
#1346 = ORIENTED_EDGE('',*,*,#1347,.T.);
#1347 = EDGE_CURVE('',#1339,#1348,#1350,.T.);
#1348 = VERTEX_POINT('',#1349);
#1349 = CARTESIAN_POINT('',(-17.05593198955,1.176519344986,0.));
#1350 = LINE('',#1351,#1352);
#1351 = CARTESIAN_POINT('',(-16.89408621292,1.166262531918,0.));
#1352 = VECTOR('',#1353,1.);
#1353 = DIRECTION('',(-0.997997897239,6.32471114558E-02,0.));
#1354 = ORIENTED_EDGE('',*,*,#1355,.T.);
#1355 = EDGE_CURVE('',#1348,#1356,#1358,.T.);
#1356 = VERTEX_POINT('',#1357);
#1357 = CARTESIAN_POINT('',(-17.65535371837,1.1054742898,0.));
#1358 = B_SPLINE_CURVE_WITH_KNOTS('',3,(#1359,#1360,#1361,#1362),
  .UNSPECIFIED.,.F.,.F.,(4,4),(0.,1.),.PIECEWISE_BEZIER_KNOTS.);
#1359 = CARTESIAN_POINT('',(-17.05593198955,1.176519344986,0.));
#1360 = CARTESIAN_POINT('',(-17.12228223373,1.177513866521,0.));
#1361 = CARTESIAN_POINT('',(-17.32231209593,1.173366277804,0.));
#1362 = CARTESIAN_POINT('',(-17.65535371837,1.1054742898,0.));
#1363 = ORIENTED_EDGE('',*,*,#1364,.T.);
#1364 = EDGE_CURVE('',#1356,#1365,#1367,.T.);
#1365 = VERTEX_POINT('',#1366);
#1366 = CARTESIAN_POINT('',(-19.35597132185,0.487094956612,0.));
#1367 = B_SPLINE_CURVE_WITH_KNOTS('',3,(#1368,#1369,#1370,#1371),
  .UNSPECIFIED.,.F.,.F.,(4,4),(0.,1.),.PIECEWISE_BEZIER_KNOTS.);
#1368 = CARTESIAN_POINT('',(-17.65535371837,1.1054742898,0.));
#1369 = CARTESIAN_POINT('',(-18.05471267346,1.023160755402,0.));
#1370 = CARTESIAN_POINT('',(-18.63289081867,0.849910571074,0.));
#1371 = CARTESIAN_POINT('',(-19.35597132185,0.487094956612,0.));
#1372 = ORIENTED_EDGE('',*,*,#1373,.T.);
#1373 = EDGE_CURVE('',#1365,#1374,#1376,.T.);
#1374 = VERTEX_POINT('',#1375);
#1375 = CARTESIAN_POINT('',(-19.35475538763,-0.487508891974,0.));
#1376 = CIRCLE('',#1377,19.360894117645);
#1377 = AXIS2_PLACEMENT_3D('',#1378,#1379,#1380);
#1378 = CARTESIAN_POINT('',(-6.178279920341E-04,2.394037949699E-02,0.));
#1379 = DIRECTION('',(0.,0.,1.));
#1380 = DIRECTION('',(-0.999713823972,2.392216879556E-02,0.));
#1381 = ORIENTED_EDGE('',*,*,#1382,.T.);
#1382 = EDGE_CURVE('',#1374,#1383,#1385,.T.);
#1383 = VERTEX_POINT('',#1384);
#1384 = CARTESIAN_POINT('',(-17.65535371837,-1.1054742898,0.));
#1385 = B_SPLINE_CURVE_WITH_KNOTS('',3,(#1386,#1387,#1388,#1389),
  .UNSPECIFIED.,.F.,.F.,(4,4),(0.,1.),.PIECEWISE_BEZIER_KNOTS.);
#1386 = CARTESIAN_POINT('',(-19.35475538763,-0.487508891974,0.));
#1387 = CARTESIAN_POINT('',(-18.63289081867,-0.849910571074,0.));
#1388 = CARTESIAN_POINT('',(-18.05471267346,-1.023160755402,0.));
#1389 = CARTESIAN_POINT('',(-17.65535371837,-1.1054742898,0.));
#1390 = ORIENTED_EDGE('',*,*,#1391,.T.);
#1391 = EDGE_CURVE('',#1383,#1392,#1394,.T.);
#1392 = VERTEX_POINT('',#1393);
#1393 = CARTESIAN_POINT('',(-17.05593198955,-1.176519344986,0.));
#1394 = B_SPLINE_CURVE_WITH_KNOTS('',3,(#1395,#1396,#1397,#1398),
  .UNSPECIFIED.,.F.,.F.,(4,4),(0.,1.),.PIECEWISE_BEZIER_KNOTS.);
#1395 = CARTESIAN_POINT('',(-17.65535371837,-1.1054742898,0.));
#1396 = CARTESIAN_POINT('',(-17.32231209593,-1.173366277804,0.));
#1397 = CARTESIAN_POINT('',(-17.12228223373,-1.177513866521,0.));
#1398 = CARTESIAN_POINT('',(-17.05593198955,-1.176519344986,0.));
#1399 = ORIENTED_EDGE('',*,*,#1400,.T.);
#1400 = EDGE_CURVE('',#1392,#1401,#1403,.T.);
#1401 = VERTEX_POINT('',#1402);
#1402 = CARTESIAN_POINT('',(-16.89408621292,-1.166262531918,0.));
#1403 = LINE('',#1404,#1405);
#1404 = CARTESIAN_POINT('',(-17.05593198955,-1.176519344986,0.));
#1405 = VECTOR('',#1406,1.);
#1406 = DIRECTION('',(0.997997897239,6.32471114558E-02,0.));
#1407 = ORIENTED_EDGE('',*,*,#1408,.T.);
#1408 = EDGE_CURVE('',#1401,#1409,#1411,.T.);
#1409 = VERTEX_POINT('',#1410);
#1410 = CARTESIAN_POINT('',(-16.36224454964,-1.609230836769,0.));
#1411 = CIRCLE('',#1412,0.493105882353);
#1412 = AXIS2_PLACEMENT_3D('',#1413,#1414,#1415);
#1413 = CARTESIAN_POINT('',(-16.85296738018,-1.657651026702,0.));
#1414 = DIRECTION('',(0.,0.,-1.));
#1415 = DIRECTION('',(-8.338743098338E-02,0.99651720324,0.));
#1416 = ORIENTED_EDGE('',*,*,#1417,.T.);
#1417 = EDGE_CURVE('',#1409,#1418,#1420,.T.);
#1418 = VERTEX_POINT('',#1419);
#1419 = CARTESIAN_POINT('',(-16.31009646614,-2.072057878899,0.));
#1420 = CIRCLE('',#1421,16.441188235292);
#1421 = AXIS2_PLACEMENT_3D('',#1422,#1423,#1424);
#1422 = CARTESIAN_POINT('',(-1.96854E-12,-1.6092E-13,0.));
#1423 = DIRECTION('',(0.,0.,1.));
#1424 = DIRECTION('',(-0.995198419693,-9.787801305714E-02,0.));
#1425 = ORIENTED_EDGE('',*,*,#1426,.T.);
#1426 = EDGE_CURVE('',#1418,#1427,#1429,.T.);
#1427 = VERTEX_POINT('',#1428);
#1428 = CARTESIAN_POINT('',(-16.73003402762,-2.622265947139,0.));
#1429 = CIRCLE('',#1430,0.493105882353);
#1430 = AXIS2_PLACEMENT_3D('',#1431,#1432,#1433);
#1431 = CARTESIAN_POINT('',(-16.79929035667,-2.134047786786,0.));
#1432 = DIRECTION('',(0.,0.,-1.));
#1433 = DIRECTION('',(0.992066629169,0.125713178662,0.));
#1434 = ORIENTED_EDGE('',*,*,#1435,.T.);
#1435 = EDGE_CURVE('',#1427,#1436,#1438,.T.);
#1436 = VERTEX_POINT('',#1437);
#1437 = CARTESIAN_POINT('',(-16.89010434835,-2.648280367163,0.));
#1438 = LINE('',#1439,#1440);
#1439 = CARTESIAN_POINT('',(-16.73003402762,-2.622265947139,0.));
#1440 = VECTOR('',#1441,1.);
#1441 = DIRECTION('',(-0.987049812628,-0.160414049857,0.));
#1442 = ORIENTED_EDGE('',*,*,#1443,.T.);
#1443 = EDGE_CURVE('',#1436,#1444,#1446,.T.);
#1444 = VERTEX_POINT('',#1445);
#1445 = CARTESIAN_POINT('',(-17.45868831092,-2.850928057417,0.));
#1446 = B_SPLINE_CURVE_WITH_KNOTS('',3,(#1447,#1448,#1449,#1450),
  .UNSPECIFIED.,.F.,.F.,(4,4),(0.,1.),.PIECEWISE_BEZIER_KNOTS.);
#1447 = CARTESIAN_POINT('',(-16.89010434835,-2.648280367163,0.));
#1448 = CARTESIAN_POINT('',(-16.95501235524,-2.662075098662,0.));
#1449 = CARTESIAN_POINT('',(-17.14910412586,-2.710629530427,0.));
#1450 = CARTESIAN_POINT('',(-17.45868831092,-2.850928057417,0.));
#1451 = ORIENTED_EDGE('',*,*,#1452,.T.);
#1452 = EDGE_CURVE('',#1444,#1453,#1455,.T.);
#1453 = VERTEX_POINT('',#1454);
#1454 = CARTESIAN_POINT('',(-18.97906553373,-3.832226347086,0.));
#1455 = B_SPLINE_CURVE_WITH_KNOTS('',3,(#1456,#1457,#1458,#1459),
  .UNSPECIFIED.,.F.,.F.,(4,4),(0.,1.),.PIECEWISE_BEZIER_KNOTS.);
#1456 = CARTESIAN_POINT('',(-17.45868831092,-2.850928057417,0.));
#1457 = CARTESIAN_POINT('',(-17.82971801866,-3.020043547323,0.));
#1458 = CARTESIAN_POINT('',(-18.35484823782,-3.31760672868,0.));
#1459 = CARTESIAN_POINT('',(-18.97906553373,-3.832226347086,0.));
#1460 = ORIENTED_EDGE('',*,*,#1461,.T.);
#1461 = EDGE_CURVE('',#1453,#1462,#1464,.T.);
#1462 = VERTEX_POINT('',#1463);
#1463 = CARTESIAN_POINT('',(-18.76101032689,-4.782124271574,0.));
#1464 = CIRCLE('',#1465,19.360894117661);
#1465 = AXIS2_PLACEMENT_3D('',#1466,#1467,#1468);
#1466 = CARTESIAN_POINT('',(-5.929573344142E-03,2.320266454152E-02,0.));
#1467 = DIRECTION('',(0.,0.,1.));
#1468 = DIRECTION('',(-0.979972094527,-0.199134863721,0.));
#1469 = ORIENTED_EDGE('',*,*,#1470,.T.);
#1470 = EDGE_CURVE('',#1462,#1471,#1473,.T.);
#1471 = VERTEX_POINT('',#1472);
#1472 = CARTESIAN_POINT('',(-16.96670596805,-5.006443540068,0.));
#1473 = B_SPLINE_CURVE_WITH_KNOTS('',3,(#1474,#1475,#1476,#1477),
  .UNSPECIFIED.,.F.,.F.,(4,4),(0.,1.),.PIECEWISE_BEZIER_KNOTS.);
#1474 = CARTESIAN_POINT('',(-18.76101032689,-4.782124271574,0.));
#1475 = CARTESIAN_POINT('',(-17.97660244971,-4.974809805876,0.));
#1476 = CARTESIAN_POINT('',(-17.3743686449,-5.015059505503,0.));
#1477 = CARTESIAN_POINT('',(-16.96670596805,-5.006443540068,0.));
#1478 = ORIENTED_EDGE('',*,*,#1479,.T.);
#1479 = EDGE_CURVE('',#1471,#1480,#1482,.T.);
#1480 = VERTEX_POINT('',#1481);
#1481 = CARTESIAN_POINT('',(-16.36650398142,-4.94232346446,0.));
#1482 = B_SPLINE_CURVE_WITH_KNOTS('',3,(#1483,#1484,#1485,#1486),
  .UNSPECIFIED.,.F.,.F.,(4,4),(0.,1.),.PIECEWISE_BEZIER_KNOTS.);
#1483 = CARTESIAN_POINT('',(-16.96670596805,-5.006443540068,0.));
#1484 = CARTESIAN_POINT('',(-16.62690700584,-4.998524601315,0.));
#1485 = CARTESIAN_POINT('',(-16.4309693846,-4.958057369567,0.));
#1486 = CARTESIAN_POINT('',(-16.36650398142,-4.94232346446,0.));
#1487 = ORIENTED_EDGE('',*,*,#1488,.T.);
#1488 = EDGE_CURVE('',#1480,#1489,#1491,.T.);
#1489 = VERTEX_POINT('',#1490);
#1490 = CARTESIAN_POINT('',(-16.21099837194,-4.896309737737,0.));
#1491 = LINE('',#1492,#1493);
#1492 = CARTESIAN_POINT('',(-16.36650398142,-4.94232346446,0.));
#1493 = VECTOR('',#1494,1.);
#1494 = DIRECTION('',(0.958902200005,0.283736798503,0.));
#1495 = ORIENTED_EDGE('',*,*,#1496,.T.);
#1496 = EDGE_CURVE('',#1489,#1497,#1499,.T.);
#1497 = VERTEX_POINT('',#1498);
#1498 = CARTESIAN_POINT('',(-15.59392136864,-5.209825998718,0.));
#1499 = CIRCLE('',#1500,0.493105882353);
#1500 = AXIS2_PLACEMENT_3D('',#1501,#1502,#1503);
#1501 = CARTESIAN_POINT('',(-16.0615662474,-5.366228295964,0.));
#1502 = DIRECTION('',(0.,0.,-1.));
#1503 = DIRECTION('',(-0.303042672759,0.952976987386,0.));
#1504 = ORIENTED_EDGE('',*,*,#1505,.T.);
#1505 = EDGE_CURVE('',#1497,#1506,#1508,.T.);
#1506 = VERTEX_POINT('',#1507);
#1507 = CARTESIAN_POINT('',(-15.44009204079,-5.649444960358,0.));
#1508 = CIRCLE('',#1509,16.441188235314);
#1509 = AXIS2_PLACEMENT_3D('',#1510,#1511,#1512);
#1510 = CARTESIAN_POINT('',(1.878413E-11,6.57928E-12,0.));
#1511 = DIRECTION('',(0.,0.,1.));
#1512 = DIRECTION('',(-0.948466810639,-0.31687648874,0.));
#1513 = ORIENTED_EDGE('',*,*,#1514,.T.);
#1514 = EDGE_CURVE('',#1506,#1515,#1517,.T.);
#1515 = VERTEX_POINT('',#1516);
#1516 = CARTESIAN_POINT('',(-15.72706807764,-6.279303061977,0.));
#1517 = CIRCLE('',#1518,0.493105882353);
#1518 = AXIS2_PLACEMENT_3D('',#1519,#1520,#1521);
#1519 = CARTESIAN_POINT('',(-15.90322676694,-5.818736533238,0.));
#1520 = DIRECTION('',(0.,0.,-1.));
#1521 = DIRECTION('',(0.939219633594,0.343316879676,0.));
#1522 = ORIENTED_EDGE('',*,*,#1523,.T.);
#1523 = EDGE_CURVE('',#1515,#1524,#1526,.T.);
#1524 = VERTEX_POINT('',#1525);
#1525 = CARTESIAN_POINT('',(-15.87733634819,-6.340284243446,0.));
#1526 = LINE('',#1527,#1528);
#1527 = CARTESIAN_POINT('',(-15.72706807764,-6.279303061977,0.));
#1528 = VECTOR('',#1529,1.);
#1529 = DIRECTION('',(-0.926606928851,-0.376031380879,0.));
#1530 = ORIENTED_EDGE('',*,*,#1531,.T.);
#1531 = EDGE_CURVE('',#1524,#1532,#1534,.T.);
#1532 = VERTEX_POINT('',#1533);
#1533 = CARTESIAN_POINT('',(-16.38657137042,-6.664372967396,0.));
#1534 = B_SPLINE_CURVE_WITH_KNOTS('',3,(#1535,#1536,#1537,#1538),
  .UNSPECIFIED.,.F.,.F.,(4,4),(0.,1.),.PIECEWISE_BEZIER_KNOTS.);
#1535 = CARTESIAN_POINT('',(-15.87733634819,-6.340284243446,0.));
#1536 = CARTESIAN_POINT('',(-15.9375473593,-6.368176502541,0.));
#1537 = CARTESIAN_POINT('',(-16.11596846649,-6.458703055399,0.));
#1538 = CARTESIAN_POINT('',(-16.38657137042,-6.664372967396,0.));
#1539 = ORIENTED_EDGE('',*,*,#1540,.T.);
#1540 = EDGE_CURVE('',#1532,#1541,#1543,.T.);
#1541 = VERTEX_POINT('',#1542);
#1542 = CARTESIAN_POINT('',(-17.65047015008,-7.959383819759,0.));
#1543 = B_SPLINE_CURVE_WITH_KNOTS('',3,(#1544,#1545,#1546,#1547),
  .UNSPECIFIED.,.F.,.F.,(4,4),(0.,1.),.PIECEWISE_BEZIER_KNOTS.);
#1544 = CARTESIAN_POINT('',(-16.38657137042,-6.664372967396,0.));
#1545 = CARTESIAN_POINT('',(-16.71066685199,-6.911810255981,0.));
#1546 = CARTESIAN_POINT('',(-17.15641692314,-7.318765373939,0.));
#1547 = CARTESIAN_POINT('',(-17.65047015008,-7.959383819759,0.));
#1548 = ORIENTED_EDGE('',*,*,#1549,.T.);
#1549 = EDGE_CURVE('',#1541,#1550,#1552,.T.);
#1550 = VERTEX_POINT('',#1551);
#1551 = CARTESIAN_POINT('',(-17.22650986921,-8.836943971785,0.));
#1552 = CIRCLE('',#1553,19.36089411766);
#1553 = AXIS2_PLACEMENT_3D('',#1554,#1555,#1556);
#1554 = CARTESIAN_POINT('',(-1.094398514509E-02,2.130147109977E-02,0.));
#1555 = DIRECTION('',(0.,0.,1.));
#1556 = DIRECTION('',(-0.911090472255,-0.412206442655,0.));
#1557 = ORIENTED_EDGE('',*,*,#1558,.T.);
#1558 = EDGE_CURVE('',#1550,#1559,#1561,.T.);
#1559 = VERTEX_POINT('',#1560);
#1560 = CARTESIAN_POINT('',(-15.4272767337,-8.656368806149,0.));
#1561 = B_SPLINE_CURVE_WITH_KNOTS('',3,(#1562,#1563,#1564,#1565),
  .UNSPECIFIED.,.F.,.F.,(4,4),(0.,1.),.PIECEWISE_BEZIER_KNOTS.);
#1562 = CARTESIAN_POINT('',(-17.22650986921,-8.836943971785,0.));
#1563 = CARTESIAN_POINT('',(-16.41889217016,-8.850251304016,0.));
#1564 = CARTESIAN_POINT('',(-15.82280122344,-8.755482230934,0.));
#1565 = CARTESIAN_POINT('',(-15.4272767337,-8.656368806149,0.));
#1566 = ORIENTED_EDGE('',*,*,#1567,.T.);
#1567 = EDGE_CURVE('',#1559,#1568,#1570,.T.);
#1568 = VERTEX_POINT('',#1569);
#1569 = CARTESIAN_POINT('',(-14.8563911231,-8.46029884808,0.));
#1570 = B_SPLINE_CURVE_WITH_KNOTS('',3,(#1571,#1572,#1573,#1574),
  .UNSPECIFIED.,.F.,.F.,(4,4),(0.,1.),.PIECEWISE_BEZIER_KNOTS.);
#1571 = CARTESIAN_POINT('',(-15.4272767337,-8.656368806149,0.));
#1572 = CARTESIAN_POINT('',(-15.09775937056,-8.573036029295,0.));
#1573 = CARTESIAN_POINT('',(-14.91573912076,-8.489983173058,0.));
#1574 = CARTESIAN_POINT('',(-14.8563911231,-8.46029884808,0.));
#1575 = ORIENTED_EDGE('',*,*,#1576,.T.);
#1576 = EDGE_CURVE('',#1568,#1577,#1579,.T.);
#1577 = VERTEX_POINT('',#1578);
#1578 = CARTESIAN_POINT('',(-14.71502338136,-8.380835528096,0.));
#1579 = LINE('',#1580,#1581);
#1580 = CARTESIAN_POINT('',(-14.8563911231,-8.46029884808,0.));
#1581 = VECTOR('',#1582,1.);
#1582 = DIRECTION('',(0.871723142437,0.489998737692,0.));
#1583 = ORIENTED_EDGE('',*,*,#1584,.T.);
#1584 = EDGE_CURVE('',#1577,#1585,#1587,.T.);
#1585 = VERTEX_POINT('',#1586);
#1586 = CARTESIAN_POINT('',(-14.04365385567,-8.549178730753,0.));
#1587 = CIRCLE('',#1588,0.493105882353);
#1588 = AXIS2_PLACEMENT_3D('',#1589,#1590,#1591);
#1589 = CARTESIAN_POINT('',(-14.4647711157,-8.805720471048,0.));
#1590 = DIRECTION('',(0.,0.,-1.));
#1591 = DIRECTION('',(-0.507502089527,0.861650526098,0.));
#1592 = ORIENTED_EDGE('',*,*,#1593,.T.);
#1593 = EDGE_CURVE('',#1585,#1594,#1596,.T.);
#1594 = VERTEX_POINT('',#1595);
#1595 = CARTESIAN_POINT('',(-13.79585692831,-8.943545281478,0.));
#1596 = CIRCLE('',#1597,16.441188235292);
#1597 = AXIS2_PLACEMENT_3D('',#1598,#1599,#1600);
#1598 = CARTESIAN_POINT('',(-1.42685E-12,-8.0274E-13,0.));
#1599 = DIRECTION('',(0.,0.,1.));
#1600 = DIRECTION('',(-0.854175115247,-0.519985454117,0.));
#1601 = ORIENTED_EDGE('',*,*,#1602,.T.);
#1602 = EDGE_CURVE('',#1594,#1603,#1605,.T.);
#1603 = VERTEX_POINT('',#1604);
#1604 = CARTESIAN_POINT('',(-13.93548126373,-9.621469701202,0.));
#1605 = CIRCLE('',#1606,0.493105882353);
#1606 = AXIS2_PLACEMENT_3D('',#1607,#1608,#1609);
#1607 = CARTESIAN_POINT('',(-14.20970898102,-9.211649532985,0.));
#1608 = DIRECTION('',(0.,0.,-1.));
#1609 = DIRECTION('',(0.839276243752,0.543705238777,0.));
#1610 = ORIENTED_EDGE('',*,*,#1611,.T.);
#1611 = EDGE_CURVE('',#1603,#1612,#1614,.T.);
#1612 = VERTEX_POINT('',#1613);
#1613 = CARTESIAN_POINT('',(-14.06841240555,-9.714359793042,0.));
#1614 = LINE('',#1615,#1616);
#1615 = CARTESIAN_POINT('',(-13.93548126373,-9.621469701202,0.));
#1616 = VECTOR('',#1617,1.);
#1617 = DIRECTION('',(-0.819700104488,-0.572792928293,0.));
#1618 = ORIENTED_EDGE('',*,*,#1619,.T.);
#1619 = EDGE_CURVE('',#1612,#1620,#1622,.T.);
#1620 = VERTEX_POINT('',#1621);
#1621 = CARTESIAN_POINT('',(-14.49276331704,-10.14363838879,0.));
#1622 = B_SPLINE_CURVE_WITH_KNOTS('',3,(#1623,#1624,#1625,#1626),
  .UNSPECIFIED.,.F.,.F.,(4,4),(0.,1.),.PIECEWISE_BEZIER_KNOTS.);
#1623 = CARTESIAN_POINT('',(-14.06841240555,-9.714359793042,0.));
#1624 = CARTESIAN_POINT('',(-14.12090718936,-9.754950945393,0.));
#1625 = CARTESIAN_POINT('',(-14.27471085379,-9.882910239978,0.));
#1626 = CARTESIAN_POINT('',(-14.49276331704,-10.14363838879,0.));
#1627 = ORIENTED_EDGE('',*,*,#1628,.T.);
#1628 = EDGE_CURVE('',#1620,#1629,#1631,.T.);
#1629 = VERTEX_POINT('',#1630);
#1630 = CARTESIAN_POINT('',(-15.43680649115,-11.68742455221,0.));
#1631 = B_SPLINE_CURVE_WITH_KNOTS('',3,(#1632,#1633,#1634,#1635),
  .UNSPECIFIED.,.F.,.F.,(4,4),(0.,1.),.PIECEWISE_BEZIER_KNOTS.);
#1632 = CARTESIAN_POINT('',(-14.49276331704,-10.14363838879,0.));
#1633 = CARTESIAN_POINT('',(-14.75367307168,-10.45698993719,0.));
#1634 = CARTESIAN_POINT('',(-15.09769122498,-10.95293056284,0.));
#1635 = CARTESIAN_POINT('',(-15.43680649115,-11.68742455221,0.));
#1636 = ORIENTED_EDGE('',*,*,#1637,.T.);
#1637 = EDGE_CURVE('',#1629,#1638,#1640,.T.);
#1638 = VERTEX_POINT('',#1639);
#1639 = CARTESIAN_POINT('',(-14.82820027505,-12.44864240138,0.));
#1640 = CIRCLE('',#1641,19.360894117642);
#1641 = AXIS2_PLACEMENT_3D('',#1642,#1643,#1644);
#1642 = CARTESIAN_POINT('',(-1.540961984684E-02,1.83321329383E-02,0.));
#1643 = DIRECTION('',(0.,0.,1.));
#1644 = DIRECTION('',(-0.796522969322,-0.60460826933,0.));
#1645 = ORIENTED_EDGE('',*,*,#1646,.T.);
#1646 = EDGE_CURVE('',#1638,#1647,#1649,.T.);
#1647 = VERTEX_POINT('',#1648);
#1648 = CARTESIAN_POINT('',(-13.11425942522,-11.87222759444,0.));
#1649 = B_SPLINE_CURVE_WITH_KNOTS('',3,(#1650,#1651,#1652,#1653),
  .UNSPECIFIED.,.F.,.F.,(4,4),(0.,1.),.PIECEWISE_BEZIER_KNOTS.);
#1650 = CARTESIAN_POINT('',(-14.82820027505,-12.44864240138,0.));
#1651 = CARTESIAN_POINT('',(-14.03787007787,-12.28190424634,0.));
#1652 = CARTESIAN_POINT('',(-13.47781247837,-12.05686851759,0.));
#1653 = CARTESIAN_POINT('',(-13.11425942522,-11.87222759444,0.));
#1654 = ORIENTED_EDGE('',*,*,#1655,.T.);
#1655 = EDGE_CURVE('',#1647,#1656,#1658,.T.);
#1656 = VERTEX_POINT('',#1657);
#1657 = CARTESIAN_POINT('',(-12.60131677898,-11.55403952032,0.));
#1658 = B_SPLINE_CURVE_WITH_KNOTS('',3,(#1659,#1660,#1661,#1662),
  .UNSPECIFIED.,.F.,.F.,(4,4),(0.,1.),.PIECEWISE_BEZIER_KNOTS.);
#1659 = CARTESIAN_POINT('',(-13.11425942522,-11.87222759444,0.));
#1660 = CARTESIAN_POINT('',(-12.81154703768,-11.71765963288,0.));
#1661 = CARTESIAN_POINT('',(-12.65257141471,-11.59618576917,0.));
#1662 = CARTESIAN_POINT('',(-12.60131677898,-11.55403952032,0.));
#1663 = ORIENTED_EDGE('',*,*,#1664,.T.);
#1664 = EDGE_CURVE('',#1656,#1665,#1667,.T.);
#1665 = VERTEX_POINT('',#1666);
#1666 = CARTESIAN_POINT('',(-12.48117567385,-11.44511122975,0.));
#1667 = LINE('',#1668,#1669);
#1668 = CARTESIAN_POINT('',(-12.60131677898,-11.55403952032,0.));
#1669 = VECTOR('',#1670,1.);
#1670 = DIRECTION('',(0.740832246508,0.671690094116,0.));
#1671 = ORIENTED_EDGE('',*,*,#1672,.T.);
#1672 = EDGE_CURVE('',#1665,#1673,#1675,.T.);
#1673 = VERTEX_POINT('',#1674);
#1674 = CARTESIAN_POINT('',(-11.78917889719,-11.45983994296,0.));
#1675 = CIRCLE('',#1676,0.493105882353);
#1676 = AXIS2_PLACEMENT_3D('',#1677,#1678,#1679);
#1677 = CARTESIAN_POINT('',(-12.14265196064,-11.80365705222,0.));
#1678 = DIRECTION('',(0.,0.,-1.));
#1679 = DIRECTION('',(-0.686513232382,0.727117309493,0.));
#1680 = ORIENTED_EDGE('',*,*,#1681,.T.);
#1681 = EDGE_CURVE('',#1673,#1682,#1684,.T.);
#1682 = VERTEX_POINT('',#1683);
#1683 = CARTESIAN_POINT('',(-11.45983994296,-11.78917889719,0.));
#1684 = CIRCLE('',#1685,16.441188235255);
#1685 = AXIS2_PLACEMENT_3D('',#1686,#1687,#1688);
#1686 = CARTESIAN_POINT('',(-2.780738E-11,-2.771979E-11,0.));
#1687 = DIRECTION('',(0.,0.,1.));
#1688 = DIRECTION('',(-0.717051512851,-0.697020177554,0.));
#1689 = ORIENTED_EDGE('',*,*,#1690,.T.);
#1690 = EDGE_CURVE('',#1682,#1691,#1693,.T.);
#1691 = VERTEX_POINT('',#1692);
#1692 = CARTESIAN_POINT('',(-11.44511122975,-12.48117567385,0.));
#1693 = CIRCLE('',#1694,0.493105882353);
#1694 = AXIS2_PLACEMENT_3D('',#1695,#1696,#1697);
#1695 = CARTESIAN_POINT('',(-11.80365705222,-12.14265196064,0.));
#1696 = DIRECTION('',(0.,0.,-1.));
#1697 = DIRECTION('',(0.697248038535,0.71682994689,0.));
#1698 = ORIENTED_EDGE('',*,*,#1699,.T.);
#1699 = EDGE_CURVE('',#1691,#1700,#1702,.T.);
#1700 = VERTEX_POINT('',#1701);
#1701 = CARTESIAN_POINT('',(-11.55403952032,-12.60131677898,0.));
#1702 = LINE('',#1703,#1704);
#1703 = CARTESIAN_POINT('',(-11.44511122975,-12.48117567385,0.));
#1704 = VECTOR('',#1705,1.);
#1705 = DIRECTION('',(-0.671690094116,-0.740832246508,0.));
#1706 = ORIENTED_EDGE('',*,*,#1707,.T.);
#1707 = EDGE_CURVE('',#1700,#1708,#1710,.T.);
#1708 = VERTEX_POINT('',#1709);
#1709 = CARTESIAN_POINT('',(-11.87222759444,-13.11425942522,0.));
#1710 = B_SPLINE_CURVE_WITH_KNOTS('',3,(#1711,#1712,#1713,#1714),
  .UNSPECIFIED.,.F.,.F.,(4,4),(0.,1.),.PIECEWISE_BEZIER_KNOTS.);
#1711 = CARTESIAN_POINT('',(-11.55403952032,-12.60131677898,0.));
#1712 = CARTESIAN_POINT('',(-11.59618576917,-12.65257141471,0.));
#1713 = CARTESIAN_POINT('',(-11.71765963288,-12.81154703768,0.));
#1714 = CARTESIAN_POINT('',(-11.87222759444,-13.11425942522,0.));
#1715 = ORIENTED_EDGE('',*,*,#1716,.T.);
#1716 = EDGE_CURVE('',#1708,#1717,#1719,.T.);
#1717 = VERTEX_POINT('',#1718);
#1718 = CARTESIAN_POINT('',(-12.44907689627,-14.82940901519,0.));
#1719 = B_SPLINE_CURVE_WITH_KNOTS('',3,(#1720,#1721,#1722,#1723),
  .UNSPECIFIED.,.F.,.F.,(4,4),(0.,1.),.PIECEWISE_BEZIER_KNOTS.);
#1720 = CARTESIAN_POINT('',(-11.87222759444,-13.11425942522,0.));
#1721 = CARTESIAN_POINT('',(-12.05686851759,-13.47781247837,0.));
#1722 = CARTESIAN_POINT('',(-12.28190424634,-14.03787007787,0.));
#1723 = CARTESIAN_POINT('',(-12.44907689627,-14.82940901519,0.));
#1724 = ORIENTED_EDGE('',*,*,#1725,.T.);
#1725 = EDGE_CURVE('',#1717,#1726,#1728,.T.);
#1726 = VERTEX_POINT('',#1727);
#1727 = CARTESIAN_POINT('',(-11.68634280192,-15.43611391997,0.));
#1728 = CIRCLE('',#1729,19.360894117636);
#1729 = AXIS2_PLACEMENT_3D('',#1730,#1731,#1732);
#1730 = CARTESIAN_POINT('',(-1.910255185141E-02,1.444354508649E-02,0.));
#1731 = DIRECTION('',(0.,0.,1.));
#1732 = DIRECTION('',(-0.642014478717,-0.766692512757,0.));
#1733 = ORIENTED_EDGE('',*,*,#1734,.T.);
#1734 = EDGE_CURVE('',#1726,#1735,#1737,.T.);
#1735 = VERTEX_POINT('',#1736);
#1736 = CARTESIAN_POINT('',(-10.14363838879,-14.49276331704,0.));
#1737 = B_SPLINE_CURVE_WITH_KNOTS('',3,(#1738,#1739,#1740,#1741),
  .UNSPECIFIED.,.F.,.F.,(4,4),(0.,1.),.PIECEWISE_BEZIER_KNOTS.);
#1738 = CARTESIAN_POINT('',(-11.68634280192,-15.43611391997,0.));
#1739 = CARTESIAN_POINT('',(-10.95293056284,-15.09769122498,0.));
#1740 = CARTESIAN_POINT('',(-10.45698993719,-14.75367307168,0.));
#1741 = CARTESIAN_POINT('',(-10.14363838879,-14.49276331704,0.));
#1742 = ORIENTED_EDGE('',*,*,#1743,.T.);
#1743 = EDGE_CURVE('',#1735,#1744,#1746,.T.);
#1744 = VERTEX_POINT('',#1745);
#1745 = CARTESIAN_POINT('',(-9.714359793042,-14.06841240555,0.));
#1746 = B_SPLINE_CURVE_WITH_KNOTS('',3,(#1747,#1748,#1749,#1750),
  .UNSPECIFIED.,.F.,.F.,(4,4),(0.,1.),.PIECEWISE_BEZIER_KNOTS.);
#1747 = CARTESIAN_POINT('',(-10.14363838879,-14.49276331704,0.));
#1748 = CARTESIAN_POINT('',(-9.882910239978,-14.27471085379,0.));
#1749 = CARTESIAN_POINT('',(-9.754950945393,-14.12090718936,0.));
#1750 = CARTESIAN_POINT('',(-9.714359793042,-14.06841240555,0.));
#1751 = ORIENTED_EDGE('',*,*,#1752,.T.);
#1752 = EDGE_CURVE('',#1744,#1753,#1755,.T.);
#1753 = VERTEX_POINT('',#1754);
#1754 = CARTESIAN_POINT('',(-9.621469701202,-13.93548126373,0.));
#1755 = LINE('',#1756,#1757);
#1756 = CARTESIAN_POINT('',(-9.714359793042,-14.06841240555,0.));
#1757 = VECTOR('',#1758,1.);
#1758 = DIRECTION('',(0.572792928293,0.819700104488,0.));
#1759 = ORIENTED_EDGE('',*,*,#1760,.T.);
#1760 = EDGE_CURVE('',#1753,#1761,#1763,.T.);
#1761 = VERTEX_POINT('',#1762);
#1762 = CARTESIAN_POINT('',(-8.943545281478,-13.79585692831,0.));
#1763 = CIRCLE('',#1764,0.493105882353);
#1764 = AXIS2_PLACEMENT_3D('',#1765,#1766,#1767);
#1765 = CARTESIAN_POINT('',(-9.211649532985,-14.20970898102,0.));
#1766 = DIRECTION('',(0.,0.,-1.));
#1767 = DIRECTION('',(-0.831099735136,0.556123394812,0.));
#1768 = ORIENTED_EDGE('',*,*,#1769,.T.);
#1769 = EDGE_CURVE('',#1761,#1770,#1772,.T.);
#1770 = VERTEX_POINT('',#1771);
#1771 = CARTESIAN_POINT('',(-8.549178730753,-14.04365385567,0.));
#1772 = CIRCLE('',#1773,16.441188235297);
#1773 = AXIS2_PLACEMENT_3D('',#1774,#1775,#1776);
#1774 = CARTESIAN_POINT('',(1.63949E-12,2.8122E-12,0.));
#1775 = DIRECTION('',(0.,0.,1.));
#1776 = DIRECTION('',(-0.543971953455,-0.839103398786,0.));
#1777 = ORIENTED_EDGE('',*,*,#1778,.T.);
#1778 = EDGE_CURVE('',#1770,#1779,#1781,.T.);
#1779 = VERTEX_POINT('',#1780);
#1780 = CARTESIAN_POINT('',(-8.380835528096,-14.71502338136,0.));
#1781 = CIRCLE('',#1782,0.493105882353);
#1782 = AXIS2_PLACEMENT_3D('',#1783,#1784,#1785);
#1783 = CARTESIAN_POINT('',(-8.805720471048,-14.4647711157,0.));
#1784 = DIRECTION('',(0.,0.,-1.));
#1785 = DIRECTION('',(0.520256905212,0.854009808245,0.));
#1786 = ORIENTED_EDGE('',*,*,#1787,.T.);
#1787 = EDGE_CURVE('',#1779,#1788,#1790,.T.);
#1788 = VERTEX_POINT('',#1789);
#1789 = CARTESIAN_POINT('',(-8.46029884808,-14.8563911231,0.));
#1790 = LINE('',#1791,#1792);
#1791 = CARTESIAN_POINT('',(-8.380835528096,-14.71502338136,0.));
#1792 = VECTOR('',#1793,1.);
#1793 = DIRECTION('',(-0.489998737692,-0.871723142437,0.));
#1794 = ORIENTED_EDGE('',*,*,#1795,.T.);
#1795 = EDGE_CURVE('',#1788,#1796,#1798,.T.);
#1796 = VERTEX_POINT('',#1797);
#1797 = CARTESIAN_POINT('',(-8.656368806149,-15.4272767337,0.));
#1798 = B_SPLINE_CURVE_WITH_KNOTS('',3,(#1799,#1800,#1801,#1802),
  .UNSPECIFIED.,.F.,.F.,(4,4),(0.,1.),.PIECEWISE_BEZIER_KNOTS.);
#1799 = CARTESIAN_POINT('',(-8.46029884808,-14.8563911231,0.));
#1800 = CARTESIAN_POINT('',(-8.489983173058,-14.91573912076,0.));
#1801 = CARTESIAN_POINT('',(-8.573036029295,-15.09775937056,0.));
#1802 = CARTESIAN_POINT('',(-8.656368806149,-15.4272767337,0.));
#1803 = ORIENTED_EDGE('',*,*,#1804,.T.);
#1804 = EDGE_CURVE('',#1796,#1805,#1807,.T.);
#1805 = VERTEX_POINT('',#1806);
#1806 = CARTESIAN_POINT('',(-8.837098602998,-17.22778498792,0.));
#1807 = B_SPLINE_CURVE_WITH_KNOTS('',3,(#1808,#1809,#1810,#1811),
  .UNSPECIFIED.,.F.,.F.,(4,4),(0.,1.),.PIECEWISE_BEZIER_KNOTS.);
#1808 = CARTESIAN_POINT('',(-8.656368806149,-15.4272767337,0.));
#1809 = CARTESIAN_POINT('',(-8.755482230934,-15.82280122344,0.));
#1810 = CARTESIAN_POINT('',(-8.850251304016,-16.41889217016,0.));
#1811 = CARTESIAN_POINT('',(-8.837098602998,-17.22778498792,0.));
#1812 = ORIENTED_EDGE('',*,*,#1813,.T.);
#1813 = EDGE_CURVE('',#1805,#1814,#1816,.T.);
#1814 = VERTEX_POINT('',#1815);
#1815 = CARTESIAN_POINT('',(-7.958483302796,-17.64955423102,0.));
#1816 = CIRCLE('',#1817,19.36089411765);
#1817 = AXIS2_PLACEMENT_3D('',#1818,#1819,#1820);
#1818 = CARTESIAN_POINT('',(-2.183760212996E-02,9.830697589565E-03,0.));
#1819 = DIRECTION('',(0.,0.,1.));
#1820 = DIRECTION('',(-0.45531270133,-0.890331592165,0.));
#1821 = ORIENTED_EDGE('',*,*,#1822,.T.);
#1822 = EDGE_CURVE('',#1814,#1823,#1825,.T.);
#1823 = VERTEX_POINT('',#1824);
#1824 = CARTESIAN_POINT('',(-6.664372967397,-16.38657137042,0.));
#1825 = B_SPLINE_CURVE_WITH_KNOTS('',3,(#1826,#1827,#1828,#1829),
  .UNSPECIFIED.,.F.,.F.,(4,4),(0.,1.),.PIECEWISE_BEZIER_KNOTS.);
#1826 = CARTESIAN_POINT('',(-7.958483302796,-17.64955423102,0.));
#1827 = CARTESIAN_POINT('',(-7.318765373939,-17.15641692314,0.));
#1828 = CARTESIAN_POINT('',(-6.911810255981,-16.71066685199,0.));
#1829 = CARTESIAN_POINT('',(-6.664372967396,-16.38657137042,0.));
#1830 = ORIENTED_EDGE('',*,*,#1831,.T.);
#1831 = EDGE_CURVE('',#1823,#1832,#1834,.T.);
#1832 = VERTEX_POINT('',#1833);
#1833 = CARTESIAN_POINT('',(-6.340284243446,-15.87733634819,0.));
#1834 = B_SPLINE_CURVE_WITH_KNOTS('',3,(#1835,#1836,#1837,#1838),
  .UNSPECIFIED.,.F.,.F.,(4,4),(0.,1.),.PIECEWISE_BEZIER_KNOTS.);
#1835 = CARTESIAN_POINT('',(-6.664372967396,-16.38657137042,0.));
#1836 = CARTESIAN_POINT('',(-6.458703055399,-16.11596846649,0.));
#1837 = CARTESIAN_POINT('',(-6.368176502541,-15.9375473593,0.));
#1838 = CARTESIAN_POINT('',(-6.340284243446,-15.87733634819,0.));
#1839 = ORIENTED_EDGE('',*,*,#1840,.T.);
#1840 = EDGE_CURVE('',#1832,#1841,#1843,.T.);
#1841 = VERTEX_POINT('',#1842);
#1842 = CARTESIAN_POINT('',(-6.279303061977,-15.72706807764,0.));
#1843 = LINE('',#1844,#1845);
#1844 = CARTESIAN_POINT('',(-6.340284243446,-15.87733634819,0.));
#1845 = VECTOR('',#1846,1.);
#1846 = DIRECTION('',(0.376031380879,0.926606928851,0.));
#1847 = ORIENTED_EDGE('',*,*,#1848,.T.);
#1848 = EDGE_CURVE('',#1841,#1849,#1851,.T.);
#1849 = VERTEX_POINT('',#1850);
#1850 = CARTESIAN_POINT('',(-5.649444960358,-15.44009204079,0.));
#1851 = CIRCLE('',#1852,0.493105882353);
#1852 = AXIS2_PLACEMENT_3D('',#1853,#1854,#1855);
#1853 = CARTESIAN_POINT('',(-5.818736533238,-15.90322676694,0.));
#1854 = DIRECTION('',(0.,0.,-1.));
#1855 = DIRECTION('',(-0.934011426799,0.357243130947,0.));
#1856 = ORIENTED_EDGE('',*,*,#1857,.T.);
#1857 = EDGE_CURVE('',#1849,#1858,#1860,.T.);
#1858 = VERTEX_POINT('',#1859);
#1859 = CARTESIAN_POINT('',(-5.209825998718,-15.59392136864,0.));
#1860 = CIRCLE('',#1861,16.44118823533);
#1861 = AXIS2_PLACEMENT_3D('',#1862,#1863,#1864);
#1862 = CARTESIAN_POINT('',(1.189135E-11,3.425586E-11,0.));
#1863 = DIRECTION('',(0.,0.,1.));
#1864 = DIRECTION('',(-0.343615368884,-0.939110471812,0.));
#1865 = ORIENTED_EDGE('',*,*,#1866,.T.);
#1866 = EDGE_CURVE('',#1858,#1867,#1869,.T.);
#1867 = VERTEX_POINT('',#1868);
#1868 = CARTESIAN_POINT('',(-4.896309737737,-16.21099837194,0.));
#1869 = CIRCLE('',#1870,0.493105882353);
#1870 = AXIS2_PLACEMENT_3D('',#1871,#1872,#1873);
#1871 = CARTESIAN_POINT('',(-5.366228295964,-16.0615662474,0.));
#1872 = DIRECTION('',(0.,0.,-1.));
#1873 = DIRECTION('',(0.317177918258,0.94836605178,0.));
#1874 = ORIENTED_EDGE('',*,*,#1875,.T.);
#1875 = EDGE_CURVE('',#1867,#1876,#1878,.T.);
#1876 = VERTEX_POINT('',#1877);
#1877 = CARTESIAN_POINT('',(-4.94232346446,-16.36650398142,0.));
#1878 = LINE('',#1879,#1880);
#1879 = CARTESIAN_POINT('',(-4.896309737737,-16.21099837194,0.));
#1880 = VECTOR('',#1881,1.);
#1881 = DIRECTION('',(-0.283736798503,-0.958902200005,0.));
#1882 = ORIENTED_EDGE('',*,*,#1883,.T.);
#1883 = EDGE_CURVE('',#1876,#1884,#1886,.T.);
#1884 = VERTEX_POINT('',#1885);
#1885 = CARTESIAN_POINT('',(-5.006443540068,-16.96670596805,0.));
#1886 = B_SPLINE_CURVE_WITH_KNOTS('',3,(#1887,#1888,#1889,#1890),
  .UNSPECIFIED.,.F.,.F.,(4,4),(0.,1.),.PIECEWISE_BEZIER_KNOTS.);
#1887 = CARTESIAN_POINT('',(-4.94232346446,-16.36650398142,0.));
#1888 = CARTESIAN_POINT('',(-4.958057369567,-16.4309693846,0.));
#1889 = CARTESIAN_POINT('',(-4.998524601315,-16.62690700584,0.));
#1890 = CARTESIAN_POINT('',(-5.006443540068,-16.96670596805,0.));
#1891 = ORIENTED_EDGE('',*,*,#1892,.T.);
#1892 = EDGE_CURVE('',#1884,#1893,#1895,.T.);
#1893 = VERTEX_POINT('',#1894);
#1894 = CARTESIAN_POINT('',(-4.781991285255,-18.76228788439,0.));
#1895 = B_SPLINE_CURVE_WITH_KNOTS('',3,(#1896,#1897,#1898,#1899),
  .UNSPECIFIED.,.F.,.F.,(4,4),(0.,1.),.PIECEWISE_BEZIER_KNOTS.);
#1896 = CARTESIAN_POINT('',(-5.006443540068,-16.96670596805,0.));
#1897 = CARTESIAN_POINT('',(-5.015059505503,-17.3743686449,0.));
#1898 = CARTESIAN_POINT('',(-4.974809805876,-17.97660244971,0.));
#1899 = CARTESIAN_POINT('',(-4.781991285255,-18.76228788439,0.));
#1900 = ORIENTED_EDGE('',*,*,#1901,.T.);
#1901 = EDGE_CURVE('',#1893,#1902,#1904,.T.);
#1902 = VERTEX_POINT('',#1903);
#1903 = CARTESIAN_POINT('',(-3.831552219129,-18.9779721948,0.));
#1904 = CIRCLE('',#1905,19.360894117666);
#1905 = AXIS2_PLACEMENT_3D('',#1906,#1907,#1908);
#1906 = CARTESIAN_POINT('',(-2.347762385714E-02,4.724897870396E-03,0.));
#1907 = DIRECTION('',(0.,0.,1.));
#1908 = DIRECTION('',(-0.245779643878,-0.969325727841,0.));
#1909 = ORIENTED_EDGE('',*,*,#1910,.T.);
#1910 = EDGE_CURVE('',#1902,#1911,#1913,.T.);
#1911 = VERTEX_POINT('',#1912);
#1912 = CARTESIAN_POINT('',(-2.850928057417,-17.45868831092,0.));
#1913 = B_SPLINE_CURVE_WITH_KNOTS('',3,(#1914,#1915,#1916,#1917),
  .UNSPECIFIED.,.F.,.F.,(4,4),(0.,1.),.PIECEWISE_BEZIER_KNOTS.);
#1914 = CARTESIAN_POINT('',(-3.831552219129,-18.9779721948,0.));
#1915 = CARTESIAN_POINT('',(-3.31760672868,-18.35484823782,0.));
#1916 = CARTESIAN_POINT('',(-3.020043547323,-17.82971801866,0.));
#1917 = CARTESIAN_POINT('',(-2.850928057417,-17.45868831092,0.));
#1918 = ORIENTED_EDGE('',*,*,#1919,.T.);
#1919 = EDGE_CURVE('',#1911,#1920,#1922,.T.);
#1920 = VERTEX_POINT('',#1921);
#1921 = CARTESIAN_POINT('',(-2.648280367163,-16.89010434835,0.));
#1922 = B_SPLINE_CURVE_WITH_KNOTS('',3,(#1923,#1924,#1925,#1926),
  .UNSPECIFIED.,.F.,.F.,(4,4),(0.,1.),.PIECEWISE_BEZIER_KNOTS.);
#1923 = CARTESIAN_POINT('',(-2.850928057417,-17.45868831092,0.));
#1924 = CARTESIAN_POINT('',(-2.710629530427,-17.14910412586,0.));
#1925 = CARTESIAN_POINT('',(-2.662075098662,-16.95501235524,0.));
#1926 = CARTESIAN_POINT('',(-2.648280367163,-16.89010434835,0.));
#1927 = ORIENTED_EDGE('',*,*,#1928,.T.);
#1928 = EDGE_CURVE('',#1920,#1929,#1931,.T.);
#1929 = VERTEX_POINT('',#1930);
#1930 = CARTESIAN_POINT('',(-2.622265947139,-16.73003402762,0.));
#1931 = LINE('',#1932,#1933);
#1932 = CARTESIAN_POINT('',(-2.648280367163,-16.89010434835,0.));
#1933 = VECTOR('',#1934,1.);
#1934 = DIRECTION('',(0.160414049857,0.987049812628,0.));
#1935 = ORIENTED_EDGE('',*,*,#1936,.T.);
#1936 = EDGE_CURVE('',#1929,#1937,#1939,.T.);
#1937 = VERTEX_POINT('',#1938);
#1938 = CARTESIAN_POINT('',(-2.072057878899,-16.31009646614,0.));
#1939 = CIRCLE('',#1940,0.493105882353);
#1940 = AXIS2_PLACEMENT_3D('',#1941,#1942,#1943);
#1941 = CARTESIAN_POINT('',(-2.134047786786,-16.79929035667,0.));
#1942 = DIRECTION('',(0.,0.,-1.));
#1943 = DIRECTION('',(-0.990087885431,0.140449204778,0.));
#1944 = ORIENTED_EDGE('',*,*,#1945,.T.);
#1945 = EDGE_CURVE('',#1937,#1946,#1948,.T.);
#1946 = VERTEX_POINT('',#1947);
#1947 = CARTESIAN_POINT('',(-1.609230836769,-16.36224454964,0.));
#1948 = CIRCLE('',#1949,16.441188235272);
#1949 = AXIS2_PLACEMENT_3D('',#1950,#1951,#1952);
#1950 = CARTESIAN_POINT('',(-2.48993E-12,-2.184989E-11,0.));
#1951 = DIRECTION('',(0.,0.,1.));
#1952 = DIRECTION('',(-0.126028474904,-0.992026624397,0.));
#1953 = ORIENTED_EDGE('',*,*,#1954,.T.);
#1954 = EDGE_CURVE('',#1946,#1955,#1957,.T.);
#1955 = VERTEX_POINT('',#1956);
#1956 = CARTESIAN_POINT('',(-1.166262531918,-16.89408621292,0.));
#1957 = CIRCLE('',#1958,0.493105882353);
#1958 = AXIS2_PLACEMENT_3D('',#1959,#1960,#1961);
#1959 = CARTESIAN_POINT('',(-1.657651026702,-16.85296738018,0.));
#1960 = DIRECTION('',(0.,0.,-1.));
#1961 = DIRECTION('',(9.819430606289E-02,0.995167261447,0.));
#1962 = ORIENTED_EDGE('',*,*,#1963,.T.);
#1963 = EDGE_CURVE('',#1955,#1964,#1966,.T.);
#1964 = VERTEX_POINT('',#1965);
#1965 = CARTESIAN_POINT('',(-1.176519344986,-17.05593198955,0.));
#1966 = LINE('',#1967,#1968);
#1967 = CARTESIAN_POINT('',(-1.166262531918,-16.89408621292,0.));
#1968 = VECTOR('',#1969,1.);
#1969 = DIRECTION('',(-6.32471114558E-02,-0.997997897239,0.));
#1970 = ORIENTED_EDGE('',*,*,#1971,.T.);
#1971 = EDGE_CURVE('',#1964,#1972,#1974,.T.);
#1972 = VERTEX_POINT('',#1973);
#1973 = CARTESIAN_POINT('',(-1.1054742898,-17.65535371837,0.));
#1974 = B_SPLINE_CURVE_WITH_KNOTS('',3,(#1975,#1976,#1977,#1978),
  .UNSPECIFIED.,.F.,.F.,(4,4),(0.,1.),.PIECEWISE_BEZIER_KNOTS.);
#1975 = CARTESIAN_POINT('',(-1.176519344986,-17.05593198955,0.));
#1976 = CARTESIAN_POINT('',(-1.177513866521,-17.12228223373,0.));
#1977 = CARTESIAN_POINT('',(-1.173366277804,-17.32231209593,0.));
#1978 = CARTESIAN_POINT('',(-1.1054742898,-17.65535371837,0.));
#1979 = ORIENTED_EDGE('',*,*,#1980,.T.);
#1980 = EDGE_CURVE('',#1972,#1981,#1983,.T.);
#1981 = VERTEX_POINT('',#1982);
#1982 = CARTESIAN_POINT('',(-0.487094956612,-19.35597132185,0.));
#1983 = B_SPLINE_CURVE_WITH_KNOTS('',3,(#1984,#1985,#1986,#1987),
  .UNSPECIFIED.,.F.,.F.,(4,4),(0.,1.),.PIECEWISE_BEZIER_KNOTS.);
#1984 = CARTESIAN_POINT('',(-1.1054742898,-17.65535371837,0.));
#1985 = CARTESIAN_POINT('',(-1.023160755402,-18.05471267346,0.));
#1986 = CARTESIAN_POINT('',(-0.849910571074,-18.63289081867,0.));
#1987 = CARTESIAN_POINT('',(-0.487094956612,-19.35597132185,0.));
#1988 = ORIENTED_EDGE('',*,*,#1989,.T.);
#1989 = EDGE_CURVE('',#1981,#1990,#1992,.T.);
#1990 = VERTEX_POINT('',#1991);
#1991 = CARTESIAN_POINT('',(0.487508891974,-19.35475538763,0.));
#1992 = CIRCLE('',#1993,19.360894117645);
#1993 = AXIS2_PLACEMENT_3D('',#1994,#1995,#1996);
#1994 = CARTESIAN_POINT('',(-2.3940379497E-02,-6.178279920341E-04,0.));
#1995 = DIRECTION('',(0.,0.,1.));
#1996 = DIRECTION('',(-2.392216879556E-02,-0.999713823972,0.));
#1997 = ORIENTED_EDGE('',*,*,#1998,.T.);
#1998 = EDGE_CURVE('',#1990,#1999,#2001,.T.);
#1999 = VERTEX_POINT('',#2000);
#2000 = CARTESIAN_POINT('',(1.1054742898,-17.65535371837,0.));
#2001 = B_SPLINE_CURVE_WITH_KNOTS('',3,(#2002,#2003,#2004,#2005),
  .UNSPECIFIED.,.F.,.F.,(4,4),(0.,1.),.PIECEWISE_BEZIER_KNOTS.);
#2002 = CARTESIAN_POINT('',(0.487508891974,-19.35475538763,0.));
#2003 = CARTESIAN_POINT('',(0.849910571074,-18.63289081867,0.));
#2004 = CARTESIAN_POINT('',(1.023160755402,-18.05471267346,0.));
#2005 = CARTESIAN_POINT('',(1.1054742898,-17.65535371837,0.));
#2006 = ORIENTED_EDGE('',*,*,#2007,.T.);
#2007 = EDGE_CURVE('',#1999,#2008,#2010,.T.);
#2008 = VERTEX_POINT('',#2009);
#2009 = CARTESIAN_POINT('',(1.176519344986,-17.05593198955,0.));
#2010 = B_SPLINE_CURVE_WITH_KNOTS('',3,(#2011,#2012,#2013,#2014),
  .UNSPECIFIED.,.F.,.F.,(4,4),(0.,1.),.PIECEWISE_BEZIER_KNOTS.);
#2011 = CARTESIAN_POINT('',(1.1054742898,-17.65535371837,0.));
#2012 = CARTESIAN_POINT('',(1.173366277804,-17.32231209593,0.));
#2013 = CARTESIAN_POINT('',(1.177513866521,-17.12228223373,0.));
#2014 = CARTESIAN_POINT('',(1.176519344986,-17.05593198955,0.));
#2015 = ORIENTED_EDGE('',*,*,#2016,.T.);
#2016 = EDGE_CURVE('',#2008,#2017,#2019,.T.);
#2017 = VERTEX_POINT('',#2018);
#2018 = CARTESIAN_POINT('',(1.166262531918,-16.89408621292,0.));
#2019 = LINE('',#2020,#2021);
#2020 = CARTESIAN_POINT('',(1.176519344986,-17.05593198955,0.));
#2021 = VECTOR('',#2022,1.);
#2022 = DIRECTION('',(-6.32471114558E-02,0.997997897239,0.));
#2023 = ORIENTED_EDGE('',*,*,#2024,.T.);
#2024 = EDGE_CURVE('',#2017,#2025,#2027,.T.);
#2025 = VERTEX_POINT('',#2026);
#2026 = CARTESIAN_POINT('',(1.609230836769,-16.36224454964,0.));
#2027 = CIRCLE('',#2028,0.493105882353);
#2028 = AXIS2_PLACEMENT_3D('',#2029,#2030,#2031);
#2029 = CARTESIAN_POINT('',(1.657651026702,-16.85296738018,0.));
#2030 = DIRECTION('',(0.,0.,-1.));
#2031 = DIRECTION('',(-0.99651720324,-8.338743098338E-02,-0.));
#2032 = ORIENTED_EDGE('',*,*,#2033,.T.);
#2033 = EDGE_CURVE('',#2025,#2034,#2036,.T.);
#2034 = VERTEX_POINT('',#2035);
#2035 = CARTESIAN_POINT('',(2.072057878899,-16.31009646614,0.));
#2036 = CIRCLE('',#2037,16.441188235292);
#2037 = AXIS2_PLACEMENT_3D('',#2038,#2039,#2040);
#2038 = CARTESIAN_POINT('',(1.6035E-13,-1.96854E-12,0.));
#2039 = DIRECTION('',(-0.,0.,1.));
#2040 = DIRECTION('',(9.787801305714E-02,-0.995198419693,0.));
#2041 = ORIENTED_EDGE('',*,*,#2042,.T.);
#2042 = EDGE_CURVE('',#2034,#2043,#2045,.T.);
#2043 = VERTEX_POINT('',#2044);
#2044 = CARTESIAN_POINT('',(2.622265947139,-16.73003402762,0.));
#2045 = CIRCLE('',#2046,0.493105882353);
#2046 = AXIS2_PLACEMENT_3D('',#2047,#2048,#2049);
#2047 = CARTESIAN_POINT('',(2.134047786786,-16.79929035667,0.));
#2048 = DIRECTION('',(0.,0.,-1.));
#2049 = DIRECTION('',(-0.125713178662,0.992066629169,0.));
#2050 = ORIENTED_EDGE('',*,*,#2051,.T.);
#2051 = EDGE_CURVE('',#2043,#2052,#2054,.T.);
#2052 = VERTEX_POINT('',#2053);
#2053 = CARTESIAN_POINT('',(2.648280367163,-16.89010434835,0.));
#2054 = LINE('',#2055,#2056);
#2055 = CARTESIAN_POINT('',(2.622265947139,-16.73003402762,0.));
#2056 = VECTOR('',#2057,1.);
#2057 = DIRECTION('',(0.160414049857,-0.987049812628,0.));
#2058 = ORIENTED_EDGE('',*,*,#2059,.T.);
#2059 = EDGE_CURVE('',#2052,#2060,#2062,.T.);
#2060 = VERTEX_POINT('',#2061);
#2061 = CARTESIAN_POINT('',(2.850928057417,-17.45868831092,0.));
#2062 = B_SPLINE_CURVE_WITH_KNOTS('',3,(#2063,#2064,#2065,#2066),
  .UNSPECIFIED.,.F.,.F.,(4,4),(0.,1.),.PIECEWISE_BEZIER_KNOTS.);
#2063 = CARTESIAN_POINT('',(2.648280367163,-16.89010434835,0.));
#2064 = CARTESIAN_POINT('',(2.662075098662,-16.95501235524,0.));
#2065 = CARTESIAN_POINT('',(2.710629530427,-17.14910412586,0.));
#2066 = CARTESIAN_POINT('',(2.850928057417,-17.45868831092,0.));
#2067 = ORIENTED_EDGE('',*,*,#2068,.T.);
#2068 = EDGE_CURVE('',#2060,#2069,#2071,.T.);
#2069 = VERTEX_POINT('',#2070);
#2070 = CARTESIAN_POINT('',(3.832226347086,-18.97906553373,0.));
#2071 = B_SPLINE_CURVE_WITH_KNOTS('',3,(#2072,#2073,#2074,#2075),
  .UNSPECIFIED.,.F.,.F.,(4,4),(0.,1.),.PIECEWISE_BEZIER_KNOTS.);
#2072 = CARTESIAN_POINT('',(2.850928057417,-17.45868831092,0.));
#2073 = CARTESIAN_POINT('',(3.020043547323,-17.82971801866,0.));
#2074 = CARTESIAN_POINT('',(3.31760672868,-18.35484823782,0.));
#2075 = CARTESIAN_POINT('',(3.832226347086,-18.97906553373,0.));
#2076 = ORIENTED_EDGE('',*,*,#2077,.T.);
#2077 = EDGE_CURVE('',#2069,#2078,#2080,.T.);
#2078 = VERTEX_POINT('',#2079);
#2079 = CARTESIAN_POINT('',(4.782124271574,-18.76101032689,0.));
#2080 = CIRCLE('',#2081,19.360894117661);
#2081 = AXIS2_PLACEMENT_3D('',#2082,#2083,#2084);
#2082 = CARTESIAN_POINT('',(-2.320266454152E-02,-5.929573344142E-03,0.)
  );
#2083 = DIRECTION('',(-0.,0.,1.));
#2084 = DIRECTION('',(0.199134863721,-0.979972094527,0.));
#2085 = ORIENTED_EDGE('',*,*,#2086,.T.);
#2086 = EDGE_CURVE('',#2078,#2087,#2089,.T.);
#2087 = VERTEX_POINT('',#2088);
#2088 = CARTESIAN_POINT('',(5.006443540068,-16.96670596805,0.));
#2089 = B_SPLINE_CURVE_WITH_KNOTS('',3,(#2090,#2091,#2092,#2093),
  .UNSPECIFIED.,.F.,.F.,(4,4),(0.,1.),.PIECEWISE_BEZIER_KNOTS.);
#2090 = CARTESIAN_POINT('',(4.782124271574,-18.76101032689,0.));
#2091 = CARTESIAN_POINT('',(4.974809805876,-17.97660244971,0.));
#2092 = CARTESIAN_POINT('',(5.015059505503,-17.3743686449,0.));
#2093 = CARTESIAN_POINT('',(5.006443540068,-16.96670596805,0.));
#2094 = ORIENTED_EDGE('',*,*,#2095,.T.);
#2095 = EDGE_CURVE('',#2087,#2096,#2098,.T.);
#2096 = VERTEX_POINT('',#2097);
#2097 = CARTESIAN_POINT('',(4.94232346446,-16.36650398142,0.));
#2098 = B_SPLINE_CURVE_WITH_KNOTS('',3,(#2099,#2100,#2101,#2102),
  .UNSPECIFIED.,.F.,.F.,(4,4),(0.,1.),.PIECEWISE_BEZIER_KNOTS.);
#2099 = CARTESIAN_POINT('',(5.006443540068,-16.96670596805,0.));
#2100 = CARTESIAN_POINT('',(4.998524601315,-16.62690700584,0.));
#2101 = CARTESIAN_POINT('',(4.958057369567,-16.4309693846,0.));
#2102 = CARTESIAN_POINT('',(4.94232346446,-16.36650398142,0.));
#2103 = ORIENTED_EDGE('',*,*,#2104,.T.);
#2104 = EDGE_CURVE('',#2096,#2105,#2107,.T.);
#2105 = VERTEX_POINT('',#2106);
#2106 = CARTESIAN_POINT('',(4.896309737737,-16.21099837194,0.));
#2107 = LINE('',#2108,#2109);
#2108 = CARTESIAN_POINT('',(4.94232346446,-16.36650398142,0.));
#2109 = VECTOR('',#2110,1.);
#2110 = DIRECTION('',(-0.283736798503,0.958902200005,0.));
#2111 = ORIENTED_EDGE('',*,*,#2112,.T.);
#2112 = EDGE_CURVE('',#2105,#2113,#2115,.T.);
#2113 = VERTEX_POINT('',#2114);
#2114 = CARTESIAN_POINT('',(5.209825998718,-15.59392136864,0.));
#2115 = CIRCLE('',#2116,0.493105882353);
#2116 = AXIS2_PLACEMENT_3D('',#2117,#2118,#2119);
#2117 = CARTESIAN_POINT('',(5.366228295964,-16.0615662474,0.));
#2118 = DIRECTION('',(0.,0.,-1.));
#2119 = DIRECTION('',(-0.952976987386,-0.303042672759,-0.));
#2120 = ORIENTED_EDGE('',*,*,#2121,.T.);
#2121 = EDGE_CURVE('',#2113,#2122,#2124,.T.);
#2122 = VERTEX_POINT('',#2123);
#2123 = CARTESIAN_POINT('',(5.649444960358,-15.44009204079,0.));
#2124 = CIRCLE('',#2125,16.441188235341);
#2125 = AXIS2_PLACEMENT_3D('',#2126,#2127,#2128);
#2126 = CARTESIAN_POINT('',(-1.566247E-11,4.47025E-11,0.));
#2127 = DIRECTION('',(-0.,0.,1.));
#2128 = DIRECTION('',(0.31687648874,-0.948466810639,0.));
#2129 = ORIENTED_EDGE('',*,*,#2130,.T.);
#2130 = EDGE_CURVE('',#2122,#2131,#2133,.T.);
#2131 = VERTEX_POINT('',#2132);
#2132 = CARTESIAN_POINT('',(6.279303061977,-15.72706807764,0.));
#2133 = CIRCLE('',#2134,0.493105882353);
#2134 = AXIS2_PLACEMENT_3D('',#2135,#2136,#2137);
#2135 = CARTESIAN_POINT('',(5.818736533238,-15.90322676694,0.));
#2136 = DIRECTION('',(0.,0.,-1.));
#2137 = DIRECTION('',(-0.343316879676,0.939219633594,0.));
#2138 = ORIENTED_EDGE('',*,*,#2139,.T.);
#2139 = EDGE_CURVE('',#2131,#2140,#2142,.T.);
#2140 = VERTEX_POINT('',#2141);
#2141 = CARTESIAN_POINT('',(6.340284243446,-15.87733634819,0.));
#2142 = LINE('',#2143,#2144);
#2143 = CARTESIAN_POINT('',(6.279303061977,-15.72706807764,0.));
#2144 = VECTOR('',#2145,1.);
#2145 = DIRECTION('',(0.376031380879,-0.926606928851,0.));
#2146 = ORIENTED_EDGE('',*,*,#2147,.T.);
#2147 = EDGE_CURVE('',#2140,#2148,#2150,.T.);
#2148 = VERTEX_POINT('',#2149);
#2149 = CARTESIAN_POINT('',(6.664372967396,-16.38657137042,0.));
#2150 = B_SPLINE_CURVE_WITH_KNOTS('',3,(#2151,#2152,#2153,#2154),
  .UNSPECIFIED.,.F.,.F.,(4,4),(0.,1.),.PIECEWISE_BEZIER_KNOTS.);
#2151 = CARTESIAN_POINT('',(6.340284243446,-15.87733634819,0.));
#2152 = CARTESIAN_POINT('',(6.368176502541,-15.9375473593,0.));
#2153 = CARTESIAN_POINT('',(6.458703055399,-16.11596846649,0.));
#2154 = CARTESIAN_POINT('',(6.664372967396,-16.38657137042,0.));
#2155 = ORIENTED_EDGE('',*,*,#2156,.T.);
#2156 = EDGE_CURVE('',#2148,#2157,#2159,.T.);
#2157 = VERTEX_POINT('',#2158);
#2158 = CARTESIAN_POINT('',(7.959383819759,-17.65047015008,0.));
#2159 = B_SPLINE_CURVE_WITH_KNOTS('',3,(#2160,#2161,#2162,#2163),
  .UNSPECIFIED.,.F.,.F.,(4,4),(0.,1.),.PIECEWISE_BEZIER_KNOTS.);
#2160 = CARTESIAN_POINT('',(6.664372967396,-16.38657137042,0.));
#2161 = CARTESIAN_POINT('',(6.911810255981,-16.71066685199,0.));
#2162 = CARTESIAN_POINT('',(7.318765373939,-17.15641692314,0.));
#2163 = CARTESIAN_POINT('',(7.959383819759,-17.65047015008,0.));
#2164 = ORIENTED_EDGE('',*,*,#2165,.T.);
#2165 = EDGE_CURVE('',#2157,#2166,#2168,.T.);
#2166 = VERTEX_POINT('',#2167);
#2167 = CARTESIAN_POINT('',(8.836943971785,-17.22650986921,0.));
#2168 = CIRCLE('',#2169,19.360894117655);
#2169 = AXIS2_PLACEMENT_3D('',#2170,#2171,#2172);
#2170 = CARTESIAN_POINT('',(-2.130147109757E-02,-1.094398514965E-02,0.)
  );
#2171 = DIRECTION('',(-0.,0.,1.));
#2172 = DIRECTION('',(0.412206442655,-0.911090472255,0.));
#2173 = ORIENTED_EDGE('',*,*,#2174,.T.);
#2174 = EDGE_CURVE('',#2166,#2175,#2177,.T.);
#2175 = VERTEX_POINT('',#2176);
#2176 = CARTESIAN_POINT('',(8.656368806149,-15.4272767337,0.));
#2177 = B_SPLINE_CURVE_WITH_KNOTS('',3,(#2178,#2179,#2180,#2181),
  .UNSPECIFIED.,.F.,.F.,(4,4),(0.,1.),.PIECEWISE_BEZIER_KNOTS.);
#2178 = CARTESIAN_POINT('',(8.836943971785,-17.22650986921,0.));
#2179 = CARTESIAN_POINT('',(8.850251304016,-16.41889217016,0.));
#2180 = CARTESIAN_POINT('',(8.755482230934,-15.82280122344,0.));
#2181 = CARTESIAN_POINT('',(8.656368806149,-15.4272767337,0.));
#2182 = ORIENTED_EDGE('',*,*,#2183,.T.);
#2183 = EDGE_CURVE('',#2175,#2184,#2186,.T.);
#2184 = VERTEX_POINT('',#2185);
#2185 = CARTESIAN_POINT('',(8.46029884808,-14.8563911231,0.));
#2186 = B_SPLINE_CURVE_WITH_KNOTS('',3,(#2187,#2188,#2189,#2190),
  .UNSPECIFIED.,.F.,.F.,(4,4),(0.,1.),.PIECEWISE_BEZIER_KNOTS.);
#2187 = CARTESIAN_POINT('',(8.656368806149,-15.4272767337,0.));
#2188 = CARTESIAN_POINT('',(8.573036029295,-15.09775937056,0.));
#2189 = CARTESIAN_POINT('',(8.489983173058,-14.91573912076,0.));
#2190 = CARTESIAN_POINT('',(8.46029884808,-14.8563911231,0.));
#2191 = ORIENTED_EDGE('',*,*,#2192,.T.);
#2192 = EDGE_CURVE('',#2184,#2193,#2195,.T.);
#2193 = VERTEX_POINT('',#2194);
#2194 = CARTESIAN_POINT('',(8.380835528096,-14.71502338136,0.));
#2195 = LINE('',#2196,#2197);
#2196 = CARTESIAN_POINT('',(8.46029884808,-14.8563911231,0.));
#2197 = VECTOR('',#2198,1.);
#2198 = DIRECTION('',(-0.489998737692,0.871723142437,0.));
#2199 = ORIENTED_EDGE('',*,*,#2200,.T.);
#2200 = EDGE_CURVE('',#2193,#2201,#2203,.T.);
#2201 = VERTEX_POINT('',#2202);
#2202 = CARTESIAN_POINT('',(8.549178730753,-14.04365385567,0.));
#2203 = CIRCLE('',#2204,0.493105882353);
#2204 = AXIS2_PLACEMENT_3D('',#2205,#2206,#2207);
#2205 = CARTESIAN_POINT('',(8.805720471048,-14.4647711157,0.));
#2206 = DIRECTION('',(0.,0.,-1.));
#2207 = DIRECTION('',(-0.861650526098,-0.507502089527,-0.));
#2208 = ORIENTED_EDGE('',*,*,#2209,.T.);
#2209 = EDGE_CURVE('',#2201,#2210,#2212,.T.);
#2210 = VERTEX_POINT('',#2211);
#2211 = CARTESIAN_POINT('',(8.943545281478,-13.79585692831,0.));
#2212 = CIRCLE('',#2213,16.44118823528);
#2213 = AXIS2_PLACEMENT_3D('',#2214,#2215,#2216);
#2214 = CARTESIAN_POINT('',(7.67132E-12,-1.227227E-11,0.));
#2215 = DIRECTION('',(-0.,0.,1.));
#2216 = DIRECTION('',(0.519985454117,-0.854175115247,0.));
#2217 = ORIENTED_EDGE('',*,*,#2218,.T.);
#2218 = EDGE_CURVE('',#2210,#2219,#2221,.T.);
#2219 = VERTEX_POINT('',#2220);
#2220 = CARTESIAN_POINT('',(9.621469701202,-13.93548126373,0.));
#2221 = CIRCLE('',#2222,0.493105882353);
#2222 = AXIS2_PLACEMENT_3D('',#2223,#2224,#2225);
#2223 = CARTESIAN_POINT('',(9.211649532985,-14.20970898102,0.));
#2224 = DIRECTION('',(0.,0.,-1.));
#2225 = DIRECTION('',(-0.543705238777,0.839276243752,0.));
#2226 = ORIENTED_EDGE('',*,*,#2227,.T.);
#2227 = EDGE_CURVE('',#2219,#2228,#2230,.T.);
#2228 = VERTEX_POINT('',#2229);
#2229 = CARTESIAN_POINT('',(9.714359793042,-14.06841240555,0.));
#2230 = LINE('',#2231,#2232);
#2231 = CARTESIAN_POINT('',(9.621469701202,-13.93548126373,0.));
#2232 = VECTOR('',#2233,1.);
#2233 = DIRECTION('',(0.572792928293,-0.819700104488,0.));
#2234 = ORIENTED_EDGE('',*,*,#2235,.T.);
#2235 = EDGE_CURVE('',#2228,#2236,#2238,.T.);
#2236 = VERTEX_POINT('',#2237);
#2237 = CARTESIAN_POINT('',(10.143638388793,-14.49276331704,0.));
#2238 = B_SPLINE_CURVE_WITH_KNOTS('',3,(#2239,#2240,#2241,#2242),
  .UNSPECIFIED.,.F.,.F.,(4,4),(0.,1.),.PIECEWISE_BEZIER_KNOTS.);
#2239 = CARTESIAN_POINT('',(9.714359793042,-14.06841240555,0.));
#2240 = CARTESIAN_POINT('',(9.754950945393,-14.12090718936,0.));
#2241 = CARTESIAN_POINT('',(9.882910239978,-14.27471085379,0.));
#2242 = CARTESIAN_POINT('',(10.143638388793,-14.49276331704,0.));
#2243 = ORIENTED_EDGE('',*,*,#2244,.T.);
#2244 = EDGE_CURVE('',#2236,#2245,#2247,.T.);
#2245 = VERTEX_POINT('',#2246);
#2246 = CARTESIAN_POINT('',(11.687424552215,-15.43680649115,0.));
#2247 = B_SPLINE_CURVE_WITH_KNOTS('',3,(#2248,#2249,#2250,#2251),
  .UNSPECIFIED.,.F.,.F.,(4,4),(0.,1.),.PIECEWISE_BEZIER_KNOTS.);
#2248 = CARTESIAN_POINT('',(10.143638388793,-14.49276331704,0.));
#2249 = CARTESIAN_POINT('',(10.456989937198,-14.75367307168,0.));
#2250 = CARTESIAN_POINT('',(10.952930562846,-15.09769122498,0.));
#2251 = CARTESIAN_POINT('',(11.687424552215,-15.43680649115,0.));
#2252 = ORIENTED_EDGE('',*,*,#2253,.T.);
#2253 = EDGE_CURVE('',#2245,#2254,#2256,.T.);
#2254 = VERTEX_POINT('',#2255);
#2255 = CARTESIAN_POINT('',(12.448642401386,-14.82820027505,0.));
#2256 = CIRCLE('',#2257,19.360894117642);
#2257 = AXIS2_PLACEMENT_3D('',#2258,#2259,#2260);
#2258 = CARTESIAN_POINT('',(-1.83321329383E-02,-1.540961984684E-02,0.));
#2259 = DIRECTION('',(-0.,0.,1.));
#2260 = DIRECTION('',(0.60460826933,-0.796522969322,0.));
#2261 = ORIENTED_EDGE('',*,*,#2262,.T.);
#2262 = EDGE_CURVE('',#2254,#2263,#2265,.T.);
#2263 = VERTEX_POINT('',#2264);
#2264 = CARTESIAN_POINT('',(11.872227594442,-13.11425942522,0.));
#2265 = B_SPLINE_CURVE_WITH_KNOTS('',3,(#2266,#2267,#2268,#2269),
  .UNSPECIFIED.,.F.,.F.,(4,4),(0.,1.),.PIECEWISE_BEZIER_KNOTS.);
#2266 = CARTESIAN_POINT('',(12.448642401386,-14.82820027505,0.));
#2267 = CARTESIAN_POINT('',(12.281904246341,-14.03787007787,0.));
#2268 = CARTESIAN_POINT('',(12.056868517596,-13.47781247837,0.));
#2269 = CARTESIAN_POINT('',(11.872227594442,-13.11425942522,0.));
#2270 = ORIENTED_EDGE('',*,*,#2271,.T.);
#2271 = EDGE_CURVE('',#2263,#2272,#2274,.T.);
#2272 = VERTEX_POINT('',#2273);
#2273 = CARTESIAN_POINT('',(11.554039520326,-12.60131677898,0.));
#2274 = B_SPLINE_CURVE_WITH_KNOTS('',3,(#2275,#2276,#2277,#2278),
  .UNSPECIFIED.,.F.,.F.,(4,4),(0.,1.),.PIECEWISE_BEZIER_KNOTS.);
#2275 = CARTESIAN_POINT('',(11.872227594442,-13.11425942522,0.));
#2276 = CARTESIAN_POINT('',(11.717659632885,-12.81154703768,0.));
#2277 = CARTESIAN_POINT('',(11.59618576917,-12.65257141471,0.));
#2278 = CARTESIAN_POINT('',(11.554039520326,-12.60131677898,0.));
#2279 = ORIENTED_EDGE('',*,*,#2280,.T.);
#2280 = EDGE_CURVE('',#2272,#2281,#2283,.T.);
#2281 = VERTEX_POINT('',#2282);
#2282 = CARTESIAN_POINT('',(11.445111229755,-12.48117567385,0.));
#2283 = LINE('',#2284,#2285);
#2284 = CARTESIAN_POINT('',(11.554039520326,-12.60131677898,0.));
#2285 = VECTOR('',#2286,1.);
#2286 = DIRECTION('',(-0.671690094116,0.740832246508,0.));
#2287 = ORIENTED_EDGE('',*,*,#2288,.T.);
#2288 = EDGE_CURVE('',#2281,#2289,#2291,.T.);
#2289 = VERTEX_POINT('',#2290);
#2290 = CARTESIAN_POINT('',(11.459839942966,-11.78917889719,0.));
#2291 = CIRCLE('',#2292,0.493105882353);
#2292 = AXIS2_PLACEMENT_3D('',#2293,#2294,#2295);
#2293 = CARTESIAN_POINT('',(11.803657052227,-12.14265196064,0.));
#2294 = DIRECTION('',(0.,0.,-1.));
#2295 = DIRECTION('',(-0.727117309493,-0.686513232382,-0.));
#2296 = ORIENTED_EDGE('',*,*,#2297,.T.);
#2297 = EDGE_CURVE('',#2289,#2298,#2300,.T.);
#2298 = VERTEX_POINT('',#2299);
#2299 = CARTESIAN_POINT('',(11.789178897191,-11.45983994296,0.));
#2300 = CIRCLE('',#2301,16.441188235255);
#2301 = AXIS2_PLACEMENT_3D('',#2302,#2303,#2304);
#2302 = CARTESIAN_POINT('',(2.771979E-11,-2.780738E-11,0.));
#2303 = DIRECTION('',(-0.,0.,1.));
#2304 = DIRECTION('',(0.697020177554,-0.717051512851,0.));
#2305 = ORIENTED_EDGE('',*,*,#2306,.T.);
#2306 = EDGE_CURVE('',#2298,#2307,#2309,.T.);
#2307 = VERTEX_POINT('',#2308);
#2308 = CARTESIAN_POINT('',(12.48117567385,-11.44511122975,0.));
#2309 = CIRCLE('',#2310,0.493105882353);
#2310 = AXIS2_PLACEMENT_3D('',#2311,#2312,#2313);
#2311 = CARTESIAN_POINT('',(12.142651960649,-11.80365705222,0.));
#2312 = DIRECTION('',(0.,0.,-1.));
#2313 = DIRECTION('',(-0.71682994689,0.697248038535,0.));
#2314 = ORIENTED_EDGE('',*,*,#2315,.T.);
#2315 = EDGE_CURVE('',#2307,#2316,#2318,.T.);
#2316 = VERTEX_POINT('',#2317);
#2317 = CARTESIAN_POINT('',(12.60131677898,-11.55403952032,0.));
#2318 = LINE('',#2319,#2320);
#2319 = CARTESIAN_POINT('',(12.48117567385,-11.44511122975,0.));
#2320 = VECTOR('',#2321,1.);
#2321 = DIRECTION('',(0.740832246508,-0.671690094116,0.));
#2322 = ORIENTED_EDGE('',*,*,#2323,.T.);
#2323 = EDGE_CURVE('',#2316,#2324,#2326,.T.);
#2324 = VERTEX_POINT('',#2325);
#2325 = CARTESIAN_POINT('',(13.114259425229,-11.87222759444,0.));
#2326 = B_SPLINE_CURVE_WITH_KNOTS('',3,(#2327,#2328,#2329,#2330),
  .UNSPECIFIED.,.F.,.F.,(4,4),(0.,1.),.PIECEWISE_BEZIER_KNOTS.);
#2327 = CARTESIAN_POINT('',(12.60131677898,-11.55403952032,0.));
#2328 = CARTESIAN_POINT('',(12.652571414715,-11.59618576917,0.));
#2329 = CARTESIAN_POINT('',(12.811547037686,-11.71765963288,0.));
#2330 = CARTESIAN_POINT('',(13.114259425229,-11.87222759444,0.));
#2331 = ORIENTED_EDGE('',*,*,#2332,.T.);
#2332 = EDGE_CURVE('',#2324,#2333,#2335,.T.);
#2333 = VERTEX_POINT('',#2334);
#2334 = CARTESIAN_POINT('',(14.82940901519,-12.44907689627,0.));
#2335 = B_SPLINE_CURVE_WITH_KNOTS('',3,(#2336,#2337,#2338,#2339),
  .UNSPECIFIED.,.F.,.F.,(4,4),(0.,1.),.PIECEWISE_BEZIER_KNOTS.);
#2336 = CARTESIAN_POINT('',(13.114259425229,-11.87222759444,0.));
#2337 = CARTESIAN_POINT('',(13.477812478377,-12.05686851759,0.));
#2338 = CARTESIAN_POINT('',(14.037870077876,-12.28190424634,0.));
#2339 = CARTESIAN_POINT('',(14.82940901519,-12.44907689627,0.));
#2340 = ORIENTED_EDGE('',*,*,#2341,.T.);
#2341 = EDGE_CURVE('',#2333,#2342,#2344,.T.);
#2342 = VERTEX_POINT('',#2343);
#2343 = CARTESIAN_POINT('',(15.436113919978,-11.68634280192,0.));
#2344 = CIRCLE('',#2345,19.360894117636);
#2345 = AXIS2_PLACEMENT_3D('',#2346,#2347,#2348);
#2346 = CARTESIAN_POINT('',(-1.444354508649E-02,-1.910255185141E-02,0.)
  );
#2347 = DIRECTION('',(-0.,0.,1.));
#2348 = DIRECTION('',(0.766692512757,-0.642014478717,0.));
#2349 = ORIENTED_EDGE('',*,*,#2350,.T.);
#2350 = EDGE_CURVE('',#2342,#2351,#2353,.T.);
#2351 = VERTEX_POINT('',#2352);
#2352 = CARTESIAN_POINT('',(14.492763317044,-10.14363838879,0.));
#2353 = B_SPLINE_CURVE_WITH_KNOTS('',3,(#2354,#2355,#2356,#2357),
  .UNSPECIFIED.,.F.,.F.,(4,4),(0.,1.),.PIECEWISE_BEZIER_KNOTS.);
#2354 = CARTESIAN_POINT('',(15.436113919978,-11.68634280192,0.));
#2355 = CARTESIAN_POINT('',(15.097691224989,-10.95293056284,0.));
#2356 = CARTESIAN_POINT('',(14.753673071687,-10.45698993719,0.));
#2357 = CARTESIAN_POINT('',(14.492763317044,-10.14363838879,0.));
#2358 = ORIENTED_EDGE('',*,*,#2359,.T.);
#2359 = EDGE_CURVE('',#2351,#2360,#2362,.T.);
#2360 = VERTEX_POINT('',#2361);
#2361 = CARTESIAN_POINT('',(14.068412405556,-9.714359793042,0.));
#2362 = B_SPLINE_CURVE_WITH_KNOTS('',3,(#2363,#2364,#2365,#2366),
  .UNSPECIFIED.,.F.,.F.,(4,4),(0.,1.),.PIECEWISE_BEZIER_KNOTS.);
#2363 = CARTESIAN_POINT('',(14.492763317044,-10.14363838879,0.));
#2364 = CARTESIAN_POINT('',(14.274710853797,-9.882910239978,0.));
#2365 = CARTESIAN_POINT('',(14.120907189361,-9.754950945393,0.));
#2366 = CARTESIAN_POINT('',(14.068412405556,-9.714359793042,0.));
#2367 = ORIENTED_EDGE('',*,*,#2368,.T.);
#2368 = EDGE_CURVE('',#2360,#2369,#2371,.T.);
#2369 = VERTEX_POINT('',#2370);
#2370 = CARTESIAN_POINT('',(13.935481263732,-9.621469701202,0.));
#2371 = LINE('',#2372,#2373);
#2372 = CARTESIAN_POINT('',(14.068412405556,-9.714359793042,0.));
#2373 = VECTOR('',#2374,1.);
#2374 = DIRECTION('',(-0.819700104488,0.572792928293,0.));
#2375 = ORIENTED_EDGE('',*,*,#2376,.T.);
#2376 = EDGE_CURVE('',#2369,#2377,#2379,.T.);
#2377 = VERTEX_POINT('',#2378);
#2378 = CARTESIAN_POINT('',(13.795856928315,-8.943545281478,0.));
#2379 = CIRCLE('',#2380,0.493105882353);
#2380 = AXIS2_PLACEMENT_3D('',#2381,#2382,#2383);
#2381 = CARTESIAN_POINT('',(14.209708981028,-9.211649532985,0.));
#2382 = DIRECTION('',(0.,0.,-1.));
#2383 = DIRECTION('',(-0.556123394812,-0.831099735136,-0.));
#2384 = ORIENTED_EDGE('',*,*,#2385,.T.);
#2385 = EDGE_CURVE('',#2377,#2386,#2388,.T.);
#2386 = VERTEX_POINT('',#2387);
#2387 = CARTESIAN_POINT('',(14.043653855675,-8.549178730753,0.));
#2388 = CIRCLE('',#2389,16.441188235297);
#2389 = AXIS2_PLACEMENT_3D('',#2390,#2391,#2392);
#2390 = CARTESIAN_POINT('',(-2.8122E-12,1.63949E-12,0.));
#2391 = DIRECTION('',(-0.,0.,1.));
#2392 = DIRECTION('',(0.839103398786,-0.543971953455,0.));
#2393 = ORIENTED_EDGE('',*,*,#2394,.T.);
#2394 = EDGE_CURVE('',#2386,#2395,#2397,.T.);
#2395 = VERTEX_POINT('',#2396);
#2396 = CARTESIAN_POINT('',(14.71502338136,-8.380835528096,0.));
#2397 = CIRCLE('',#2398,0.493105882353);
#2398 = AXIS2_PLACEMENT_3D('',#2399,#2400,#2401);
#2399 = CARTESIAN_POINT('',(14.464771115708,-8.805720471048,0.));
#2400 = DIRECTION('',(0.,0.,-1.));
#2401 = DIRECTION('',(-0.854009808245,0.520256905212,0.));
#2402 = ORIENTED_EDGE('',*,*,#2403,.T.);
#2403 = EDGE_CURVE('',#2395,#2404,#2406,.T.);
#2404 = VERTEX_POINT('',#2405);
#2405 = CARTESIAN_POINT('',(14.856391123104,-8.46029884808,0.));
#2406 = LINE('',#2407,#2408);
#2407 = CARTESIAN_POINT('',(14.71502338136,-8.380835528096,0.));
#2408 = VECTOR('',#2409,1.);
#2409 = DIRECTION('',(0.871723142437,-0.489998737692,0.));
#2410 = ORIENTED_EDGE('',*,*,#2411,.T.);
#2411 = EDGE_CURVE('',#2404,#2412,#2414,.T.);
#2412 = VERTEX_POINT('',#2413);
#2413 = CARTESIAN_POINT('',(15.427276733707,-8.656368806149,0.));
#2414 = B_SPLINE_CURVE_WITH_KNOTS('',3,(#2415,#2416,#2417,#2418),
  .UNSPECIFIED.,.F.,.F.,(4,4),(0.,1.),.PIECEWISE_BEZIER_KNOTS.);
#2415 = CARTESIAN_POINT('',(14.856391123104,-8.46029884808,0.));
#2416 = CARTESIAN_POINT('',(14.915739120766,-8.489983173058,0.));
#2417 = CARTESIAN_POINT('',(15.097759370562,-8.573036029295,0.));
#2418 = CARTESIAN_POINT('',(15.427276733707,-8.656368806149,0.));
#2419 = ORIENTED_EDGE('',*,*,#2420,.T.);
#2420 = EDGE_CURVE('',#2412,#2421,#2423,.T.);
#2421 = VERTEX_POINT('',#2422);
#2422 = CARTESIAN_POINT('',(17.227784987923,-8.837098602998,0.));
#2423 = B_SPLINE_CURVE_WITH_KNOTS('',3,(#2424,#2425,#2426,#2427),
  .UNSPECIFIED.,.F.,.F.,(4,4),(0.,1.),.PIECEWISE_BEZIER_KNOTS.);
#2424 = CARTESIAN_POINT('',(15.427276733707,-8.656368806149,0.));
#2425 = CARTESIAN_POINT('',(15.822801223446,-8.755482230934,0.));
#2426 = CARTESIAN_POINT('',(16.418892170161,-8.850251304016,0.));
#2427 = CARTESIAN_POINT('',(17.227784987923,-8.837098602998,0.));
#2428 = ORIENTED_EDGE('',*,*,#2429,.T.);
#2429 = EDGE_CURVE('',#2421,#2430,#2432,.T.);
#2430 = VERTEX_POINT('',#2431);
#2431 = CARTESIAN_POINT('',(17.649554231024,-7.958483302796,0.));
#2432 = CIRCLE('',#2433,19.36089411765);
#2433 = AXIS2_PLACEMENT_3D('',#2434,#2435,#2436);
#2434 = CARTESIAN_POINT('',(-9.830697589565E-03,-2.183760212996E-02,0.)
  );
#2435 = DIRECTION('',(-0.,0.,1.));
#2436 = DIRECTION('',(0.890331592165,-0.45531270133,0.));
#2437 = ORIENTED_EDGE('',*,*,#2438,.T.);
#2438 = EDGE_CURVE('',#2430,#2439,#2441,.T.);
#2439 = VERTEX_POINT('',#2440);
#2440 = CARTESIAN_POINT('',(16.38657137042,-6.664372967396,0.));
#2441 = B_SPLINE_CURVE_WITH_KNOTS('',3,(#2442,#2443,#2444,#2445),
  .UNSPECIFIED.,.F.,.F.,(4,4),(0.,1.),.PIECEWISE_BEZIER_KNOTS.);
#2442 = CARTESIAN_POINT('',(17.649554231024,-7.958483302796,0.));
#2443 = CARTESIAN_POINT('',(17.156416923147,-7.318765373939,0.));
#2444 = CARTESIAN_POINT('',(16.71066685199,-6.911810255981,0.));
#2445 = CARTESIAN_POINT('',(16.38657137042,-6.664372967396,0.));
#2446 = ORIENTED_EDGE('',*,*,#2447,.T.);
#2447 = EDGE_CURVE('',#2439,#2448,#2450,.T.);
#2448 = VERTEX_POINT('',#2449);
#2449 = CARTESIAN_POINT('',(15.877336348197,-6.340284243446,0.));
#2450 = B_SPLINE_CURVE_WITH_KNOTS('',3,(#2451,#2452,#2453,#2454),
  .UNSPECIFIED.,.F.,.F.,(4,4),(0.,1.),.PIECEWISE_BEZIER_KNOTS.);
#2451 = CARTESIAN_POINT('',(16.38657137042,-6.664372967396,0.));
#2452 = CARTESIAN_POINT('',(16.115968466498,-6.458703055399,0.));
#2453 = CARTESIAN_POINT('',(15.937547359304,-6.368176502541,0.));
#2454 = CARTESIAN_POINT('',(15.877336348197,-6.340284243446,0.));
#2455 = ORIENTED_EDGE('',*,*,#2456,.T.);
#2456 = EDGE_CURVE('',#2448,#2457,#2459,.T.);
#2457 = VERTEX_POINT('',#2458);
#2458 = CARTESIAN_POINT('',(15.727068077643,-6.279303061977,0.));
#2459 = LINE('',#2460,#2461);
#2460 = CARTESIAN_POINT('',(15.877336348197,-6.340284243446,0.));
#2461 = VECTOR('',#2462,1.);
#2462 = DIRECTION('',(-0.926606928851,0.376031380879,0.));
#2463 = ORIENTED_EDGE('',*,*,#2464,.T.);
#2464 = EDGE_CURVE('',#2457,#2465,#2467,.T.);
#2465 = VERTEX_POINT('',#2466);
#2466 = CARTESIAN_POINT('',(15.440092040796,-5.649444960358,0.));
#2467 = CIRCLE('',#2468,0.493105882353);
#2468 = AXIS2_PLACEMENT_3D('',#2469,#2470,#2471);
#2469 = CARTESIAN_POINT('',(15.903226766943,-5.818736533238,0.));
#2470 = DIRECTION('',(0.,0.,-1.));
#2471 = DIRECTION('',(-0.357243130947,-0.934011426799,-0.));
#2472 = ORIENTED_EDGE('',*,*,#2473,.T.);
#2473 = EDGE_CURVE('',#2465,#2474,#2476,.T.);
#2474 = VERTEX_POINT('',#2475);
#2475 = CARTESIAN_POINT('',(15.593921368644,-5.209825998718,0.));
#2476 = CIRCLE('',#2477,16.441188235334);
#2477 = AXIS2_PLACEMENT_3D('',#2478,#2479,#2480);
#2478 = CARTESIAN_POINT('',(-3.781375E-11,1.313552E-11,0.));
#2479 = DIRECTION('',(-0.,0.,1.));
#2480 = DIRECTION('',(0.939110471812,-0.343615368884,0.));
#2481 = ORIENTED_EDGE('',*,*,#2482,.T.);
#2482 = EDGE_CURVE('',#2474,#2483,#2485,.T.);
#2483 = VERTEX_POINT('',#2484);
#2484 = CARTESIAN_POINT('',(16.210998371942,-4.896309737737,0.));
#2485 = CIRCLE('',#2486,0.493105882353);
#2486 = AXIS2_PLACEMENT_3D('',#2487,#2488,#2489);
#2487 = CARTESIAN_POINT('',(16.061566247401,-5.366228295964,0.));
#2488 = DIRECTION('',(0.,0.,-1.));
#2489 = DIRECTION('',(-0.94836605178,0.317177918258,0.));
#2490 = ORIENTED_EDGE('',*,*,#2491,.T.);
#2491 = EDGE_CURVE('',#2483,#2492,#2494,.T.);
#2492 = VERTEX_POINT('',#2493);
#2493 = CARTESIAN_POINT('',(16.366503981429,-4.94232346446,0.));
#2494 = LINE('',#2495,#2496);
#2495 = CARTESIAN_POINT('',(16.210998371942,-4.896309737737,0.));
#2496 = VECTOR('',#2497,1.);
#2497 = DIRECTION('',(0.958902200005,-0.283736798503,0.));
#2498 = ORIENTED_EDGE('',*,*,#2499,.T.);
#2499 = EDGE_CURVE('',#2492,#2500,#2502,.T.);
#2500 = VERTEX_POINT('',#2501);
#2501 = CARTESIAN_POINT('',(16.966705968059,-5.006443540068,0.));
#2502 = B_SPLINE_CURVE_WITH_KNOTS('',3,(#2503,#2504,#2505,#2506),
  .UNSPECIFIED.,.F.,.F.,(4,4),(0.,1.),.PIECEWISE_BEZIER_KNOTS.);
#2503 = CARTESIAN_POINT('',(16.366503981429,-4.94232346446,0.));
#2504 = CARTESIAN_POINT('',(16.4309693846,-4.958057369567,0.));
#2505 = CARTESIAN_POINT('',(16.626907005845,-4.998524601315,0.));
#2506 = CARTESIAN_POINT('',(16.966705968059,-5.006443540068,0.));
#2507 = ORIENTED_EDGE('',*,*,#2508,.T.);
#2508 = EDGE_CURVE('',#2500,#2509,#2511,.T.);
#2509 = VERTEX_POINT('',#2510);
#2510 = CARTESIAN_POINT('',(18.762287884396,-4.781991285255,0.));
#2511 = B_SPLINE_CURVE_WITH_KNOTS('',3,(#2512,#2513,#2514,#2515),
  .UNSPECIFIED.,.F.,.F.,(4,4),(0.,1.),.PIECEWISE_BEZIER_KNOTS.);
#2512 = CARTESIAN_POINT('',(16.966705968059,-5.006443540068,0.));
#2513 = CARTESIAN_POINT('',(17.374368644908,-5.015059505503,0.));
#2514 = CARTESIAN_POINT('',(17.976602449712,-4.974809805876,0.));
#2515 = CARTESIAN_POINT('',(18.762287884396,-4.781991285255,0.));
#2516 = ORIENTED_EDGE('',*,*,#2517,.T.);
#2517 = EDGE_CURVE('',#2509,#2518,#2520,.T.);
#2518 = VERTEX_POINT('',#2519);
#2519 = CARTESIAN_POINT('',(18.977972194806,-3.831552219129,0.));
#2520 = CIRCLE('',#2521,19.360894117666);
#2521 = AXIS2_PLACEMENT_3D('',#2522,#2523,#2524);
#2522 = CARTESIAN_POINT('',(-4.724897870424E-03,-2.347762385714E-02,0.)
  );
#2523 = DIRECTION('',(-0.,0.,1.));
#2524 = DIRECTION('',(0.969325727841,-0.245779643878,0.));
#2525 = ORIENTED_EDGE('',*,*,#2526,.T.);
#2526 = EDGE_CURVE('',#2518,#2527,#2529,.T.);
#2527 = VERTEX_POINT('',#2528);
#2528 = CARTESIAN_POINT('',(17.458688310921,-2.850928057417,0.));
#2529 = B_SPLINE_CURVE_WITH_KNOTS('',3,(#2530,#2531,#2532,#2533),
  .UNSPECIFIED.,.F.,.F.,(4,4),(0.,1.),.PIECEWISE_BEZIER_KNOTS.);
#2530 = CARTESIAN_POINT('',(18.977972194806,-3.831552219129,0.));
#2531 = CARTESIAN_POINT('',(18.354848237821,-3.31760672868,0.));
#2532 = CARTESIAN_POINT('',(17.829718018667,-3.020043547323,0.));
#2533 = CARTESIAN_POINT('',(17.458688310921,-2.850928057417,0.));
#2534 = ORIENTED_EDGE('',*,*,#2535,.T.);
#2535 = EDGE_CURVE('',#2527,#2536,#2538,.T.);
#2536 = VERTEX_POINT('',#2537);
#2537 = CARTESIAN_POINT('',(16.890104348356,-2.648280367163,0.));
#2538 = B_SPLINE_CURVE_WITH_KNOTS('',3,(#2539,#2540,#2541,#2542),
  .UNSPECIFIED.,.F.,.F.,(4,4),(0.,1.),.PIECEWISE_BEZIER_KNOTS.);
#2539 = CARTESIAN_POINT('',(17.458688310921,-2.850928057417,0.));
#2540 = CARTESIAN_POINT('',(17.149104125865,-2.710629530427,0.));
#2541 = CARTESIAN_POINT('',(16.955012355249,-2.662075098662,0.));
#2542 = CARTESIAN_POINT('',(16.890104348356,-2.648280367163,0.));
#2543 = ORIENTED_EDGE('',*,*,#2544,.T.);
#2544 = EDGE_CURVE('',#2536,#2545,#2547,.T.);
#2545 = VERTEX_POINT('',#2546);
#2546 = CARTESIAN_POINT('',(16.730034027624,-2.622265947139,0.));
#2547 = LINE('',#2548,#2549);
#2548 = CARTESIAN_POINT('',(16.890104348356,-2.648280367163,0.));
#2549 = VECTOR('',#2550,1.);
#2550 = DIRECTION('',(-0.987049812628,0.160414049857,0.));
#2551 = ORIENTED_EDGE('',*,*,#2552,.T.);
#2552 = EDGE_CURVE('',#2545,#2553,#2555,.T.);
#2553 = VERTEX_POINT('',#2554);
#2554 = CARTESIAN_POINT('',(16.310096466142,-2.072057878899,0.));
#2555 = CIRCLE('',#2556,0.493105882353);
#2556 = AXIS2_PLACEMENT_3D('',#2557,#2558,#2559);
#2557 = CARTESIAN_POINT('',(16.799290356672,-2.134047786786,0.));
#2558 = DIRECTION('',(0.,0.,-1.));
#2559 = DIRECTION('',(-0.140449204778,-0.990087885431,-0.));
#2560 = ORIENTED_EDGE('',*,*,#2561,.T.);
#2561 = EDGE_CURVE('',#2553,#62,#2562,.T.);
#2562 = CIRCLE('',#2563,16.44118823529);
#2563 = AXIS2_PLACEMENT_3D('',#2564,#2565,#2566);
#2564 = CARTESIAN_POINT('',(3.60861E-12,-4.3249E-13,0.));
#2565 = DIRECTION('',(-0.,0.,1.));
#2566 = DIRECTION('',(0.992026624397,-0.126028474904,0.));
#2567 = ORIENTED_EDGE('',*,*,#79,.T.);
#2568 = FACE_BOUND('',#2569,.F.);
#2569 = EDGE_LOOP('',(#2570));
#2570 = ORIENTED_EDGE('',*,*,#2571,.F.);
#2571 = EDGE_CURVE('',#2572,#2572,#2574,.T.);
#2572 = VERTEX_POINT('',#2573);
#2573 = CARTESIAN_POINT('',(2.692617647059,-3.552713678801E-15,0.));
#2574 = CIRCLE('',#2575,2.692617647059);
#2575 = AXIS2_PLACEMENT_3D('',#2576,#2577,#2578);
#2576 = CARTESIAN_POINT('',(0.,0.,0.));
#2577 = DIRECTION('',(0.,0.,1.));
#2578 = DIRECTION('',(1.,0.,0.));
#2579 = PLANE('',#2580);
#2580 = AXIS2_PLACEMENT_3D('',#2581,#2582,#2583);
#2581 = CARTESIAN_POINT('',(-1.04E-15,-5.44E-15,0.));
#2582 = DIRECTION('',(0.,0.,1.));
#2583 = DIRECTION('',(1.,0.,0.));
#2584 = ADVANCED_FACE('',(#2585,#5026),#5037,.T.);
#2585 = FACE_BOUND('',#2586,.T.);
#2586 = EDGE_LOOP('',(#2587,#2588,#2589,#2598,#2607,#2616,#2625,#2633,
    #2642,#2651,#2660,#2668,#2677,#2686,#2695,#2704,#2713,#2721,#2730,
    #2739,#2748,#2756,#2765,#2774,#2783,#2792,#2801,#2809,#2818,#2827,
    #2836,#2844,#2853,#2862,#2871,#2880,#2889,#2897,#2906,#2915,#2924,
    #2932,#2941,#2950,#2959,#2968,#2977,#2985,#2994,#3003,#3012,#3020,
    #3029,#3038,#3047,#3056,#3065,#3073,#3082,#3091,#3100,#3108,#3117,
    #3126,#3135,#3144,#3153,#3161,#3170,#3179,#3188,#3196,#3205,#3214,
    #3223,#3232,#3241,#3249,#3258,#3267,#3276,#3284,#3293,#3302,#3311,
    #3320,#3329,#3337,#3346,#3355,#3364,#3372,#3381,#3390,#3399,#3408,
    #3417,#3425,#3434,#3443,#3452,#3460,#3469,#3478,#3487,#3496,#3505,
    #3513,#3522,#3531,#3540,#3548,#3557,#3566,#3575,#3584,#3593,#3601,
    #3610,#3619,#3628,#3636,#3645,#3654,#3663,#3672,#3681,#3689,#3698,
    #3707,#3716,#3724,#3733,#3742,#3751,#3760,#3769,#3777,#3786,#3795,
    #3804,#3812,#3821,#3830,#3839,#3848,#3857,#3865,#3874,#3883,#3892,
    #3900,#3909,#3918,#3927,#3936,#3945,#3953,#3962,#3971,#3980,#3988,
    #3997,#4006,#4015,#4024,#4033,#4041,#4050,#4059,#4068,#4076,#4085,
    #4094,#4103,#4112,#4121,#4129,#4138,#4147,#4156,#4164,#4173,#4182,
    #4191,#4200,#4209,#4217,#4226,#4235,#4244,#4252,#4261,#4270,#4279,
    #4288,#4297,#4305,#4314,#4323,#4332,#4340,#4349,#4358,#4367,#4376,
    #4385,#4393,#4402,#4411,#4420,#4428,#4437,#4446,#4455,#4464,#4473,
    #4481,#4490,#4499,#4508,#4516,#4525,#4534,#4543,#4552,#4561,#4569,
    #4578,#4587,#4596,#4604,#4613,#4622,#4631,#4640,#4649,#4657,#4666,
    #4675,#4684,#4692,#4701,#4710,#4719,#4728,#4737,#4745,#4754,#4763,
    #4772,#4780,#4789,#4798,#4807,#4816,#4825,#4833,#4842,#4851,#4860,
    #4868,#4877,#4886,#4895,#4904,#4913,#4921,#4930,#4939,#4948,#4956,
    #4965,#4974,#4983,#4992,#5001,#5009,#5018,#5025));
#2587 = ORIENTED_EDGE('',*,*,#31,.T.);
#2588 = ORIENTED_EDGE('',*,*,#95,.T.);
#2589 = ORIENTED_EDGE('',*,*,#2590,.T.);
#2590 = EDGE_CURVE('',#96,#2591,#2593,.T.);
#2591 = VERTEX_POINT('',#2592);
#2592 = CARTESIAN_POINT('',(19.355971321854,-0.487094956612,
    2.595294117647));
#2593 = B_SPLINE_CURVE_WITH_KNOTS('',3,(#2594,#2595,#2596,#2597),
  .UNSPECIFIED.,.F.,.F.,(4,4),(0.,1.),.PIECEWISE_BEZIER_KNOTS.);
#2594 = CARTESIAN_POINT('',(17.655353718378,-1.1054742898,2.595294117647
    ));
#2595 = CARTESIAN_POINT('',(18.054712673468,-1.023160755402,
    2.595294117647));
#2596 = CARTESIAN_POINT('',(18.632890818679,-0.849910571074,
    2.595294117647));
#2597 = CARTESIAN_POINT('',(19.355971321854,-0.487094956612,
    2.595294117647));
#2598 = ORIENTED_EDGE('',*,*,#2599,.T.);
#2599 = EDGE_CURVE('',#2591,#2600,#2602,.T.);
#2600 = VERTEX_POINT('',#2601);
#2601 = CARTESIAN_POINT('',(19.35475538763,0.487508891974,2.595294117647
    ));
#2602 = CIRCLE('',#2603,19.360894117645);
#2603 = AXIS2_PLACEMENT_3D('',#2604,#2605,#2606);
#2604 = CARTESIAN_POINT('',(6.178279920341E-04,-2.394037949699E-02,
    2.595294117647));
#2605 = DIRECTION('',(-0.,0.,1.));
#2606 = DIRECTION('',(0.999713823972,-2.392216879556E-02,0.));
#2607 = ORIENTED_EDGE('',*,*,#2608,.T.);
#2608 = EDGE_CURVE('',#2600,#2609,#2611,.T.);
#2609 = VERTEX_POINT('',#2610);
#2610 = CARTESIAN_POINT('',(17.655353718378,1.1054742898,2.595294117647)
  );
#2611 = B_SPLINE_CURVE_WITH_KNOTS('',3,(#2612,#2613,#2614,#2615),
  .UNSPECIFIED.,.F.,.F.,(4,4),(0.,1.),.PIECEWISE_BEZIER_KNOTS.);
#2612 = CARTESIAN_POINT('',(19.35475538763,0.487508891974,2.595294117647
    ));
#2613 = CARTESIAN_POINT('',(18.632890818679,0.849910571074,
    2.595294117647));
#2614 = CARTESIAN_POINT('',(18.054712673468,1.023160755402,
    2.595294117647));
#2615 = CARTESIAN_POINT('',(17.655353718378,1.1054742898,2.595294117647)
  );
#2616 = ORIENTED_EDGE('',*,*,#2617,.T.);
#2617 = EDGE_CURVE('',#2609,#2618,#2620,.T.);
#2618 = VERTEX_POINT('',#2619);
#2619 = CARTESIAN_POINT('',(17.055931989555,1.176519344986,
    2.595294117647));
#2620 = B_SPLINE_CURVE_WITH_KNOTS('',3,(#2621,#2622,#2623,#2624),
  .UNSPECIFIED.,.F.,.F.,(4,4),(0.,1.),.PIECEWISE_BEZIER_KNOTS.);
#2621 = CARTESIAN_POINT('',(17.655353718378,1.1054742898,2.595294117647)
  );
#2622 = CARTESIAN_POINT('',(17.322312095938,1.173366277804,
    2.595294117647));
#2623 = CARTESIAN_POINT('',(17.122282233736,1.177513866521,
    2.595294117647));
#2624 = CARTESIAN_POINT('',(17.055931989555,1.176519344986,
    2.595294117647));
#2625 = ORIENTED_EDGE('',*,*,#2626,.T.);
#2626 = EDGE_CURVE('',#2618,#2627,#2629,.T.);
#2627 = VERTEX_POINT('',#2628);
#2628 = CARTESIAN_POINT('',(16.894086212921,1.166262531918,
    2.595294117647));
#2629 = LINE('',#2630,#2631);
#2630 = CARTESIAN_POINT('',(17.055931989555,1.176519344986,
    2.595294117647));
#2631 = VECTOR('',#2632,1.);
#2632 = DIRECTION('',(-0.997997897239,-6.32471114558E-02,0.));
#2633 = ORIENTED_EDGE('',*,*,#2634,.T.);
#2634 = EDGE_CURVE('',#2627,#2635,#2637,.T.);
#2635 = VERTEX_POINT('',#2636);
#2636 = CARTESIAN_POINT('',(16.362244549644,1.609230836769,
    2.595294117647));
#2637 = CIRCLE('',#2638,0.493105882353);
#2638 = AXIS2_PLACEMENT_3D('',#2639,#2640,#2641);
#2639 = CARTESIAN_POINT('',(16.852967380189,1.657651026702,
    2.595294117647));
#2640 = DIRECTION('',(0.,0.,-1.));
#2641 = DIRECTION('',(8.338743098338E-02,-0.99651720324,0.));
#2642 = ORIENTED_EDGE('',*,*,#2643,.T.);
#2643 = EDGE_CURVE('',#2635,#2644,#2646,.T.);
#2644 = VERTEX_POINT('',#2645);
#2645 = CARTESIAN_POINT('',(16.310096466142,2.072057878899,
    2.595294117647));
#2646 = CIRCLE('',#2647,16.441188235292);
#2647 = AXIS2_PLACEMENT_3D('',#2648,#2649,#2650);
#2648 = CARTESIAN_POINT('',(1.96854E-12,1.6323E-13,2.595294117647));
#2649 = DIRECTION('',(0.,-0.,1.));
#2650 = DIRECTION('',(0.995198419693,9.787801305714E-02,0.));
#2651 = ORIENTED_EDGE('',*,*,#2652,.T.);
#2652 = EDGE_CURVE('',#2644,#2653,#2655,.T.);
#2653 = VERTEX_POINT('',#2654);
#2654 = CARTESIAN_POINT('',(16.730034027624,2.622265947139,
    2.595294117647));
#2655 = CIRCLE('',#2656,0.493105882353);
#2656 = AXIS2_PLACEMENT_3D('',#2657,#2658,#2659);
#2657 = CARTESIAN_POINT('',(16.799290356672,2.134047786786,
    2.595294117647));
#2658 = DIRECTION('',(0.,0.,-1.));
#2659 = DIRECTION('',(-0.992066629169,-0.125713178662,-0.));
#2660 = ORIENTED_EDGE('',*,*,#2661,.T.);
#2661 = EDGE_CURVE('',#2653,#2662,#2664,.T.);
#2662 = VERTEX_POINT('',#2663);
#2663 = CARTESIAN_POINT('',(16.890104348356,2.648280367163,
    2.595294117647));
#2664 = LINE('',#2665,#2666);
#2665 = CARTESIAN_POINT('',(16.730034027624,2.622265947139,
    2.595294117647));
#2666 = VECTOR('',#2667,1.);
#2667 = DIRECTION('',(0.987049812628,0.160414049857,0.));
#2668 = ORIENTED_EDGE('',*,*,#2669,.T.);
#2669 = EDGE_CURVE('',#2662,#2670,#2672,.T.);
#2670 = VERTEX_POINT('',#2671);
#2671 = CARTESIAN_POINT('',(17.458688310921,2.850928057417,
    2.595294117647));
#2672 = B_SPLINE_CURVE_WITH_KNOTS('',3,(#2673,#2674,#2675,#2676),
  .UNSPECIFIED.,.F.,.F.,(4,4),(0.,1.),.PIECEWISE_BEZIER_KNOTS.);
#2673 = CARTESIAN_POINT('',(16.890104348356,2.648280367163,
    2.595294117647));
#2674 = CARTESIAN_POINT('',(16.955012355249,2.662075098662,
    2.595294117647));
#2675 = CARTESIAN_POINT('',(17.149104125865,2.710629530427,
    2.595294117647));
#2676 = CARTESIAN_POINT('',(17.458688310921,2.850928057417,
    2.595294117647));
#2677 = ORIENTED_EDGE('',*,*,#2678,.T.);
#2678 = EDGE_CURVE('',#2670,#2679,#2681,.T.);
#2679 = VERTEX_POINT('',#2680);
#2680 = CARTESIAN_POINT('',(18.979065533737,3.832226347086,
    2.595294117647));
#2681 = B_SPLINE_CURVE_WITH_KNOTS('',3,(#2682,#2683,#2684,#2685),
  .UNSPECIFIED.,.F.,.F.,(4,4),(0.,1.),.PIECEWISE_BEZIER_KNOTS.);
#2682 = CARTESIAN_POINT('',(17.458688310921,2.850928057417,
    2.595294117647));
#2683 = CARTESIAN_POINT('',(17.829718018667,3.020043547323,
    2.595294117647));
#2684 = CARTESIAN_POINT('',(18.354848237821,3.31760672868,2.595294117647
    ));
#2685 = CARTESIAN_POINT('',(18.979065533737,3.832226347086,
    2.595294117647));
#2686 = ORIENTED_EDGE('',*,*,#2687,.T.);
#2687 = EDGE_CURVE('',#2679,#2688,#2690,.T.);
#2688 = VERTEX_POINT('',#2689);
#2689 = CARTESIAN_POINT('',(18.761010326898,4.782124271574,
    2.595294117647));
#2690 = CIRCLE('',#2691,19.360894117667);
#2691 = AXIS2_PLACEMENT_3D('',#2692,#2693,#2694);
#2692 = CARTESIAN_POINT('',(5.929573337836E-03,-2.320266454296E-02,
    2.595294117647));
#2693 = DIRECTION('',(0.,-0.,1.));
#2694 = DIRECTION('',(0.979972094527,0.199134863721,0.));
#2695 = ORIENTED_EDGE('',*,*,#2696,.T.);
#2696 = EDGE_CURVE('',#2688,#2697,#2699,.T.);
#2697 = VERTEX_POINT('',#2698);
#2698 = CARTESIAN_POINT('',(16.966705968059,5.006443540068,
    2.595294117647));
#2699 = B_SPLINE_CURVE_WITH_KNOTS('',3,(#2700,#2701,#2702,#2703),
  .UNSPECIFIED.,.F.,.F.,(4,4),(0.,1.),.PIECEWISE_BEZIER_KNOTS.);
#2700 = CARTESIAN_POINT('',(18.761010326898,4.782124271574,
    2.595294117647));
#2701 = CARTESIAN_POINT('',(17.976602449712,4.974809805876,
    2.595294117647));
#2702 = CARTESIAN_POINT('',(17.374368644908,5.015059505503,
    2.595294117647));
#2703 = CARTESIAN_POINT('',(16.966705968059,5.006443540068,
    2.595294117647));
#2704 = ORIENTED_EDGE('',*,*,#2705,.T.);
#2705 = EDGE_CURVE('',#2697,#2706,#2708,.T.);
#2706 = VERTEX_POINT('',#2707);
#2707 = CARTESIAN_POINT('',(16.366503981429,4.94232346446,2.595294117647
    ));
#2708 = B_SPLINE_CURVE_WITH_KNOTS('',3,(#2709,#2710,#2711,#2712),
  .UNSPECIFIED.,.F.,.F.,(4,4),(0.,1.),.PIECEWISE_BEZIER_KNOTS.);
#2709 = CARTESIAN_POINT('',(16.966705968059,5.006443540068,
    2.595294117647));
#2710 = CARTESIAN_POINT('',(16.626907005845,4.998524601315,
    2.595294117647));
#2711 = CARTESIAN_POINT('',(16.4309693846,4.958057369567,2.595294117647)
  );
#2712 = CARTESIAN_POINT('',(16.366503981429,4.94232346446,2.595294117647
    ));
#2713 = ORIENTED_EDGE('',*,*,#2714,.T.);
#2714 = EDGE_CURVE('',#2706,#2715,#2717,.T.);
#2715 = VERTEX_POINT('',#2716);
#2716 = CARTESIAN_POINT('',(16.210998371942,4.896309737737,
    2.595294117647));
#2717 = LINE('',#2718,#2719);
#2718 = CARTESIAN_POINT('',(16.366503981429,4.94232346446,2.595294117647
    ));
#2719 = VECTOR('',#2720,1.);
#2720 = DIRECTION('',(-0.958902200005,-0.283736798503,0.));
#2721 = ORIENTED_EDGE('',*,*,#2722,.T.);
#2722 = EDGE_CURVE('',#2715,#2723,#2725,.T.);
#2723 = VERTEX_POINT('',#2724);
#2724 = CARTESIAN_POINT('',(15.593921368644,5.209825998718,
    2.595294117647));
#2725 = CIRCLE('',#2726,0.493105882353);
#2726 = AXIS2_PLACEMENT_3D('',#2727,#2728,#2729);
#2727 = CARTESIAN_POINT('',(16.061566247401,5.366228295964,
    2.595294117647));
#2728 = DIRECTION('',(0.,0.,-1.));
#2729 = DIRECTION('',(0.303042672759,-0.952976987386,0.));
#2730 = ORIENTED_EDGE('',*,*,#2731,.T.);
#2731 = EDGE_CURVE('',#2723,#2732,#2734,.T.);
#2732 = VERTEX_POINT('',#2733);
#2733 = CARTESIAN_POINT('',(15.440092040796,5.649444960358,
    2.595294117647));
#2734 = CIRCLE('',#2735,16.441188235314);
#2735 = AXIS2_PLACEMENT_3D('',#2736,#2737,#2738);
#2736 = CARTESIAN_POINT('',(-1.878413E-11,-6.57698E-12,2.595294117647));
#2737 = DIRECTION('',(0.,-0.,1.));
#2738 = DIRECTION('',(0.948466810639,0.31687648874,0.));
#2739 = ORIENTED_EDGE('',*,*,#2740,.T.);
#2740 = EDGE_CURVE('',#2732,#2741,#2743,.T.);
#2741 = VERTEX_POINT('',#2742);
#2742 = CARTESIAN_POINT('',(15.727068077643,6.279303061977,
    2.595294117647));
#2743 = CIRCLE('',#2744,0.493105882353);
#2744 = AXIS2_PLACEMENT_3D('',#2745,#2746,#2747);
#2745 = CARTESIAN_POINT('',(15.903226766943,5.818736533238,
    2.595294117647));
#2746 = DIRECTION('',(0.,0.,-1.));
#2747 = DIRECTION('',(-0.939219633594,-0.343316879676,-0.));
#2748 = ORIENTED_EDGE('',*,*,#2749,.T.);
#2749 = EDGE_CURVE('',#2741,#2750,#2752,.T.);
#2750 = VERTEX_POINT('',#2751);
#2751 = CARTESIAN_POINT('',(15.877336348197,6.340284243446,
    2.595294117647));
#2752 = LINE('',#2753,#2754);
#2753 = CARTESIAN_POINT('',(15.727068077643,6.279303061977,
    2.595294117647));
#2754 = VECTOR('',#2755,1.);
#2755 = DIRECTION('',(0.926606928851,0.376031380879,0.));
#2756 = ORIENTED_EDGE('',*,*,#2757,.T.);
#2757 = EDGE_CURVE('',#2750,#2758,#2760,.T.);
#2758 = VERTEX_POINT('',#2759);
#2759 = CARTESIAN_POINT('',(16.38657137042,6.664372967396,2.595294117647
    ));
#2760 = B_SPLINE_CURVE_WITH_KNOTS('',3,(#2761,#2762,#2763,#2764),
  .UNSPECIFIED.,.F.,.F.,(4,4),(0.,1.),.PIECEWISE_BEZIER_KNOTS.);
#2761 = CARTESIAN_POINT('',(15.877336348197,6.340284243446,
    2.595294117647));
#2762 = CARTESIAN_POINT('',(15.937547359304,6.368176502541,
    2.595294117647));
#2763 = CARTESIAN_POINT('',(16.115968466498,6.458703055399,
    2.595294117647));
#2764 = CARTESIAN_POINT('',(16.38657137042,6.664372967396,2.595294117647
    ));
#2765 = ORIENTED_EDGE('',*,*,#2766,.T.);
#2766 = EDGE_CURVE('',#2758,#2767,#2769,.T.);
#2767 = VERTEX_POINT('',#2768);
#2768 = CARTESIAN_POINT('',(17.650470150083,7.959383819759,
    2.595294117647));
#2769 = B_SPLINE_CURVE_WITH_KNOTS('',3,(#2770,#2771,#2772,#2773),
  .UNSPECIFIED.,.F.,.F.,(4,4),(0.,1.),.PIECEWISE_BEZIER_KNOTS.);
#2770 = CARTESIAN_POINT('',(16.38657137042,6.664372967396,2.595294117647
    ));
#2771 = CARTESIAN_POINT('',(16.71066685199,6.911810255981,2.595294117647
    ));
#2772 = CARTESIAN_POINT('',(17.156416923147,7.318765373939,
    2.595294117647));
#2773 = CARTESIAN_POINT('',(17.650470150083,7.959383819759,
    2.595294117647));
#2774 = ORIENTED_EDGE('',*,*,#2775,.T.);
#2775 = EDGE_CURVE('',#2767,#2776,#2778,.T.);
#2776 = VERTEX_POINT('',#2777);
#2777 = CARTESIAN_POINT('',(17.226509869218,8.836943971785,
    2.595294117647));
#2778 = CIRCLE('',#2779,19.360894117645);
#2779 = AXIS2_PLACEMENT_3D('',#2780,#2781,#2782);
#2780 = CARTESIAN_POINT('',(1.094398515841E-02,-2.130147109333E-02,
    2.595294117647));
#2781 = DIRECTION('',(0.,-0.,1.));
#2782 = DIRECTION('',(0.911090472255,0.412206442655,0.));
#2783 = ORIENTED_EDGE('',*,*,#2784,.T.);
#2784 = EDGE_CURVE('',#2776,#2785,#2787,.T.);
#2785 = VERTEX_POINT('',#2786);
#2786 = CARTESIAN_POINT('',(15.427276733707,8.656368806149,
    2.595294117647));
#2787 = B_SPLINE_CURVE_WITH_KNOTS('',3,(#2788,#2789,#2790,#2791),
  .UNSPECIFIED.,.F.,.F.,(4,4),(0.,1.),.PIECEWISE_BEZIER_KNOTS.);
#2788 = CARTESIAN_POINT('',(17.226509869218,8.836943971785,
    2.595294117647));
#2789 = CARTESIAN_POINT('',(16.418892170161,8.850251304016,
    2.595294117647));
#2790 = CARTESIAN_POINT('',(15.822801223446,8.755482230934,
    2.595294117647));
#2791 = CARTESIAN_POINT('',(15.427276733707,8.656368806149,
    2.595294117647));
#2792 = ORIENTED_EDGE('',*,*,#2793,.T.);
#2793 = EDGE_CURVE('',#2785,#2794,#2796,.T.);
#2794 = VERTEX_POINT('',#2795);
#2795 = CARTESIAN_POINT('',(14.856391123104,8.46029884808,2.595294117647
    ));
#2796 = B_SPLINE_CURVE_WITH_KNOTS('',3,(#2797,#2798,#2799,#2800),
  .UNSPECIFIED.,.F.,.F.,(4,4),(0.,1.),.PIECEWISE_BEZIER_KNOTS.);
#2797 = CARTESIAN_POINT('',(15.427276733707,8.656368806149,
    2.595294117647));
#2798 = CARTESIAN_POINT('',(15.097759370562,8.573036029295,
    2.595294117647));
#2799 = CARTESIAN_POINT('',(14.915739120766,8.489983173058,
    2.595294117647));
#2800 = CARTESIAN_POINT('',(14.856391123104,8.46029884808,2.595294117647
    ));
#2801 = ORIENTED_EDGE('',*,*,#2802,.T.);
#2802 = EDGE_CURVE('',#2794,#2803,#2805,.T.);
#2803 = VERTEX_POINT('',#2804);
#2804 = CARTESIAN_POINT('',(14.71502338136,8.380835528096,2.595294117647
    ));
#2805 = LINE('',#2806,#2807);
#2806 = CARTESIAN_POINT('',(14.856391123104,8.46029884808,2.595294117647
    ));
#2807 = VECTOR('',#2808,1.);
#2808 = DIRECTION('',(-0.871723142437,-0.489998737692,0.));
#2809 = ORIENTED_EDGE('',*,*,#2810,.T.);
#2810 = EDGE_CURVE('',#2803,#2811,#2813,.T.);
#2811 = VERTEX_POINT('',#2812);
#2812 = CARTESIAN_POINT('',(14.043653855675,8.549178730753,
    2.595294117647));
#2813 = CIRCLE('',#2814,0.493105882353);
#2814 = AXIS2_PLACEMENT_3D('',#2815,#2816,#2817);
#2815 = CARTESIAN_POINT('',(14.464771115708,8.805720471048,
    2.595294117647));
#2816 = DIRECTION('',(0.,-0.,-1.));
#2817 = DIRECTION('',(0.507502089527,-0.861650526098,0.));
#2818 = ORIENTED_EDGE('',*,*,#2819,.T.);
#2819 = EDGE_CURVE('',#2811,#2820,#2822,.T.);
#2820 = VERTEX_POINT('',#2821);
#2821 = CARTESIAN_POINT('',(13.795856928315,8.943545281478,
    2.595294117647));
#2822 = CIRCLE('',#2823,16.441188235307);
#2823 = AXIS2_PLACEMENT_3D('',#2824,#2825,#2826);
#2824 = CARTESIAN_POINT('',(-1.073132E-11,-6.91641E-12,2.595294117647));
#2825 = DIRECTION('',(0.,-0.,1.));
#2826 = DIRECTION('',(0.854175115247,0.519985454117,0.));
#2827 = ORIENTED_EDGE('',*,*,#2828,.T.);
#2828 = EDGE_CURVE('',#2820,#2829,#2831,.T.);
#2829 = VERTEX_POINT('',#2830);
#2830 = CARTESIAN_POINT('',(13.935481263732,9.621469701202,
    2.595294117647));
#2831 = CIRCLE('',#2832,0.493105882353);
#2832 = AXIS2_PLACEMENT_3D('',#2833,#2834,#2835);
#2833 = CARTESIAN_POINT('',(14.209708981028,9.211649532985,
    2.595294117647));
#2834 = DIRECTION('',(0.,0.,-1.));
#2835 = DIRECTION('',(-0.839276243752,-0.543705238777,-0.));
#2836 = ORIENTED_EDGE('',*,*,#2837,.T.);
#2837 = EDGE_CURVE('',#2829,#2838,#2840,.T.);
#2838 = VERTEX_POINT('',#2839);
#2839 = CARTESIAN_POINT('',(14.068412405556,9.714359793042,
    2.595294117647));
#2840 = LINE('',#2841,#2842);
#2841 = CARTESIAN_POINT('',(13.935481263732,9.621469701202,
    2.595294117647));
#2842 = VECTOR('',#2843,1.);
#2843 = DIRECTION('',(0.819700104488,0.572792928293,0.));
#2844 = ORIENTED_EDGE('',*,*,#2845,.T.);
#2845 = EDGE_CURVE('',#2838,#2846,#2848,.T.);
#2846 = VERTEX_POINT('',#2847);
#2847 = CARTESIAN_POINT('',(14.492763317044,10.143638388793,
    2.595294117647));
#2848 = B_SPLINE_CURVE_WITH_KNOTS('',3,(#2849,#2850,#2851,#2852),
  .UNSPECIFIED.,.F.,.F.,(4,4),(0.,1.),.PIECEWISE_BEZIER_KNOTS.);
#2849 = CARTESIAN_POINT('',(14.068412405556,9.714359793042,
    2.595294117647));
#2850 = CARTESIAN_POINT('',(14.120907189361,9.754950945393,
    2.595294117647));
#2851 = CARTESIAN_POINT('',(14.274710853797,9.882910239978,
    2.595294117647));
#2852 = CARTESIAN_POINT('',(14.492763317044,10.143638388793,
    2.595294117647));
#2853 = ORIENTED_EDGE('',*,*,#2854,.T.);
#2854 = EDGE_CURVE('',#2846,#2855,#2857,.T.);
#2855 = VERTEX_POINT('',#2856);
#2856 = CARTESIAN_POINT('',(15.436806491159,11.687424552215,
    2.595294117647));
#2857 = B_SPLINE_CURVE_WITH_KNOTS('',3,(#2858,#2859,#2860,#2861),
  .UNSPECIFIED.,.F.,.F.,(4,4),(0.,1.),.PIECEWISE_BEZIER_KNOTS.);
#2858 = CARTESIAN_POINT('',(14.492763317044,10.143638388793,
    2.595294117647));
#2859 = CARTESIAN_POINT('',(14.753673071687,10.456989937198,
    2.595294117647));
#2860 = CARTESIAN_POINT('',(15.097691224989,10.952930562846,
    2.595294117647));
#2861 = CARTESIAN_POINT('',(15.436806491159,11.687424552215,
    2.595294117647));
#2862 = ORIENTED_EDGE('',*,*,#2863,.T.);
#2863 = EDGE_CURVE('',#2855,#2864,#2866,.T.);
#2864 = VERTEX_POINT('',#2865);
#2865 = CARTESIAN_POINT('',(14.828200275055,12.448642401386,
    2.595294117647));
#2866 = CIRCLE('',#2867,19.36089411765);
#2867 = AXIS2_PLACEMENT_3D('',#2868,#2869,#2870);
#2868 = CARTESIAN_POINT('',(1.540961983983E-02,-1.833213294389E-02,
    2.595294117647));
#2869 = DIRECTION('',(0.,-0.,1.));
#2870 = DIRECTION('',(0.796522969322,0.60460826933,0.));
#2871 = ORIENTED_EDGE('',*,*,#2872,.T.);
#2872 = EDGE_CURVE('',#2864,#2873,#2875,.T.);
#2873 = VERTEX_POINT('',#2874);
#2874 = CARTESIAN_POINT('',(13.114259425229,11.872227594442,
    2.595294117647));
#2875 = B_SPLINE_CURVE_WITH_KNOTS('',3,(#2876,#2877,#2878,#2879),
  .UNSPECIFIED.,.F.,.F.,(4,4),(0.,1.),.PIECEWISE_BEZIER_KNOTS.);
#2876 = CARTESIAN_POINT('',(14.828200275055,12.448642401386,
    2.595294117647));
#2877 = CARTESIAN_POINT('',(14.037870077876,12.281904246341,
    2.595294117647));
#2878 = CARTESIAN_POINT('',(13.477812478377,12.056868517596,
    2.595294117647));
#2879 = CARTESIAN_POINT('',(13.114259425229,11.872227594442,
    2.595294117647));
#2880 = ORIENTED_EDGE('',*,*,#2881,.T.);
#2881 = EDGE_CURVE('',#2873,#2882,#2884,.T.);
#2882 = VERTEX_POINT('',#2883);
#2883 = CARTESIAN_POINT('',(12.60131677898,11.554039520326,
    2.595294117647));
#2884 = B_SPLINE_CURVE_WITH_KNOTS('',3,(#2885,#2886,#2887,#2888),
  .UNSPECIFIED.,.F.,.F.,(4,4),(0.,1.),.PIECEWISE_BEZIER_KNOTS.);
#2885 = CARTESIAN_POINT('',(13.114259425229,11.872227594442,
    2.595294117647));
#2886 = CARTESIAN_POINT('',(12.811547037686,11.717659632885,
    2.595294117647));
#2887 = CARTESIAN_POINT('',(12.652571414715,11.59618576917,
    2.595294117647));
#2888 = CARTESIAN_POINT('',(12.60131677898,11.554039520326,
    2.595294117647));
#2889 = ORIENTED_EDGE('',*,*,#2890,.T.);
#2890 = EDGE_CURVE('',#2882,#2891,#2893,.T.);
#2891 = VERTEX_POINT('',#2892);
#2892 = CARTESIAN_POINT('',(12.48117567385,11.445111229755,
    2.595294117647));
#2893 = LINE('',#2894,#2895);
#2894 = CARTESIAN_POINT('',(12.60131677898,11.554039520326,
    2.595294117647));
#2895 = VECTOR('',#2896,1.);
#2896 = DIRECTION('',(-0.740832246508,-0.671690094116,0.));
#2897 = ORIENTED_EDGE('',*,*,#2898,.T.);
#2898 = EDGE_CURVE('',#2891,#2899,#2901,.T.);
#2899 = VERTEX_POINT('',#2900);
#2900 = CARTESIAN_POINT('',(11.789178897191,11.459839942966,
    2.595294117647));
#2901 = CIRCLE('',#2902,0.493105882353);
#2902 = AXIS2_PLACEMENT_3D('',#2903,#2904,#2905);
#2903 = CARTESIAN_POINT('',(12.142651960649,11.803657052227,
    2.595294117647));
#2904 = DIRECTION('',(0.,-0.,-1.));
#2905 = DIRECTION('',(0.686513232382,-0.727117309493,0.));
#2906 = ORIENTED_EDGE('',*,*,#2907,.T.);
#2907 = EDGE_CURVE('',#2899,#2908,#2910,.T.);
#2908 = VERTEX_POINT('',#2909);
#2909 = CARTESIAN_POINT('',(11.459839942966,11.789178897191,
    2.595294117647));
#2910 = CIRCLE('',#2911,16.441188235245);
#2911 = AXIS2_PLACEMENT_3D('',#2912,#2913,#2914);
#2912 = CARTESIAN_POINT('',(3.453708E-11,3.453708E-11,2.595294117647));
#2913 = DIRECTION('',(0.,-0.,1.));
#2914 = DIRECTION('',(0.717051512851,0.697020177554,0.));
#2915 = ORIENTED_EDGE('',*,*,#2916,.T.);
#2916 = EDGE_CURVE('',#2908,#2917,#2919,.T.);
#2917 = VERTEX_POINT('',#2918);
#2918 = CARTESIAN_POINT('',(11.445111229755,12.48117567385,
    2.595294117647));
#2919 = CIRCLE('',#2920,0.493105882353);
#2920 = AXIS2_PLACEMENT_3D('',#2921,#2922,#2923);
#2921 = CARTESIAN_POINT('',(11.803657052227,12.142651960649,
    2.595294117647));
#2922 = DIRECTION('',(0.,0.,-1.));
#2923 = DIRECTION('',(-0.697248038535,-0.71682994689,-0.));
#2924 = ORIENTED_EDGE('',*,*,#2925,.T.);
#2925 = EDGE_CURVE('',#2917,#2926,#2928,.T.);
#2926 = VERTEX_POINT('',#2927);
#2927 = CARTESIAN_POINT('',(11.554039520326,12.60131677898,
    2.595294117647));
#2928 = LINE('',#2929,#2930);
#2929 = CARTESIAN_POINT('',(11.445111229755,12.48117567385,
    2.595294117647));
#2930 = VECTOR('',#2931,1.);
#2931 = DIRECTION('',(0.671690094116,0.740832246508,0.));
#2932 = ORIENTED_EDGE('',*,*,#2933,.T.);
#2933 = EDGE_CURVE('',#2926,#2934,#2936,.T.);
#2934 = VERTEX_POINT('',#2935);
#2935 = CARTESIAN_POINT('',(11.872227594442,13.114259425229,
    2.595294117647));
#2936 = B_SPLINE_CURVE_WITH_KNOTS('',3,(#2937,#2938,#2939,#2940),
  .UNSPECIFIED.,.F.,.F.,(4,4),(0.,1.),.PIECEWISE_BEZIER_KNOTS.);
#2937 = CARTESIAN_POINT('',(11.554039520326,12.60131677898,
    2.595294117647));
#2938 = CARTESIAN_POINT('',(11.59618576917,12.652571414715,
    2.595294117647));
#2939 = CARTESIAN_POINT('',(11.717659632885,12.811547037686,
    2.595294117647));
#2940 = CARTESIAN_POINT('',(11.872227594442,13.114259425229,
    2.595294117647));
#2941 = ORIENTED_EDGE('',*,*,#2942,.T.);
#2942 = EDGE_CURVE('',#2934,#2943,#2945,.T.);
#2943 = VERTEX_POINT('',#2944);
#2944 = CARTESIAN_POINT('',(12.449076896277,14.82940901519,
    2.595294117647));
#2945 = B_SPLINE_CURVE_WITH_KNOTS('',3,(#2946,#2947,#2948,#2949),
  .UNSPECIFIED.,.F.,.F.,(4,4),(0.,1.),.PIECEWISE_BEZIER_KNOTS.);
#2946 = CARTESIAN_POINT('',(11.872227594442,13.114259425229,
    2.595294117647));
#2947 = CARTESIAN_POINT('',(12.056868517596,13.477812478377,
    2.595294117647));
#2948 = CARTESIAN_POINT('',(12.281904246341,14.037870077876,
    2.595294117647));
#2949 = CARTESIAN_POINT('',(12.449076896277,14.82940901519,
    2.595294117647));
#2950 = ORIENTED_EDGE('',*,*,#2951,.T.);
#2951 = EDGE_CURVE('',#2943,#2952,#2954,.T.);
#2952 = VERTEX_POINT('',#2953);
#2953 = CARTESIAN_POINT('',(11.686342801929,15.436113919978,
    2.595294117647));
#2954 = CIRCLE('',#2955,19.36089411765);
#2955 = AXIS2_PLACEMENT_3D('',#2956,#2957,#2958);
#2956 = CARTESIAN_POINT('',(1.910255184223E-02,-1.444354509797E-02,
    2.595294117647));
#2957 = DIRECTION('',(0.,-0.,1.));
#2958 = DIRECTION('',(0.642014478717,0.766692512757,0.));
#2959 = ORIENTED_EDGE('',*,*,#2960,.T.);
#2960 = EDGE_CURVE('',#2952,#2961,#2963,.T.);
#2961 = VERTEX_POINT('',#2962);
#2962 = CARTESIAN_POINT('',(10.143638388793,14.492763317044,
    2.595294117647));
#2963 = B_SPLINE_CURVE_WITH_KNOTS('',3,(#2964,#2965,#2966,#2967),
  .UNSPECIFIED.,.F.,.F.,(4,4),(0.,1.),.PIECEWISE_BEZIER_KNOTS.);
#2964 = CARTESIAN_POINT('',(11.686342801929,15.436113919978,
    2.595294117647));
#2965 = CARTESIAN_POINT('',(10.952930562846,15.097691224989,
    2.595294117647));
#2966 = CARTESIAN_POINT('',(10.456989937198,14.753673071687,
    2.595294117647));
#2967 = CARTESIAN_POINT('',(10.143638388793,14.492763317044,
    2.595294117647));
#2968 = ORIENTED_EDGE('',*,*,#2969,.T.);
#2969 = EDGE_CURVE('',#2961,#2970,#2972,.T.);
#2970 = VERTEX_POINT('',#2971);
#2971 = CARTESIAN_POINT('',(9.714359793042,14.068412405556,
    2.595294117647));
#2972 = B_SPLINE_CURVE_WITH_KNOTS('',3,(#2973,#2974,#2975,#2976),
  .UNSPECIFIED.,.F.,.F.,(4,4),(0.,1.),.PIECEWISE_BEZIER_KNOTS.);
#2973 = CARTESIAN_POINT('',(10.143638388793,14.492763317044,
    2.595294117647));
#2974 = CARTESIAN_POINT('',(9.882910239978,14.274710853797,
    2.595294117647));
#2975 = CARTESIAN_POINT('',(9.754950945393,14.120907189361,
    2.595294117647));
#2976 = CARTESIAN_POINT('',(9.714359793042,14.068412405556,
    2.595294117647));
#2977 = ORIENTED_EDGE('',*,*,#2978,.T.);
#2978 = EDGE_CURVE('',#2970,#2979,#2981,.T.);
#2979 = VERTEX_POINT('',#2980);
#2980 = CARTESIAN_POINT('',(9.621469701202,13.935481263732,
    2.595294117647));
#2981 = LINE('',#2982,#2983);
#2982 = CARTESIAN_POINT('',(9.714359793042,14.068412405556,
    2.595294117647));
#2983 = VECTOR('',#2984,1.);
#2984 = DIRECTION('',(-0.572792928293,-0.819700104488,0.));
#2985 = ORIENTED_EDGE('',*,*,#2986,.T.);
#2986 = EDGE_CURVE('',#2979,#2987,#2989,.T.);
#2987 = VERTEX_POINT('',#2988);
#2988 = CARTESIAN_POINT('',(8.943545281478,13.795856928315,
    2.595294117647));
#2989 = CIRCLE('',#2990,0.493105882353);
#2990 = AXIS2_PLACEMENT_3D('',#2991,#2992,#2993);
#2991 = CARTESIAN_POINT('',(9.211649532985,14.209708981028,
    2.595294117647));
#2992 = DIRECTION('',(0.,-0.,-1.));
#2993 = DIRECTION('',(0.831099735136,-0.556123394812,0.));
#2994 = ORIENTED_EDGE('',*,*,#2995,.T.);
#2995 = EDGE_CURVE('',#2987,#2996,#2998,.T.);
#2996 = VERTEX_POINT('',#2997);
#2997 = CARTESIAN_POINT('',(8.549178730753,14.043653855675,
    2.595294117647));
#2998 = CIRCLE('',#2999,16.441188235297);
#2999 = AXIS2_PLACEMENT_3D('',#3000,#3001,#3002);
#3000 = CARTESIAN_POINT('',(-1.59396E-12,-2.73383E-12,2.595294117647));
#3001 = DIRECTION('',(0.,-0.,1.));
#3002 = DIRECTION('',(0.543971953455,0.839103398786,0.));
#3003 = ORIENTED_EDGE('',*,*,#3004,.T.);
#3004 = EDGE_CURVE('',#2996,#3005,#3007,.T.);
#3005 = VERTEX_POINT('',#3006);
#3006 = CARTESIAN_POINT('',(8.380835528096,14.71502338136,2.595294117647
    ));
#3007 = CIRCLE('',#3008,0.493105882353);
#3008 = AXIS2_PLACEMENT_3D('',#3009,#3010,#3011);
#3009 = CARTESIAN_POINT('',(8.805720471048,14.464771115708,
    2.595294117647));
#3010 = DIRECTION('',(0.,0.,-1.));
#3011 = DIRECTION('',(-0.520256905212,-0.854009808245,-0.));
#3012 = ORIENTED_EDGE('',*,*,#3013,.T.);
#3013 = EDGE_CURVE('',#3005,#3014,#3016,.T.);
#3014 = VERTEX_POINT('',#3015);
#3015 = CARTESIAN_POINT('',(8.46029884808,14.856391123104,2.595294117647
    ));
#3016 = LINE('',#3017,#3018);
#3017 = CARTESIAN_POINT('',(8.380835528096,14.71502338136,2.595294117647
    ));
#3018 = VECTOR('',#3019,1.);
#3019 = DIRECTION('',(0.489998737692,0.871723142437,0.));
#3020 = ORIENTED_EDGE('',*,*,#3021,.T.);
#3021 = EDGE_CURVE('',#3014,#3022,#3024,.T.);
#3022 = VERTEX_POINT('',#3023);
#3023 = CARTESIAN_POINT('',(8.656368806149,15.427276733707,
    2.595294117647));
#3024 = B_SPLINE_CURVE_WITH_KNOTS('',3,(#3025,#3026,#3027,#3028),
  .UNSPECIFIED.,.F.,.F.,(4,4),(0.,1.),.PIECEWISE_BEZIER_KNOTS.);
#3025 = CARTESIAN_POINT('',(8.46029884808,14.856391123104,2.595294117647
    ));
#3026 = CARTESIAN_POINT('',(8.489983173058,14.915739120766,
    2.595294117647));
#3027 = CARTESIAN_POINT('',(8.573036029295,15.097759370562,
    2.595294117647));
#3028 = CARTESIAN_POINT('',(8.656368806149,15.427276733707,
    2.595294117647));
#3029 = ORIENTED_EDGE('',*,*,#3030,.T.);
#3030 = EDGE_CURVE('',#3022,#3031,#3033,.T.);
#3031 = VERTEX_POINT('',#3032);
#3032 = CARTESIAN_POINT('',(8.837098602998,17.227784987923,
    2.595294117647));
#3033 = B_SPLINE_CURVE_WITH_KNOTS('',3,(#3034,#3035,#3036,#3037),
  .UNSPECIFIED.,.F.,.F.,(4,4),(0.,1.),.PIECEWISE_BEZIER_KNOTS.);
#3034 = CARTESIAN_POINT('',(8.656368806149,15.427276733707,
    2.595294117647));
#3035 = CARTESIAN_POINT('',(8.755482230934,15.822801223446,
    2.595294117647));
#3036 = CARTESIAN_POINT('',(8.850251304016,16.418892170161,
    2.595294117647));
#3037 = CARTESIAN_POINT('',(8.837098602998,17.227784987923,
    2.595294117647));
#3038 = ORIENTED_EDGE('',*,*,#3039,.T.);
#3039 = EDGE_CURVE('',#3031,#3040,#3042,.T.);
#3040 = VERTEX_POINT('',#3041);
#3041 = CARTESIAN_POINT('',(7.958483302796,17.649554231024,
    2.595294117647));
#3042 = CIRCLE('',#3043,19.360894117648);
#3043 = AXIS2_PLACEMENT_3D('',#3044,#3045,#3046);
#3044 = CARTESIAN_POINT('',(2.183760213065E-02,-9.830697588127E-03,
    2.595294117647));
#3045 = DIRECTION('',(0.,-0.,1.));
#3046 = DIRECTION('',(0.45531270133,0.890331592165,0.));
#3047 = ORIENTED_EDGE('',*,*,#3048,.T.);
#3048 = EDGE_CURVE('',#3040,#3049,#3051,.T.);
#3049 = VERTEX_POINT('',#3050);
#3050 = CARTESIAN_POINT('',(6.664372967396,16.38657137042,2.595294117647
    ));
#3051 = B_SPLINE_CURVE_WITH_KNOTS('',3,(#3052,#3053,#3054,#3055),
  .UNSPECIFIED.,.F.,.F.,(4,4),(0.,1.),.PIECEWISE_BEZIER_KNOTS.);
#3052 = CARTESIAN_POINT('',(7.958483302796,17.649554231024,
    2.595294117647));
#3053 = CARTESIAN_POINT('',(7.318765373939,17.156416923147,
    2.595294117647));
#3054 = CARTESIAN_POINT('',(6.911810255981,16.71066685199,2.595294117647
    ));
#3055 = CARTESIAN_POINT('',(6.664372967396,16.38657137042,2.595294117647
    ));
#3056 = ORIENTED_EDGE('',*,*,#3057,.T.);
#3057 = EDGE_CURVE('',#3049,#3058,#3060,.T.);
#3058 = VERTEX_POINT('',#3059);
#3059 = CARTESIAN_POINT('',(6.340284243446,15.877336348197,
    2.595294117647));
#3060 = B_SPLINE_CURVE_WITH_KNOTS('',3,(#3061,#3062,#3063,#3064),
  .UNSPECIFIED.,.F.,.F.,(4,4),(0.,1.),.PIECEWISE_BEZIER_KNOTS.);
#3061 = CARTESIAN_POINT('',(6.664372967396,16.38657137042,2.595294117647
    ));
#3062 = CARTESIAN_POINT('',(6.458703055399,16.115968466498,
    2.595294117647));
#3063 = CARTESIAN_POINT('',(6.368176502541,15.937547359304,
    2.595294117647));
#3064 = CARTESIAN_POINT('',(6.340284243446,15.877336348197,
    2.595294117647));
#3065 = ORIENTED_EDGE('',*,*,#3066,.T.);
#3066 = EDGE_CURVE('',#3058,#3067,#3069,.T.);
#3067 = VERTEX_POINT('',#3068);
#3068 = CARTESIAN_POINT('',(6.279303061977,15.727068077643,
    2.595294117647));
#3069 = LINE('',#3070,#3071);
#3070 = CARTESIAN_POINT('',(6.340284243446,15.877336348197,
    2.595294117647));
#3071 = VECTOR('',#3072,1.);
#3072 = DIRECTION('',(-0.376031380879,-0.926606928851,0.));
#3073 = ORIENTED_EDGE('',*,*,#3074,.T.);
#3074 = EDGE_CURVE('',#3067,#3075,#3077,.T.);
#3075 = VERTEX_POINT('',#3076);
#3076 = CARTESIAN_POINT('',(5.649444960358,15.440092040796,
    2.595294117647));
#3077 = CIRCLE('',#3078,0.493105882353);
#3078 = AXIS2_PLACEMENT_3D('',#3079,#3080,#3081);
#3079 = CARTESIAN_POINT('',(5.818736533238,15.903226766943,
    2.595294117647));
#3080 = DIRECTION('',(0.,0.,-1.));
#3081 = DIRECTION('',(0.934011426799,-0.357243130947,0.));
#3082 = ORIENTED_EDGE('',*,*,#3083,.T.);
#3083 = EDGE_CURVE('',#3075,#3084,#3086,.T.);
#3084 = VERTEX_POINT('',#3085);
#3085 = CARTESIAN_POINT('',(5.209825998718,15.593921368644,
    2.595294117647));
#3086 = CIRCLE('',#3087,16.441188235288);
#3087 = AXIS2_PLACEMENT_3D('',#3088,#3089,#3090);
#3088 = CARTESIAN_POINT('',(1.95875E-12,5.37546E-12,2.595294117647));
#3089 = DIRECTION('',(0.,-0.,1.));
#3090 = DIRECTION('',(0.343615368884,0.939110471812,0.));
#3091 = ORIENTED_EDGE('',*,*,#3092,.T.);
#3092 = EDGE_CURVE('',#3084,#3093,#3095,.T.);
#3093 = VERTEX_POINT('',#3094);
#3094 = CARTESIAN_POINT('',(4.896309737737,16.210998371942,
    2.595294117647));
#3095 = CIRCLE('',#3096,0.493105882353);
#3096 = AXIS2_PLACEMENT_3D('',#3097,#3098,#3099);
#3097 = CARTESIAN_POINT('',(5.366228295964,16.061566247401,
    2.595294117647));
#3098 = DIRECTION('',(0.,0.,-1.));
#3099 = DIRECTION('',(-0.317177918258,-0.94836605178,-0.));
#3100 = ORIENTED_EDGE('',*,*,#3101,.T.);
#3101 = EDGE_CURVE('',#3093,#3102,#3104,.T.);
#3102 = VERTEX_POINT('',#3103);
#3103 = CARTESIAN_POINT('',(4.94232346446,16.366503981429,2.595294117647
    ));
#3104 = LINE('',#3105,#3106);
#3105 = CARTESIAN_POINT('',(4.896309737737,16.210998371942,
    2.595294117647));
#3106 = VECTOR('',#3107,1.);
#3107 = DIRECTION('',(0.283736798503,0.958902200005,0.));
#3108 = ORIENTED_EDGE('',*,*,#3109,.T.);
#3109 = EDGE_CURVE('',#3102,#3110,#3112,.T.);
#3110 = VERTEX_POINT('',#3111);
#3111 = CARTESIAN_POINT('',(5.006443540068,16.966705968059,
    2.595294117647));
#3112 = B_SPLINE_CURVE_WITH_KNOTS('',3,(#3113,#3114,#3115,#3116),
  .UNSPECIFIED.,.F.,.F.,(4,4),(0.,1.),.PIECEWISE_BEZIER_KNOTS.);
#3113 = CARTESIAN_POINT('',(4.94232346446,16.366503981429,2.595294117647
    ));
#3114 = CARTESIAN_POINT('',(4.958057369567,16.4309693846,2.595294117647)
  );
#3115 = CARTESIAN_POINT('',(4.998524601315,16.626907005845,
    2.595294117647));
#3116 = CARTESIAN_POINT('',(5.006443540068,16.966705968059,
    2.595294117647));
#3117 = ORIENTED_EDGE('',*,*,#3118,.T.);
#3118 = EDGE_CURVE('',#3110,#3119,#3121,.T.);
#3119 = VERTEX_POINT('',#3120);
#3120 = CARTESIAN_POINT('',(4.781991285255,18.762287884396,
    2.595294117647));
#3121 = B_SPLINE_CURVE_WITH_KNOTS('',3,(#3122,#3123,#3124,#3125),
  .UNSPECIFIED.,.F.,.F.,(4,4),(0.,1.),.PIECEWISE_BEZIER_KNOTS.);
#3122 = CARTESIAN_POINT('',(5.006443540068,16.966705968059,
    2.595294117647));
#3123 = CARTESIAN_POINT('',(5.015059505503,17.374368644908,
    2.595294117647));
#3124 = CARTESIAN_POINT('',(4.974809805876,17.976602449712,
    2.595294117647));
#3125 = CARTESIAN_POINT('',(4.781991285255,18.762287884396,
    2.595294117647));
#3126 = ORIENTED_EDGE('',*,*,#3127,.T.);
#3127 = EDGE_CURVE('',#3119,#3128,#3130,.T.);
#3128 = VERTEX_POINT('',#3129);
#3129 = CARTESIAN_POINT('',(3.831552219129,18.977972194806,
    2.595294117647));
#3130 = CIRCLE('',#3131,19.360894117658);
#3131 = AXIS2_PLACEMENT_3D('',#3132,#3133,#3134);
#3132 = CARTESIAN_POINT('',(2.347762385874E-02,-4.724897863389E-03,
    2.595294117647));
#3133 = DIRECTION('',(0.,-0.,1.));
#3134 = DIRECTION('',(0.245779643878,0.969325727841,0.));
#3135 = ORIENTED_EDGE('',*,*,#3136,.T.);
#3136 = EDGE_CURVE('',#3128,#3137,#3139,.T.);
#3137 = VERTEX_POINT('',#3138);
#3138 = CARTESIAN_POINT('',(2.850928057417,17.458688310921,
    2.595294117647));
#3139 = B_SPLINE_CURVE_WITH_KNOTS('',3,(#3140,#3141,#3142,#3143),
  .UNSPECIFIED.,.F.,.F.,(4,4),(0.,1.),.PIECEWISE_BEZIER_KNOTS.);
#3140 = CARTESIAN_POINT('',(3.831552219129,18.977972194806,
    2.595294117647));
#3141 = CARTESIAN_POINT('',(3.31760672868,18.354848237821,2.595294117647
    ));
#3142 = CARTESIAN_POINT('',(3.020043547323,17.829718018667,
    2.595294117647));
#3143 = CARTESIAN_POINT('',(2.850928057417,17.458688310921,
    2.595294117647));
#3144 = ORIENTED_EDGE('',*,*,#3145,.T.);
#3145 = EDGE_CURVE('',#3137,#3146,#3148,.T.);
#3146 = VERTEX_POINT('',#3147);
#3147 = CARTESIAN_POINT('',(2.648280367163,16.890104348356,
    2.595294117647));
#3148 = B_SPLINE_CURVE_WITH_KNOTS('',3,(#3149,#3150,#3151,#3152),
  .UNSPECIFIED.,.F.,.F.,(4,4),(0.,1.),.PIECEWISE_BEZIER_KNOTS.);
#3149 = CARTESIAN_POINT('',(2.850928057417,17.458688310921,
    2.595294117647));
#3150 = CARTESIAN_POINT('',(2.710629530427,17.149104125865,
    2.595294117647));
#3151 = CARTESIAN_POINT('',(2.662075098662,16.955012355249,
    2.595294117647));
#3152 = CARTESIAN_POINT('',(2.648280367163,16.890104348356,
    2.595294117647));
#3153 = ORIENTED_EDGE('',*,*,#3154,.T.);
#3154 = EDGE_CURVE('',#3146,#3155,#3157,.T.);
#3155 = VERTEX_POINT('',#3156);
#3156 = CARTESIAN_POINT('',(2.622265947139,16.730034027624,
    2.595294117647));
#3157 = LINE('',#3158,#3159);
#3158 = CARTESIAN_POINT('',(2.648280367163,16.890104348356,
    2.595294117647));
#3159 = VECTOR('',#3160,1.);
#3160 = DIRECTION('',(-0.160414049857,-0.987049812628,0.));
#3161 = ORIENTED_EDGE('',*,*,#3162,.T.);
#3162 = EDGE_CURVE('',#3155,#3163,#3165,.T.);
#3163 = VERTEX_POINT('',#3164);
#3164 = CARTESIAN_POINT('',(2.072057878899,16.310096466142,
    2.595294117647));
#3165 = CIRCLE('',#3166,0.493105882353);
#3166 = AXIS2_PLACEMENT_3D('',#3167,#3168,#3169);
#3167 = CARTESIAN_POINT('',(2.134047786786,16.799290356672,
    2.595294117647));
#3168 = DIRECTION('',(0.,0.,-1.));
#3169 = DIRECTION('',(0.990087885431,-0.140449204778,0.));
#3170 = ORIENTED_EDGE('',*,*,#3171,.T.);
#3171 = EDGE_CURVE('',#3163,#3172,#3174,.T.);
#3172 = VERTEX_POINT('',#3173);
#3173 = CARTESIAN_POINT('',(1.609230836769,16.362244549644,
    2.595294117647));
#3174 = CIRCLE('',#3175,16.441188235272);
#3175 = AXIS2_PLACEMENT_3D('',#3176,#3177,#3178);
#3176 = CARTESIAN_POINT('',(2.48762E-12,2.184989E-11,2.595294117647));
#3177 = DIRECTION('',(0.,-0.,1.));
#3178 = DIRECTION('',(0.126028474904,0.992026624397,0.));
#3179 = ORIENTED_EDGE('',*,*,#3180,.T.);
#3180 = EDGE_CURVE('',#3172,#3181,#3183,.T.);
#3181 = VERTEX_POINT('',#3182);
#3182 = CARTESIAN_POINT('',(1.166262531918,16.894086212921,
    2.595294117647));
#3183 = CIRCLE('',#3184,0.493105882353);
#3184 = AXIS2_PLACEMENT_3D('',#3185,#3186,#3187);
#3185 = CARTESIAN_POINT('',(1.657651026702,16.852967380189,
    2.595294117647));
#3186 = DIRECTION('',(0.,0.,-1.));
#3187 = DIRECTION('',(-9.819430606289E-02,-0.995167261447,-0.));
#3188 = ORIENTED_EDGE('',*,*,#3189,.T.);
#3189 = EDGE_CURVE('',#3181,#3190,#3192,.T.);
#3190 = VERTEX_POINT('',#3191);
#3191 = CARTESIAN_POINT('',(1.176519344986,17.055931989555,
    2.595294117647));
#3192 = LINE('',#3193,#3194);
#3193 = CARTESIAN_POINT('',(1.166262531918,16.894086212921,
    2.595294117647));
#3194 = VECTOR('',#3195,1.);
#3195 = DIRECTION('',(6.32471114558E-02,0.997997897239,0.));
#3196 = ORIENTED_EDGE('',*,*,#3197,.T.);
#3197 = EDGE_CURVE('',#3190,#3198,#3200,.T.);
#3198 = VERTEX_POINT('',#3199);
#3199 = CARTESIAN_POINT('',(1.1054742898,17.655353718378,2.595294117647)
  );
#3200 = B_SPLINE_CURVE_WITH_KNOTS('',3,(#3201,#3202,#3203,#3204),
  .UNSPECIFIED.,.F.,.F.,(4,4),(0.,1.),.PIECEWISE_BEZIER_KNOTS.);
#3201 = CARTESIAN_POINT('',(1.176519344986,17.055931989555,
    2.595294117647));
#3202 = CARTESIAN_POINT('',(1.177513866521,17.122282233736,
    2.595294117647));
#3203 = CARTESIAN_POINT('',(1.173366277804,17.322312095938,
    2.595294117647));
#3204 = CARTESIAN_POINT('',(1.1054742898,17.655353718378,2.595294117647)
  );
#3205 = ORIENTED_EDGE('',*,*,#3206,.T.);
#3206 = EDGE_CURVE('',#3198,#3207,#3209,.T.);
#3207 = VERTEX_POINT('',#3208);
#3208 = CARTESIAN_POINT('',(0.487094956612,19.355971321854,
    2.595294117647));
#3209 = B_SPLINE_CURVE_WITH_KNOTS('',3,(#3210,#3211,#3212,#3213),
  .UNSPECIFIED.,.F.,.F.,(4,4),(0.,1.),.PIECEWISE_BEZIER_KNOTS.);
#3210 = CARTESIAN_POINT('',(1.1054742898,17.655353718378,2.595294117647)
  );
#3211 = CARTESIAN_POINT('',(1.023160755402,18.054712673468,
    2.595294117647));
#3212 = CARTESIAN_POINT('',(0.849910571074,18.632890818679,
    2.595294117647));
#3213 = CARTESIAN_POINT('',(0.487094956612,19.355971321854,
    2.595294117647));
#3214 = ORIENTED_EDGE('',*,*,#3215,.T.);
#3215 = EDGE_CURVE('',#3207,#3216,#3218,.T.);
#3216 = VERTEX_POINT('',#3217);
#3217 = CARTESIAN_POINT('',(-0.487508891974,19.35475538763,
    2.595294117647));
#3218 = CIRCLE('',#3219,19.360894117645);
#3219 = AXIS2_PLACEMENT_3D('',#3220,#3221,#3222);
#3220 = CARTESIAN_POINT('',(2.394037949699E-02,6.178279920341E-04,
    2.595294117647));
#3221 = DIRECTION('',(0.,-0.,1.));
#3222 = DIRECTION('',(2.392216879556E-02,0.999713823972,0.));
#3223 = ORIENTED_EDGE('',*,*,#3224,.T.);
#3224 = EDGE_CURVE('',#3216,#3225,#3227,.T.);
#3225 = VERTEX_POINT('',#3226);
#3226 = CARTESIAN_POINT('',(-1.1054742898,17.655353718378,2.595294117647
    ));
#3227 = B_SPLINE_CURVE_WITH_KNOTS('',3,(#3228,#3229,#3230,#3231),
  .UNSPECIFIED.,.F.,.F.,(4,4),(0.,1.),.PIECEWISE_BEZIER_KNOTS.);
#3228 = CARTESIAN_POINT('',(-0.487508891974,19.35475538763,
    2.595294117647));
#3229 = CARTESIAN_POINT('',(-0.849910571074,18.632890818679,
    2.595294117647));
#3230 = CARTESIAN_POINT('',(-1.023160755402,18.054712673468,
    2.595294117647));
#3231 = CARTESIAN_POINT('',(-1.1054742898,17.655353718378,2.595294117647
    ));
#3232 = ORIENTED_EDGE('',*,*,#3233,.T.);
#3233 = EDGE_CURVE('',#3225,#3234,#3236,.T.);
#3234 = VERTEX_POINT('',#3235);
#3235 = CARTESIAN_POINT('',(-1.176519344986,17.055931989555,
    2.595294117647));
#3236 = B_SPLINE_CURVE_WITH_KNOTS('',3,(#3237,#3238,#3239,#3240),
  .UNSPECIFIED.,.F.,.F.,(4,4),(0.,1.),.PIECEWISE_BEZIER_KNOTS.);
#3237 = CARTESIAN_POINT('',(-1.1054742898,17.655353718378,2.595294117647
    ));
#3238 = CARTESIAN_POINT('',(-1.173366277804,17.322312095938,
    2.595294117647));
#3239 = CARTESIAN_POINT('',(-1.177513866521,17.122282233736,
    2.595294117647));
#3240 = CARTESIAN_POINT('',(-1.176519344986,17.055931989555,
    2.595294117647));
#3241 = ORIENTED_EDGE('',*,*,#3242,.T.);
#3242 = EDGE_CURVE('',#3234,#3243,#3245,.T.);
#3243 = VERTEX_POINT('',#3244);
#3244 = CARTESIAN_POINT('',(-1.166262531918,16.894086212921,
    2.595294117647));
#3245 = LINE('',#3246,#3247);
#3246 = CARTESIAN_POINT('',(-1.176519344986,17.055931989555,
    2.595294117647));
#3247 = VECTOR('',#3248,1.);
#3248 = DIRECTION('',(6.32471114558E-02,-0.997997897239,0.));
#3249 = ORIENTED_EDGE('',*,*,#3250,.T.);
#3250 = EDGE_CURVE('',#3243,#3251,#3253,.T.);
#3251 = VERTEX_POINT('',#3252);
#3252 = CARTESIAN_POINT('',(-1.609230836769,16.362244549644,
    2.595294117647));
#3253 = CIRCLE('',#3254,0.493105882353);
#3254 = AXIS2_PLACEMENT_3D('',#3255,#3256,#3257);
#3255 = CARTESIAN_POINT('',(-1.657651026702,16.852967380189,
    2.595294117647));
#3256 = DIRECTION('',(0.,0.,-1.));
#3257 = DIRECTION('',(0.99651720324,8.338743098338E-02,0.));
#3258 = ORIENTED_EDGE('',*,*,#3259,.T.);
#3259 = EDGE_CURVE('',#3251,#3260,#3262,.T.);
#3260 = VERTEX_POINT('',#3261);
#3261 = CARTESIAN_POINT('',(-2.072057878899,16.310096466142,
    2.595294117647));
#3262 = CIRCLE('',#3263,16.441188235292);
#3263 = AXIS2_PLACEMENT_3D('',#3264,#3265,#3266);
#3264 = CARTESIAN_POINT('',(-1.6208E-13,1.96854E-12,2.595294117647));
#3265 = DIRECTION('',(0.,0.,1.));
#3266 = DIRECTION('',(-9.787801305714E-02,0.995198419693,0.));
#3267 = ORIENTED_EDGE('',*,*,#3268,.T.);
#3268 = EDGE_CURVE('',#3260,#3269,#3271,.T.);
#3269 = VERTEX_POINT('',#3270);
#3270 = CARTESIAN_POINT('',(-2.622265947139,16.730034027624,
    2.595294117647));
#3271 = CIRCLE('',#3272,0.493105882353);
#3272 = AXIS2_PLACEMENT_3D('',#3273,#3274,#3275);
#3273 = CARTESIAN_POINT('',(-2.134047786786,16.799290356672,
    2.595294117647));
#3274 = DIRECTION('',(0.,0.,-1.));
#3275 = DIRECTION('',(0.125713178662,-0.992066629169,0.));
#3276 = ORIENTED_EDGE('',*,*,#3277,.T.);
#3277 = EDGE_CURVE('',#3269,#3278,#3280,.T.);
#3278 = VERTEX_POINT('',#3279);
#3279 = CARTESIAN_POINT('',(-2.648280367163,16.890104348356,
    2.595294117647));
#3280 = LINE('',#3281,#3282);
#3281 = CARTESIAN_POINT('',(-2.622265947139,16.730034027624,
    2.595294117647));
#3282 = VECTOR('',#3283,1.);
#3283 = DIRECTION('',(-0.160414049857,0.987049812628,0.));
#3284 = ORIENTED_EDGE('',*,*,#3285,.T.);
#3285 = EDGE_CURVE('',#3278,#3286,#3288,.T.);
#3286 = VERTEX_POINT('',#3287);
#3287 = CARTESIAN_POINT('',(-2.850928057417,17.458688310921,
    2.595294117647));
#3288 = B_SPLINE_CURVE_WITH_KNOTS('',3,(#3289,#3290,#3291,#3292),
  .UNSPECIFIED.,.F.,.F.,(4,4),(0.,1.),.PIECEWISE_BEZIER_KNOTS.);
#3289 = CARTESIAN_POINT('',(-2.648280367163,16.890104348356,
    2.595294117647));
#3290 = CARTESIAN_POINT('',(-2.662075098662,16.955012355249,
    2.595294117647));
#3291 = CARTESIAN_POINT('',(-2.710629530427,17.149104125865,
    2.595294117647));
#3292 = CARTESIAN_POINT('',(-2.850928057417,17.458688310921,
    2.595294117647));
#3293 = ORIENTED_EDGE('',*,*,#3294,.T.);
#3294 = EDGE_CURVE('',#3286,#3295,#3297,.T.);
#3295 = VERTEX_POINT('',#3296);
#3296 = CARTESIAN_POINT('',(-3.832226347086,18.979065533737,
    2.595294117647));
#3297 = B_SPLINE_CURVE_WITH_KNOTS('',3,(#3298,#3299,#3300,#3301),
  .UNSPECIFIED.,.F.,.F.,(4,4),(0.,1.),.PIECEWISE_BEZIER_KNOTS.);
#3298 = CARTESIAN_POINT('',(-2.850928057417,17.458688310921,
    2.595294117647));
#3299 = CARTESIAN_POINT('',(-3.020043547323,17.829718018667,
    2.595294117647));
#3300 = CARTESIAN_POINT('',(-3.31760672868,18.354848237821,
    2.595294117647));
#3301 = CARTESIAN_POINT('',(-3.832226347086,18.979065533737,
    2.595294117647));
#3302 = ORIENTED_EDGE('',*,*,#3303,.T.);
#3303 = EDGE_CURVE('',#3295,#3304,#3306,.T.);
#3304 = VERTEX_POINT('',#3305);
#3305 = CARTESIAN_POINT('',(-4.782124271574,18.761010326898,
    2.595294117647));
#3306 = CIRCLE('',#3307,19.360894117667);
#3307 = AXIS2_PLACEMENT_3D('',#3308,#3309,#3310);
#3308 = CARTESIAN_POINT('',(2.320266454296E-02,5.929573337836E-03,
    2.595294117647));
#3309 = DIRECTION('',(0.,0.,1.));
#3310 = DIRECTION('',(-0.199134863721,0.979972094527,0.));
#3311 = ORIENTED_EDGE('',*,*,#3312,.T.);
#3312 = EDGE_CURVE('',#3304,#3313,#3315,.T.);
#3313 = VERTEX_POINT('',#3314);
#3314 = CARTESIAN_POINT('',(-5.006443540068,16.966705968059,
    2.595294117647));
#3315 = B_SPLINE_CURVE_WITH_KNOTS('',3,(#3316,#3317,#3318,#3319),
  .UNSPECIFIED.,.F.,.F.,(4,4),(0.,1.),.PIECEWISE_BEZIER_KNOTS.);
#3316 = CARTESIAN_POINT('',(-4.782124271574,18.761010326898,
    2.595294117647));
#3317 = CARTESIAN_POINT('',(-4.974809805876,17.976602449712,
    2.595294117647));
#3318 = CARTESIAN_POINT('',(-5.015059505503,17.374368644908,
    2.595294117647));
#3319 = CARTESIAN_POINT('',(-5.006443540068,16.966705968059,
    2.595294117647));
#3320 = ORIENTED_EDGE('',*,*,#3321,.T.);
#3321 = EDGE_CURVE('',#3313,#3322,#3324,.T.);
#3322 = VERTEX_POINT('',#3323);
#3323 = CARTESIAN_POINT('',(-4.94232346446,16.366503981429,
    2.595294117647));
#3324 = B_SPLINE_CURVE_WITH_KNOTS('',3,(#3325,#3326,#3327,#3328),
  .UNSPECIFIED.,.F.,.F.,(4,4),(0.,1.),.PIECEWISE_BEZIER_KNOTS.);
#3325 = CARTESIAN_POINT('',(-5.006443540068,16.966705968059,
    2.595294117647));
#3326 = CARTESIAN_POINT('',(-4.998524601315,16.626907005845,
    2.595294117647));
#3327 = CARTESIAN_POINT('',(-4.958057369567,16.4309693846,2.595294117647
    ));
#3328 = CARTESIAN_POINT('',(-4.94232346446,16.366503981429,
    2.595294117647));
#3329 = ORIENTED_EDGE('',*,*,#3330,.T.);
#3330 = EDGE_CURVE('',#3322,#3331,#3333,.T.);
#3331 = VERTEX_POINT('',#3332);
#3332 = CARTESIAN_POINT('',(-4.896309737737,16.210998371942,
    2.595294117647));
#3333 = LINE('',#3334,#3335);
#3334 = CARTESIAN_POINT('',(-4.94232346446,16.366503981429,
    2.595294117647));
#3335 = VECTOR('',#3336,1.);
#3336 = DIRECTION('',(0.283736798503,-0.958902200005,0.));
#3337 = ORIENTED_EDGE('',*,*,#3338,.T.);
#3338 = EDGE_CURVE('',#3331,#3339,#3341,.T.);
#3339 = VERTEX_POINT('',#3340);
#3340 = CARTESIAN_POINT('',(-5.209825998718,15.593921368644,
    2.595294117647));
#3341 = CIRCLE('',#3342,0.493105882353);
#3342 = AXIS2_PLACEMENT_3D('',#3343,#3344,#3345);
#3343 = CARTESIAN_POINT('',(-5.366228295964,16.061566247401,
    2.595294117647));
#3344 = DIRECTION('',(0.,0.,-1.));
#3345 = DIRECTION('',(0.952976987386,0.303042672759,0.));
#3346 = ORIENTED_EDGE('',*,*,#3347,.T.);
#3347 = EDGE_CURVE('',#3339,#3348,#3350,.T.);
#3348 = VERTEX_POINT('',#3349);
#3349 = CARTESIAN_POINT('',(-5.649444960358,15.440092040796,
    2.595294117647));
#3350 = CIRCLE('',#3351,16.441188235314);
#3351 = AXIS2_PLACEMENT_3D('',#3352,#3353,#3354);
#3352 = CARTESIAN_POINT('',(6.57814E-12,-1.878413E-11,2.595294117647));
#3353 = DIRECTION('',(0.,0.,1.));
#3354 = DIRECTION('',(-0.31687648874,0.948466810639,0.));
#3355 = ORIENTED_EDGE('',*,*,#3356,.T.);
#3356 = EDGE_CURVE('',#3348,#3357,#3359,.T.);
#3357 = VERTEX_POINT('',#3358);
#3358 = CARTESIAN_POINT('',(-6.279303061977,15.727068077643,
    2.595294117647));
#3359 = CIRCLE('',#3360,0.493105882353);
#3360 = AXIS2_PLACEMENT_3D('',#3361,#3362,#3363);
#3361 = CARTESIAN_POINT('',(-5.818736533238,15.903226766943,
    2.595294117647));
#3362 = DIRECTION('',(0.,0.,-1.));
#3363 = DIRECTION('',(0.343316879676,-0.939219633594,0.));
#3364 = ORIENTED_EDGE('',*,*,#3365,.T.);
#3365 = EDGE_CURVE('',#3357,#3366,#3368,.T.);
#3366 = VERTEX_POINT('',#3367);
#3367 = CARTESIAN_POINT('',(-6.340284243446,15.877336348197,
    2.595294117647));
#3368 = LINE('',#3369,#3370);
#3369 = CARTESIAN_POINT('',(-6.279303061977,15.727068077643,
    2.595294117647));
#3370 = VECTOR('',#3371,1.);
#3371 = DIRECTION('',(-0.376031380879,0.926606928851,0.));
#3372 = ORIENTED_EDGE('',*,*,#3373,.T.);
#3373 = EDGE_CURVE('',#3366,#3374,#3376,.T.);
#3374 = VERTEX_POINT('',#3375);
#3375 = CARTESIAN_POINT('',(-6.664372967397,16.38657137042,
    2.595294117647));
#3376 = B_SPLINE_CURVE_WITH_KNOTS('',3,(#3377,#3378,#3379,#3380),
  .UNSPECIFIED.,.F.,.F.,(4,4),(0.,1.),.PIECEWISE_BEZIER_KNOTS.);
#3377 = CARTESIAN_POINT('',(-6.340284243446,15.877336348197,
    2.595294117647));
#3378 = CARTESIAN_POINT('',(-6.368176502541,15.937547359304,
    2.595294117647));
#3379 = CARTESIAN_POINT('',(-6.458703055399,16.115968466498,
    2.595294117647));
#3380 = CARTESIAN_POINT('',(-6.664372967396,16.38657137042,
    2.595294117647));
#3381 = ORIENTED_EDGE('',*,*,#3382,.T.);
#3382 = EDGE_CURVE('',#3374,#3383,#3385,.T.);
#3383 = VERTEX_POINT('',#3384);
#3384 = CARTESIAN_POINT('',(-7.959383819759,17.650470150083,
    2.595294117647));
#3385 = B_SPLINE_CURVE_WITH_KNOTS('',3,(#3386,#3387,#3388,#3389),
  .UNSPECIFIED.,.F.,.F.,(4,4),(0.,1.),.PIECEWISE_BEZIER_KNOTS.);
#3386 = CARTESIAN_POINT('',(-6.664372967396,16.38657137042,
    2.595294117647));
#3387 = CARTESIAN_POINT('',(-6.911810255981,16.71066685199,
    2.595294117647));
#3388 = CARTESIAN_POINT('',(-7.318765373939,17.156416923147,
    2.595294117647));
#3389 = CARTESIAN_POINT('',(-7.959383819759,17.650470150083,
    2.595294117647));
#3390 = ORIENTED_EDGE('',*,*,#3391,.T.);
#3391 = EDGE_CURVE('',#3383,#3392,#3394,.T.);
#3392 = VERTEX_POINT('',#3393);
#3393 = CARTESIAN_POINT('',(-8.836943971785,17.226509869218,
    2.595294117647));
#3394 = CIRCLE('',#3395,19.360894117645);
#3395 = AXIS2_PLACEMENT_3D('',#3396,#3397,#3398);
#3396 = CARTESIAN_POINT('',(2.130147109333E-02,1.094398515841E-02,
    2.595294117647));
#3397 = DIRECTION('',(0.,0.,1.));
#3398 = DIRECTION('',(-0.412206442655,0.911090472255,0.));
#3399 = ORIENTED_EDGE('',*,*,#3400,.T.);
#3400 = EDGE_CURVE('',#3392,#3401,#3403,.T.);
#3401 = VERTEX_POINT('',#3402);
#3402 = CARTESIAN_POINT('',(-8.656368806149,15.427276733707,
    2.595294117647));
#3403 = B_SPLINE_CURVE_WITH_KNOTS('',3,(#3404,#3405,#3406,#3407),
  .UNSPECIFIED.,.F.,.F.,(4,4),(0.,1.),.PIECEWISE_BEZIER_KNOTS.);
#3404 = CARTESIAN_POINT('',(-8.836943971785,17.226509869218,
    2.595294117647));
#3405 = CARTESIAN_POINT('',(-8.850251304016,16.418892170161,
    2.595294117647));
#3406 = CARTESIAN_POINT('',(-8.755482230934,15.822801223446,
    2.595294117647));
#3407 = CARTESIAN_POINT('',(-8.656368806149,15.427276733707,
    2.595294117647));
#3408 = ORIENTED_EDGE('',*,*,#3409,.T.);
#3409 = EDGE_CURVE('',#3401,#3410,#3412,.T.);
#3410 = VERTEX_POINT('',#3411);
#3411 = CARTESIAN_POINT('',(-8.46029884808,14.856391123104,
    2.595294117647));
#3412 = B_SPLINE_CURVE_WITH_KNOTS('',3,(#3413,#3414,#3415,#3416),
  .UNSPECIFIED.,.F.,.F.,(4,4),(0.,1.),.PIECEWISE_BEZIER_KNOTS.);
#3413 = CARTESIAN_POINT('',(-8.656368806149,15.427276733707,
    2.595294117647));
#3414 = CARTESIAN_POINT('',(-8.573036029295,15.097759370562,
    2.595294117647));
#3415 = CARTESIAN_POINT('',(-8.489983173058,14.915739120766,
    2.595294117647));
#3416 = CARTESIAN_POINT('',(-8.46029884808,14.856391123104,
    2.595294117647));
#3417 = ORIENTED_EDGE('',*,*,#3418,.T.);
#3418 = EDGE_CURVE('',#3410,#3419,#3421,.T.);
#3419 = VERTEX_POINT('',#3420);
#3420 = CARTESIAN_POINT('',(-8.380835528096,14.71502338136,
    2.595294117647));
#3421 = LINE('',#3422,#3423);
#3422 = CARTESIAN_POINT('',(-8.46029884808,14.856391123104,
    2.595294117647));
#3423 = VECTOR('',#3424,1.);
#3424 = DIRECTION('',(0.489998737692,-0.871723142437,0.));
#3425 = ORIENTED_EDGE('',*,*,#3426,.T.);
#3426 = EDGE_CURVE('',#3419,#3427,#3429,.T.);
#3427 = VERTEX_POINT('',#3428);
#3428 = CARTESIAN_POINT('',(-8.549178730753,14.043653855675,
    2.595294117647));
#3429 = CIRCLE('',#3430,0.493105882353);
#3430 = AXIS2_PLACEMENT_3D('',#3431,#3432,#3433);
#3431 = CARTESIAN_POINT('',(-8.805720471048,14.464771115708,
    2.595294117647));
#3432 = DIRECTION('',(0.,0.,-1.));
#3433 = DIRECTION('',(0.861650526098,0.507502089527,0.));
#3434 = ORIENTED_EDGE('',*,*,#3435,.T.);
#3435 = EDGE_CURVE('',#3427,#3436,#3438,.T.);
#3436 = VERTEX_POINT('',#3437);
#3437 = CARTESIAN_POINT('',(-8.943545281478,13.795856928315,
    2.595294117647));
#3438 = CIRCLE('',#3439,16.441188235319);
#3439 = AXIS2_PLACEMENT_3D('',#3440,#3441,#3442);
#3440 = CARTESIAN_POINT('',(1.307271E-11,-2.061552E-11,2.595294117647));
#3441 = DIRECTION('',(0.,0.,1.));
#3442 = DIRECTION('',(-0.519985454117,0.854175115247,0.));
#3443 = ORIENTED_EDGE('',*,*,#3444,.T.);
#3444 = EDGE_CURVE('',#3436,#3445,#3447,.T.);
#3445 = VERTEX_POINT('',#3446);
#3446 = CARTESIAN_POINT('',(-9.621469701202,13.935481263732,
    2.595294117647));
#3447 = CIRCLE('',#3448,0.493105882353);
#3448 = AXIS2_PLACEMENT_3D('',#3449,#3450,#3451);
#3449 = CARTESIAN_POINT('',(-9.211649532985,14.209708981028,
    2.595294117647));
#3450 = DIRECTION('',(0.,-0.,-1.));
#3451 = DIRECTION('',(0.543705238777,-0.839276243752,0.));
#3452 = ORIENTED_EDGE('',*,*,#3453,.T.);
#3453 = EDGE_CURVE('',#3445,#3454,#3456,.T.);
#3454 = VERTEX_POINT('',#3455);
#3455 = CARTESIAN_POINT('',(-9.714359793042,14.068412405556,
    2.595294117647));
#3456 = LINE('',#3457,#3458);
#3457 = CARTESIAN_POINT('',(-9.621469701202,13.935481263732,
    2.595294117647));
#3458 = VECTOR('',#3459,1.);
#3459 = DIRECTION('',(-0.572792928293,0.819700104488,0.));
#3460 = ORIENTED_EDGE('',*,*,#3461,.T.);
#3461 = EDGE_CURVE('',#3454,#3462,#3464,.T.);
#3462 = VERTEX_POINT('',#3463);
#3463 = CARTESIAN_POINT('',(-10.14363838879,14.492763317044,
    2.595294117647));
#3464 = B_SPLINE_CURVE_WITH_KNOTS('',3,(#3465,#3466,#3467,#3468),
  .UNSPECIFIED.,.F.,.F.,(4,4),(0.,1.),.PIECEWISE_BEZIER_KNOTS.);
#3465 = CARTESIAN_POINT('',(-9.714359793042,14.068412405556,
    2.595294117647));
#3466 = CARTESIAN_POINT('',(-9.754950945393,14.120907189361,
    2.595294117647));
#3467 = CARTESIAN_POINT('',(-9.882910239978,14.274710853797,
    2.595294117647));
#3468 = CARTESIAN_POINT('',(-10.14363838879,14.492763317044,
    2.595294117647));
#3469 = ORIENTED_EDGE('',*,*,#3470,.T.);
#3470 = EDGE_CURVE('',#3462,#3471,#3473,.T.);
#3471 = VERTEX_POINT('',#3472);
#3472 = CARTESIAN_POINT('',(-11.68742455221,15.436806491159,
    2.595294117647));
#3473 = B_SPLINE_CURVE_WITH_KNOTS('',3,(#3474,#3475,#3476,#3477),
  .UNSPECIFIED.,.F.,.F.,(4,4),(0.,1.),.PIECEWISE_BEZIER_KNOTS.);
#3474 = CARTESIAN_POINT('',(-10.14363838879,14.492763317044,
    2.595294117647));
#3475 = CARTESIAN_POINT('',(-10.45698993719,14.753673071687,
    2.595294117647));
#3476 = CARTESIAN_POINT('',(-10.95293056284,15.097691224989,
    2.595294117647));
#3477 = CARTESIAN_POINT('',(-11.68742455221,15.436806491159,
    2.595294117647));
#3478 = ORIENTED_EDGE('',*,*,#3479,.T.);
#3479 = EDGE_CURVE('',#3471,#3480,#3482,.T.);
#3480 = VERTEX_POINT('',#3481);
#3481 = CARTESIAN_POINT('',(-12.44864240138,14.828200275055,
    2.595294117647));
#3482 = CIRCLE('',#3483,19.36089411765);
#3483 = AXIS2_PLACEMENT_3D('',#3484,#3485,#3486);
#3484 = CARTESIAN_POINT('',(1.833213294389E-02,1.540961983983E-02,
    2.595294117647));
#3485 = DIRECTION('',(0.,0.,1.));
#3486 = DIRECTION('',(-0.60460826933,0.796522969322,0.));
#3487 = ORIENTED_EDGE('',*,*,#3488,.T.);
#3488 = EDGE_CURVE('',#3480,#3489,#3491,.T.);
#3489 = VERTEX_POINT('',#3490);
#3490 = CARTESIAN_POINT('',(-11.87222759444,13.114259425229,
    2.595294117647));
#3491 = B_SPLINE_CURVE_WITH_KNOTS('',3,(#3492,#3493,#3494,#3495),
  .UNSPECIFIED.,.F.,.F.,(4,4),(0.,1.),.PIECEWISE_BEZIER_KNOTS.);
#3492 = CARTESIAN_POINT('',(-12.44864240138,14.828200275055,
    2.595294117647));
#3493 = CARTESIAN_POINT('',(-12.28190424634,14.037870077876,
    2.595294117647));
#3494 = CARTESIAN_POINT('',(-12.05686851759,13.477812478377,
    2.595294117647));
#3495 = CARTESIAN_POINT('',(-11.87222759444,13.114259425229,
    2.595294117647));
#3496 = ORIENTED_EDGE('',*,*,#3497,.T.);
#3497 = EDGE_CURVE('',#3489,#3498,#3500,.T.);
#3498 = VERTEX_POINT('',#3499);
#3499 = CARTESIAN_POINT('',(-11.55403952032,12.60131677898,
    2.595294117647));
#3500 = B_SPLINE_CURVE_WITH_KNOTS('',3,(#3501,#3502,#3503,#3504),
  .UNSPECIFIED.,.F.,.F.,(4,4),(0.,1.),.PIECEWISE_BEZIER_KNOTS.);
#3501 = CARTESIAN_POINT('',(-11.87222759444,13.114259425229,
    2.595294117647));
#3502 = CARTESIAN_POINT('',(-11.71765963288,12.811547037686,
    2.595294117647));
#3503 = CARTESIAN_POINT('',(-11.59618576917,12.652571414715,
    2.595294117647));
#3504 = CARTESIAN_POINT('',(-11.55403952032,12.60131677898,
    2.595294117647));
#3505 = ORIENTED_EDGE('',*,*,#3506,.T.);
#3506 = EDGE_CURVE('',#3498,#3507,#3509,.T.);
#3507 = VERTEX_POINT('',#3508);
#3508 = CARTESIAN_POINT('',(-11.44511122975,12.48117567385,
    2.595294117647));
#3509 = LINE('',#3510,#3511);
#3510 = CARTESIAN_POINT('',(-11.55403952032,12.60131677898,
    2.595294117647));
#3511 = VECTOR('',#3512,1.);
#3512 = DIRECTION('',(0.671690094116,-0.740832246508,0.));
#3513 = ORIENTED_EDGE('',*,*,#3514,.T.);
#3514 = EDGE_CURVE('',#3507,#3515,#3517,.T.);
#3515 = VERTEX_POINT('',#3516);
#3516 = CARTESIAN_POINT('',(-11.45983994296,11.789178897191,
    2.595294117647));
#3517 = CIRCLE('',#3518,0.493105882353);
#3518 = AXIS2_PLACEMENT_3D('',#3519,#3520,#3521);
#3519 = CARTESIAN_POINT('',(-11.80365705222,12.142651960649,
    2.595294117647));
#3520 = DIRECTION('',(0.,0.,-1.));
#3521 = DIRECTION('',(0.727117309493,0.686513232382,0.));
#3522 = ORIENTED_EDGE('',*,*,#3523,.T.);
#3523 = EDGE_CURVE('',#3515,#3524,#3526,.T.);
#3524 = VERTEX_POINT('',#3525);
#3525 = CARTESIAN_POINT('',(-11.78917889719,11.459839942966,
    2.595294117647));
#3526 = CIRCLE('',#3527,16.441188235255);
#3527 = AXIS2_PLACEMENT_3D('',#3528,#3529,#3530);
#3528 = CARTESIAN_POINT('',(-2.753308E-11,2.761837E-11,2.595294117647));
#3529 = DIRECTION('',(0.,0.,1.));
#3530 = DIRECTION('',(-0.697020177554,0.717051512851,0.));
#3531 = ORIENTED_EDGE('',*,*,#3532,.T.);
#3532 = EDGE_CURVE('',#3524,#3533,#3535,.T.);
#3533 = VERTEX_POINT('',#3534);
#3534 = CARTESIAN_POINT('',(-12.48117567385,11.445111229755,
    2.595294117647));
#3535 = CIRCLE('',#3536,0.493105882353);
#3536 = AXIS2_PLACEMENT_3D('',#3537,#3538,#3539);
#3537 = CARTESIAN_POINT('',(-12.14265196064,11.803657052227,
    2.595294117647));
#3538 = DIRECTION('',(0.,-0.,-1.));
#3539 = DIRECTION('',(0.71682994689,-0.697248038535,0.));
#3540 = ORIENTED_EDGE('',*,*,#3541,.T.);
#3541 = EDGE_CURVE('',#3533,#3542,#3544,.T.);
#3542 = VERTEX_POINT('',#3543);
#3543 = CARTESIAN_POINT('',(-12.60131677898,11.554039520326,
    2.595294117647));
#3544 = LINE('',#3545,#3546);
#3545 = CARTESIAN_POINT('',(-12.48117567385,11.445111229755,
    2.595294117647));
#3546 = VECTOR('',#3547,1.);
#3547 = DIRECTION('',(-0.740832246508,0.671690094116,0.));
#3548 = ORIENTED_EDGE('',*,*,#3549,.T.);
#3549 = EDGE_CURVE('',#3542,#3550,#3552,.T.);
#3550 = VERTEX_POINT('',#3551);
#3551 = CARTESIAN_POINT('',(-13.11425942522,11.872227594442,
    2.595294117647));
#3552 = B_SPLINE_CURVE_WITH_KNOTS('',3,(#3553,#3554,#3555,#3556),
  .UNSPECIFIED.,.F.,.F.,(4,4),(0.,1.),.PIECEWISE_BEZIER_KNOTS.);
#3553 = CARTESIAN_POINT('',(-12.60131677898,11.554039520326,
    2.595294117647));
#3554 = CARTESIAN_POINT('',(-12.65257141471,11.59618576917,
    2.595294117647));
#3555 = CARTESIAN_POINT('',(-12.81154703768,11.717659632885,
    2.595294117647));
#3556 = CARTESIAN_POINT('',(-13.11425942522,11.872227594442,
    2.595294117647));
#3557 = ORIENTED_EDGE('',*,*,#3558,.T.);
#3558 = EDGE_CURVE('',#3550,#3559,#3561,.T.);
#3559 = VERTEX_POINT('',#3560);
#3560 = CARTESIAN_POINT('',(-14.82940901519,12.449076896277,
    2.595294117647));
#3561 = B_SPLINE_CURVE_WITH_KNOTS('',3,(#3562,#3563,#3564,#3565),
  .UNSPECIFIED.,.F.,.F.,(4,4),(0.,1.),.PIECEWISE_BEZIER_KNOTS.);
#3562 = CARTESIAN_POINT('',(-13.11425942522,11.872227594442,
    2.595294117647));
#3563 = CARTESIAN_POINT('',(-13.47781247837,12.056868517596,
    2.595294117647));
#3564 = CARTESIAN_POINT('',(-14.03787007787,12.281904246341,
    2.595294117647));
#3565 = CARTESIAN_POINT('',(-14.82940901519,12.449076896277,
    2.595294117647));
#3566 = ORIENTED_EDGE('',*,*,#3567,.T.);
#3567 = EDGE_CURVE('',#3559,#3568,#3570,.T.);
#3568 = VERTEX_POINT('',#3569);
#3569 = CARTESIAN_POINT('',(-15.43611391997,11.686342801929,
    2.595294117647));
#3570 = CIRCLE('',#3571,19.36089411765);
#3571 = AXIS2_PLACEMENT_3D('',#3572,#3573,#3574);
#3572 = CARTESIAN_POINT('',(1.444354509797E-02,1.910255184223E-02,
    2.595294117647));
#3573 = DIRECTION('',(0.,0.,1.));
#3574 = DIRECTION('',(-0.766692512757,0.642014478717,0.));
#3575 = ORIENTED_EDGE('',*,*,#3576,.T.);
#3576 = EDGE_CURVE('',#3568,#3577,#3579,.T.);
#3577 = VERTEX_POINT('',#3578);
#3578 = CARTESIAN_POINT('',(-14.49276331704,10.143638388793,
    2.595294117647));
#3579 = B_SPLINE_CURVE_WITH_KNOTS('',3,(#3580,#3581,#3582,#3583),
  .UNSPECIFIED.,.F.,.F.,(4,4),(0.,1.),.PIECEWISE_BEZIER_KNOTS.);
#3580 = CARTESIAN_POINT('',(-15.43611391997,11.686342801929,
    2.595294117647));
#3581 = CARTESIAN_POINT('',(-15.09769122498,10.952930562846,
    2.595294117647));
#3582 = CARTESIAN_POINT('',(-14.75367307168,10.456989937198,
    2.595294117647));
#3583 = CARTESIAN_POINT('',(-14.49276331704,10.143638388793,
    2.595294117647));
#3584 = ORIENTED_EDGE('',*,*,#3585,.T.);
#3585 = EDGE_CURVE('',#3577,#3586,#3588,.T.);
#3586 = VERTEX_POINT('',#3587);
#3587 = CARTESIAN_POINT('',(-14.06841240555,9.714359793042,
    2.595294117647));
#3588 = B_SPLINE_CURVE_WITH_KNOTS('',3,(#3589,#3590,#3591,#3592),
  .UNSPECIFIED.,.F.,.F.,(4,4),(0.,1.),.PIECEWISE_BEZIER_KNOTS.);
#3589 = CARTESIAN_POINT('',(-14.49276331704,10.143638388793,
    2.595294117647));
#3590 = CARTESIAN_POINT('',(-14.27471085379,9.882910239978,
    2.595294117647));
#3591 = CARTESIAN_POINT('',(-14.12090718936,9.754950945393,
    2.595294117647));
#3592 = CARTESIAN_POINT('',(-14.06841240555,9.714359793042,
    2.595294117647));
#3593 = ORIENTED_EDGE('',*,*,#3594,.T.);
#3594 = EDGE_CURVE('',#3586,#3595,#3597,.T.);
#3595 = VERTEX_POINT('',#3596);
#3596 = CARTESIAN_POINT('',(-13.93548126373,9.621469701202,
    2.595294117647));
#3597 = LINE('',#3598,#3599);
#3598 = CARTESIAN_POINT('',(-14.06841240555,9.714359793042,
    2.595294117647));
#3599 = VECTOR('',#3600,1.);
#3600 = DIRECTION('',(0.819700104488,-0.572792928293,0.));
#3601 = ORIENTED_EDGE('',*,*,#3602,.T.);
#3602 = EDGE_CURVE('',#3595,#3603,#3605,.T.);
#3603 = VERTEX_POINT('',#3604);
#3604 = CARTESIAN_POINT('',(-13.79585692831,8.943545281478,
    2.595294117647));
#3605 = CIRCLE('',#3606,0.493105882353);
#3606 = AXIS2_PLACEMENT_3D('',#3607,#3608,#3609);
#3607 = CARTESIAN_POINT('',(-14.20970898102,9.211649532985,
    2.595294117647));
#3608 = DIRECTION('',(0.,0.,-1.));
#3609 = DIRECTION('',(0.556123394812,0.831099735136,0.));
#3610 = ORIENTED_EDGE('',*,*,#3611,.T.);
#3611 = EDGE_CURVE('',#3603,#3612,#3614,.T.);
#3612 = VERTEX_POINT('',#3613);
#3613 = CARTESIAN_POINT('',(-14.04365385567,8.549178730753,
    2.595294117647));
#3614 = CIRCLE('',#3615,16.441188235297);
#3615 = AXIS2_PLACEMENT_3D('',#3616,#3617,#3618);
#3616 = CARTESIAN_POINT('',(2.73383E-12,-1.59396E-12,2.595294117647));
#3617 = DIRECTION('',(0.,0.,1.));
#3618 = DIRECTION('',(-0.839103398786,0.543971953455,0.));
#3619 = ORIENTED_EDGE('',*,*,#3620,.T.);
#3620 = EDGE_CURVE('',#3612,#3621,#3623,.T.);
#3621 = VERTEX_POINT('',#3622);
#3622 = CARTESIAN_POINT('',(-14.71502338136,8.380835528096,
    2.595294117647));
#3623 = CIRCLE('',#3624,0.493105882353);
#3624 = AXIS2_PLACEMENT_3D('',#3625,#3626,#3627);
#3625 = CARTESIAN_POINT('',(-14.4647711157,8.805720471048,2.595294117647
    ));
#3626 = DIRECTION('',(0.,-0.,-1.));
#3627 = DIRECTION('',(0.854009808245,-0.520256905212,0.));
#3628 = ORIENTED_EDGE('',*,*,#3629,.T.);
#3629 = EDGE_CURVE('',#3621,#3630,#3632,.T.);
#3630 = VERTEX_POINT('',#3631);
#3631 = CARTESIAN_POINT('',(-14.8563911231,8.46029884808,2.595294117647)
  );
#3632 = LINE('',#3633,#3634);
#3633 = CARTESIAN_POINT('',(-14.71502338136,8.380835528096,
    2.595294117647));
#3634 = VECTOR('',#3635,1.);
#3635 = DIRECTION('',(-0.871723142437,0.489998737692,0.));
#3636 = ORIENTED_EDGE('',*,*,#3637,.T.);
#3637 = EDGE_CURVE('',#3630,#3638,#3640,.T.);
#3638 = VERTEX_POINT('',#3639);
#3639 = CARTESIAN_POINT('',(-15.4272767337,8.656368806149,2.595294117647
    ));
#3640 = B_SPLINE_CURVE_WITH_KNOTS('',3,(#3641,#3642,#3643,#3644),
  .UNSPECIFIED.,.F.,.F.,(4,4),(0.,1.),.PIECEWISE_BEZIER_KNOTS.);
#3641 = CARTESIAN_POINT('',(-14.8563911231,8.46029884808,2.595294117647)
  );
#3642 = CARTESIAN_POINT('',(-14.91573912076,8.489983173058,
    2.595294117647));
#3643 = CARTESIAN_POINT('',(-15.09775937056,8.573036029295,
    2.595294117647));
#3644 = CARTESIAN_POINT('',(-15.4272767337,8.656368806149,2.595294117647
    ));
#3645 = ORIENTED_EDGE('',*,*,#3646,.T.);
#3646 = EDGE_CURVE('',#3638,#3647,#3649,.T.);
#3647 = VERTEX_POINT('',#3648);
#3648 = CARTESIAN_POINT('',(-17.22778498792,8.837098602998,
    2.595294117647));
#3649 = B_SPLINE_CURVE_WITH_KNOTS('',3,(#3650,#3651,#3652,#3653),
  .UNSPECIFIED.,.F.,.F.,(4,4),(0.,1.),.PIECEWISE_BEZIER_KNOTS.);
#3650 = CARTESIAN_POINT('',(-15.4272767337,8.656368806149,2.595294117647
    ));
#3651 = CARTESIAN_POINT('',(-15.82280122344,8.755482230934,
    2.595294117647));
#3652 = CARTESIAN_POINT('',(-16.41889217016,8.850251304016,
    2.595294117647));
#3653 = CARTESIAN_POINT('',(-17.22778498792,8.837098602998,
    2.595294117647));
#3654 = ORIENTED_EDGE('',*,*,#3655,.T.);
#3655 = EDGE_CURVE('',#3647,#3656,#3658,.T.);
#3656 = VERTEX_POINT('',#3657);
#3657 = CARTESIAN_POINT('',(-17.64955423102,7.958483302796,
    2.595294117647));
#3658 = CIRCLE('',#3659,19.36089411765);
#3659 = AXIS2_PLACEMENT_3D('',#3660,#3661,#3662);
#3660 = CARTESIAN_POINT('',(9.830697589565E-03,2.183760212996E-02,
    2.595294117647));
#3661 = DIRECTION('',(0.,0.,1.));
#3662 = DIRECTION('',(-0.890331592165,0.45531270133,0.));
#3663 = ORIENTED_EDGE('',*,*,#3664,.T.);
#3664 = EDGE_CURVE('',#3656,#3665,#3667,.T.);
#3665 = VERTEX_POINT('',#3666);
#3666 = CARTESIAN_POINT('',(-16.38657137042,6.664372967396,
    2.595294117647));
#3667 = B_SPLINE_CURVE_WITH_KNOTS('',3,(#3668,#3669,#3670,#3671),
  .UNSPECIFIED.,.F.,.F.,(4,4),(0.,1.),.PIECEWISE_BEZIER_KNOTS.);
#3668 = CARTESIAN_POINT('',(-17.64955423102,7.958483302796,
    2.595294117647));
#3669 = CARTESIAN_POINT('',(-17.15641692314,7.318765373939,
    2.595294117647));
#3670 = CARTESIAN_POINT('',(-16.71066685199,6.911810255981,
    2.595294117647));
#3671 = CARTESIAN_POINT('',(-16.38657137042,6.664372967396,
    2.595294117647));
#3672 = ORIENTED_EDGE('',*,*,#3673,.T.);
#3673 = EDGE_CURVE('',#3665,#3674,#3676,.T.);
#3674 = VERTEX_POINT('',#3675);
#3675 = CARTESIAN_POINT('',(-15.87733634819,6.340284243446,
    2.595294117647));
#3676 = B_SPLINE_CURVE_WITH_KNOTS('',3,(#3677,#3678,#3679,#3680),
  .UNSPECIFIED.,.F.,.F.,(4,4),(0.,1.),.PIECEWISE_BEZIER_KNOTS.);
#3677 = CARTESIAN_POINT('',(-16.38657137042,6.664372967396,
    2.595294117647));
#3678 = CARTESIAN_POINT('',(-16.11596846649,6.458703055399,
    2.595294117647));
#3679 = CARTESIAN_POINT('',(-15.9375473593,6.368176502541,2.595294117647
    ));
#3680 = CARTESIAN_POINT('',(-15.87733634819,6.340284243446,
    2.595294117647));
#3681 = ORIENTED_EDGE('',*,*,#3682,.T.);
#3682 = EDGE_CURVE('',#3674,#3683,#3685,.T.);
#3683 = VERTEX_POINT('',#3684);
#3684 = CARTESIAN_POINT('',(-15.72706807764,6.279303061977,
    2.595294117647));
#3685 = LINE('',#3686,#3687);
#3686 = CARTESIAN_POINT('',(-15.87733634819,6.340284243446,
    2.595294117647));
#3687 = VECTOR('',#3688,1.);
#3688 = DIRECTION('',(0.926606928851,-0.376031380879,0.));
#3689 = ORIENTED_EDGE('',*,*,#3690,.T.);
#3690 = EDGE_CURVE('',#3683,#3691,#3693,.T.);
#3691 = VERTEX_POINT('',#3692);
#3692 = CARTESIAN_POINT('',(-15.44009204079,5.649444960358,
    2.595294117647));
#3693 = CIRCLE('',#3694,0.493105882353);
#3694 = AXIS2_PLACEMENT_3D('',#3695,#3696,#3697);
#3695 = CARTESIAN_POINT('',(-15.90322676694,5.818736533238,
    2.595294117647));
#3696 = DIRECTION('',(0.,0.,-1.));
#3697 = DIRECTION('',(0.357243130947,0.934011426799,0.));
#3698 = ORIENTED_EDGE('',*,*,#3699,.T.);
#3699 = EDGE_CURVE('',#3691,#3700,#3702,.T.);
#3700 = VERTEX_POINT('',#3701);
#3701 = CARTESIAN_POINT('',(-15.59392136864,5.209825998718,
    2.595294117647));
#3702 = CIRCLE('',#3703,16.441188235334);
#3703 = AXIS2_PLACEMENT_3D('',#3704,#3705,#3706);
#3704 = CARTESIAN_POINT('',(3.781375E-11,-1.313783E-11,2.595294117647));
#3705 = DIRECTION('',(0.,0.,1.));
#3706 = DIRECTION('',(-0.939110471812,0.343615368884,0.));
#3707 = ORIENTED_EDGE('',*,*,#3708,.T.);
#3708 = EDGE_CURVE('',#3700,#3709,#3711,.T.);
#3709 = VERTEX_POINT('',#3710);
#3710 = CARTESIAN_POINT('',(-16.21099837194,4.896309737737,
    2.595294117647));
#3711 = CIRCLE('',#3712,0.493105882353);
#3712 = AXIS2_PLACEMENT_3D('',#3713,#3714,#3715);
#3713 = CARTESIAN_POINT('',(-16.0615662474,5.366228295964,2.595294117647
    ));
#3714 = DIRECTION('',(0.,0.,-1.));
#3715 = DIRECTION('',(0.94836605178,-0.317177918258,0.));
#3716 = ORIENTED_EDGE('',*,*,#3717,.T.);
#3717 = EDGE_CURVE('',#3709,#3718,#3720,.T.);
#3718 = VERTEX_POINT('',#3719);
#3719 = CARTESIAN_POINT('',(-16.36650398142,4.94232346446,2.595294117647
    ));
#3720 = LINE('',#3721,#3722);
#3721 = CARTESIAN_POINT('',(-16.21099837194,4.896309737737,
    2.595294117647));
#3722 = VECTOR('',#3723,1.);
#3723 = DIRECTION('',(-0.958902200005,0.283736798503,0.));
#3724 = ORIENTED_EDGE('',*,*,#3725,.T.);
#3725 = EDGE_CURVE('',#3718,#3726,#3728,.T.);
#3726 = VERTEX_POINT('',#3727);
#3727 = CARTESIAN_POINT('',(-16.96670596805,5.006443540068,
    2.595294117647));
#3728 = B_SPLINE_CURVE_WITH_KNOTS('',3,(#3729,#3730,#3731,#3732),
  .UNSPECIFIED.,.F.,.F.,(4,4),(0.,1.),.PIECEWISE_BEZIER_KNOTS.);
#3729 = CARTESIAN_POINT('',(-16.36650398142,4.94232346446,2.595294117647
    ));
#3730 = CARTESIAN_POINT('',(-16.4309693846,4.958057369567,2.595294117647
    ));
#3731 = CARTESIAN_POINT('',(-16.62690700584,4.998524601315,
    2.595294117647));
#3732 = CARTESIAN_POINT('',(-16.96670596805,5.006443540068,
    2.595294117647));
#3733 = ORIENTED_EDGE('',*,*,#3734,.T.);
#3734 = EDGE_CURVE('',#3726,#3735,#3737,.T.);
#3735 = VERTEX_POINT('',#3736);
#3736 = CARTESIAN_POINT('',(-18.76228788439,4.781991285255,
    2.595294117647));
#3737 = B_SPLINE_CURVE_WITH_KNOTS('',3,(#3738,#3739,#3740,#3741),
  .UNSPECIFIED.,.F.,.F.,(4,4),(0.,1.),.PIECEWISE_BEZIER_KNOTS.);
#3738 = CARTESIAN_POINT('',(-16.96670596805,5.006443540068,
    2.595294117647));
#3739 = CARTESIAN_POINT('',(-17.3743686449,5.015059505503,2.595294117647
    ));
#3740 = CARTESIAN_POINT('',(-17.97660244971,4.974809805876,
    2.595294117647));
#3741 = CARTESIAN_POINT('',(-18.76228788439,4.781991285255,
    2.595294117647));
#3742 = ORIENTED_EDGE('',*,*,#3743,.T.);
#3743 = EDGE_CURVE('',#3735,#3744,#3746,.T.);
#3744 = VERTEX_POINT('',#3745);
#3745 = CARTESIAN_POINT('',(-18.9779721948,3.831552219129,2.595294117647
    ));
#3746 = CIRCLE('',#3747,19.360894117658);
#3747 = AXIS2_PLACEMENT_3D('',#3748,#3749,#3750);
#3748 = CARTESIAN_POINT('',(4.724897863389E-03,2.347762385874E-02,
    2.595294117647));
#3749 = DIRECTION('',(0.,0.,1.));
#3750 = DIRECTION('',(-0.969325727841,0.245779643878,0.));
#3751 = ORIENTED_EDGE('',*,*,#3752,.T.);
#3752 = EDGE_CURVE('',#3744,#3753,#3755,.T.);
#3753 = VERTEX_POINT('',#3754);
#3754 = CARTESIAN_POINT('',(-17.45868831092,2.850928057417,
    2.595294117647));
#3755 = B_SPLINE_CURVE_WITH_KNOTS('',3,(#3756,#3757,#3758,#3759),
  .UNSPECIFIED.,.F.,.F.,(4,4),(0.,1.),.PIECEWISE_BEZIER_KNOTS.);
#3756 = CARTESIAN_POINT('',(-18.9779721948,3.831552219129,2.595294117647
    ));
#3757 = CARTESIAN_POINT('',(-18.35484823782,3.31760672868,2.595294117647
    ));
#3758 = CARTESIAN_POINT('',(-17.82971801866,3.020043547323,
    2.595294117647));
#3759 = CARTESIAN_POINT('',(-17.45868831092,2.850928057417,
    2.595294117647));
#3760 = ORIENTED_EDGE('',*,*,#3761,.T.);
#3761 = EDGE_CURVE('',#3753,#3762,#3764,.T.);
#3762 = VERTEX_POINT('',#3763);
#3763 = CARTESIAN_POINT('',(-16.89010434835,2.648280367163,
    2.595294117647));
#3764 = B_SPLINE_CURVE_WITH_KNOTS('',3,(#3765,#3766,#3767,#3768),
  .UNSPECIFIED.,.F.,.F.,(4,4),(0.,1.),.PIECEWISE_BEZIER_KNOTS.);
#3765 = CARTESIAN_POINT('',(-17.45868831092,2.850928057417,
    2.595294117647));
#3766 = CARTESIAN_POINT('',(-17.14910412586,2.710629530427,
    2.595294117647));
#3767 = CARTESIAN_POINT('',(-16.95501235524,2.662075098662,
    2.595294117647));
#3768 = CARTESIAN_POINT('',(-16.89010434835,2.648280367163,
    2.595294117647));
#3769 = ORIENTED_EDGE('',*,*,#3770,.T.);
#3770 = EDGE_CURVE('',#3762,#3771,#3773,.T.);
#3771 = VERTEX_POINT('',#3772);
#3772 = CARTESIAN_POINT('',(-16.73003402762,2.622265947139,
    2.595294117647));
#3773 = LINE('',#3774,#3775);
#3774 = CARTESIAN_POINT('',(-16.89010434835,2.648280367163,
    2.595294117647));
#3775 = VECTOR('',#3776,1.);
#3776 = DIRECTION('',(0.987049812628,-0.160414049857,0.));
#3777 = ORIENTED_EDGE('',*,*,#3778,.T.);
#3778 = EDGE_CURVE('',#3771,#3779,#3781,.T.);
#3779 = VERTEX_POINT('',#3780);
#3780 = CARTESIAN_POINT('',(-16.31009646614,2.072057878899,
    2.595294117647));
#3781 = CIRCLE('',#3782,0.493105882353);
#3782 = AXIS2_PLACEMENT_3D('',#3783,#3784,#3785);
#3783 = CARTESIAN_POINT('',(-16.79929035667,2.134047786786,
    2.595294117647));
#3784 = DIRECTION('',(0.,0.,-1.));
#3785 = DIRECTION('',(0.140449204778,0.990087885431,0.));
#3786 = ORIENTED_EDGE('',*,*,#3787,.T.);
#3787 = EDGE_CURVE('',#3779,#3788,#3790,.T.);
#3788 = VERTEX_POINT('',#3789);
#3789 = CARTESIAN_POINT('',(-16.36224454964,1.609230836769,
    2.595294117647));
#3790 = CIRCLE('',#3791,16.441188235272);
#3791 = AXIS2_PLACEMENT_3D('',#3792,#3793,#3794);
#3792 = CARTESIAN_POINT('',(-2.184989E-11,2.48617E-12,2.595294117647));
#3793 = DIRECTION('',(0.,0.,1.));
#3794 = DIRECTION('',(-0.992026624397,0.126028474904,0.));
#3795 = ORIENTED_EDGE('',*,*,#3796,.T.);
#3796 = EDGE_CURVE('',#3788,#3797,#3799,.T.);
#3797 = VERTEX_POINT('',#3798);
#3798 = CARTESIAN_POINT('',(-16.89408621292,1.166262531918,
    2.595294117647));
#3799 = CIRCLE('',#3800,0.493105882353);
#3800 = AXIS2_PLACEMENT_3D('',#3801,#3802,#3803);
#3801 = CARTESIAN_POINT('',(-16.85296738018,1.657651026702,
    2.595294117647));
#3802 = DIRECTION('',(0.,0.,-1.));
#3803 = DIRECTION('',(0.995167261447,-9.819430606289E-02,0.));
#3804 = ORIENTED_EDGE('',*,*,#3805,.T.);
#3805 = EDGE_CURVE('',#3797,#3806,#3808,.T.);
#3806 = VERTEX_POINT('',#3807);
#3807 = CARTESIAN_POINT('',(-17.05593198955,1.176519344986,
    2.595294117647));
#3808 = LINE('',#3809,#3810);
#3809 = CARTESIAN_POINT('',(-16.89408621292,1.166262531918,
    2.595294117647));
#3810 = VECTOR('',#3811,1.);
#3811 = DIRECTION('',(-0.997997897239,6.32471114558E-02,0.));
#3812 = ORIENTED_EDGE('',*,*,#3813,.T.);
#3813 = EDGE_CURVE('',#3806,#3814,#3816,.T.);
#3814 = VERTEX_POINT('',#3815);
#3815 = CARTESIAN_POINT('',(-17.65535371837,1.1054742898,2.595294117647)
  );
#3816 = B_SPLINE_CURVE_WITH_KNOTS('',3,(#3817,#3818,#3819,#3820),
  .UNSPECIFIED.,.F.,.F.,(4,4),(0.,1.),.PIECEWISE_BEZIER_KNOTS.);
#3817 = CARTESIAN_POINT('',(-17.05593198955,1.176519344986,
    2.595294117647));
#3818 = CARTESIAN_POINT('',(-17.12228223373,1.177513866521,
    2.595294117647));
#3819 = CARTESIAN_POINT('',(-17.32231209593,1.173366277804,
    2.595294117647));
#3820 = CARTESIAN_POINT('',(-17.65535371837,1.1054742898,2.595294117647)
  );
#3821 = ORIENTED_EDGE('',*,*,#3822,.T.);
#3822 = EDGE_CURVE('',#3814,#3823,#3825,.T.);
#3823 = VERTEX_POINT('',#3824);
#3824 = CARTESIAN_POINT('',(-19.35597132185,0.487094956612,
    2.595294117647));
#3825 = B_SPLINE_CURVE_WITH_KNOTS('',3,(#3826,#3827,#3828,#3829),
  .UNSPECIFIED.,.F.,.F.,(4,4),(0.,1.),.PIECEWISE_BEZIER_KNOTS.);
#3826 = CARTESIAN_POINT('',(-17.65535371837,1.1054742898,2.595294117647)
  );
#3827 = CARTESIAN_POINT('',(-18.05471267346,1.023160755402,
    2.595294117647));
#3828 = CARTESIAN_POINT('',(-18.63289081867,0.849910571074,
    2.595294117647));
#3829 = CARTESIAN_POINT('',(-19.35597132185,0.487094956612,
    2.595294117647));
#3830 = ORIENTED_EDGE('',*,*,#3831,.T.);
#3831 = EDGE_CURVE('',#3823,#3832,#3834,.T.);
#3832 = VERTEX_POINT('',#3833);
#3833 = CARTESIAN_POINT('',(-19.35475538763,-0.487508891974,
    2.595294117647));
#3834 = CIRCLE('',#3835,19.360894117645);
#3835 = AXIS2_PLACEMENT_3D('',#3836,#3837,#3838);
#3836 = CARTESIAN_POINT('',(-6.178279920341E-04,2.394037949699E-02,
    2.595294117647));
#3837 = DIRECTION('',(0.,0.,1.));
#3838 = DIRECTION('',(-0.999713823972,2.392216879556E-02,0.));
#3839 = ORIENTED_EDGE('',*,*,#3840,.T.);
#3840 = EDGE_CURVE('',#3832,#3841,#3843,.T.);
#3841 = VERTEX_POINT('',#3842);
#3842 = CARTESIAN_POINT('',(-17.65535371837,-1.1054742898,2.595294117647
    ));
#3843 = B_SPLINE_CURVE_WITH_KNOTS('',3,(#3844,#3845,#3846,#3847),
  .UNSPECIFIED.,.F.,.F.,(4,4),(0.,1.),.PIECEWISE_BEZIER_KNOTS.);
#3844 = CARTESIAN_POINT('',(-19.35475538763,-0.487508891974,
    2.595294117647));
#3845 = CARTESIAN_POINT('',(-18.63289081867,-0.849910571074,
    2.595294117647));
#3846 = CARTESIAN_POINT('',(-18.05471267346,-1.023160755402,
    2.595294117647));
#3847 = CARTESIAN_POINT('',(-17.65535371837,-1.1054742898,2.595294117647
    ));
#3848 = ORIENTED_EDGE('',*,*,#3849,.T.);
#3849 = EDGE_CURVE('',#3841,#3850,#3852,.T.);
#3850 = VERTEX_POINT('',#3851);
#3851 = CARTESIAN_POINT('',(-17.05593198955,-1.176519344986,
    2.595294117647));
#3852 = B_SPLINE_CURVE_WITH_KNOTS('',3,(#3853,#3854,#3855,#3856),
  .UNSPECIFIED.,.F.,.F.,(4,4),(0.,1.),.PIECEWISE_BEZIER_KNOTS.);
#3853 = CARTESIAN_POINT('',(-17.65535371837,-1.1054742898,2.595294117647
    ));
#3854 = CARTESIAN_POINT('',(-17.32231209593,-1.173366277804,
    2.595294117647));
#3855 = CARTESIAN_POINT('',(-17.12228223373,-1.177513866521,
    2.595294117647));
#3856 = CARTESIAN_POINT('',(-17.05593198955,-1.176519344986,
    2.595294117647));
#3857 = ORIENTED_EDGE('',*,*,#3858,.T.);
#3858 = EDGE_CURVE('',#3850,#3859,#3861,.T.);
#3859 = VERTEX_POINT('',#3860);
#3860 = CARTESIAN_POINT('',(-16.89408621292,-1.166262531918,
    2.595294117647));
#3861 = LINE('',#3862,#3863);
#3862 = CARTESIAN_POINT('',(-17.05593198955,-1.176519344986,
    2.595294117647));
#3863 = VECTOR('',#3864,1.);
#3864 = DIRECTION('',(0.997997897239,6.32471114558E-02,0.));
#3865 = ORIENTED_EDGE('',*,*,#3866,.T.);
#3866 = EDGE_CURVE('',#3859,#3867,#3869,.T.);
#3867 = VERTEX_POINT('',#3868);
#3868 = CARTESIAN_POINT('',(-16.36224454964,-1.609230836769,
    2.595294117647));
#3869 = CIRCLE('',#3870,0.493105882353);
#3870 = AXIS2_PLACEMENT_3D('',#3871,#3872,#3873);
#3871 = CARTESIAN_POINT('',(-16.85296738018,-1.657651026702,
    2.595294117647));
#3872 = DIRECTION('',(0.,0.,-1.));
#3873 = DIRECTION('',(-8.338743098338E-02,0.99651720324,0.));
#3874 = ORIENTED_EDGE('',*,*,#3875,.T.);
#3875 = EDGE_CURVE('',#3867,#3876,#3878,.T.);
#3876 = VERTEX_POINT('',#3877);
#3877 = CARTESIAN_POINT('',(-16.31009646614,-2.072057878899,
    2.595294117647));
#3878 = CIRCLE('',#3879,16.441188235292);
#3879 = AXIS2_PLACEMENT_3D('',#3880,#3881,#3882);
#3880 = CARTESIAN_POINT('',(-1.96854E-12,-1.6092E-13,2.595294117647));
#3881 = DIRECTION('',(0.,0.,1.));
#3882 = DIRECTION('',(-0.995198419693,-9.787801305714E-02,0.));
#3883 = ORIENTED_EDGE('',*,*,#3884,.T.);
#3884 = EDGE_CURVE('',#3876,#3885,#3887,.T.);
#3885 = VERTEX_POINT('',#3886);
#3886 = CARTESIAN_POINT('',(-16.73003402762,-2.622265947139,
    2.595294117647));
#3887 = CIRCLE('',#3888,0.493105882353);
#3888 = AXIS2_PLACEMENT_3D('',#3889,#3890,#3891);
#3889 = CARTESIAN_POINT('',(-16.79929035667,-2.134047786786,
    2.595294117647));
#3890 = DIRECTION('',(0.,0.,-1.));
#3891 = DIRECTION('',(0.992066629169,0.125713178662,0.));
#3892 = ORIENTED_EDGE('',*,*,#3893,.T.);
#3893 = EDGE_CURVE('',#3885,#3894,#3896,.T.);
#3894 = VERTEX_POINT('',#3895);
#3895 = CARTESIAN_POINT('',(-16.89010434835,-2.648280367163,
    2.595294117647));
#3896 = LINE('',#3897,#3898);
#3897 = CARTESIAN_POINT('',(-16.73003402762,-2.622265947139,
    2.595294117647));
#3898 = VECTOR('',#3899,1.);
#3899 = DIRECTION('',(-0.987049812628,-0.160414049857,0.));
#3900 = ORIENTED_EDGE('',*,*,#3901,.T.);
#3901 = EDGE_CURVE('',#3894,#3902,#3904,.T.);
#3902 = VERTEX_POINT('',#3903);
#3903 = CARTESIAN_POINT('',(-17.45868831092,-2.850928057417,
    2.595294117647));
#3904 = B_SPLINE_CURVE_WITH_KNOTS('',3,(#3905,#3906,#3907,#3908),
  .UNSPECIFIED.,.F.,.F.,(4,4),(0.,1.),.PIECEWISE_BEZIER_KNOTS.);
#3905 = CARTESIAN_POINT('',(-16.89010434835,-2.648280367163,
    2.595294117647));
#3906 = CARTESIAN_POINT('',(-16.95501235524,-2.662075098662,
    2.595294117647));
#3907 = CARTESIAN_POINT('',(-17.14910412586,-2.710629530427,
    2.595294117647));
#3908 = CARTESIAN_POINT('',(-17.45868831092,-2.850928057417,
    2.595294117647));
#3909 = ORIENTED_EDGE('',*,*,#3910,.T.);
#3910 = EDGE_CURVE('',#3902,#3911,#3913,.T.);
#3911 = VERTEX_POINT('',#3912);
#3912 = CARTESIAN_POINT('',(-18.97906553373,-3.832226347086,
    2.595294117647));
#3913 = B_SPLINE_CURVE_WITH_KNOTS('',3,(#3914,#3915,#3916,#3917),
  .UNSPECIFIED.,.F.,.F.,(4,4),(0.,1.),.PIECEWISE_BEZIER_KNOTS.);
#3914 = CARTESIAN_POINT('',(-17.45868831092,-2.850928057417,
    2.595294117647));
#3915 = CARTESIAN_POINT('',(-17.82971801866,-3.020043547323,
    2.595294117647));
#3916 = CARTESIAN_POINT('',(-18.35484823782,-3.31760672868,
    2.595294117647));
#3917 = CARTESIAN_POINT('',(-18.97906553373,-3.832226347086,
    2.595294117647));
#3918 = ORIENTED_EDGE('',*,*,#3919,.T.);
#3919 = EDGE_CURVE('',#3911,#3920,#3922,.T.);
#3920 = VERTEX_POINT('',#3921);
#3921 = CARTESIAN_POINT('',(-18.76101032689,-4.782124271574,
    2.595294117647));
#3922 = CIRCLE('',#3923,19.360894117661);
#3923 = AXIS2_PLACEMENT_3D('',#3924,#3925,#3926);
#3924 = CARTESIAN_POINT('',(-5.929573344142E-03,2.320266454152E-02,
    2.595294117647));
#3925 = DIRECTION('',(0.,0.,1.));
#3926 = DIRECTION('',(-0.979972094527,-0.199134863721,0.));
#3927 = ORIENTED_EDGE('',*,*,#3928,.T.);
#3928 = EDGE_CURVE('',#3920,#3929,#3931,.T.);
#3929 = VERTEX_POINT('',#3930);
#3930 = CARTESIAN_POINT('',(-16.96670596805,-5.006443540068,
    2.595294117647));
#3931 = B_SPLINE_CURVE_WITH_KNOTS('',3,(#3932,#3933,#3934,#3935),
  .UNSPECIFIED.,.F.,.F.,(4,4),(0.,1.),.PIECEWISE_BEZIER_KNOTS.);
#3932 = CARTESIAN_POINT('',(-18.76101032689,-4.782124271574,
    2.595294117647));
#3933 = CARTESIAN_POINT('',(-17.97660244971,-4.974809805876,
    2.595294117647));
#3934 = CARTESIAN_POINT('',(-17.3743686449,-5.015059505503,
    2.595294117647));
#3935 = CARTESIAN_POINT('',(-16.96670596805,-5.006443540068,
    2.595294117647));
#3936 = ORIENTED_EDGE('',*,*,#3937,.T.);
#3937 = EDGE_CURVE('',#3929,#3938,#3940,.T.);
#3938 = VERTEX_POINT('',#3939);
#3939 = CARTESIAN_POINT('',(-16.36650398142,-4.94232346446,
    2.595294117647));
#3940 = B_SPLINE_CURVE_WITH_KNOTS('',3,(#3941,#3942,#3943,#3944),
  .UNSPECIFIED.,.F.,.F.,(4,4),(0.,1.),.PIECEWISE_BEZIER_KNOTS.);
#3941 = CARTESIAN_POINT('',(-16.96670596805,-5.006443540068,
    2.595294117647));
#3942 = CARTESIAN_POINT('',(-16.62690700584,-4.998524601315,
    2.595294117647));
#3943 = CARTESIAN_POINT('',(-16.4309693846,-4.958057369567,
    2.595294117647));
#3944 = CARTESIAN_POINT('',(-16.36650398142,-4.94232346446,
    2.595294117647));
#3945 = ORIENTED_EDGE('',*,*,#3946,.T.);
#3946 = EDGE_CURVE('',#3938,#3947,#3949,.T.);
#3947 = VERTEX_POINT('',#3948);
#3948 = CARTESIAN_POINT('',(-16.21099837194,-4.896309737737,
    2.595294117647));
#3949 = LINE('',#3950,#3951);
#3950 = CARTESIAN_POINT('',(-16.36650398142,-4.94232346446,
    2.595294117647));
#3951 = VECTOR('',#3952,1.);
#3952 = DIRECTION('',(0.958902200005,0.283736798503,0.));
#3953 = ORIENTED_EDGE('',*,*,#3954,.T.);
#3954 = EDGE_CURVE('',#3947,#3955,#3957,.T.);
#3955 = VERTEX_POINT('',#3956);
#3956 = CARTESIAN_POINT('',(-15.59392136864,-5.209825998718,
    2.595294117647));
#3957 = CIRCLE('',#3958,0.493105882353);
#3958 = AXIS2_PLACEMENT_3D('',#3959,#3960,#3961);
#3959 = CARTESIAN_POINT('',(-16.0615662474,-5.366228295964,
    2.595294117647));
#3960 = DIRECTION('',(0.,0.,-1.));
#3961 = DIRECTION('',(-0.303042672759,0.952976987386,0.));
#3962 = ORIENTED_EDGE('',*,*,#3963,.T.);
#3963 = EDGE_CURVE('',#3955,#3964,#3966,.T.);
#3964 = VERTEX_POINT('',#3965);
#3965 = CARTESIAN_POINT('',(-15.44009204079,-5.649444960358,
    2.595294117647));
#3966 = CIRCLE('',#3967,16.441188235314);
#3967 = AXIS2_PLACEMENT_3D('',#3968,#3969,#3970);
#3968 = CARTESIAN_POINT('',(1.878413E-11,6.57928E-12,2.595294117647));
#3969 = DIRECTION('',(0.,0.,1.));
#3970 = DIRECTION('',(-0.948466810639,-0.31687648874,0.));
#3971 = ORIENTED_EDGE('',*,*,#3972,.T.);
#3972 = EDGE_CURVE('',#3964,#3973,#3975,.T.);
#3973 = VERTEX_POINT('',#3974);
#3974 = CARTESIAN_POINT('',(-15.72706807764,-6.279303061977,
    2.595294117647));
#3975 = CIRCLE('',#3976,0.493105882353);
#3976 = AXIS2_PLACEMENT_3D('',#3977,#3978,#3979);
#3977 = CARTESIAN_POINT('',(-15.90322676694,-5.818736533238,
    2.595294117647));
#3978 = DIRECTION('',(0.,0.,-1.));
#3979 = DIRECTION('',(0.939219633594,0.343316879676,0.));
#3980 = ORIENTED_EDGE('',*,*,#3981,.T.);
#3981 = EDGE_CURVE('',#3973,#3982,#3984,.T.);
#3982 = VERTEX_POINT('',#3983);
#3983 = CARTESIAN_POINT('',(-15.87733634819,-6.340284243446,
    2.595294117647));
#3984 = LINE('',#3985,#3986);
#3985 = CARTESIAN_POINT('',(-15.72706807764,-6.279303061977,
    2.595294117647));
#3986 = VECTOR('',#3987,1.);
#3987 = DIRECTION('',(-0.926606928851,-0.376031380879,0.));
#3988 = ORIENTED_EDGE('',*,*,#3989,.T.);
#3989 = EDGE_CURVE('',#3982,#3990,#3992,.T.);
#3990 = VERTEX_POINT('',#3991);
#3991 = CARTESIAN_POINT('',(-16.38657137042,-6.664372967396,
    2.595294117647));
#3992 = B_SPLINE_CURVE_WITH_KNOTS('',3,(#3993,#3994,#3995,#3996),
  .UNSPECIFIED.,.F.,.F.,(4,4),(0.,1.),.PIECEWISE_BEZIER_KNOTS.);
#3993 = CARTESIAN_POINT('',(-15.87733634819,-6.340284243446,
    2.595294117647));
#3994 = CARTESIAN_POINT('',(-15.9375473593,-6.368176502541,
    2.595294117647));
#3995 = CARTESIAN_POINT('',(-16.11596846649,-6.458703055399,
    2.595294117647));
#3996 = CARTESIAN_POINT('',(-16.38657137042,-6.664372967396,
    2.595294117647));
#3997 = ORIENTED_EDGE('',*,*,#3998,.T.);
#3998 = EDGE_CURVE('',#3990,#3999,#4001,.T.);
#3999 = VERTEX_POINT('',#4000);
#4000 = CARTESIAN_POINT('',(-17.65047015008,-7.959383819759,
    2.595294117647));
#4001 = B_SPLINE_CURVE_WITH_KNOTS('',3,(#4002,#4003,#4004,#4005),
  .UNSPECIFIED.,.F.,.F.,(4,4),(0.,1.),.PIECEWISE_BEZIER_KNOTS.);
#4002 = CARTESIAN_POINT('',(-16.38657137042,-6.664372967396,
    2.595294117647));
#4003 = CARTESIAN_POINT('',(-16.71066685199,-6.911810255981,
    2.595294117647));
#4004 = CARTESIAN_POINT('',(-17.15641692314,-7.318765373939,
    2.595294117647));
#4005 = CARTESIAN_POINT('',(-17.65047015008,-7.959383819759,
    2.595294117647));
#4006 = ORIENTED_EDGE('',*,*,#4007,.T.);
#4007 = EDGE_CURVE('',#3999,#4008,#4010,.T.);
#4008 = VERTEX_POINT('',#4009);
#4009 = CARTESIAN_POINT('',(-17.22650986921,-8.836943971785,
    2.595294117647));
#4010 = CIRCLE('',#4011,19.36089411766);
#4011 = AXIS2_PLACEMENT_3D('',#4012,#4013,#4014);
#4012 = CARTESIAN_POINT('',(-1.094398514509E-02,2.130147109977E-02,
    2.595294117647));
#4013 = DIRECTION('',(0.,0.,1.));
#4014 = DIRECTION('',(-0.911090472255,-0.412206442655,0.));
#4015 = ORIENTED_EDGE('',*,*,#4016,.T.);
#4016 = EDGE_CURVE('',#4008,#4017,#4019,.T.);
#4017 = VERTEX_POINT('',#4018);
#4018 = CARTESIAN_POINT('',(-15.4272767337,-8.656368806149,
    2.595294117647));
#4019 = B_SPLINE_CURVE_WITH_KNOTS('',3,(#4020,#4021,#4022,#4023),
  .UNSPECIFIED.,.F.,.F.,(4,4),(0.,1.),.PIECEWISE_BEZIER_KNOTS.);
#4020 = CARTESIAN_POINT('',(-17.22650986921,-8.836943971785,
    2.595294117647));
#4021 = CARTESIAN_POINT('',(-16.41889217016,-8.850251304016,
    2.595294117647));
#4022 = CARTESIAN_POINT('',(-15.82280122344,-8.755482230934,
    2.595294117647));
#4023 = CARTESIAN_POINT('',(-15.4272767337,-8.656368806149,
    2.595294117647));
#4024 = ORIENTED_EDGE('',*,*,#4025,.T.);
#4025 = EDGE_CURVE('',#4017,#4026,#4028,.T.);
#4026 = VERTEX_POINT('',#4027);
#4027 = CARTESIAN_POINT('',(-14.8563911231,-8.46029884808,2.595294117647
    ));
#4028 = B_SPLINE_CURVE_WITH_KNOTS('',3,(#4029,#4030,#4031,#4032),
  .UNSPECIFIED.,.F.,.F.,(4,4),(0.,1.),.PIECEWISE_BEZIER_KNOTS.);
#4029 = CARTESIAN_POINT('',(-15.4272767337,-8.656368806149,
    2.595294117647));
#4030 = CARTESIAN_POINT('',(-15.09775937056,-8.573036029295,
    2.595294117647));
#4031 = CARTESIAN_POINT('',(-14.91573912076,-8.489983173058,
    2.595294117647));
#4032 = CARTESIAN_POINT('',(-14.8563911231,-8.46029884808,2.595294117647
    ));
#4033 = ORIENTED_EDGE('',*,*,#4034,.T.);
#4034 = EDGE_CURVE('',#4026,#4035,#4037,.T.);
#4035 = VERTEX_POINT('',#4036);
#4036 = CARTESIAN_POINT('',(-14.71502338136,-8.380835528096,
    2.595294117647));
#4037 = LINE('',#4038,#4039);
#4038 = CARTESIAN_POINT('',(-14.8563911231,-8.46029884808,2.595294117647
    ));
#4039 = VECTOR('',#4040,1.);
#4040 = DIRECTION('',(0.871723142437,0.489998737692,0.));
#4041 = ORIENTED_EDGE('',*,*,#4042,.T.);
#4042 = EDGE_CURVE('',#4035,#4043,#4045,.T.);
#4043 = VERTEX_POINT('',#4044);
#4044 = CARTESIAN_POINT('',(-14.04365385567,-8.549178730753,
    2.595294117647));
#4045 = CIRCLE('',#4046,0.493105882353);
#4046 = AXIS2_PLACEMENT_3D('',#4047,#4048,#4049);
#4047 = CARTESIAN_POINT('',(-14.4647711157,-8.805720471048,
    2.595294117647));
#4048 = DIRECTION('',(0.,0.,-1.));
#4049 = DIRECTION('',(-0.507502089527,0.861650526098,0.));
#4050 = ORIENTED_EDGE('',*,*,#4051,.T.);
#4051 = EDGE_CURVE('',#4043,#4052,#4054,.T.);
#4052 = VERTEX_POINT('',#4053);
#4053 = CARTESIAN_POINT('',(-13.79585692831,-8.943545281478,
    2.595294117647));
#4054 = CIRCLE('',#4055,16.441188235292);
#4055 = AXIS2_PLACEMENT_3D('',#4056,#4057,#4058);
#4056 = CARTESIAN_POINT('',(-1.42685E-12,-8.0274E-13,2.595294117647));
#4057 = DIRECTION('',(0.,0.,1.));
#4058 = DIRECTION('',(-0.854175115247,-0.519985454117,0.));
#4059 = ORIENTED_EDGE('',*,*,#4060,.T.);
#4060 = EDGE_CURVE('',#4052,#4061,#4063,.T.);
#4061 = VERTEX_POINT('',#4062);
#4062 = CARTESIAN_POINT('',(-13.93548126373,-9.621469701202,
    2.595294117647));
#4063 = CIRCLE('',#4064,0.493105882353);
#4064 = AXIS2_PLACEMENT_3D('',#4065,#4066,#4067);
#4065 = CARTESIAN_POINT('',(-14.20970898102,-9.211649532985,
    2.595294117647));
#4066 = DIRECTION('',(0.,0.,-1.));
#4067 = DIRECTION('',(0.839276243752,0.543705238777,0.));
#4068 = ORIENTED_EDGE('',*,*,#4069,.T.);
#4069 = EDGE_CURVE('',#4061,#4070,#4072,.T.);
#4070 = VERTEX_POINT('',#4071);
#4071 = CARTESIAN_POINT('',(-14.06841240555,-9.714359793042,
    2.595294117647));
#4072 = LINE('',#4073,#4074);
#4073 = CARTESIAN_POINT('',(-13.93548126373,-9.621469701202,
    2.595294117647));
#4074 = VECTOR('',#4075,1.);
#4075 = DIRECTION('',(-0.819700104488,-0.572792928293,0.));
#4076 = ORIENTED_EDGE('',*,*,#4077,.T.);
#4077 = EDGE_CURVE('',#4070,#4078,#4080,.T.);
#4078 = VERTEX_POINT('',#4079);
#4079 = CARTESIAN_POINT('',(-14.49276331704,-10.14363838879,
    2.595294117647));
#4080 = B_SPLINE_CURVE_WITH_KNOTS('',3,(#4081,#4082,#4083,#4084),
  .UNSPECIFIED.,.F.,.F.,(4,4),(0.,1.),.PIECEWISE_BEZIER_KNOTS.);
#4081 = CARTESIAN_POINT('',(-14.06841240555,-9.714359793042,
    2.595294117647));
#4082 = CARTESIAN_POINT('',(-14.12090718936,-9.754950945393,
    2.595294117647));
#4083 = CARTESIAN_POINT('',(-14.27471085379,-9.882910239978,
    2.595294117647));
#4084 = CARTESIAN_POINT('',(-14.49276331704,-10.14363838879,
    2.595294117647));
#4085 = ORIENTED_EDGE('',*,*,#4086,.T.);
#4086 = EDGE_CURVE('',#4078,#4087,#4089,.T.);
#4087 = VERTEX_POINT('',#4088);
#4088 = CARTESIAN_POINT('',(-15.43680649115,-11.68742455221,
    2.595294117647));
#4089 = B_SPLINE_CURVE_WITH_KNOTS('',3,(#4090,#4091,#4092,#4093),
  .UNSPECIFIED.,.F.,.F.,(4,4),(0.,1.),.PIECEWISE_BEZIER_KNOTS.);
#4090 = CARTESIAN_POINT('',(-14.49276331704,-10.14363838879,
    2.595294117647));
#4091 = CARTESIAN_POINT('',(-14.75367307168,-10.45698993719,
    2.595294117647));
#4092 = CARTESIAN_POINT('',(-15.09769122498,-10.95293056284,
    2.595294117647));
#4093 = CARTESIAN_POINT('',(-15.43680649115,-11.68742455221,
    2.595294117647));
#4094 = ORIENTED_EDGE('',*,*,#4095,.T.);
#4095 = EDGE_CURVE('',#4087,#4096,#4098,.T.);
#4096 = VERTEX_POINT('',#4097);
#4097 = CARTESIAN_POINT('',(-14.82820027505,-12.44864240138,
    2.595294117647));
#4098 = CIRCLE('',#4099,19.360894117642);
#4099 = AXIS2_PLACEMENT_3D('',#4100,#4101,#4102);
#4100 = CARTESIAN_POINT('',(-1.540961984684E-02,1.83321329383E-02,
    2.595294117647));
#4101 = DIRECTION('',(0.,0.,1.));
#4102 = DIRECTION('',(-0.796522969322,-0.60460826933,0.));
#4103 = ORIENTED_EDGE('',*,*,#4104,.T.);
#4104 = EDGE_CURVE('',#4096,#4105,#4107,.T.);
#4105 = VERTEX_POINT('',#4106);
#4106 = CARTESIAN_POINT('',(-13.11425942522,-11.87222759444,
    2.595294117647));
#4107 = B_SPLINE_CURVE_WITH_KNOTS('',3,(#4108,#4109,#4110,#4111),
  .UNSPECIFIED.,.F.,.F.,(4,4),(0.,1.),.PIECEWISE_BEZIER_KNOTS.);
#4108 = CARTESIAN_POINT('',(-14.82820027505,-12.44864240138,
    2.595294117647));
#4109 = CARTESIAN_POINT('',(-14.03787007787,-12.28190424634,
    2.595294117647));
#4110 = CARTESIAN_POINT('',(-13.47781247837,-12.05686851759,
    2.595294117647));
#4111 = CARTESIAN_POINT('',(-13.11425942522,-11.87222759444,
    2.595294117647));
#4112 = ORIENTED_EDGE('',*,*,#4113,.T.);
#4113 = EDGE_CURVE('',#4105,#4114,#4116,.T.);
#4114 = VERTEX_POINT('',#4115);
#4115 = CARTESIAN_POINT('',(-12.60131677898,-11.55403952032,
    2.595294117647));
#4116 = B_SPLINE_CURVE_WITH_KNOTS('',3,(#4117,#4118,#4119,#4120),
  .UNSPECIFIED.,.F.,.F.,(4,4),(0.,1.),.PIECEWISE_BEZIER_KNOTS.);
#4117 = CARTESIAN_POINT('',(-13.11425942522,-11.87222759444,
    2.595294117647));
#4118 = CARTESIAN_POINT('',(-12.81154703768,-11.71765963288,
    2.595294117647));
#4119 = CARTESIAN_POINT('',(-12.65257141471,-11.59618576917,
    2.595294117647));
#4120 = CARTESIAN_POINT('',(-12.60131677898,-11.55403952032,
    2.595294117647));
#4121 = ORIENTED_EDGE('',*,*,#4122,.T.);
#4122 = EDGE_CURVE('',#4114,#4123,#4125,.T.);
#4123 = VERTEX_POINT('',#4124);
#4124 = CARTESIAN_POINT('',(-12.48117567385,-11.44511122975,
    2.595294117647));
#4125 = LINE('',#4126,#4127);
#4126 = CARTESIAN_POINT('',(-12.60131677898,-11.55403952032,
    2.595294117647));
#4127 = VECTOR('',#4128,1.);
#4128 = DIRECTION('',(0.740832246508,0.671690094116,0.));
#4129 = ORIENTED_EDGE('',*,*,#4130,.T.);
#4130 = EDGE_CURVE('',#4123,#4131,#4133,.T.);
#4131 = VERTEX_POINT('',#4132);
#4132 = CARTESIAN_POINT('',(-11.78917889719,-11.45983994296,
    2.595294117647));
#4133 = CIRCLE('',#4134,0.493105882353);
#4134 = AXIS2_PLACEMENT_3D('',#4135,#4136,#4137);
#4135 = CARTESIAN_POINT('',(-12.14265196064,-11.80365705222,
    2.595294117647));
#4136 = DIRECTION('',(0.,0.,-1.));
#4137 = DIRECTION('',(-0.686513232382,0.727117309493,0.));
#4138 = ORIENTED_EDGE('',*,*,#4139,.T.);
#4139 = EDGE_CURVE('',#4131,#4140,#4142,.T.);
#4140 = VERTEX_POINT('',#4141);
#4141 = CARTESIAN_POINT('',(-11.45983994296,-11.78917889719,
    2.595294117647));
#4142 = CIRCLE('',#4143,16.441188235255);
#4143 = AXIS2_PLACEMENT_3D('',#4144,#4145,#4146);
#4144 = CARTESIAN_POINT('',(-2.780738E-11,-2.771979E-11,2.595294117647)
  );
#4145 = DIRECTION('',(0.,0.,1.));
#4146 = DIRECTION('',(-0.717051512851,-0.697020177554,0.));
#4147 = ORIENTED_EDGE('',*,*,#4148,.T.);
#4148 = EDGE_CURVE('',#4140,#4149,#4151,.T.);
#4149 = VERTEX_POINT('',#4150);
#4150 = CARTESIAN_POINT('',(-11.44511122975,-12.48117567385,
    2.595294117647));
#4151 = CIRCLE('',#4152,0.493105882353);
#4152 = AXIS2_PLACEMENT_3D('',#4153,#4154,#4155);
#4153 = CARTESIAN_POINT('',(-11.80365705222,-12.14265196064,
    2.595294117647));
#4154 = DIRECTION('',(0.,0.,-1.));
#4155 = DIRECTION('',(0.697248038535,0.71682994689,0.));
#4156 = ORIENTED_EDGE('',*,*,#4157,.T.);
#4157 = EDGE_CURVE('',#4149,#4158,#4160,.T.);
#4158 = VERTEX_POINT('',#4159);
#4159 = CARTESIAN_POINT('',(-11.55403952032,-12.60131677898,
    2.595294117647));
#4160 = LINE('',#4161,#4162);
#4161 = CARTESIAN_POINT('',(-11.44511122975,-12.48117567385,
    2.595294117647));
#4162 = VECTOR('',#4163,1.);
#4163 = DIRECTION('',(-0.671690094116,-0.740832246508,0.));
#4164 = ORIENTED_EDGE('',*,*,#4165,.T.);
#4165 = EDGE_CURVE('',#4158,#4166,#4168,.T.);
#4166 = VERTEX_POINT('',#4167);
#4167 = CARTESIAN_POINT('',(-11.87222759444,-13.11425942522,
    2.595294117647));
#4168 = B_SPLINE_CURVE_WITH_KNOTS('',3,(#4169,#4170,#4171,#4172),
  .UNSPECIFIED.,.F.,.F.,(4,4),(0.,1.),.PIECEWISE_BEZIER_KNOTS.);
#4169 = CARTESIAN_POINT('',(-11.55403952032,-12.60131677898,
    2.595294117647));
#4170 = CARTESIAN_POINT('',(-11.59618576917,-12.65257141471,
    2.595294117647));
#4171 = CARTESIAN_POINT('',(-11.71765963288,-12.81154703768,
    2.595294117647));
#4172 = CARTESIAN_POINT('',(-11.87222759444,-13.11425942522,
    2.595294117647));
#4173 = ORIENTED_EDGE('',*,*,#4174,.T.);
#4174 = EDGE_CURVE('',#4166,#4175,#4177,.T.);
#4175 = VERTEX_POINT('',#4176);
#4176 = CARTESIAN_POINT('',(-12.44907689627,-14.82940901519,
    2.595294117647));
#4177 = B_SPLINE_CURVE_WITH_KNOTS('',3,(#4178,#4179,#4180,#4181),
  .UNSPECIFIED.,.F.,.F.,(4,4),(0.,1.),.PIECEWISE_BEZIER_KNOTS.);
#4178 = CARTESIAN_POINT('',(-11.87222759444,-13.11425942522,
    2.595294117647));
#4179 = CARTESIAN_POINT('',(-12.05686851759,-13.47781247837,
    2.595294117647));
#4180 = CARTESIAN_POINT('',(-12.28190424634,-14.03787007787,
    2.595294117647));
#4181 = CARTESIAN_POINT('',(-12.44907689627,-14.82940901519,
    2.595294117647));
#4182 = ORIENTED_EDGE('',*,*,#4183,.T.);
#4183 = EDGE_CURVE('',#4175,#4184,#4186,.T.);
#4184 = VERTEX_POINT('',#4185);
#4185 = CARTESIAN_POINT('',(-11.68634280192,-15.43611391997,
    2.595294117647));
#4186 = CIRCLE('',#4187,19.360894117636);
#4187 = AXIS2_PLACEMENT_3D('',#4188,#4189,#4190);
#4188 = CARTESIAN_POINT('',(-1.910255185141E-02,1.444354508649E-02,
    2.595294117647));
#4189 = DIRECTION('',(0.,0.,1.));
#4190 = DIRECTION('',(-0.642014478717,-0.766692512757,0.));
#4191 = ORIENTED_EDGE('',*,*,#4192,.T.);
#4192 = EDGE_CURVE('',#4184,#4193,#4195,.T.);
#4193 = VERTEX_POINT('',#4194);
#4194 = CARTESIAN_POINT('',(-10.14363838879,-14.49276331704,
    2.595294117647));
#4195 = B_SPLINE_CURVE_WITH_KNOTS('',3,(#4196,#4197,#4198,#4199),
  .UNSPECIFIED.,.F.,.F.,(4,4),(0.,1.),.PIECEWISE_BEZIER_KNOTS.);
#4196 = CARTESIAN_POINT('',(-11.68634280192,-15.43611391997,
    2.595294117647));
#4197 = CARTESIAN_POINT('',(-10.95293056284,-15.09769122498,
    2.595294117647));
#4198 = CARTESIAN_POINT('',(-10.45698993719,-14.75367307168,
    2.595294117647));
#4199 = CARTESIAN_POINT('',(-10.14363838879,-14.49276331704,
    2.595294117647));
#4200 = ORIENTED_EDGE('',*,*,#4201,.T.);
#4201 = EDGE_CURVE('',#4193,#4202,#4204,.T.);
#4202 = VERTEX_POINT('',#4203);
#4203 = CARTESIAN_POINT('',(-9.714359793042,-14.06841240555,
    2.595294117647));
#4204 = B_SPLINE_CURVE_WITH_KNOTS('',3,(#4205,#4206,#4207,#4208),
  .UNSPECIFIED.,.F.,.F.,(4,4),(0.,1.),.PIECEWISE_BEZIER_KNOTS.);
#4205 = CARTESIAN_POINT('',(-10.14363838879,-14.49276331704,
    2.595294117647));
#4206 = CARTESIAN_POINT('',(-9.882910239978,-14.27471085379,
    2.595294117647));
#4207 = CARTESIAN_POINT('',(-9.754950945393,-14.12090718936,
    2.595294117647));
#4208 = CARTESIAN_POINT('',(-9.714359793042,-14.06841240555,
    2.595294117647));
#4209 = ORIENTED_EDGE('',*,*,#4210,.T.);
#4210 = EDGE_CURVE('',#4202,#4211,#4213,.T.);
#4211 = VERTEX_POINT('',#4212);
#4212 = CARTESIAN_POINT('',(-9.621469701202,-13.93548126373,
    2.595294117647));
#4213 = LINE('',#4214,#4215);
#4214 = CARTESIAN_POINT('',(-9.714359793042,-14.06841240555,
    2.595294117647));
#4215 = VECTOR('',#4216,1.);
#4216 = DIRECTION('',(0.572792928293,0.819700104488,0.));
#4217 = ORIENTED_EDGE('',*,*,#4218,.T.);
#4218 = EDGE_CURVE('',#4211,#4219,#4221,.T.);
#4219 = VERTEX_POINT('',#4220);
#4220 = CARTESIAN_POINT('',(-8.943545281478,-13.79585692831,
    2.595294117647));
#4221 = CIRCLE('',#4222,0.493105882353);
#4222 = AXIS2_PLACEMENT_3D('',#4223,#4224,#4225);
#4223 = CARTESIAN_POINT('',(-9.211649532985,-14.20970898102,
    2.595294117647));
#4224 = DIRECTION('',(0.,0.,-1.));
#4225 = DIRECTION('',(-0.831099735136,0.556123394812,0.));
#4226 = ORIENTED_EDGE('',*,*,#4227,.T.);
#4227 = EDGE_CURVE('',#4219,#4228,#4230,.T.);
#4228 = VERTEX_POINT('',#4229);
#4229 = CARTESIAN_POINT('',(-8.549178730753,-14.04365385567,
    2.595294117647));
#4230 = CIRCLE('',#4231,16.441188235297);
#4231 = AXIS2_PLACEMENT_3D('',#4232,#4233,#4234);
#4232 = CARTESIAN_POINT('',(1.63949E-12,2.8122E-12,2.595294117647));
#4233 = DIRECTION('',(0.,0.,1.));
#4234 = DIRECTION('',(-0.543971953455,-0.839103398786,0.));
#4235 = ORIENTED_EDGE('',*,*,#4236,.T.);
#4236 = EDGE_CURVE('',#4228,#4237,#4239,.T.);
#4237 = VERTEX_POINT('',#4238);
#4238 = CARTESIAN_POINT('',(-8.380835528096,-14.71502338136,
    2.595294117647));
#4239 = CIRCLE('',#4240,0.493105882353);
#4240 = AXIS2_PLACEMENT_3D('',#4241,#4242,#4243);
#4241 = CARTESIAN_POINT('',(-8.805720471048,-14.4647711157,
    2.595294117647));
#4242 = DIRECTION('',(0.,0.,-1.));
#4243 = DIRECTION('',(0.520256905212,0.854009808245,0.));
#4244 = ORIENTED_EDGE('',*,*,#4245,.T.);
#4245 = EDGE_CURVE('',#4237,#4246,#4248,.T.);
#4246 = VERTEX_POINT('',#4247);
#4247 = CARTESIAN_POINT('',(-8.46029884808,-14.8563911231,2.595294117647
    ));
#4248 = LINE('',#4249,#4250);
#4249 = CARTESIAN_POINT('',(-8.380835528096,-14.71502338136,
    2.595294117647));
#4250 = VECTOR('',#4251,1.);
#4251 = DIRECTION('',(-0.489998737692,-0.871723142437,0.));
#4252 = ORIENTED_EDGE('',*,*,#4253,.T.);
#4253 = EDGE_CURVE('',#4246,#4254,#4256,.T.);
#4254 = VERTEX_POINT('',#4255);
#4255 = CARTESIAN_POINT('',(-8.656368806149,-15.4272767337,
    2.595294117647));
#4256 = B_SPLINE_CURVE_WITH_KNOTS('',3,(#4257,#4258,#4259,#4260),
  .UNSPECIFIED.,.F.,.F.,(4,4),(0.,1.),.PIECEWISE_BEZIER_KNOTS.);
#4257 = CARTESIAN_POINT('',(-8.46029884808,-14.8563911231,2.595294117647
    ));
#4258 = CARTESIAN_POINT('',(-8.489983173058,-14.91573912076,
    2.595294117647));
#4259 = CARTESIAN_POINT('',(-8.573036029295,-15.09775937056,
    2.595294117647));
#4260 = CARTESIAN_POINT('',(-8.656368806149,-15.4272767337,
    2.595294117647));
#4261 = ORIENTED_EDGE('',*,*,#4262,.T.);
#4262 = EDGE_CURVE('',#4254,#4263,#4265,.T.);
#4263 = VERTEX_POINT('',#4264);
#4264 = CARTESIAN_POINT('',(-8.837098602998,-17.22778498792,
    2.595294117647));
#4265 = B_SPLINE_CURVE_WITH_KNOTS('',3,(#4266,#4267,#4268,#4269),
  .UNSPECIFIED.,.F.,.F.,(4,4),(0.,1.),.PIECEWISE_BEZIER_KNOTS.);
#4266 = CARTESIAN_POINT('',(-8.656368806149,-15.4272767337,
    2.595294117647));
#4267 = CARTESIAN_POINT('',(-8.755482230934,-15.82280122344,
    2.595294117647));
#4268 = CARTESIAN_POINT('',(-8.850251304016,-16.41889217016,
    2.595294117647));
#4269 = CARTESIAN_POINT('',(-8.837098602998,-17.22778498792,
    2.595294117647));
#4270 = ORIENTED_EDGE('',*,*,#4271,.T.);
#4271 = EDGE_CURVE('',#4263,#4272,#4274,.T.);
#4272 = VERTEX_POINT('',#4273);
#4273 = CARTESIAN_POINT('',(-7.958483302796,-17.64955423102,
    2.595294117647));
#4274 = CIRCLE('',#4275,19.36089411765);
#4275 = AXIS2_PLACEMENT_3D('',#4276,#4277,#4278);
#4276 = CARTESIAN_POINT('',(-2.183760212996E-02,9.830697589565E-03,
    2.595294117647));
#4277 = DIRECTION('',(0.,0.,1.));
#4278 = DIRECTION('',(-0.45531270133,-0.890331592165,0.));
#4279 = ORIENTED_EDGE('',*,*,#4280,.T.);
#4280 = EDGE_CURVE('',#4272,#4281,#4283,.T.);
#4281 = VERTEX_POINT('',#4282);
#4282 = CARTESIAN_POINT('',(-6.664372967397,-16.38657137042,
    2.595294117647));
#4283 = B_SPLINE_CURVE_WITH_KNOTS('',3,(#4284,#4285,#4286,#4287),
  .UNSPECIFIED.,.F.,.F.,(4,4),(0.,1.),.PIECEWISE_BEZIER_KNOTS.);
#4284 = CARTESIAN_POINT('',(-7.958483302796,-17.64955423102,
    2.595294117647));
#4285 = CARTESIAN_POINT('',(-7.318765373939,-17.15641692314,
    2.595294117647));
#4286 = CARTESIAN_POINT('',(-6.911810255981,-16.71066685199,
    2.595294117647));
#4287 = CARTESIAN_POINT('',(-6.664372967396,-16.38657137042,
    2.595294117647));
#4288 = ORIENTED_EDGE('',*,*,#4289,.T.);
#4289 = EDGE_CURVE('',#4281,#4290,#4292,.T.);
#4290 = VERTEX_POINT('',#4291);
#4291 = CARTESIAN_POINT('',(-6.340284243446,-15.87733634819,
    2.595294117647));
#4292 = B_SPLINE_CURVE_WITH_KNOTS('',3,(#4293,#4294,#4295,#4296),
  .UNSPECIFIED.,.F.,.F.,(4,4),(0.,1.),.PIECEWISE_BEZIER_KNOTS.);
#4293 = CARTESIAN_POINT('',(-6.664372967396,-16.38657137042,
    2.595294117647));
#4294 = CARTESIAN_POINT('',(-6.458703055399,-16.11596846649,
    2.595294117647));
#4295 = CARTESIAN_POINT('',(-6.368176502541,-15.9375473593,
    2.595294117647));
#4296 = CARTESIAN_POINT('',(-6.340284243446,-15.87733634819,
    2.595294117647));
#4297 = ORIENTED_EDGE('',*,*,#4298,.T.);
#4298 = EDGE_CURVE('',#4290,#4299,#4301,.T.);
#4299 = VERTEX_POINT('',#4300);
#4300 = CARTESIAN_POINT('',(-6.279303061977,-15.72706807764,
    2.595294117647));
#4301 = LINE('',#4302,#4303);
#4302 = CARTESIAN_POINT('',(-6.340284243446,-15.87733634819,
    2.595294117647));
#4303 = VECTOR('',#4304,1.);
#4304 = DIRECTION('',(0.376031380879,0.926606928851,0.));
#4305 = ORIENTED_EDGE('',*,*,#4306,.T.);
#4306 = EDGE_CURVE('',#4299,#4307,#4309,.T.);
#4307 = VERTEX_POINT('',#4308);
#4308 = CARTESIAN_POINT('',(-5.649444960358,-15.44009204079,
    2.595294117647));
#4309 = CIRCLE('',#4310,0.493105882353);
#4310 = AXIS2_PLACEMENT_3D('',#4311,#4312,#4313);
#4311 = CARTESIAN_POINT('',(-5.818736533238,-15.90322676694,
    2.595294117647));
#4312 = DIRECTION('',(0.,0.,-1.));
#4313 = DIRECTION('',(-0.934011426799,0.357243130947,0.));
#4314 = ORIENTED_EDGE('',*,*,#4315,.T.);
#4315 = EDGE_CURVE('',#4307,#4316,#4318,.T.);
#4316 = VERTEX_POINT('',#4317);
#4317 = CARTESIAN_POINT('',(-5.209825998718,-15.59392136864,
    2.595294117647));
#4318 = CIRCLE('',#4319,16.44118823533);
#4319 = AXIS2_PLACEMENT_3D('',#4320,#4321,#4322);
#4320 = CARTESIAN_POINT('',(1.189135E-11,3.425586E-11,2.595294117647));
#4321 = DIRECTION('',(0.,0.,1.));
#4322 = DIRECTION('',(-0.343615368884,-0.939110471812,0.));
#4323 = ORIENTED_EDGE('',*,*,#4324,.T.);
#4324 = EDGE_CURVE('',#4316,#4325,#4327,.T.);
#4325 = VERTEX_POINT('',#4326);
#4326 = CARTESIAN_POINT('',(-4.896309737737,-16.21099837194,
    2.595294117647));
#4327 = CIRCLE('',#4328,0.493105882353);
#4328 = AXIS2_PLACEMENT_3D('',#4329,#4330,#4331);
#4329 = CARTESIAN_POINT('',(-5.366228295964,-16.0615662474,
    2.595294117647));
#4330 = DIRECTION('',(0.,0.,-1.));
#4331 = DIRECTION('',(0.317177918258,0.94836605178,0.));
#4332 = ORIENTED_EDGE('',*,*,#4333,.T.);
#4333 = EDGE_CURVE('',#4325,#4334,#4336,.T.);
#4334 = VERTEX_POINT('',#4335);
#4335 = CARTESIAN_POINT('',(-4.94232346446,-16.36650398142,
    2.595294117647));
#4336 = LINE('',#4337,#4338);
#4337 = CARTESIAN_POINT('',(-4.896309737737,-16.21099837194,
    2.595294117647));
#4338 = VECTOR('',#4339,1.);
#4339 = DIRECTION('',(-0.283736798503,-0.958902200005,0.));
#4340 = ORIENTED_EDGE('',*,*,#4341,.T.);
#4341 = EDGE_CURVE('',#4334,#4342,#4344,.T.);
#4342 = VERTEX_POINT('',#4343);
#4343 = CARTESIAN_POINT('',(-5.006443540068,-16.96670596805,
    2.595294117647));
#4344 = B_SPLINE_CURVE_WITH_KNOTS('',3,(#4345,#4346,#4347,#4348),
  .UNSPECIFIED.,.F.,.F.,(4,4),(0.,1.),.PIECEWISE_BEZIER_KNOTS.);
#4345 = CARTESIAN_POINT('',(-4.94232346446,-16.36650398142,
    2.595294117647));
#4346 = CARTESIAN_POINT('',(-4.958057369567,-16.4309693846,
    2.595294117647));
#4347 = CARTESIAN_POINT('',(-4.998524601315,-16.62690700584,
    2.595294117647));
#4348 = CARTESIAN_POINT('',(-5.006443540068,-16.96670596805,
    2.595294117647));
#4349 = ORIENTED_EDGE('',*,*,#4350,.T.);
#4350 = EDGE_CURVE('',#4342,#4351,#4353,.T.);
#4351 = VERTEX_POINT('',#4352);
#4352 = CARTESIAN_POINT('',(-4.781991285255,-18.76228788439,
    2.595294117647));
#4353 = B_SPLINE_CURVE_WITH_KNOTS('',3,(#4354,#4355,#4356,#4357),
  .UNSPECIFIED.,.F.,.F.,(4,4),(0.,1.),.PIECEWISE_BEZIER_KNOTS.);
#4354 = CARTESIAN_POINT('',(-5.006443540068,-16.96670596805,
    2.595294117647));
#4355 = CARTESIAN_POINT('',(-5.015059505503,-17.3743686449,
    2.595294117647));
#4356 = CARTESIAN_POINT('',(-4.974809805876,-17.97660244971,
    2.595294117647));
#4357 = CARTESIAN_POINT('',(-4.781991285255,-18.76228788439,
    2.595294117647));
#4358 = ORIENTED_EDGE('',*,*,#4359,.T.);
#4359 = EDGE_CURVE('',#4351,#4360,#4362,.T.);
#4360 = VERTEX_POINT('',#4361);
#4361 = CARTESIAN_POINT('',(-3.831552219129,-18.9779721948,
    2.595294117647));
#4362 = CIRCLE('',#4363,19.360894117666);
#4363 = AXIS2_PLACEMENT_3D('',#4364,#4365,#4366);
#4364 = CARTESIAN_POINT('',(-2.347762385714E-02,4.724897870396E-03,
    2.595294117647));
#4365 = DIRECTION('',(0.,0.,1.));
#4366 = DIRECTION('',(-0.245779643878,-0.969325727841,0.));
#4367 = ORIENTED_EDGE('',*,*,#4368,.T.);
#4368 = EDGE_CURVE('',#4360,#4369,#4371,.T.);
#4369 = VERTEX_POINT('',#4370);
#4370 = CARTESIAN_POINT('',(-2.850928057417,-17.45868831092,
    2.595294117647));
#4371 = B_SPLINE_CURVE_WITH_KNOTS('',3,(#4372,#4373,#4374,#4375),
  .UNSPECIFIED.,.F.,.F.,(4,4),(0.,1.),.PIECEWISE_BEZIER_KNOTS.);
#4372 = CARTESIAN_POINT('',(-3.831552219129,-18.9779721948,
    2.595294117647));
#4373 = CARTESIAN_POINT('',(-3.31760672868,-18.35484823782,
    2.595294117647));
#4374 = CARTESIAN_POINT('',(-3.020043547323,-17.82971801866,
    2.595294117647));
#4375 = CARTESIAN_POINT('',(-2.850928057417,-17.45868831092,
    2.595294117647));
#4376 = ORIENTED_EDGE('',*,*,#4377,.T.);
#4377 = EDGE_CURVE('',#4369,#4378,#4380,.T.);
#4378 = VERTEX_POINT('',#4379);
#4379 = CARTESIAN_POINT('',(-2.648280367163,-16.89010434835,
    2.595294117647));
#4380 = B_SPLINE_CURVE_WITH_KNOTS('',3,(#4381,#4382,#4383,#4384),
  .UNSPECIFIED.,.F.,.F.,(4,4),(0.,1.),.PIECEWISE_BEZIER_KNOTS.);
#4381 = CARTESIAN_POINT('',(-2.850928057417,-17.45868831092,
    2.595294117647));
#4382 = CARTESIAN_POINT('',(-2.710629530427,-17.14910412586,
    2.595294117647));
#4383 = CARTESIAN_POINT('',(-2.662075098662,-16.95501235524,
    2.595294117647));
#4384 = CARTESIAN_POINT('',(-2.648280367163,-16.89010434835,
    2.595294117647));
#4385 = ORIENTED_EDGE('',*,*,#4386,.T.);
#4386 = EDGE_CURVE('',#4378,#4387,#4389,.T.);
#4387 = VERTEX_POINT('',#4388);
#4388 = CARTESIAN_POINT('',(-2.622265947139,-16.73003402762,
    2.595294117647));
#4389 = LINE('',#4390,#4391);
#4390 = CARTESIAN_POINT('',(-2.648280367163,-16.89010434835,
    2.595294117647));
#4391 = VECTOR('',#4392,1.);
#4392 = DIRECTION('',(0.160414049857,0.987049812628,0.));
#4393 = ORIENTED_EDGE('',*,*,#4394,.T.);
#4394 = EDGE_CURVE('',#4387,#4395,#4397,.T.);
#4395 = VERTEX_POINT('',#4396);
#4396 = CARTESIAN_POINT('',(-2.072057878899,-16.31009646614,
    2.595294117647));
#4397 = CIRCLE('',#4398,0.493105882353);
#4398 = AXIS2_PLACEMENT_3D('',#4399,#4400,#4401);
#4399 = CARTESIAN_POINT('',(-2.134047786786,-16.79929035667,
    2.595294117647));
#4400 = DIRECTION('',(0.,0.,-1.));
#4401 = DIRECTION('',(-0.990087885431,0.140449204778,0.));
#4402 = ORIENTED_EDGE('',*,*,#4403,.T.);
#4403 = EDGE_CURVE('',#4395,#4404,#4406,.T.);
#4404 = VERTEX_POINT('',#4405);
#4405 = CARTESIAN_POINT('',(-1.609230836769,-16.36224454964,
    2.595294117647));
#4406 = CIRCLE('',#4407,16.441188235272);
#4407 = AXIS2_PLACEMENT_3D('',#4408,#4409,#4410);
#4408 = CARTESIAN_POINT('',(-2.48993E-12,-2.184989E-11,2.595294117647));
#4409 = DIRECTION('',(0.,0.,1.));
#4410 = DIRECTION('',(-0.126028474904,-0.992026624397,0.));
#4411 = ORIENTED_EDGE('',*,*,#4412,.T.);
#4412 = EDGE_CURVE('',#4404,#4413,#4415,.T.);
#4413 = VERTEX_POINT('',#4414);
#4414 = CARTESIAN_POINT('',(-1.166262531918,-16.89408621292,
    2.595294117647));
#4415 = CIRCLE('',#4416,0.493105882353);
#4416 = AXIS2_PLACEMENT_3D('',#4417,#4418,#4419);
#4417 = CARTESIAN_POINT('',(-1.657651026702,-16.85296738018,
    2.595294117647));
#4418 = DIRECTION('',(0.,0.,-1.));
#4419 = DIRECTION('',(9.819430606289E-02,0.995167261447,0.));
#4420 = ORIENTED_EDGE('',*,*,#4421,.T.);
#4421 = EDGE_CURVE('',#4413,#4422,#4424,.T.);
#4422 = VERTEX_POINT('',#4423);
#4423 = CARTESIAN_POINT('',(-1.176519344986,-17.05593198955,
    2.595294117647));
#4424 = LINE('',#4425,#4426);
#4425 = CARTESIAN_POINT('',(-1.166262531918,-16.89408621292,
    2.595294117647));
#4426 = VECTOR('',#4427,1.);
#4427 = DIRECTION('',(-6.32471114558E-02,-0.997997897239,0.));
#4428 = ORIENTED_EDGE('',*,*,#4429,.T.);
#4429 = EDGE_CURVE('',#4422,#4430,#4432,.T.);
#4430 = VERTEX_POINT('',#4431);
#4431 = CARTESIAN_POINT('',(-1.1054742898,-17.65535371837,2.595294117647
    ));
#4432 = B_SPLINE_CURVE_WITH_KNOTS('',3,(#4433,#4434,#4435,#4436),
  .UNSPECIFIED.,.F.,.F.,(4,4),(0.,1.),.PIECEWISE_BEZIER_KNOTS.);
#4433 = CARTESIAN_POINT('',(-1.176519344986,-17.05593198955,
    2.595294117647));
#4434 = CARTESIAN_POINT('',(-1.177513866521,-17.12228223373,
    2.595294117647));
#4435 = CARTESIAN_POINT('',(-1.173366277804,-17.32231209593,
    2.595294117647));
#4436 = CARTESIAN_POINT('',(-1.1054742898,-17.65535371837,2.595294117647
    ));
#4437 = ORIENTED_EDGE('',*,*,#4438,.T.);
#4438 = EDGE_CURVE('',#4430,#4439,#4441,.T.);
#4439 = VERTEX_POINT('',#4440);
#4440 = CARTESIAN_POINT('',(-0.487094956612,-19.35597132185,
    2.595294117647));
#4441 = B_SPLINE_CURVE_WITH_KNOTS('',3,(#4442,#4443,#4444,#4445),
  .UNSPECIFIED.,.F.,.F.,(4,4),(0.,1.),.PIECEWISE_BEZIER_KNOTS.);
#4442 = CARTESIAN_POINT('',(-1.1054742898,-17.65535371837,2.595294117647
    ));
#4443 = CARTESIAN_POINT('',(-1.023160755402,-18.05471267346,
    2.595294117647));
#4444 = CARTESIAN_POINT('',(-0.849910571074,-18.63289081867,
    2.595294117647));
#4445 = CARTESIAN_POINT('',(-0.487094956612,-19.35597132185,
    2.595294117647));
#4446 = ORIENTED_EDGE('',*,*,#4447,.T.);
#4447 = EDGE_CURVE('',#4439,#4448,#4450,.T.);
#4448 = VERTEX_POINT('',#4449);
#4449 = CARTESIAN_POINT('',(0.487508891974,-19.35475538763,
    2.595294117647));
#4450 = CIRCLE('',#4451,19.360894117645);
#4451 = AXIS2_PLACEMENT_3D('',#4452,#4453,#4454);
#4452 = CARTESIAN_POINT('',(-2.3940379497E-02,-6.178279920341E-04,
    2.595294117647));
#4453 = DIRECTION('',(0.,0.,1.));
#4454 = DIRECTION('',(-2.392216879556E-02,-0.999713823972,0.));
#4455 = ORIENTED_EDGE('',*,*,#4456,.T.);
#4456 = EDGE_CURVE('',#4448,#4457,#4459,.T.);
#4457 = VERTEX_POINT('',#4458);
#4458 = CARTESIAN_POINT('',(1.1054742898,-17.65535371837,2.595294117647)
  );
#4459 = B_SPLINE_CURVE_WITH_KNOTS('',3,(#4460,#4461,#4462,#4463),
  .UNSPECIFIED.,.F.,.F.,(4,4),(0.,1.),.PIECEWISE_BEZIER_KNOTS.);
#4460 = CARTESIAN_POINT('',(0.487508891974,-19.35475538763,
    2.595294117647));
#4461 = CARTESIAN_POINT('',(0.849910571074,-18.63289081867,
    2.595294117647));
#4462 = CARTESIAN_POINT('',(1.023160755402,-18.05471267346,
    2.595294117647));
#4463 = CARTESIAN_POINT('',(1.1054742898,-17.65535371837,2.595294117647)
  );
#4464 = ORIENTED_EDGE('',*,*,#4465,.T.);
#4465 = EDGE_CURVE('',#4457,#4466,#4468,.T.);
#4466 = VERTEX_POINT('',#4467);
#4467 = CARTESIAN_POINT('',(1.176519344986,-17.05593198955,
    2.595294117647));
#4468 = B_SPLINE_CURVE_WITH_KNOTS('',3,(#4469,#4470,#4471,#4472),
  .UNSPECIFIED.,.F.,.F.,(4,4),(0.,1.),.PIECEWISE_BEZIER_KNOTS.);
#4469 = CARTESIAN_POINT('',(1.1054742898,-17.65535371837,2.595294117647)
  );
#4470 = CARTESIAN_POINT('',(1.173366277804,-17.32231209593,
    2.595294117647));
#4471 = CARTESIAN_POINT('',(1.177513866521,-17.12228223373,
    2.595294117647));
#4472 = CARTESIAN_POINT('',(1.176519344986,-17.05593198955,
    2.595294117647));
#4473 = ORIENTED_EDGE('',*,*,#4474,.T.);
#4474 = EDGE_CURVE('',#4466,#4475,#4477,.T.);
#4475 = VERTEX_POINT('',#4476);
#4476 = CARTESIAN_POINT('',(1.166262531918,-16.89408621292,
    2.595294117647));
#4477 = LINE('',#4478,#4479);
#4478 = CARTESIAN_POINT('',(1.176519344986,-17.05593198955,
    2.595294117647));
#4479 = VECTOR('',#4480,1.);
#4480 = DIRECTION('',(-6.32471114558E-02,0.997997897239,0.));
#4481 = ORIENTED_EDGE('',*,*,#4482,.T.);
#4482 = EDGE_CURVE('',#4475,#4483,#4485,.T.);
#4483 = VERTEX_POINT('',#4484);
#4484 = CARTESIAN_POINT('',(1.609230836769,-16.36224454964,
    2.595294117647));
#4485 = CIRCLE('',#4486,0.493105882353);
#4486 = AXIS2_PLACEMENT_3D('',#4487,#4488,#4489);
#4487 = CARTESIAN_POINT('',(1.657651026702,-16.85296738018,
    2.595294117647));
#4488 = DIRECTION('',(0.,0.,-1.));
#4489 = DIRECTION('',(-0.99651720324,-8.338743098338E-02,-0.));
#4490 = ORIENTED_EDGE('',*,*,#4491,.T.);
#4491 = EDGE_CURVE('',#4483,#4492,#4494,.T.);
#4492 = VERTEX_POINT('',#4493);
#4493 = CARTESIAN_POINT('',(2.072057878899,-16.31009646614,
    2.595294117647));
#4494 = CIRCLE('',#4495,16.441188235292);
#4495 = AXIS2_PLACEMENT_3D('',#4496,#4497,#4498);
#4496 = CARTESIAN_POINT('',(1.6035E-13,-1.96854E-12,2.595294117647));
#4497 = DIRECTION('',(-0.,0.,1.));
#4498 = DIRECTION('',(9.787801305714E-02,-0.995198419693,0.));
#4499 = ORIENTED_EDGE('',*,*,#4500,.T.);
#4500 = EDGE_CURVE('',#4492,#4501,#4503,.T.);
#4501 = VERTEX_POINT('',#4502);
#4502 = CARTESIAN_POINT('',(2.622265947139,-16.73003402762,
    2.595294117647));
#4503 = CIRCLE('',#4504,0.493105882353);
#4504 = AXIS2_PLACEMENT_3D('',#4505,#4506,#4507);
#4505 = CARTESIAN_POINT('',(2.134047786786,-16.79929035667,
    2.595294117647));
#4506 = DIRECTION('',(0.,0.,-1.));
#4507 = DIRECTION('',(-0.125713178662,0.992066629169,0.));
#4508 = ORIENTED_EDGE('',*,*,#4509,.T.);
#4509 = EDGE_CURVE('',#4501,#4510,#4512,.T.);
#4510 = VERTEX_POINT('',#4511);
#4511 = CARTESIAN_POINT('',(2.648280367163,-16.89010434835,
    2.595294117647));
#4512 = LINE('',#4513,#4514);
#4513 = CARTESIAN_POINT('',(2.622265947139,-16.73003402762,
    2.595294117647));
#4514 = VECTOR('',#4515,1.);
#4515 = DIRECTION('',(0.160414049857,-0.987049812628,0.));
#4516 = ORIENTED_EDGE('',*,*,#4517,.T.);
#4517 = EDGE_CURVE('',#4510,#4518,#4520,.T.);
#4518 = VERTEX_POINT('',#4519);
#4519 = CARTESIAN_POINT('',(2.850928057417,-17.45868831092,
    2.595294117647));
#4520 = B_SPLINE_CURVE_WITH_KNOTS('',3,(#4521,#4522,#4523,#4524),
  .UNSPECIFIED.,.F.,.F.,(4,4),(0.,1.),.PIECEWISE_BEZIER_KNOTS.);
#4521 = CARTESIAN_POINT('',(2.648280367163,-16.89010434835,
    2.595294117647));
#4522 = CARTESIAN_POINT('',(2.662075098662,-16.95501235524,
    2.595294117647));
#4523 = CARTESIAN_POINT('',(2.710629530427,-17.14910412586,
    2.595294117647));
#4524 = CARTESIAN_POINT('',(2.850928057417,-17.45868831092,
    2.595294117647));
#4525 = ORIENTED_EDGE('',*,*,#4526,.T.);
#4526 = EDGE_CURVE('',#4518,#4527,#4529,.T.);
#4527 = VERTEX_POINT('',#4528);
#4528 = CARTESIAN_POINT('',(3.832226347086,-18.97906553373,
    2.595294117647));
#4529 = B_SPLINE_CURVE_WITH_KNOTS('',3,(#4530,#4531,#4532,#4533),
  .UNSPECIFIED.,.F.,.F.,(4,4),(0.,1.),.PIECEWISE_BEZIER_KNOTS.);
#4530 = CARTESIAN_POINT('',(2.850928057417,-17.45868831092,
    2.595294117647));
#4531 = CARTESIAN_POINT('',(3.020043547323,-17.82971801866,
    2.595294117647));
#4532 = CARTESIAN_POINT('',(3.31760672868,-18.35484823782,2.595294117647
    ));
#4533 = CARTESIAN_POINT('',(3.832226347086,-18.97906553373,
    2.595294117647));
#4534 = ORIENTED_EDGE('',*,*,#4535,.T.);
#4535 = EDGE_CURVE('',#4527,#4536,#4538,.T.);
#4536 = VERTEX_POINT('',#4537);
#4537 = CARTESIAN_POINT('',(4.782124271574,-18.76101032689,
    2.595294117647));
#4538 = CIRCLE('',#4539,19.360894117661);
#4539 = AXIS2_PLACEMENT_3D('',#4540,#4541,#4542);
#4540 = CARTESIAN_POINT('',(-2.320266454152E-02,-5.929573344142E-03,
    2.595294117647));
#4541 = DIRECTION('',(-0.,0.,1.));
#4542 = DIRECTION('',(0.199134863721,-0.979972094527,0.));
#4543 = ORIENTED_EDGE('',*,*,#4544,.T.);
#4544 = EDGE_CURVE('',#4536,#4545,#4547,.T.);
#4545 = VERTEX_POINT('',#4546);
#4546 = CARTESIAN_POINT('',(5.006443540068,-16.96670596805,
    2.595294117647));
#4547 = B_SPLINE_CURVE_WITH_KNOTS('',3,(#4548,#4549,#4550,#4551),
  .UNSPECIFIED.,.F.,.F.,(4,4),(0.,1.),.PIECEWISE_BEZIER_KNOTS.);
#4548 = CARTESIAN_POINT('',(4.782124271574,-18.76101032689,
    2.595294117647));
#4549 = CARTESIAN_POINT('',(4.974809805876,-17.97660244971,
    2.595294117647));
#4550 = CARTESIAN_POINT('',(5.015059505503,-17.3743686449,2.595294117647
    ));
#4551 = CARTESIAN_POINT('',(5.006443540068,-16.96670596805,
    2.595294117647));
#4552 = ORIENTED_EDGE('',*,*,#4553,.T.);
#4553 = EDGE_CURVE('',#4545,#4554,#4556,.T.);
#4554 = VERTEX_POINT('',#4555);
#4555 = CARTESIAN_POINT('',(4.94232346446,-16.36650398142,2.595294117647
    ));
#4556 = B_SPLINE_CURVE_WITH_KNOTS('',3,(#4557,#4558,#4559,#4560),
  .UNSPECIFIED.,.F.,.F.,(4,4),(0.,1.),.PIECEWISE_BEZIER_KNOTS.);
#4557 = CARTESIAN_POINT('',(5.006443540068,-16.96670596805,
    2.595294117647));
#4558 = CARTESIAN_POINT('',(4.998524601315,-16.62690700584,
    2.595294117647));
#4559 = CARTESIAN_POINT('',(4.958057369567,-16.4309693846,2.595294117647
    ));
#4560 = CARTESIAN_POINT('',(4.94232346446,-16.36650398142,2.595294117647
    ));
#4561 = ORIENTED_EDGE('',*,*,#4562,.T.);
#4562 = EDGE_CURVE('',#4554,#4563,#4565,.T.);
#4563 = VERTEX_POINT('',#4564);
#4564 = CARTESIAN_POINT('',(4.896309737737,-16.21099837194,
    2.595294117647));
#4565 = LINE('',#4566,#4567);
#4566 = CARTESIAN_POINT('',(4.94232346446,-16.36650398142,2.595294117647
    ));
#4567 = VECTOR('',#4568,1.);
#4568 = DIRECTION('',(-0.283736798503,0.958902200005,0.));
#4569 = ORIENTED_EDGE('',*,*,#4570,.T.);
#4570 = EDGE_CURVE('',#4563,#4571,#4573,.T.);
#4571 = VERTEX_POINT('',#4572);
#4572 = CARTESIAN_POINT('',(5.209825998718,-15.59392136864,
    2.595294117647));
#4573 = CIRCLE('',#4574,0.493105882353);
#4574 = AXIS2_PLACEMENT_3D('',#4575,#4576,#4577);
#4575 = CARTESIAN_POINT('',(5.366228295964,-16.0615662474,2.595294117647
    ));
#4576 = DIRECTION('',(0.,0.,-1.));
#4577 = DIRECTION('',(-0.952976987386,-0.303042672759,-0.));
#4578 = ORIENTED_EDGE('',*,*,#4579,.T.);
#4579 = EDGE_CURVE('',#4571,#4580,#4582,.T.);
#4580 = VERTEX_POINT('',#4581);
#4581 = CARTESIAN_POINT('',(5.649444960358,-15.44009204079,
    2.595294117647));
#4582 = CIRCLE('',#4583,16.441188235341);
#4583 = AXIS2_PLACEMENT_3D('',#4584,#4585,#4586);
#4584 = CARTESIAN_POINT('',(-1.566247E-11,4.47025E-11,2.595294117647));
#4585 = DIRECTION('',(-0.,0.,1.));
#4586 = DIRECTION('',(0.31687648874,-0.948466810639,0.));
#4587 = ORIENTED_EDGE('',*,*,#4588,.T.);
#4588 = EDGE_CURVE('',#4580,#4589,#4591,.T.);
#4589 = VERTEX_POINT('',#4590);
#4590 = CARTESIAN_POINT('',(6.279303061977,-15.72706807764,
    2.595294117647));
#4591 = CIRCLE('',#4592,0.493105882353);
#4592 = AXIS2_PLACEMENT_3D('',#4593,#4594,#4595);
#4593 = CARTESIAN_POINT('',(5.818736533238,-15.90322676694,
    2.595294117647));
#4594 = DIRECTION('',(0.,0.,-1.));
#4595 = DIRECTION('',(-0.343316879676,0.939219633594,0.));
#4596 = ORIENTED_EDGE('',*,*,#4597,.T.);
#4597 = EDGE_CURVE('',#4589,#4598,#4600,.T.);
#4598 = VERTEX_POINT('',#4599);
#4599 = CARTESIAN_POINT('',(6.340284243446,-15.87733634819,
    2.595294117647));
#4600 = LINE('',#4601,#4602);
#4601 = CARTESIAN_POINT('',(6.279303061977,-15.72706807764,
    2.595294117647));
#4602 = VECTOR('',#4603,1.);
#4603 = DIRECTION('',(0.376031380879,-0.926606928851,0.));
#4604 = ORIENTED_EDGE('',*,*,#4605,.T.);
#4605 = EDGE_CURVE('',#4598,#4606,#4608,.T.);
#4606 = VERTEX_POINT('',#4607);
#4607 = CARTESIAN_POINT('',(6.664372967396,-16.38657137042,
    2.595294117647));
#4608 = B_SPLINE_CURVE_WITH_KNOTS('',3,(#4609,#4610,#4611,#4612),
  .UNSPECIFIED.,.F.,.F.,(4,4),(0.,1.),.PIECEWISE_BEZIER_KNOTS.);
#4609 = CARTESIAN_POINT('',(6.340284243446,-15.87733634819,
    2.595294117647));
#4610 = CARTESIAN_POINT('',(6.368176502541,-15.9375473593,2.595294117647
    ));
#4611 = CARTESIAN_POINT('',(6.458703055399,-16.11596846649,
    2.595294117647));
#4612 = CARTESIAN_POINT('',(6.664372967396,-16.38657137042,
    2.595294117647));
#4613 = ORIENTED_EDGE('',*,*,#4614,.T.);
#4614 = EDGE_CURVE('',#4606,#4615,#4617,.T.);
#4615 = VERTEX_POINT('',#4616);
#4616 = CARTESIAN_POINT('',(7.959383819759,-17.65047015008,
    2.595294117647));
#4617 = B_SPLINE_CURVE_WITH_KNOTS('',3,(#4618,#4619,#4620,#4621),
  .UNSPECIFIED.,.F.,.F.,(4,4),(0.,1.),.PIECEWISE_BEZIER_KNOTS.);
#4618 = CARTESIAN_POINT('',(6.664372967396,-16.38657137042,
    2.595294117647));
#4619 = CARTESIAN_POINT('',(6.911810255981,-16.71066685199,
    2.595294117647));
#4620 = CARTESIAN_POINT('',(7.318765373939,-17.15641692314,
    2.595294117647));
#4621 = CARTESIAN_POINT('',(7.959383819759,-17.65047015008,
    2.595294117647));
#4622 = ORIENTED_EDGE('',*,*,#4623,.T.);
#4623 = EDGE_CURVE('',#4615,#4624,#4626,.T.);
#4624 = VERTEX_POINT('',#4625);
#4625 = CARTESIAN_POINT('',(8.836943971785,-17.22650986921,
    2.595294117647));
#4626 = CIRCLE('',#4627,19.360894117655);
#4627 = AXIS2_PLACEMENT_3D('',#4628,#4629,#4630);
#4628 = CARTESIAN_POINT('',(-2.130147109757E-02,-1.094398514965E-02,
    2.595294117647));
#4629 = DIRECTION('',(-0.,0.,1.));
#4630 = DIRECTION('',(0.412206442655,-0.911090472255,0.));
#4631 = ORIENTED_EDGE('',*,*,#4632,.T.);
#4632 = EDGE_CURVE('',#4624,#4633,#4635,.T.);
#4633 = VERTEX_POINT('',#4634);
#4634 = CARTESIAN_POINT('',(8.656368806149,-15.4272767337,2.595294117647
    ));
#4635 = B_SPLINE_CURVE_WITH_KNOTS('',3,(#4636,#4637,#4638,#4639),
  .UNSPECIFIED.,.F.,.F.,(4,4),(0.,1.),.PIECEWISE_BEZIER_KNOTS.);
#4636 = CARTESIAN_POINT('',(8.836943971785,-17.22650986921,
    2.595294117647));
#4637 = CARTESIAN_POINT('',(8.850251304016,-16.41889217016,
    2.595294117647));
#4638 = CARTESIAN_POINT('',(8.755482230934,-15.82280122344,
    2.595294117647));
#4639 = CARTESIAN_POINT('',(8.656368806149,-15.4272767337,2.595294117647
    ));
#4640 = ORIENTED_EDGE('',*,*,#4641,.T.);
#4641 = EDGE_CURVE('',#4633,#4642,#4644,.T.);
#4642 = VERTEX_POINT('',#4643);
#4643 = CARTESIAN_POINT('',(8.46029884808,-14.8563911231,2.595294117647)
  );
#4644 = B_SPLINE_CURVE_WITH_KNOTS('',3,(#4645,#4646,#4647,#4648),
  .UNSPECIFIED.,.F.,.F.,(4,4),(0.,1.),.PIECEWISE_BEZIER_KNOTS.);
#4645 = CARTESIAN_POINT('',(8.656368806149,-15.4272767337,2.595294117647
    ));
#4646 = CARTESIAN_POINT('',(8.573036029295,-15.09775937056,
    2.595294117647));
#4647 = CARTESIAN_POINT('',(8.489983173058,-14.91573912076,
    2.595294117647));
#4648 = CARTESIAN_POINT('',(8.46029884808,-14.8563911231,2.595294117647)
  );
#4649 = ORIENTED_EDGE('',*,*,#4650,.T.);
#4650 = EDGE_CURVE('',#4642,#4651,#4653,.T.);
#4651 = VERTEX_POINT('',#4652);
#4652 = CARTESIAN_POINT('',(8.380835528096,-14.71502338136,
    2.595294117647));
#4653 = LINE('',#4654,#4655);
#4654 = CARTESIAN_POINT('',(8.46029884808,-14.8563911231,2.595294117647)
  );
#4655 = VECTOR('',#4656,1.);
#4656 = DIRECTION('',(-0.489998737692,0.871723142437,0.));
#4657 = ORIENTED_EDGE('',*,*,#4658,.T.);
#4658 = EDGE_CURVE('',#4651,#4659,#4661,.T.);
#4659 = VERTEX_POINT('',#4660);
#4660 = CARTESIAN_POINT('',(8.549178730753,-14.04365385567,
    2.595294117647));
#4661 = CIRCLE('',#4662,0.493105882353);
#4662 = AXIS2_PLACEMENT_3D('',#4663,#4664,#4665);
#4663 = CARTESIAN_POINT('',(8.805720471048,-14.4647711157,2.595294117647
    ));
#4664 = DIRECTION('',(0.,0.,-1.));
#4665 = DIRECTION('',(-0.861650526098,-0.507502089527,-0.));
#4666 = ORIENTED_EDGE('',*,*,#4667,.T.);
#4667 = EDGE_CURVE('',#4659,#4668,#4670,.T.);
#4668 = VERTEX_POINT('',#4669);
#4669 = CARTESIAN_POINT('',(8.943545281478,-13.79585692831,
    2.595294117647));
#4670 = CIRCLE('',#4671,16.44118823528);
#4671 = AXIS2_PLACEMENT_3D('',#4672,#4673,#4674);
#4672 = CARTESIAN_POINT('',(7.67132E-12,-1.227227E-11,2.595294117647));
#4673 = DIRECTION('',(-0.,0.,1.));
#4674 = DIRECTION('',(0.519985454117,-0.854175115247,0.));
#4675 = ORIENTED_EDGE('',*,*,#4676,.T.);
#4676 = EDGE_CURVE('',#4668,#4677,#4679,.T.);
#4677 = VERTEX_POINT('',#4678);
#4678 = CARTESIAN_POINT('',(9.621469701202,-13.93548126373,
    2.595294117647));
#4679 = CIRCLE('',#4680,0.493105882353);
#4680 = AXIS2_PLACEMENT_3D('',#4681,#4682,#4683);
#4681 = CARTESIAN_POINT('',(9.211649532985,-14.20970898102,
    2.595294117647));
#4682 = DIRECTION('',(0.,0.,-1.));
#4683 = DIRECTION('',(-0.543705238777,0.839276243752,0.));
#4684 = ORIENTED_EDGE('',*,*,#4685,.T.);
#4685 = EDGE_CURVE('',#4677,#4686,#4688,.T.);
#4686 = VERTEX_POINT('',#4687);
#4687 = CARTESIAN_POINT('',(9.714359793042,-14.06841240555,
    2.595294117647));
#4688 = LINE('',#4689,#4690);
#4689 = CARTESIAN_POINT('',(9.621469701202,-13.93548126373,
    2.595294117647));
#4690 = VECTOR('',#4691,1.);
#4691 = DIRECTION('',(0.572792928293,-0.819700104488,0.));
#4692 = ORIENTED_EDGE('',*,*,#4693,.T.);
#4693 = EDGE_CURVE('',#4686,#4694,#4696,.T.);
#4694 = VERTEX_POINT('',#4695);
#4695 = CARTESIAN_POINT('',(10.143638388793,-14.49276331704,
    2.595294117647));
#4696 = B_SPLINE_CURVE_WITH_KNOTS('',3,(#4697,#4698,#4699,#4700),
  .UNSPECIFIED.,.F.,.F.,(4,4),(0.,1.),.PIECEWISE_BEZIER_KNOTS.);
#4697 = CARTESIAN_POINT('',(9.714359793042,-14.06841240555,
    2.595294117647));
#4698 = CARTESIAN_POINT('',(9.754950945393,-14.12090718936,
    2.595294117647));
#4699 = CARTESIAN_POINT('',(9.882910239978,-14.27471085379,
    2.595294117647));
#4700 = CARTESIAN_POINT('',(10.143638388793,-14.49276331704,
    2.595294117647));
#4701 = ORIENTED_EDGE('',*,*,#4702,.T.);
#4702 = EDGE_CURVE('',#4694,#4703,#4705,.T.);
#4703 = VERTEX_POINT('',#4704);
#4704 = CARTESIAN_POINT('',(11.687424552215,-15.43680649115,
    2.595294117647));
#4705 = B_SPLINE_CURVE_WITH_KNOTS('',3,(#4706,#4707,#4708,#4709),
  .UNSPECIFIED.,.F.,.F.,(4,4),(0.,1.),.PIECEWISE_BEZIER_KNOTS.);
#4706 = CARTESIAN_POINT('',(10.143638388793,-14.49276331704,
    2.595294117647));
#4707 = CARTESIAN_POINT('',(10.456989937198,-14.75367307168,
    2.595294117647));
#4708 = CARTESIAN_POINT('',(10.952930562846,-15.09769122498,
    2.595294117647));
#4709 = CARTESIAN_POINT('',(11.687424552215,-15.43680649115,
    2.595294117647));
#4710 = ORIENTED_EDGE('',*,*,#4711,.T.);
#4711 = EDGE_CURVE('',#4703,#4712,#4714,.T.);
#4712 = VERTEX_POINT('',#4713);
#4713 = CARTESIAN_POINT('',(12.448642401386,-14.82820027505,
    2.595294117647));
#4714 = CIRCLE('',#4715,19.360894117642);
#4715 = AXIS2_PLACEMENT_3D('',#4716,#4717,#4718);
#4716 = CARTESIAN_POINT('',(-1.83321329383E-02,-1.540961984684E-02,
    2.595294117647));
#4717 = DIRECTION('',(-0.,0.,1.));
#4718 = DIRECTION('',(0.60460826933,-0.796522969322,0.));
#4719 = ORIENTED_EDGE('',*,*,#4720,.T.);
#4720 = EDGE_CURVE('',#4712,#4721,#4723,.T.);
#4721 = VERTEX_POINT('',#4722);
#4722 = CARTESIAN_POINT('',(11.872227594442,-13.11425942522,
    2.595294117647));
#4723 = B_SPLINE_CURVE_WITH_KNOTS('',3,(#4724,#4725,#4726,#4727),
  .UNSPECIFIED.,.F.,.F.,(4,4),(0.,1.),.PIECEWISE_BEZIER_KNOTS.);
#4724 = CARTESIAN_POINT('',(12.448642401386,-14.82820027505,
    2.595294117647));
#4725 = CARTESIAN_POINT('',(12.281904246341,-14.03787007787,
    2.595294117647));
#4726 = CARTESIAN_POINT('',(12.056868517596,-13.47781247837,
    2.595294117647));
#4727 = CARTESIAN_POINT('',(11.872227594442,-13.11425942522,
    2.595294117647));
#4728 = ORIENTED_EDGE('',*,*,#4729,.T.);
#4729 = EDGE_CURVE('',#4721,#4730,#4732,.T.);
#4730 = VERTEX_POINT('',#4731);
#4731 = CARTESIAN_POINT('',(11.554039520326,-12.60131677898,
    2.595294117647));
#4732 = B_SPLINE_CURVE_WITH_KNOTS('',3,(#4733,#4734,#4735,#4736),
  .UNSPECIFIED.,.F.,.F.,(4,4),(0.,1.),.PIECEWISE_BEZIER_KNOTS.);
#4733 = CARTESIAN_POINT('',(11.872227594442,-13.11425942522,
    2.595294117647));
#4734 = CARTESIAN_POINT('',(11.717659632885,-12.81154703768,
    2.595294117647));
#4735 = CARTESIAN_POINT('',(11.59618576917,-12.65257141471,
    2.595294117647));
#4736 = CARTESIAN_POINT('',(11.554039520326,-12.60131677898,
    2.595294117647));
#4737 = ORIENTED_EDGE('',*,*,#4738,.T.);
#4738 = EDGE_CURVE('',#4730,#4739,#4741,.T.);
#4739 = VERTEX_POINT('',#4740);
#4740 = CARTESIAN_POINT('',(11.445111229755,-12.48117567385,
    2.595294117647));
#4741 = LINE('',#4742,#4743);
#4742 = CARTESIAN_POINT('',(11.554039520326,-12.60131677898,
    2.595294117647));
#4743 = VECTOR('',#4744,1.);
#4744 = DIRECTION('',(-0.671690094116,0.740832246508,0.));
#4745 = ORIENTED_EDGE('',*,*,#4746,.T.);
#4746 = EDGE_CURVE('',#4739,#4747,#4749,.T.);
#4747 = VERTEX_POINT('',#4748);
#4748 = CARTESIAN_POINT('',(11.459839942966,-11.78917889719,
    2.595294117647));
#4749 = CIRCLE('',#4750,0.493105882353);
#4750 = AXIS2_PLACEMENT_3D('',#4751,#4752,#4753);
#4751 = CARTESIAN_POINT('',(11.803657052227,-12.14265196064,
    2.595294117647));
#4752 = DIRECTION('',(0.,0.,-1.));
#4753 = DIRECTION('',(-0.727117309493,-0.686513232382,-0.));
#4754 = ORIENTED_EDGE('',*,*,#4755,.T.);
#4755 = EDGE_CURVE('',#4747,#4756,#4758,.T.);
#4756 = VERTEX_POINT('',#4757);
#4757 = CARTESIAN_POINT('',(11.789178897191,-11.45983994296,
    2.595294117647));
#4758 = CIRCLE('',#4759,16.441188235255);
#4759 = AXIS2_PLACEMENT_3D('',#4760,#4761,#4762);
#4760 = CARTESIAN_POINT('',(2.771979E-11,-2.780738E-11,2.595294117647));
#4761 = DIRECTION('',(-0.,0.,1.));
#4762 = DIRECTION('',(0.697020177554,-0.717051512851,0.));
#4763 = ORIENTED_EDGE('',*,*,#4764,.T.);
#4764 = EDGE_CURVE('',#4756,#4765,#4767,.T.);
#4765 = VERTEX_POINT('',#4766);
#4766 = CARTESIAN_POINT('',(12.48117567385,-11.44511122975,
    2.595294117647));
#4767 = CIRCLE('',#4768,0.493105882353);
#4768 = AXIS2_PLACEMENT_3D('',#4769,#4770,#4771);
#4769 = CARTESIAN_POINT('',(12.142651960649,-11.80365705222,
    2.595294117647));
#4770 = DIRECTION('',(0.,0.,-1.));
#4771 = DIRECTION('',(-0.71682994689,0.697248038535,0.));
#4772 = ORIENTED_EDGE('',*,*,#4773,.T.);
#4773 = EDGE_CURVE('',#4765,#4774,#4776,.T.);
#4774 = VERTEX_POINT('',#4775);
#4775 = CARTESIAN_POINT('',(12.60131677898,-11.55403952032,
    2.595294117647));
#4776 = LINE('',#4777,#4778);
#4777 = CARTESIAN_POINT('',(12.48117567385,-11.44511122975,
    2.595294117647));
#4778 = VECTOR('',#4779,1.);
#4779 = DIRECTION('',(0.740832246508,-0.671690094116,0.));
#4780 = ORIENTED_EDGE('',*,*,#4781,.T.);
#4781 = EDGE_CURVE('',#4774,#4782,#4784,.T.);
#4782 = VERTEX_POINT('',#4783);
#4783 = CARTESIAN_POINT('',(13.114259425229,-11.87222759444,
    2.595294117647));
#4784 = B_SPLINE_CURVE_WITH_KNOTS('',3,(#4785,#4786,#4787,#4788),
  .UNSPECIFIED.,.F.,.F.,(4,4),(0.,1.),.PIECEWISE_BEZIER_KNOTS.);
#4785 = CARTESIAN_POINT('',(12.60131677898,-11.55403952032,
    2.595294117647));
#4786 = CARTESIAN_POINT('',(12.652571414715,-11.59618576917,
    2.595294117647));
#4787 = CARTESIAN_POINT('',(12.811547037686,-11.71765963288,
    2.595294117647));
#4788 = CARTESIAN_POINT('',(13.114259425229,-11.87222759444,
    2.595294117647));
#4789 = ORIENTED_EDGE('',*,*,#4790,.T.);
#4790 = EDGE_CURVE('',#4782,#4791,#4793,.T.);
#4791 = VERTEX_POINT('',#4792);
#4792 = CARTESIAN_POINT('',(14.82940901519,-12.44907689627,
    2.595294117647));
#4793 = B_SPLINE_CURVE_WITH_KNOTS('',3,(#4794,#4795,#4796,#4797),
  .UNSPECIFIED.,.F.,.F.,(4,4),(0.,1.),.PIECEWISE_BEZIER_KNOTS.);
#4794 = CARTESIAN_POINT('',(13.114259425229,-11.87222759444,
    2.595294117647));
#4795 = CARTESIAN_POINT('',(13.477812478377,-12.05686851759,
    2.595294117647));
#4796 = CARTESIAN_POINT('',(14.037870077876,-12.28190424634,
    2.595294117647));
#4797 = CARTESIAN_POINT('',(14.82940901519,-12.44907689627,
    2.595294117647));
#4798 = ORIENTED_EDGE('',*,*,#4799,.T.);
#4799 = EDGE_CURVE('',#4791,#4800,#4802,.T.);
#4800 = VERTEX_POINT('',#4801);
#4801 = CARTESIAN_POINT('',(15.436113919978,-11.68634280192,
    2.595294117647));
#4802 = CIRCLE('',#4803,19.360894117636);
#4803 = AXIS2_PLACEMENT_3D('',#4804,#4805,#4806);
#4804 = CARTESIAN_POINT('',(-1.444354508649E-02,-1.910255185141E-02,
    2.595294117647));
#4805 = DIRECTION('',(-0.,0.,1.));
#4806 = DIRECTION('',(0.766692512757,-0.642014478717,0.));
#4807 = ORIENTED_EDGE('',*,*,#4808,.T.);
#4808 = EDGE_CURVE('',#4800,#4809,#4811,.T.);
#4809 = VERTEX_POINT('',#4810);
#4810 = CARTESIAN_POINT('',(14.492763317044,-10.14363838879,
    2.595294117647));
#4811 = B_SPLINE_CURVE_WITH_KNOTS('',3,(#4812,#4813,#4814,#4815),
  .UNSPECIFIED.,.F.,.F.,(4,4),(0.,1.),.PIECEWISE_BEZIER_KNOTS.);
#4812 = CARTESIAN_POINT('',(15.436113919978,-11.68634280192,
    2.595294117647));
#4813 = CARTESIAN_POINT('',(15.097691224989,-10.95293056284,
    2.595294117647));
#4814 = CARTESIAN_POINT('',(14.753673071687,-10.45698993719,
    2.595294117647));
#4815 = CARTESIAN_POINT('',(14.492763317044,-10.14363838879,
    2.595294117647));
#4816 = ORIENTED_EDGE('',*,*,#4817,.T.);
#4817 = EDGE_CURVE('',#4809,#4818,#4820,.T.);
#4818 = VERTEX_POINT('',#4819);
#4819 = CARTESIAN_POINT('',(14.068412405556,-9.714359793042,
    2.595294117647));
#4820 = B_SPLINE_CURVE_WITH_KNOTS('',3,(#4821,#4822,#4823,#4824),
  .UNSPECIFIED.,.F.,.F.,(4,4),(0.,1.),.PIECEWISE_BEZIER_KNOTS.);
#4821 = CARTESIAN_POINT('',(14.492763317044,-10.14363838879,
    2.595294117647));
#4822 = CARTESIAN_POINT('',(14.274710853797,-9.882910239978,
    2.595294117647));
#4823 = CARTESIAN_POINT('',(14.120907189361,-9.754950945393,
    2.595294117647));
#4824 = CARTESIAN_POINT('',(14.068412405556,-9.714359793042,
    2.595294117647));
#4825 = ORIENTED_EDGE('',*,*,#4826,.T.);
#4826 = EDGE_CURVE('',#4818,#4827,#4829,.T.);
#4827 = VERTEX_POINT('',#4828);
#4828 = CARTESIAN_POINT('',(13.935481263732,-9.621469701202,
    2.595294117647));
#4829 = LINE('',#4830,#4831);
#4830 = CARTESIAN_POINT('',(14.068412405556,-9.714359793042,
    2.595294117647));
#4831 = VECTOR('',#4832,1.);
#4832 = DIRECTION('',(-0.819700104488,0.572792928293,0.));
#4833 = ORIENTED_EDGE('',*,*,#4834,.T.);
#4834 = EDGE_CURVE('',#4827,#4835,#4837,.T.);
#4835 = VERTEX_POINT('',#4836);
#4836 = CARTESIAN_POINT('',(13.795856928315,-8.943545281478,
    2.595294117647));
#4837 = CIRCLE('',#4838,0.493105882353);
#4838 = AXIS2_PLACEMENT_3D('',#4839,#4840,#4841);
#4839 = CARTESIAN_POINT('',(14.209708981028,-9.211649532985,
    2.595294117647));
#4840 = DIRECTION('',(0.,0.,-1.));
#4841 = DIRECTION('',(-0.556123394812,-0.831099735136,-0.));
#4842 = ORIENTED_EDGE('',*,*,#4843,.T.);
#4843 = EDGE_CURVE('',#4835,#4844,#4846,.T.);
#4844 = VERTEX_POINT('',#4845);
#4845 = CARTESIAN_POINT('',(14.043653855675,-8.549178730753,
    2.595294117647));
#4846 = CIRCLE('',#4847,16.441188235297);
#4847 = AXIS2_PLACEMENT_3D('',#4848,#4849,#4850);
#4848 = CARTESIAN_POINT('',(-2.8122E-12,1.63949E-12,2.595294117647));
#4849 = DIRECTION('',(-0.,0.,1.));
#4850 = DIRECTION('',(0.839103398786,-0.543971953455,0.));
#4851 = ORIENTED_EDGE('',*,*,#4852,.T.);
#4852 = EDGE_CURVE('',#4844,#4853,#4855,.T.);
#4853 = VERTEX_POINT('',#4854);
#4854 = CARTESIAN_POINT('',(14.71502338136,-8.380835528096,
    2.595294117647));
#4855 = CIRCLE('',#4856,0.493105882353);
#4856 = AXIS2_PLACEMENT_3D('',#4857,#4858,#4859);
#4857 = CARTESIAN_POINT('',(14.464771115708,-8.805720471048,
    2.595294117647));
#4858 = DIRECTION('',(0.,0.,-1.));
#4859 = DIRECTION('',(-0.854009808245,0.520256905212,0.));
#4860 = ORIENTED_EDGE('',*,*,#4861,.T.);
#4861 = EDGE_CURVE('',#4853,#4862,#4864,.T.);
#4862 = VERTEX_POINT('',#4863);
#4863 = CARTESIAN_POINT('',(14.856391123104,-8.46029884808,
    2.595294117647));
#4864 = LINE('',#4865,#4866);
#4865 = CARTESIAN_POINT('',(14.71502338136,-8.380835528096,
    2.595294117647));
#4866 = VECTOR('',#4867,1.);
#4867 = DIRECTION('',(0.871723142437,-0.489998737692,0.));
#4868 = ORIENTED_EDGE('',*,*,#4869,.T.);
#4869 = EDGE_CURVE('',#4862,#4870,#4872,.T.);
#4870 = VERTEX_POINT('',#4871);
#4871 = CARTESIAN_POINT('',(15.427276733707,-8.656368806149,
    2.595294117647));
#4872 = B_SPLINE_CURVE_WITH_KNOTS('',3,(#4873,#4874,#4875,#4876),
  .UNSPECIFIED.,.F.,.F.,(4,4),(0.,1.),.PIECEWISE_BEZIER_KNOTS.);
#4873 = CARTESIAN_POINT('',(14.856391123104,-8.46029884808,
    2.595294117647));
#4874 = CARTESIAN_POINT('',(14.915739120766,-8.489983173058,
    2.595294117647));
#4875 = CARTESIAN_POINT('',(15.097759370562,-8.573036029295,
    2.595294117647));
#4876 = CARTESIAN_POINT('',(15.427276733707,-8.656368806149,
    2.595294117647));
#4877 = ORIENTED_EDGE('',*,*,#4878,.T.);
#4878 = EDGE_CURVE('',#4870,#4879,#4881,.T.);
#4879 = VERTEX_POINT('',#4880);
#4880 = CARTESIAN_POINT('',(17.227784987923,-8.837098602998,
    2.595294117647));
#4881 = B_SPLINE_CURVE_WITH_KNOTS('',3,(#4882,#4883,#4884,#4885),
  .UNSPECIFIED.,.F.,.F.,(4,4),(0.,1.),.PIECEWISE_BEZIER_KNOTS.);
#4882 = CARTESIAN_POINT('',(15.427276733707,-8.656368806149,
    2.595294117647));
#4883 = CARTESIAN_POINT('',(15.822801223446,-8.755482230934,
    2.595294117647));
#4884 = CARTESIAN_POINT('',(16.418892170161,-8.850251304016,
    2.595294117647));
#4885 = CARTESIAN_POINT('',(17.227784987923,-8.837098602998,
    2.595294117647));
#4886 = ORIENTED_EDGE('',*,*,#4887,.T.);
#4887 = EDGE_CURVE('',#4879,#4888,#4890,.T.);
#4888 = VERTEX_POINT('',#4889);
#4889 = CARTESIAN_POINT('',(17.649554231024,-7.958483302796,
    2.595294117647));
#4890 = CIRCLE('',#4891,19.36089411765);
#4891 = AXIS2_PLACEMENT_3D('',#4892,#4893,#4894);
#4892 = CARTESIAN_POINT('',(-9.830697589565E-03,-2.183760212996E-02,
    2.595294117647));
#4893 = DIRECTION('',(-0.,0.,1.));
#4894 = DIRECTION('',(0.890331592165,-0.45531270133,0.));
#4895 = ORIENTED_EDGE('',*,*,#4896,.T.);
#4896 = EDGE_CURVE('',#4888,#4897,#4899,.T.);
#4897 = VERTEX_POINT('',#4898);
#4898 = CARTESIAN_POINT('',(16.38657137042,-6.664372967396,
    2.595294117647));
#4899 = B_SPLINE_CURVE_WITH_KNOTS('',3,(#4900,#4901,#4902,#4903),
  .UNSPECIFIED.,.F.,.F.,(4,4),(0.,1.),.PIECEWISE_BEZIER_KNOTS.);
#4900 = CARTESIAN_POINT('',(17.649554231024,-7.958483302796,
    2.595294117647));
#4901 = CARTESIAN_POINT('',(17.156416923147,-7.318765373939,
    2.595294117647));
#4902 = CARTESIAN_POINT('',(16.71066685199,-6.911810255981,
    2.595294117647));
#4903 = CARTESIAN_POINT('',(16.38657137042,-6.664372967396,
    2.595294117647));
#4904 = ORIENTED_EDGE('',*,*,#4905,.T.);
#4905 = EDGE_CURVE('',#4897,#4906,#4908,.T.);
#4906 = VERTEX_POINT('',#4907);
#4907 = CARTESIAN_POINT('',(15.877336348197,-6.340284243446,
    2.595294117647));
#4908 = B_SPLINE_CURVE_WITH_KNOTS('',3,(#4909,#4910,#4911,#4912),
  .UNSPECIFIED.,.F.,.F.,(4,4),(0.,1.),.PIECEWISE_BEZIER_KNOTS.);
#4909 = CARTESIAN_POINT('',(16.38657137042,-6.664372967396,
    2.595294117647));
#4910 = CARTESIAN_POINT('',(16.115968466498,-6.458703055399,
    2.595294117647));
#4911 = CARTESIAN_POINT('',(15.937547359304,-6.368176502541,
    2.595294117647));
#4912 = CARTESIAN_POINT('',(15.877336348197,-6.340284243446,
    2.595294117647));
#4913 = ORIENTED_EDGE('',*,*,#4914,.T.);
#4914 = EDGE_CURVE('',#4906,#4915,#4917,.T.);
#4915 = VERTEX_POINT('',#4916);
#4916 = CARTESIAN_POINT('',(15.727068077643,-6.279303061977,
    2.595294117647));
#4917 = LINE('',#4918,#4919);
#4918 = CARTESIAN_POINT('',(15.877336348197,-6.340284243446,
    2.595294117647));
#4919 = VECTOR('',#4920,1.);
#4920 = DIRECTION('',(-0.926606928851,0.376031380879,0.));
#4921 = ORIENTED_EDGE('',*,*,#4922,.T.);
#4922 = EDGE_CURVE('',#4915,#4923,#4925,.T.);
#4923 = VERTEX_POINT('',#4924);
#4924 = CARTESIAN_POINT('',(15.440092040796,-5.649444960358,
    2.595294117647));
#4925 = CIRCLE('',#4926,0.493105882353);
#4926 = AXIS2_PLACEMENT_3D('',#4927,#4928,#4929);
#4927 = CARTESIAN_POINT('',(15.903226766943,-5.818736533238,
    2.595294117647));
#4928 = DIRECTION('',(0.,0.,-1.));
#4929 = DIRECTION('',(-0.357243130947,-0.934011426799,-0.));
#4930 = ORIENTED_EDGE('',*,*,#4931,.T.);
#4931 = EDGE_CURVE('',#4923,#4932,#4934,.T.);
#4932 = VERTEX_POINT('',#4933);
#4933 = CARTESIAN_POINT('',(15.593921368644,-5.209825998718,
    2.595294117647));
#4934 = CIRCLE('',#4935,16.441188235334);
#4935 = AXIS2_PLACEMENT_3D('',#4936,#4937,#4938);
#4936 = CARTESIAN_POINT('',(-3.781375E-11,1.313552E-11,2.595294117647));
#4937 = DIRECTION('',(-0.,0.,1.));
#4938 = DIRECTION('',(0.939110471812,-0.343615368884,0.));
#4939 = ORIENTED_EDGE('',*,*,#4940,.T.);
#4940 = EDGE_CURVE('',#4932,#4941,#4943,.T.);
#4941 = VERTEX_POINT('',#4942);
#4942 = CARTESIAN_POINT('',(16.210998371942,-4.896309737737,
    2.595294117647));
#4943 = CIRCLE('',#4944,0.493105882353);
#4944 = AXIS2_PLACEMENT_3D('',#4945,#4946,#4947);
#4945 = CARTESIAN_POINT('',(16.061566247401,-5.366228295964,
    2.595294117647));
#4946 = DIRECTION('',(0.,0.,-1.));
#4947 = DIRECTION('',(-0.94836605178,0.317177918258,0.));
#4948 = ORIENTED_EDGE('',*,*,#4949,.T.);
#4949 = EDGE_CURVE('',#4941,#4950,#4952,.T.);
#4950 = VERTEX_POINT('',#4951);
#4951 = CARTESIAN_POINT('',(16.366503981429,-4.94232346446,
    2.595294117647));
#4952 = LINE('',#4953,#4954);
#4953 = CARTESIAN_POINT('',(16.210998371942,-4.896309737737,
    2.595294117647));
#4954 = VECTOR('',#4955,1.);
#4955 = DIRECTION('',(0.958902200005,-0.283736798503,0.));
#4956 = ORIENTED_EDGE('',*,*,#4957,.T.);
#4957 = EDGE_CURVE('',#4950,#4958,#4960,.T.);
#4958 = VERTEX_POINT('',#4959);
#4959 = CARTESIAN_POINT('',(16.966705968059,-5.006443540068,
    2.595294117647));
#4960 = B_SPLINE_CURVE_WITH_KNOTS('',3,(#4961,#4962,#4963,#4964),
  .UNSPECIFIED.,.F.,.F.,(4,4),(0.,1.),.PIECEWISE_BEZIER_KNOTS.);
#4961 = CARTESIAN_POINT('',(16.366503981429,-4.94232346446,
    2.595294117647));
#4962 = CARTESIAN_POINT('',(16.4309693846,-4.958057369567,2.595294117647
    ));
#4963 = CARTESIAN_POINT('',(16.626907005845,-4.998524601315,
    2.595294117647));
#4964 = CARTESIAN_POINT('',(16.966705968059,-5.006443540068,
    2.595294117647));
#4965 = ORIENTED_EDGE('',*,*,#4966,.T.);
#4966 = EDGE_CURVE('',#4958,#4967,#4969,.T.);
#4967 = VERTEX_POINT('',#4968);
#4968 = CARTESIAN_POINT('',(18.762287884396,-4.781991285255,
    2.595294117647));
#4969 = B_SPLINE_CURVE_WITH_KNOTS('',3,(#4970,#4971,#4972,#4973),
  .UNSPECIFIED.,.F.,.F.,(4,4),(0.,1.),.PIECEWISE_BEZIER_KNOTS.);
#4970 = CARTESIAN_POINT('',(16.966705968059,-5.006443540068,
    2.595294117647));
#4971 = CARTESIAN_POINT('',(17.374368644908,-5.015059505503,
    2.595294117647));
#4972 = CARTESIAN_POINT('',(17.976602449712,-4.974809805876,
    2.595294117647));
#4973 = CARTESIAN_POINT('',(18.762287884396,-4.781991285255,
    2.595294117647));
#4974 = ORIENTED_EDGE('',*,*,#4975,.T.);
#4975 = EDGE_CURVE('',#4967,#4976,#4978,.T.);
#4976 = VERTEX_POINT('',#4977);
#4977 = CARTESIAN_POINT('',(18.977972194806,-3.831552219129,
    2.595294117647));
#4978 = CIRCLE('',#4979,19.360894117666);
#4979 = AXIS2_PLACEMENT_3D('',#4980,#4981,#4982);
#4980 = CARTESIAN_POINT('',(-4.724897870424E-03,-2.347762385714E-02,
    2.595294117647));
#4981 = DIRECTION('',(-0.,0.,1.));
#4982 = DIRECTION('',(0.969325727841,-0.245779643878,0.));
#4983 = ORIENTED_EDGE('',*,*,#4984,.T.);
#4984 = EDGE_CURVE('',#4976,#4985,#4987,.T.);
#4985 = VERTEX_POINT('',#4986);
#4986 = CARTESIAN_POINT('',(17.458688310921,-2.850928057417,
    2.595294117647));
#4987 = B_SPLINE_CURVE_WITH_KNOTS('',3,(#4988,#4989,#4990,#4991),
  .UNSPECIFIED.,.F.,.F.,(4,4),(0.,1.),.PIECEWISE_BEZIER_KNOTS.);
#4988 = CARTESIAN_POINT('',(18.977972194806,-3.831552219129,
    2.595294117647));
#4989 = CARTESIAN_POINT('',(18.354848237821,-3.31760672868,
    2.595294117647));
#4990 = CARTESIAN_POINT('',(17.829718018667,-3.020043547323,
    2.595294117647));
#4991 = CARTESIAN_POINT('',(17.458688310921,-2.850928057417,
    2.595294117647));
#4992 = ORIENTED_EDGE('',*,*,#4993,.T.);
#4993 = EDGE_CURVE('',#4985,#4994,#4996,.T.);
#4994 = VERTEX_POINT('',#4995);
#4995 = CARTESIAN_POINT('',(16.890104348356,-2.648280367163,
    2.595294117647));
#4996 = B_SPLINE_CURVE_WITH_KNOTS('',3,(#4997,#4998,#4999,#5000),
  .UNSPECIFIED.,.F.,.F.,(4,4),(0.,1.),.PIECEWISE_BEZIER_KNOTS.);
#4997 = CARTESIAN_POINT('',(17.458688310921,-2.850928057417,
    2.595294117647));
#4998 = CARTESIAN_POINT('',(17.149104125865,-2.710629530427,
    2.595294117647));
#4999 = CARTESIAN_POINT('',(16.955012355249,-2.662075098662,
    2.595294117647));
#5000 = CARTESIAN_POINT('',(16.890104348356,-2.648280367163,
    2.595294117647));
#5001 = ORIENTED_EDGE('',*,*,#5002,.T.);
#5002 = EDGE_CURVE('',#4994,#5003,#5005,.T.);
#5003 = VERTEX_POINT('',#5004);
#5004 = CARTESIAN_POINT('',(16.730034027624,-2.622265947139,
    2.595294117647));
#5005 = LINE('',#5006,#5007);
#5006 = CARTESIAN_POINT('',(16.890104348356,-2.648280367163,
    2.595294117647));
#5007 = VECTOR('',#5008,1.);
#5008 = DIRECTION('',(-0.987049812628,0.160414049857,0.));
#5009 = ORIENTED_EDGE('',*,*,#5010,.T.);
#5010 = EDGE_CURVE('',#5003,#5011,#5013,.T.);
#5011 = VERTEX_POINT('',#5012);
#5012 = CARTESIAN_POINT('',(16.310096466142,-2.072057878899,
    2.595294117647));
#5013 = CIRCLE('',#5014,0.493105882353);
#5014 = AXIS2_PLACEMENT_3D('',#5015,#5016,#5017);
#5015 = CARTESIAN_POINT('',(16.799290356672,-2.134047786786,
    2.595294117647));
#5016 = DIRECTION('',(0.,0.,-1.));
#5017 = DIRECTION('',(-0.140449204778,-0.990087885431,-0.));
#5018 = ORIENTED_EDGE('',*,*,#5019,.T.);
#5019 = EDGE_CURVE('',#5011,#64,#5020,.T.);
#5020 = CIRCLE('',#5021,16.44118823529);
#5021 = AXIS2_PLACEMENT_3D('',#5022,#5023,#5024);
#5022 = CARTESIAN_POINT('',(3.60861E-12,-4.3249E-13,2.595294117647));
#5023 = DIRECTION('',(-0.,0.,1.));
#5024 = DIRECTION('',(0.992026624397,-0.126028474904,0.));
#5025 = ORIENTED_EDGE('',*,*,#71,.T.);
#5026 = FACE_BOUND('',#5027,.T.);
#5027 = EDGE_LOOP('',(#5028));
#5028 = ORIENTED_EDGE('',*,*,#5029,.F.);
#5029 = EDGE_CURVE('',#5030,#5030,#5032,.T.);
#5030 = VERTEX_POINT('',#5031);
#5031 = CARTESIAN_POINT('',(2.692617647059,-3.552713678801E-15,
    2.595294117647));
#5032 = CIRCLE('',#5033,2.692617647059);
#5033 = AXIS2_PLACEMENT_3D('',#5034,#5035,#5036);
#5034 = CARTESIAN_POINT('',(0.,0.,2.595294117647));
#5035 = DIRECTION('',(0.,0.,1.));
#5036 = DIRECTION('',(1.,0.,0.));
#5037 = PLANE('',#5038);
#5038 = AXIS2_PLACEMENT_3D('',#5039,#5040,#5041);
#5039 = CARTESIAN_POINT('',(-1.04E-15,-5.44E-15,2.595294117647));
#5040 = DIRECTION('',(0.,0.,1.));
#5041 = DIRECTION('',(1.,0.,0.));
#5042 = ADVANCED_FACE('',(#5043),#5054,.T.);
#5043 = FACE_BOUND('',#5044,.F.);
#5044 = EDGE_LOOP('',(#5045,#5051,#5052,#5053));
#5045 = ORIENTED_EDGE('',*,*,#5046,.T.);
#5046 = EDGE_CURVE('',#2553,#5011,#5047,.T.);
#5047 = LINE('',#5048,#5049);
#5048 = CARTESIAN_POINT('',(16.310096466142,-2.072057878899,0.));
#5049 = VECTOR('',#5050,1.);
#5050 = DIRECTION('',(0.,0.,1.));
#5051 = ORIENTED_EDGE('',*,*,#5019,.T.);
#5052 = ORIENTED_EDGE('',*,*,#61,.F.);
#5053 = ORIENTED_EDGE('',*,*,#2561,.F.);
#5054 = CYLINDRICAL_SURFACE('',#5055,16.44118823529);
#5055 = AXIS2_PLACEMENT_3D('',#5056,#5057,#5058);
#5056 = CARTESIAN_POINT('',(3.60861E-12,-4.3249E-13,0.));
#5057 = DIRECTION('',(-0.,-0.,-1.));
#5058 = DIRECTION('',(0.992026624397,-0.126028474904,0.));
#5059 = ADVANCED_FACE('',(#5060),#5071,.F.);
#5060 = FACE_BOUND('',#5061,.F.);
#5061 = EDGE_LOOP('',(#5062,#5063,#5064,#5070));
#5062 = ORIENTED_EDGE('',*,*,#104,.T.);
#5063 = ORIENTED_EDGE('',*,*,#2590,.T.);
#5064 = ORIENTED_EDGE('',*,*,#5065,.F.);
#5065 = EDGE_CURVE('',#133,#2591,#5066,.T.);
#5066 = LINE('',#5067,#5068);
#5067 = CARTESIAN_POINT('',(19.355971321854,-0.487094956612,0.));
#5068 = VECTOR('',#5069,1.);
#5069 = DIRECTION('',(0.,0.,1.));
#5070 = ORIENTED_EDGE('',*,*,#132,.F.);
#5071 = SURFACE_OF_LINEAR_EXTRUSION('',#5072,#5077);
#5072 = B_SPLINE_CURVE_WITH_KNOTS('',3,(#5073,#5074,#5075,#5076),
  .UNSPECIFIED.,.F.,.F.,(4,4),(0.,1.),.PIECEWISE_BEZIER_KNOTS.);
#5073 = CARTESIAN_POINT('',(17.655353718378,-1.1054742898,0.));
#5074 = CARTESIAN_POINT('',(18.054712673468,-1.023160755402,0.));
#5075 = CARTESIAN_POINT('',(18.632890818679,-0.849910571074,0.));
#5076 = CARTESIAN_POINT('',(19.355971321854,-0.487094956612,0.));
#5077 = VECTOR('',#5078,1.);
#5078 = DIRECTION('',(-0.,-0.,-1.));
#5079 = ADVANCED_FACE('',(#5080),#5091,.F.);
#5080 = FACE_BOUND('',#5081,.F.);
#5081 = EDGE_LOOP('',(#5082,#5088,#5089,#5090));
#5082 = ORIENTED_EDGE('',*,*,#5083,.T.);
#5083 = EDGE_CURVE('',#2545,#5003,#5084,.T.);
#5084 = LINE('',#5085,#5086);
#5085 = CARTESIAN_POINT('',(16.730034027624,-2.622265947139,0.));
#5086 = VECTOR('',#5087,1.);
#5087 = DIRECTION('',(0.,0.,1.));
#5088 = ORIENTED_EDGE('',*,*,#5010,.T.);
#5089 = ORIENTED_EDGE('',*,*,#5046,.F.);
#5090 = ORIENTED_EDGE('',*,*,#2552,.F.);
#5091 = CYLINDRICAL_SURFACE('',#5092,0.493105882353);
#5092 = AXIS2_PLACEMENT_3D('',#5093,#5094,#5095);
#5093 = CARTESIAN_POINT('',(16.799290356672,-2.134047786786,0.));
#5094 = DIRECTION('',(0.,0.,-1.));
#5095 = DIRECTION('',(-0.140449204778,-0.990087885431,-0.));
#5096 = ADVANCED_FACE('',(#5097),#5108,.T.);
#5097 = FACE_BOUND('',#5098,.F.);
#5098 = EDGE_LOOP('',(#5099,#5100,#5101,#5107));
#5099 = ORIENTED_EDGE('',*,*,#5065,.T.);
#5100 = ORIENTED_EDGE('',*,*,#2599,.T.);
#5101 = ORIENTED_EDGE('',*,*,#5102,.F.);
#5102 = EDGE_CURVE('',#142,#2600,#5103,.T.);
#5103 = LINE('',#5104,#5105);
#5104 = CARTESIAN_POINT('',(19.35475538763,0.487508891974,0.));
#5105 = VECTOR('',#5106,1.);
#5106 = DIRECTION('',(0.,0.,1.));
#5107 = ORIENTED_EDGE('',*,*,#141,.F.);
#5108 = CYLINDRICAL_SURFACE('',#5109,19.360894117645);
#5109 = AXIS2_PLACEMENT_3D('',#5110,#5111,#5112);
#5110 = CARTESIAN_POINT('',(6.178279920341E-04,-2.394037949699E-02,0.));
#5111 = DIRECTION('',(0.,0.,-1.));
#5112 = DIRECTION('',(0.999713823972,-2.392216879556E-02,0.));
#5113 = ADVANCED_FACE('',(#5114),#5125,.F.);
#5114 = FACE_BOUND('',#5115,.F.);
#5115 = EDGE_LOOP('',(#5116,#5122,#5123,#5124));
#5116 = ORIENTED_EDGE('',*,*,#5117,.T.);
#5117 = EDGE_CURVE('',#2536,#4994,#5118,.T.);
#5118 = LINE('',#5119,#5120);
#5119 = CARTESIAN_POINT('',(16.890104348356,-2.648280367163,0.));
#5120 = VECTOR('',#5121,1.);
#5121 = DIRECTION('',(0.,0.,1.));
#5122 = ORIENTED_EDGE('',*,*,#5002,.T.);
#5123 = ORIENTED_EDGE('',*,*,#5083,.F.);
#5124 = ORIENTED_EDGE('',*,*,#2544,.F.);
#5125 = PLANE('',#5126);
#5126 = AXIS2_PLACEMENT_3D('',#5127,#5128,#5129);
#5127 = CARTESIAN_POINT('',(16.890104348356,-2.648280367163,0.));
#5128 = DIRECTION('',(-0.160414049857,-0.987049812628,0.));
#5129 = DIRECTION('',(-0.987049812628,0.160414049857,0.));
#5130 = ADVANCED_FACE('',(#5131),#5142,.F.);
#5131 = FACE_BOUND('',#5132,.F.);
#5132 = EDGE_LOOP('',(#5133,#5134,#5135,#5141));
#5133 = ORIENTED_EDGE('',*,*,#5102,.T.);
#5134 = ORIENTED_EDGE('',*,*,#2608,.T.);
#5135 = ORIENTED_EDGE('',*,*,#5136,.F.);
#5136 = EDGE_CURVE('',#151,#2609,#5137,.T.);
#5137 = LINE('',#5138,#5139);
#5138 = CARTESIAN_POINT('',(17.655353718378,1.1054742898,0.));
#5139 = VECTOR('',#5140,1.);
#5140 = DIRECTION('',(0.,0.,1.));
#5141 = ORIENTED_EDGE('',*,*,#150,.F.);
#5142 = SURFACE_OF_LINEAR_EXTRUSION('',#5143,#5148);
#5143 = B_SPLINE_CURVE_WITH_KNOTS('',3,(#5144,#5145,#5146,#5147),
  .UNSPECIFIED.,.F.,.F.,(4,4),(0.,1.),.PIECEWISE_BEZIER_KNOTS.);
#5144 = CARTESIAN_POINT('',(19.35475538763,0.487508891974,0.));
#5145 = CARTESIAN_POINT('',(18.632890818679,0.849910571074,0.));
#5146 = CARTESIAN_POINT('',(18.054712673468,1.023160755402,0.));
#5147 = CARTESIAN_POINT('',(17.655353718378,1.1054742898,0.));
#5148 = VECTOR('',#5149,1.);
#5149 = DIRECTION('',(-0.,-0.,-1.));
#5150 = ADVANCED_FACE('',(#5151),#5162,.F.);
#5151 = FACE_BOUND('',#5152,.F.);
#5152 = EDGE_LOOP('',(#5153,#5159,#5160,#5161));
#5153 = ORIENTED_EDGE('',*,*,#5154,.T.);
#5154 = EDGE_CURVE('',#2527,#4985,#5155,.T.);
#5155 = LINE('',#5156,#5157);
#5156 = CARTESIAN_POINT('',(17.458688310921,-2.850928057417,0.));
#5157 = VECTOR('',#5158,1.);
#5158 = DIRECTION('',(0.,0.,1.));
#5159 = ORIENTED_EDGE('',*,*,#4993,.T.);
#5160 = ORIENTED_EDGE('',*,*,#5117,.F.);
#5161 = ORIENTED_EDGE('',*,*,#2535,.F.);
#5162 = SURFACE_OF_LINEAR_EXTRUSION('',#5163,#5168);
#5163 = B_SPLINE_CURVE_WITH_KNOTS('',3,(#5164,#5165,#5166,#5167),
  .UNSPECIFIED.,.F.,.F.,(4,4),(0.,1.),.PIECEWISE_BEZIER_KNOTS.);
#5164 = CARTESIAN_POINT('',(17.458688310921,-2.850928057417,0.));
#5165 = CARTESIAN_POINT('',(17.149104125865,-2.710629530427,0.));
#5166 = CARTESIAN_POINT('',(16.955012355249,-2.662075098662,0.));
#5167 = CARTESIAN_POINT('',(16.890104348356,-2.648280367163,0.));
#5168 = VECTOR('',#5169,1.);
#5169 = DIRECTION('',(-0.,-0.,-1.));
#5170 = ADVANCED_FACE('',(#5171),#5182,.F.);
#5171 = FACE_BOUND('',#5172,.F.);
#5172 = EDGE_LOOP('',(#5173,#5174,#5175,#5181));
#5173 = ORIENTED_EDGE('',*,*,#5136,.T.);
#5174 = ORIENTED_EDGE('',*,*,#2617,.T.);
#5175 = ORIENTED_EDGE('',*,*,#5176,.F.);
#5176 = EDGE_CURVE('',#160,#2618,#5177,.T.);
#5177 = LINE('',#5178,#5179);
#5178 = CARTESIAN_POINT('',(17.055931989555,1.176519344986,0.));
#5179 = VECTOR('',#5180,1.);
#5180 = DIRECTION('',(0.,0.,1.));
#5181 = ORIENTED_EDGE('',*,*,#159,.F.);
#5182 = SURFACE_OF_LINEAR_EXTRUSION('',#5183,#5188);
#5183 = B_SPLINE_CURVE_WITH_KNOTS('',3,(#5184,#5185,#5186,#5187),
  .UNSPECIFIED.,.F.,.F.,(4,4),(0.,1.),.PIECEWISE_BEZIER_KNOTS.);
#5184 = CARTESIAN_POINT('',(17.655353718378,1.1054742898,0.));
#5185 = CARTESIAN_POINT('',(17.322312095938,1.173366277804,0.));
#5186 = CARTESIAN_POINT('',(17.122282233736,1.177513866521,0.));
#5187 = CARTESIAN_POINT('',(17.055931989555,1.176519344986,0.));
#5188 = VECTOR('',#5189,1.);
#5189 = DIRECTION('',(-0.,-0.,-1.));
#5190 = ADVANCED_FACE('',(#5191),#5202,.F.);
#5191 = FACE_BOUND('',#5192,.F.);
#5192 = EDGE_LOOP('',(#5193,#5199,#5200,#5201));
#5193 = ORIENTED_EDGE('',*,*,#5194,.T.);
#5194 = EDGE_CURVE('',#2518,#4976,#5195,.T.);
#5195 = LINE('',#5196,#5197);
#5196 = CARTESIAN_POINT('',(18.977972194806,-3.831552219129,0.));
#5197 = VECTOR('',#5198,1.);
#5198 = DIRECTION('',(0.,0.,1.));
#5199 = ORIENTED_EDGE('',*,*,#4984,.T.);
#5200 = ORIENTED_EDGE('',*,*,#5154,.F.);
#5201 = ORIENTED_EDGE('',*,*,#2526,.F.);
#5202 = SURFACE_OF_LINEAR_EXTRUSION('',#5203,#5208);
#5203 = B_SPLINE_CURVE_WITH_KNOTS('',3,(#5204,#5205,#5206,#5207),
  .UNSPECIFIED.,.F.,.F.,(4,4),(0.,1.),.PIECEWISE_BEZIER_KNOTS.);
#5204 = CARTESIAN_POINT('',(18.977972194806,-3.831552219129,0.));
#5205 = CARTESIAN_POINT('',(18.354848237821,-3.31760672868,0.));
#5206 = CARTESIAN_POINT('',(17.829718018667,-3.020043547323,0.));
#5207 = CARTESIAN_POINT('',(17.458688310921,-2.850928057417,0.));
#5208 = VECTOR('',#5209,1.);
#5209 = DIRECTION('',(-0.,-0.,-1.));
#5210 = ADVANCED_FACE('',(#5211),#5222,.F.);
#5211 = FACE_BOUND('',#5212,.F.);
#5212 = EDGE_LOOP('',(#5213,#5214,#5215,#5221));
#5213 = ORIENTED_EDGE('',*,*,#5176,.T.);
#5214 = ORIENTED_EDGE('',*,*,#2626,.T.);
#5215 = ORIENTED_EDGE('',*,*,#5216,.F.);
#5216 = EDGE_CURVE('',#169,#2627,#5217,.T.);
#5217 = LINE('',#5218,#5219);
#5218 = CARTESIAN_POINT('',(16.894086212921,1.166262531918,0.));
#5219 = VECTOR('',#5220,1.);
#5220 = DIRECTION('',(0.,0.,1.));
#5221 = ORIENTED_EDGE('',*,*,#168,.F.);
#5222 = PLANE('',#5223);
#5223 = AXIS2_PLACEMENT_3D('',#5224,#5225,#5226);
#5224 = CARTESIAN_POINT('',(17.055931989555,1.176519344986,0.));
#5225 = DIRECTION('',(6.32471114558E-02,-0.997997897239,0.));
#5226 = DIRECTION('',(-0.997997897239,-6.32471114558E-02,0.));
#5227 = ADVANCED_FACE('',(#5228),#5239,.T.);
#5228 = FACE_BOUND('',#5229,.F.);
#5229 = EDGE_LOOP('',(#5230,#5236,#5237,#5238));
#5230 = ORIENTED_EDGE('',*,*,#5231,.T.);
#5231 = EDGE_CURVE('',#2509,#4967,#5232,.T.);
#5232 = LINE('',#5233,#5234);
#5233 = CARTESIAN_POINT('',(18.762287884396,-4.781991285255,0.));
#5234 = VECTOR('',#5235,1.);
#5235 = DIRECTION('',(0.,0.,1.));
#5236 = ORIENTED_EDGE('',*,*,#4975,.T.);
#5237 = ORIENTED_EDGE('',*,*,#5194,.F.);
#5238 = ORIENTED_EDGE('',*,*,#2517,.F.);
#5239 = CYLINDRICAL_SURFACE('',#5240,19.360894117666);
#5240 = AXIS2_PLACEMENT_3D('',#5241,#5242,#5243);
#5241 = CARTESIAN_POINT('',(-4.724897870424E-03,-2.347762385714E-02,0.)
  );
#5242 = DIRECTION('',(-0.,-0.,-1.));
#5243 = DIRECTION('',(0.969325727841,-0.245779643878,0.));
#5244 = ADVANCED_FACE('',(#5245),#5256,.F.);
#5245 = FACE_BOUND('',#5246,.F.);
#5246 = EDGE_LOOP('',(#5247,#5248,#5249,#5255));
#5247 = ORIENTED_EDGE('',*,*,#5216,.T.);
#5248 = ORIENTED_EDGE('',*,*,#2634,.T.);
#5249 = ORIENTED_EDGE('',*,*,#5250,.F.);
#5250 = EDGE_CURVE('',#177,#2635,#5251,.T.);
#5251 = LINE('',#5252,#5253);
#5252 = CARTESIAN_POINT('',(16.362244549644,1.609230836769,0.));
#5253 = VECTOR('',#5254,1.);
#5254 = DIRECTION('',(0.,0.,1.));
#5255 = ORIENTED_EDGE('',*,*,#176,.F.);
#5256 = CYLINDRICAL_SURFACE('',#5257,0.493105882353);
#5257 = AXIS2_PLACEMENT_3D('',#5258,#5259,#5260);
#5258 = CARTESIAN_POINT('',(16.852967380189,1.657651026702,0.));
#5259 = DIRECTION('',(0.,0.,-1.));
#5260 = DIRECTION('',(8.338743098338E-02,-0.99651720324,0.));
#5261 = ADVANCED_FACE('',(#5262),#5273,.F.);
#5262 = FACE_BOUND('',#5263,.F.);
#5263 = EDGE_LOOP('',(#5264,#5270,#5271,#5272));
#5264 = ORIENTED_EDGE('',*,*,#5265,.T.);
#5265 = EDGE_CURVE('',#2500,#4958,#5266,.T.);
#5266 = LINE('',#5267,#5268);
#5267 = CARTESIAN_POINT('',(16.966705968059,-5.006443540068,0.));
#5268 = VECTOR('',#5269,1.);
#5269 = DIRECTION('',(0.,0.,1.));
#5270 = ORIENTED_EDGE('',*,*,#4966,.T.);
#5271 = ORIENTED_EDGE('',*,*,#5231,.F.);
#5272 = ORIENTED_EDGE('',*,*,#2508,.F.);
#5273 = SURFACE_OF_LINEAR_EXTRUSION('',#5274,#5279);
#5274 = B_SPLINE_CURVE_WITH_KNOTS('',3,(#5275,#5276,#5277,#5278),
  .UNSPECIFIED.,.F.,.F.,(4,4),(0.,1.),.PIECEWISE_BEZIER_KNOTS.);
#5275 = CARTESIAN_POINT('',(16.966705968059,-5.006443540068,0.));
#5276 = CARTESIAN_POINT('',(17.374368644908,-5.015059505503,0.));
#5277 = CARTESIAN_POINT('',(17.976602449712,-4.974809805876,0.));
#5278 = CARTESIAN_POINT('',(18.762287884396,-4.781991285255,0.));
#5279 = VECTOR('',#5280,1.);
#5280 = DIRECTION('',(-0.,-0.,-1.));
#5281 = ADVANCED_FACE('',(#5282),#5293,.T.);
#5282 = FACE_BOUND('',#5283,.F.);
#5283 = EDGE_LOOP('',(#5284,#5285,#5286,#5292));
#5284 = ORIENTED_EDGE('',*,*,#5250,.T.);
#5285 = ORIENTED_EDGE('',*,*,#2643,.T.);
#5286 = ORIENTED_EDGE('',*,*,#5287,.F.);
#5287 = EDGE_CURVE('',#186,#2644,#5288,.T.);
#5288 = LINE('',#5289,#5290);
#5289 = CARTESIAN_POINT('',(16.310096466142,2.072057878899,0.));
#5290 = VECTOR('',#5291,1.);
#5291 = DIRECTION('',(0.,0.,1.));
#5292 = ORIENTED_EDGE('',*,*,#185,.F.);
#5293 = CYLINDRICAL_SURFACE('',#5294,16.441188235292);
#5294 = AXIS2_PLACEMENT_3D('',#5295,#5296,#5297);
#5295 = CARTESIAN_POINT('',(1.96854E-12,1.6323E-13,0.));
#5296 = DIRECTION('',(-0.,-0.,-1.));
#5297 = DIRECTION('',(0.995198419693,9.787801305714E-02,0.));
#5298 = ADVANCED_FACE('',(#5299),#5310,.F.);
#5299 = FACE_BOUND('',#5300,.F.);
#5300 = EDGE_LOOP('',(#5301,#5307,#5308,#5309));
#5301 = ORIENTED_EDGE('',*,*,#5302,.T.);
#5302 = EDGE_CURVE('',#2492,#4950,#5303,.T.);
#5303 = LINE('',#5304,#5305);
#5304 = CARTESIAN_POINT('',(16.366503981429,-4.94232346446,0.));
#5305 = VECTOR('',#5306,1.);
#5306 = DIRECTION('',(0.,0.,1.));
#5307 = ORIENTED_EDGE('',*,*,#4957,.T.);
#5308 = ORIENTED_EDGE('',*,*,#5265,.F.);
#5309 = ORIENTED_EDGE('',*,*,#2499,.F.);
#5310 = SURFACE_OF_LINEAR_EXTRUSION('',#5311,#5316);
#5311 = B_SPLINE_CURVE_WITH_KNOTS('',3,(#5312,#5313,#5314,#5315),
  .UNSPECIFIED.,.F.,.F.,(4,4),(0.,1.),.PIECEWISE_BEZIER_KNOTS.);
#5312 = CARTESIAN_POINT('',(16.366503981429,-4.94232346446,0.));
#5313 = CARTESIAN_POINT('',(16.4309693846,-4.958057369567,0.));
#5314 = CARTESIAN_POINT('',(16.626907005845,-4.998524601315,0.));
#5315 = CARTESIAN_POINT('',(16.966705968059,-5.006443540068,0.));
#5316 = VECTOR('',#5317,1.);
#5317 = DIRECTION('',(-0.,-0.,-1.));
#5318 = ADVANCED_FACE('',(#5319),#5330,.F.);
#5319 = FACE_BOUND('',#5320,.F.);
#5320 = EDGE_LOOP('',(#5321,#5322,#5323,#5329));
#5321 = ORIENTED_EDGE('',*,*,#5287,.T.);
#5322 = ORIENTED_EDGE('',*,*,#2652,.T.);
#5323 = ORIENTED_EDGE('',*,*,#5324,.F.);
#5324 = EDGE_CURVE('',#195,#2653,#5325,.T.);
#5325 = LINE('',#5326,#5327);
#5326 = CARTESIAN_POINT('',(16.730034027624,2.622265947139,0.));
#5327 = VECTOR('',#5328,1.);
#5328 = DIRECTION('',(0.,0.,1.));
#5329 = ORIENTED_EDGE('',*,*,#194,.F.);
#5330 = CYLINDRICAL_SURFACE('',#5331,0.493105882353);
#5331 = AXIS2_PLACEMENT_3D('',#5332,#5333,#5334);
#5332 = CARTESIAN_POINT('',(16.799290356672,2.134047786786,0.));
#5333 = DIRECTION('',(0.,0.,-1.));
#5334 = DIRECTION('',(-0.992066629169,-0.125713178662,-0.));
#5335 = ADVANCED_FACE('',(#5336),#5347,.F.);
#5336 = FACE_BOUND('',#5337,.F.);
#5337 = EDGE_LOOP('',(#5338,#5344,#5345,#5346));
#5338 = ORIENTED_EDGE('',*,*,#5339,.T.);
#5339 = EDGE_CURVE('',#2483,#4941,#5340,.T.);
#5340 = LINE('',#5341,#5342);
#5341 = CARTESIAN_POINT('',(16.210998371942,-4.896309737737,0.));
#5342 = VECTOR('',#5343,1.);
#5343 = DIRECTION('',(0.,0.,1.));
#5344 = ORIENTED_EDGE('',*,*,#4949,.T.);
#5345 = ORIENTED_EDGE('',*,*,#5302,.F.);
#5346 = ORIENTED_EDGE('',*,*,#2491,.F.);
#5347 = PLANE('',#5348);
#5348 = AXIS2_PLACEMENT_3D('',#5349,#5350,#5351);
#5349 = CARTESIAN_POINT('',(16.210998371942,-4.896309737737,0.));
#5350 = DIRECTION('',(0.283736798503,0.958902200005,0.));
#5351 = DIRECTION('',(0.958902200005,-0.283736798503,0.));
#5352 = ADVANCED_FACE('',(#5353),#5364,.F.);
#5353 = FACE_BOUND('',#5354,.F.);
#5354 = EDGE_LOOP('',(#5355,#5356,#5357,#5363));
#5355 = ORIENTED_EDGE('',*,*,#5324,.T.);
#5356 = ORIENTED_EDGE('',*,*,#2661,.T.);
#5357 = ORIENTED_EDGE('',*,*,#5358,.F.);
#5358 = EDGE_CURVE('',#204,#2662,#5359,.T.);
#5359 = LINE('',#5360,#5361);
#5360 = CARTESIAN_POINT('',(16.890104348356,2.648280367163,0.));
#5361 = VECTOR('',#5362,1.);
#5362 = DIRECTION('',(0.,0.,1.));
#5363 = ORIENTED_EDGE('',*,*,#203,.F.);
#5364 = PLANE('',#5365);
#5365 = AXIS2_PLACEMENT_3D('',#5366,#5367,#5368);
#5366 = CARTESIAN_POINT('',(16.730034027624,2.622265947139,0.));
#5367 = DIRECTION('',(-0.160414049857,0.987049812628,0.));
#5368 = DIRECTION('',(0.987049812628,0.160414049857,0.));
#5369 = ADVANCED_FACE('',(#5370),#5381,.F.);
#5370 = FACE_BOUND('',#5371,.F.);
#5371 = EDGE_LOOP('',(#5372,#5378,#5379,#5380));
#5372 = ORIENTED_EDGE('',*,*,#5373,.T.);
#5373 = EDGE_CURVE('',#2474,#4932,#5374,.T.);
#5374 = LINE('',#5375,#5376);
#5375 = CARTESIAN_POINT('',(15.593921368644,-5.209825998718,0.));
#5376 = VECTOR('',#5377,1.);
#5377 = DIRECTION('',(0.,0.,1.));
#5378 = ORIENTED_EDGE('',*,*,#4940,.T.);
#5379 = ORIENTED_EDGE('',*,*,#5339,.F.);
#5380 = ORIENTED_EDGE('',*,*,#2482,.F.);
#5381 = CYLINDRICAL_SURFACE('',#5382,0.493105882353);
#5382 = AXIS2_PLACEMENT_3D('',#5383,#5384,#5385);
#5383 = CARTESIAN_POINT('',(16.061566247401,-5.366228295964,0.));
#5384 = DIRECTION('',(0.,0.,-1.));
#5385 = DIRECTION('',(-0.94836605178,0.317177918258,0.));
#5386 = ADVANCED_FACE('',(#5387),#5398,.F.);
#5387 = FACE_BOUND('',#5388,.F.);
#5388 = EDGE_LOOP('',(#5389,#5390,#5391,#5397));
#5389 = ORIENTED_EDGE('',*,*,#5358,.T.);
#5390 = ORIENTED_EDGE('',*,*,#2669,.T.);
#5391 = ORIENTED_EDGE('',*,*,#5392,.F.);
#5392 = EDGE_CURVE('',#212,#2670,#5393,.T.);
#5393 = LINE('',#5394,#5395);
#5394 = CARTESIAN_POINT('',(17.458688310921,2.850928057417,0.));
#5395 = VECTOR('',#5396,1.);
#5396 = DIRECTION('',(0.,0.,1.));
#5397 = ORIENTED_EDGE('',*,*,#211,.F.);
#5398 = SURFACE_OF_LINEAR_EXTRUSION('',#5399,#5404);
#5399 = B_SPLINE_CURVE_WITH_KNOTS('',3,(#5400,#5401,#5402,#5403),
  .UNSPECIFIED.,.F.,.F.,(4,4),(0.,1.),.PIECEWISE_BEZIER_KNOTS.);
#5400 = CARTESIAN_POINT('',(16.890104348356,2.648280367163,0.));
#5401 = CARTESIAN_POINT('',(16.955012355249,2.662075098662,0.));
#5402 = CARTESIAN_POINT('',(17.149104125865,2.710629530427,0.));
#5403 = CARTESIAN_POINT('',(17.458688310921,2.850928057417,0.));
#5404 = VECTOR('',#5405,1.);
#5405 = DIRECTION('',(-0.,-0.,-1.));
#5406 = ADVANCED_FACE('',(#5407),#5418,.T.);
#5407 = FACE_BOUND('',#5408,.F.);
#5408 = EDGE_LOOP('',(#5409,#5415,#5416,#5417));
#5409 = ORIENTED_EDGE('',*,*,#5410,.T.);
#5410 = EDGE_CURVE('',#2465,#4923,#5411,.T.);
#5411 = LINE('',#5412,#5413);
#5412 = CARTESIAN_POINT('',(15.440092040796,-5.649444960358,0.));
#5413 = VECTOR('',#5414,1.);
#5414 = DIRECTION('',(0.,0.,1.));
#5415 = ORIENTED_EDGE('',*,*,#4931,.T.);
#5416 = ORIENTED_EDGE('',*,*,#5373,.F.);
#5417 = ORIENTED_EDGE('',*,*,#2473,.F.);
#5418 = CYLINDRICAL_SURFACE('',#5419,16.441188235334);
#5419 = AXIS2_PLACEMENT_3D('',#5420,#5421,#5422);
#5420 = CARTESIAN_POINT('',(-3.781375E-11,1.313552E-11,0.));
#5421 = DIRECTION('',(-0.,-0.,-1.));
#5422 = DIRECTION('',(0.939110471812,-0.343615368884,0.));
#5423 = ADVANCED_FACE('',(#5424),#5435,.F.);
#5424 = FACE_BOUND('',#5425,.F.);
#5425 = EDGE_LOOP('',(#5426,#5427,#5428,#5434));
#5426 = ORIENTED_EDGE('',*,*,#5392,.T.);
#5427 = ORIENTED_EDGE('',*,*,#2678,.T.);
#5428 = ORIENTED_EDGE('',*,*,#5429,.F.);
#5429 = EDGE_CURVE('',#221,#2679,#5430,.T.);
#5430 = LINE('',#5431,#5432);
#5431 = CARTESIAN_POINT('',(18.979065533737,3.832226347086,0.));
#5432 = VECTOR('',#5433,1.);
#5433 = DIRECTION('',(0.,0.,1.));
#5434 = ORIENTED_EDGE('',*,*,#220,.F.);
#5435 = SURFACE_OF_LINEAR_EXTRUSION('',#5436,#5441);
#5436 = B_SPLINE_CURVE_WITH_KNOTS('',3,(#5437,#5438,#5439,#5440),
  .UNSPECIFIED.,.F.,.F.,(4,4),(0.,1.),.PIECEWISE_BEZIER_KNOTS.);
#5437 = CARTESIAN_POINT('',(17.458688310921,2.850928057417,0.));
#5438 = CARTESIAN_POINT('',(17.829718018667,3.020043547323,0.));
#5439 = CARTESIAN_POINT('',(18.354848237821,3.31760672868,0.));
#5440 = CARTESIAN_POINT('',(18.979065533737,3.832226347086,0.));
#5441 = VECTOR('',#5442,1.);
#5442 = DIRECTION('',(-0.,-0.,-1.));
#5443 = ADVANCED_FACE('',(#5444),#5455,.F.);
#5444 = FACE_BOUND('',#5445,.F.);
#5445 = EDGE_LOOP('',(#5446,#5452,#5453,#5454));
#5446 = ORIENTED_EDGE('',*,*,#5447,.T.);
#5447 = EDGE_CURVE('',#2457,#4915,#5448,.T.);
#5448 = LINE('',#5449,#5450);
#5449 = CARTESIAN_POINT('',(15.727068077643,-6.279303061977,0.));
#5450 = VECTOR('',#5451,1.);
#5451 = DIRECTION('',(0.,0.,1.));
#5452 = ORIENTED_EDGE('',*,*,#4922,.T.);
#5453 = ORIENTED_EDGE('',*,*,#5410,.F.);
#5454 = ORIENTED_EDGE('',*,*,#2464,.F.);
#5455 = CYLINDRICAL_SURFACE('',#5456,0.493105882353);
#5456 = AXIS2_PLACEMENT_3D('',#5457,#5458,#5459);
#5457 = CARTESIAN_POINT('',(15.903226766943,-5.818736533238,0.));
#5458 = DIRECTION('',(0.,0.,-1.));
#5459 = DIRECTION('',(-0.357243130947,-0.934011426799,-0.));
#5460 = ADVANCED_FACE('',(#5461),#5472,.T.);
#5461 = FACE_BOUND('',#5462,.F.);
#5462 = EDGE_LOOP('',(#5463,#5464,#5465,#5471));
#5463 = ORIENTED_EDGE('',*,*,#5429,.T.);
#5464 = ORIENTED_EDGE('',*,*,#2687,.T.);
#5465 = ORIENTED_EDGE('',*,*,#5466,.F.);
#5466 = EDGE_CURVE('',#230,#2688,#5467,.T.);
#5467 = LINE('',#5468,#5469);
#5468 = CARTESIAN_POINT('',(18.761010326898,4.782124271574,0.));
#5469 = VECTOR('',#5470,1.);
#5470 = DIRECTION('',(0.,0.,1.));
#5471 = ORIENTED_EDGE('',*,*,#229,.F.);
#5472 = CYLINDRICAL_SURFACE('',#5473,19.360894117667);
#5473 = AXIS2_PLACEMENT_3D('',#5474,#5475,#5476);
#5474 = CARTESIAN_POINT('',(5.929573337836E-03,-2.320266454296E-02,0.));
#5475 = DIRECTION('',(-0.,-0.,-1.));
#5476 = DIRECTION('',(0.979972094527,0.199134863721,0.));
#5477 = ADVANCED_FACE('',(#5478),#5489,.F.);
#5478 = FACE_BOUND('',#5479,.F.);
#5479 = EDGE_LOOP('',(#5480,#5486,#5487,#5488));
#5480 = ORIENTED_EDGE('',*,*,#5481,.T.);
#5481 = EDGE_CURVE('',#2448,#4906,#5482,.T.);
#5482 = LINE('',#5483,#5484);
#5483 = CARTESIAN_POINT('',(15.877336348197,-6.340284243446,0.));
#5484 = VECTOR('',#5485,1.);
#5485 = DIRECTION('',(0.,0.,1.));
#5486 = ORIENTED_EDGE('',*,*,#4914,.T.);
#5487 = ORIENTED_EDGE('',*,*,#5447,.F.);
#5488 = ORIENTED_EDGE('',*,*,#2456,.F.);
#5489 = PLANE('',#5490);
#5490 = AXIS2_PLACEMENT_3D('',#5491,#5492,#5493);
#5491 = CARTESIAN_POINT('',(15.877336348197,-6.340284243446,0.));
#5492 = DIRECTION('',(-0.376031380879,-0.926606928851,0.));
#5493 = DIRECTION('',(-0.926606928851,0.376031380879,0.));
#5494 = ADVANCED_FACE('',(#5495),#5506,.F.);
#5495 = FACE_BOUND('',#5496,.F.);
#5496 = EDGE_LOOP('',(#5497,#5498,#5499,#5505));
#5497 = ORIENTED_EDGE('',*,*,#5466,.T.);
#5498 = ORIENTED_EDGE('',*,*,#2696,.T.);
#5499 = ORIENTED_EDGE('',*,*,#5500,.F.);
#5500 = EDGE_CURVE('',#239,#2697,#5501,.T.);
#5501 = LINE('',#5502,#5503);
#5502 = CARTESIAN_POINT('',(16.966705968059,5.006443540068,0.));
#5503 = VECTOR('',#5504,1.);
#5504 = DIRECTION('',(0.,0.,1.));
#5505 = ORIENTED_EDGE('',*,*,#238,.F.);
#5506 = SURFACE_OF_LINEAR_EXTRUSION('',#5507,#5512);
#5507 = B_SPLINE_CURVE_WITH_KNOTS('',3,(#5508,#5509,#5510,#5511),
  .UNSPECIFIED.,.F.,.F.,(4,4),(0.,1.),.PIECEWISE_BEZIER_KNOTS.);
#5508 = CARTESIAN_POINT('',(18.761010326898,4.782124271574,0.));
#5509 = CARTESIAN_POINT('',(17.976602449712,4.974809805876,0.));
#5510 = CARTESIAN_POINT('',(17.374368644908,5.015059505503,0.));
#5511 = CARTESIAN_POINT('',(16.966705968059,5.006443540068,0.));
#5512 = VECTOR('',#5513,1.);
#5513 = DIRECTION('',(-0.,-0.,-1.));
#5514 = ADVANCED_FACE('',(#5515),#5526,.F.);
#5515 = FACE_BOUND('',#5516,.F.);
#5516 = EDGE_LOOP('',(#5517,#5523,#5524,#5525));
#5517 = ORIENTED_EDGE('',*,*,#5518,.T.);
#5518 = EDGE_CURVE('',#2439,#4897,#5519,.T.);
#5519 = LINE('',#5520,#5521);
#5520 = CARTESIAN_POINT('',(16.38657137042,-6.664372967396,0.));
#5521 = VECTOR('',#5522,1.);
#5522 = DIRECTION('',(0.,0.,1.));
#5523 = ORIENTED_EDGE('',*,*,#4905,.T.);
#5524 = ORIENTED_EDGE('',*,*,#5481,.F.);
#5525 = ORIENTED_EDGE('',*,*,#2447,.F.);
#5526 = SURFACE_OF_LINEAR_EXTRUSION('',#5527,#5532);
#5527 = B_SPLINE_CURVE_WITH_KNOTS('',3,(#5528,#5529,#5530,#5531),
  .UNSPECIFIED.,.F.,.F.,(4,4),(0.,1.),.PIECEWISE_BEZIER_KNOTS.);
#5528 = CARTESIAN_POINT('',(16.38657137042,-6.664372967396,0.));
#5529 = CARTESIAN_POINT('',(16.115968466498,-6.458703055399,0.));
#5530 = CARTESIAN_POINT('',(15.937547359304,-6.368176502541,0.));
#5531 = CARTESIAN_POINT('',(15.877336348197,-6.340284243446,0.));
#5532 = VECTOR('',#5533,1.);
#5533 = DIRECTION('',(-0.,-0.,-1.));
#5534 = ADVANCED_FACE('',(#5535),#5546,.F.);
#5535 = FACE_BOUND('',#5536,.F.);
#5536 = EDGE_LOOP('',(#5537,#5538,#5539,#5545));
#5537 = ORIENTED_EDGE('',*,*,#5500,.T.);
#5538 = ORIENTED_EDGE('',*,*,#2705,.T.);
#5539 = ORIENTED_EDGE('',*,*,#5540,.F.);
#5540 = EDGE_CURVE('',#248,#2706,#5541,.T.);
#5541 = LINE('',#5542,#5543);
#5542 = CARTESIAN_POINT('',(16.366503981429,4.94232346446,0.));
#5543 = VECTOR('',#5544,1.);
#5544 = DIRECTION('',(0.,0.,1.));
#5545 = ORIENTED_EDGE('',*,*,#247,.F.);
#5546 = SURFACE_OF_LINEAR_EXTRUSION('',#5547,#5552);
#5547 = B_SPLINE_CURVE_WITH_KNOTS('',3,(#5548,#5549,#5550,#5551),
  .UNSPECIFIED.,.F.,.F.,(4,4),(0.,1.),.PIECEWISE_BEZIER_KNOTS.);
#5548 = CARTESIAN_POINT('',(16.966705968059,5.006443540068,0.));
#5549 = CARTESIAN_POINT('',(16.626907005845,4.998524601315,0.));
#5550 = CARTESIAN_POINT('',(16.4309693846,4.958057369567,0.));
#5551 = CARTESIAN_POINT('',(16.366503981429,4.94232346446,0.));
#5552 = VECTOR('',#5553,1.);
#5553 = DIRECTION('',(-0.,-0.,-1.));
#5554 = ADVANCED_FACE('',(#5555),#5566,.F.);
#5555 = FACE_BOUND('',#5556,.F.);
#5556 = EDGE_LOOP('',(#5557,#5563,#5564,#5565));
#5557 = ORIENTED_EDGE('',*,*,#5558,.T.);
#5558 = EDGE_CURVE('',#2430,#4888,#5559,.T.);
#5559 = LINE('',#5560,#5561);
#5560 = CARTESIAN_POINT('',(17.649554231024,-7.958483302796,0.));
#5561 = VECTOR('',#5562,1.);
#5562 = DIRECTION('',(0.,0.,1.));
#5563 = ORIENTED_EDGE('',*,*,#4896,.T.);
#5564 = ORIENTED_EDGE('',*,*,#5518,.F.);
#5565 = ORIENTED_EDGE('',*,*,#2438,.F.);
#5566 = SURFACE_OF_LINEAR_EXTRUSION('',#5567,#5572);
#5567 = B_SPLINE_CURVE_WITH_KNOTS('',3,(#5568,#5569,#5570,#5571),
  .UNSPECIFIED.,.F.,.F.,(4,4),(0.,1.),.PIECEWISE_BEZIER_KNOTS.);
#5568 = CARTESIAN_POINT('',(17.649554231024,-7.958483302796,0.));
#5569 = CARTESIAN_POINT('',(17.156416923147,-7.318765373939,0.));
#5570 = CARTESIAN_POINT('',(16.71066685199,-6.911810255981,0.));
#5571 = CARTESIAN_POINT('',(16.38657137042,-6.664372967396,0.));
#5572 = VECTOR('',#5573,1.);
#5573 = DIRECTION('',(-0.,-0.,-1.));
#5574 = ADVANCED_FACE('',(#5575),#5586,.F.);
#5575 = FACE_BOUND('',#5576,.F.);
#5576 = EDGE_LOOP('',(#5577,#5578,#5579,#5585));
#5577 = ORIENTED_EDGE('',*,*,#5540,.T.);
#5578 = ORIENTED_EDGE('',*,*,#2714,.T.);
#5579 = ORIENTED_EDGE('',*,*,#5580,.F.);
#5580 = EDGE_CURVE('',#257,#2715,#5581,.T.);
#5581 = LINE('',#5582,#5583);
#5582 = CARTESIAN_POINT('',(16.210998371942,4.896309737737,0.));
#5583 = VECTOR('',#5584,1.);
#5584 = DIRECTION('',(0.,0.,1.));
#5585 = ORIENTED_EDGE('',*,*,#256,.F.);
#5586 = PLANE('',#5587);
#5587 = AXIS2_PLACEMENT_3D('',#5588,#5589,#5590);
#5588 = CARTESIAN_POINT('',(16.366503981429,4.94232346446,0.));
#5589 = DIRECTION('',(0.283736798503,-0.958902200005,0.));
#5590 = DIRECTION('',(-0.958902200005,-0.283736798503,0.));
#5591 = ADVANCED_FACE('',(#5592),#5603,.T.);
#5592 = FACE_BOUND('',#5593,.F.);
#5593 = EDGE_LOOP('',(#5594,#5600,#5601,#5602));
#5594 = ORIENTED_EDGE('',*,*,#5595,.T.);
#5595 = EDGE_CURVE('',#2421,#4879,#5596,.T.);
#5596 = LINE('',#5597,#5598);
#5597 = CARTESIAN_POINT('',(17.227784987923,-8.837098602998,0.));
#5598 = VECTOR('',#5599,1.);
#5599 = DIRECTION('',(0.,0.,1.));
#5600 = ORIENTED_EDGE('',*,*,#4887,.T.);
#5601 = ORIENTED_EDGE('',*,*,#5558,.F.);
#5602 = ORIENTED_EDGE('',*,*,#2429,.F.);
#5603 = CYLINDRICAL_SURFACE('',#5604,19.36089411765);
#5604 = AXIS2_PLACEMENT_3D('',#5605,#5606,#5607);
#5605 = CARTESIAN_POINT('',(-9.830697589565E-03,-2.183760212996E-02,0.)
  );
#5606 = DIRECTION('',(-0.,-0.,-1.));
#5607 = DIRECTION('',(0.890331592165,-0.45531270133,0.));
#5608 = ADVANCED_FACE('',(#5609),#5620,.F.);
#5609 = FACE_BOUND('',#5610,.F.);
#5610 = EDGE_LOOP('',(#5611,#5612,#5613,#5619));
#5611 = ORIENTED_EDGE('',*,*,#5580,.T.);
#5612 = ORIENTED_EDGE('',*,*,#2722,.T.);
#5613 = ORIENTED_EDGE('',*,*,#5614,.F.);
#5614 = EDGE_CURVE('',#265,#2723,#5615,.T.);
#5615 = LINE('',#5616,#5617);
#5616 = CARTESIAN_POINT('',(15.593921368644,5.209825998718,0.));
#5617 = VECTOR('',#5618,1.);
#5618 = DIRECTION('',(0.,0.,1.));
#5619 = ORIENTED_EDGE('',*,*,#264,.F.);
#5620 = CYLINDRICAL_SURFACE('',#5621,0.493105882353);
#5621 = AXIS2_PLACEMENT_3D('',#5622,#5623,#5624);
#5622 = CARTESIAN_POINT('',(16.061566247401,5.366228295964,0.));
#5623 = DIRECTION('',(0.,0.,-1.));
#5624 = DIRECTION('',(0.303042672759,-0.952976987386,0.));
#5625 = ADVANCED_FACE('',(#5626),#5637,.F.);
#5626 = FACE_BOUND('',#5627,.F.);
#5627 = EDGE_LOOP('',(#5628,#5634,#5635,#5636));
#5628 = ORIENTED_EDGE('',*,*,#5629,.T.);
#5629 = EDGE_CURVE('',#2412,#4870,#5630,.T.);
#5630 = LINE('',#5631,#5632);
#5631 = CARTESIAN_POINT('',(15.427276733707,-8.656368806149,0.));
#5632 = VECTOR('',#5633,1.);
#5633 = DIRECTION('',(0.,0.,1.));
#5634 = ORIENTED_EDGE('',*,*,#4878,.T.);
#5635 = ORIENTED_EDGE('',*,*,#5595,.F.);
#5636 = ORIENTED_EDGE('',*,*,#2420,.F.);
#5637 = SURFACE_OF_LINEAR_EXTRUSION('',#5638,#5643);
#5638 = B_SPLINE_CURVE_WITH_KNOTS('',3,(#5639,#5640,#5641,#5642),
  .UNSPECIFIED.,.F.,.F.,(4,4),(0.,1.),.PIECEWISE_BEZIER_KNOTS.);
#5639 = CARTESIAN_POINT('',(15.427276733707,-8.656368806149,0.));
#5640 = CARTESIAN_POINT('',(15.822801223446,-8.755482230934,0.));
#5641 = CARTESIAN_POINT('',(16.418892170161,-8.850251304016,0.));
#5642 = CARTESIAN_POINT('',(17.227784987923,-8.837098602998,0.));
#5643 = VECTOR('',#5644,1.);
#5644 = DIRECTION('',(-0.,-0.,-1.));
#5645 = ADVANCED_FACE('',(#5646),#5657,.T.);
#5646 = FACE_BOUND('',#5647,.F.);
#5647 = EDGE_LOOP('',(#5648,#5649,#5650,#5656));
#5648 = ORIENTED_EDGE('',*,*,#5614,.T.);
#5649 = ORIENTED_EDGE('',*,*,#2731,.T.);
#5650 = ORIENTED_EDGE('',*,*,#5651,.F.);
#5651 = EDGE_CURVE('',#274,#2732,#5652,.T.);
#5652 = LINE('',#5653,#5654);
#5653 = CARTESIAN_POINT('',(15.440092040796,5.649444960358,0.));
#5654 = VECTOR('',#5655,1.);
#5655 = DIRECTION('',(0.,0.,1.));
#5656 = ORIENTED_EDGE('',*,*,#273,.F.);
#5657 = CYLINDRICAL_SURFACE('',#5658,16.441188235314);
#5658 = AXIS2_PLACEMENT_3D('',#5659,#5660,#5661);
#5659 = CARTESIAN_POINT('',(-1.878413E-11,-6.57698E-12,0.));
#5660 = DIRECTION('',(-0.,-0.,-1.));
#5661 = DIRECTION('',(0.948466810639,0.31687648874,0.));
#5662 = ADVANCED_FACE('',(#5663),#5674,.F.);
#5663 = FACE_BOUND('',#5664,.F.);
#5664 = EDGE_LOOP('',(#5665,#5671,#5672,#5673));
#5665 = ORIENTED_EDGE('',*,*,#5666,.T.);
#5666 = EDGE_CURVE('',#2404,#4862,#5667,.T.);
#5667 = LINE('',#5668,#5669);
#5668 = CARTESIAN_POINT('',(14.856391123104,-8.46029884808,0.));
#5669 = VECTOR('',#5670,1.);
#5670 = DIRECTION('',(0.,0.,1.));
#5671 = ORIENTED_EDGE('',*,*,#4869,.T.);
#5672 = ORIENTED_EDGE('',*,*,#5629,.F.);
#5673 = ORIENTED_EDGE('',*,*,#2411,.F.);
#5674 = SURFACE_OF_LINEAR_EXTRUSION('',#5675,#5680);
#5675 = B_SPLINE_CURVE_WITH_KNOTS('',3,(#5676,#5677,#5678,#5679),
  .UNSPECIFIED.,.F.,.F.,(4,4),(0.,1.),.PIECEWISE_BEZIER_KNOTS.);
#5676 = CARTESIAN_POINT('',(14.856391123104,-8.46029884808,0.));
#5677 = CARTESIAN_POINT('',(14.915739120766,-8.489983173058,0.));
#5678 = CARTESIAN_POINT('',(15.097759370562,-8.573036029295,0.));
#5679 = CARTESIAN_POINT('',(15.427276733707,-8.656368806149,0.));
#5680 = VECTOR('',#5681,1.);
#5681 = DIRECTION('',(-0.,-0.,-1.));
#5682 = ADVANCED_FACE('',(#5683),#5694,.F.);
#5683 = FACE_BOUND('',#5684,.F.);
#5684 = EDGE_LOOP('',(#5685,#5686,#5687,#5693));
#5685 = ORIENTED_EDGE('',*,*,#5651,.T.);
#5686 = ORIENTED_EDGE('',*,*,#2740,.T.);
#5687 = ORIENTED_EDGE('',*,*,#5688,.F.);
#5688 = EDGE_CURVE('',#283,#2741,#5689,.T.);
#5689 = LINE('',#5690,#5691);
#5690 = CARTESIAN_POINT('',(15.727068077643,6.279303061977,0.));
#5691 = VECTOR('',#5692,1.);
#5692 = DIRECTION('',(0.,0.,1.));
#5693 = ORIENTED_EDGE('',*,*,#282,.F.);
#5694 = CYLINDRICAL_SURFACE('',#5695,0.493105882353);
#5695 = AXIS2_PLACEMENT_3D('',#5696,#5697,#5698);
#5696 = CARTESIAN_POINT('',(15.903226766943,5.818736533238,0.));
#5697 = DIRECTION('',(0.,0.,-1.));
#5698 = DIRECTION('',(-0.939219633594,-0.343316879676,-0.));
#5699 = ADVANCED_FACE('',(#5700),#5711,.F.);
#5700 = FACE_BOUND('',#5701,.F.);
#5701 = EDGE_LOOP('',(#5702,#5708,#5709,#5710));
#5702 = ORIENTED_EDGE('',*,*,#5703,.T.);
#5703 = EDGE_CURVE('',#2395,#4853,#5704,.T.);
#5704 = LINE('',#5705,#5706);
#5705 = CARTESIAN_POINT('',(14.71502338136,-8.380835528096,0.));
#5706 = VECTOR('',#5707,1.);
#5707 = DIRECTION('',(0.,0.,1.));
#5708 = ORIENTED_EDGE('',*,*,#4861,.T.);
#5709 = ORIENTED_EDGE('',*,*,#5666,.F.);
#5710 = ORIENTED_EDGE('',*,*,#2403,.F.);
#5711 = PLANE('',#5712);
#5712 = AXIS2_PLACEMENT_3D('',#5713,#5714,#5715);
#5713 = CARTESIAN_POINT('',(14.71502338136,-8.380835528096,0.));
#5714 = DIRECTION('',(0.489998737692,0.871723142437,0.));
#5715 = DIRECTION('',(0.871723142437,-0.489998737692,0.));
#5716 = ADVANCED_FACE('',(#5717),#5728,.F.);
#5717 = FACE_BOUND('',#5718,.F.);
#5718 = EDGE_LOOP('',(#5719,#5720,#5721,#5727));
#5719 = ORIENTED_EDGE('',*,*,#5688,.T.);
#5720 = ORIENTED_EDGE('',*,*,#2749,.T.);
#5721 = ORIENTED_EDGE('',*,*,#5722,.F.);
#5722 = EDGE_CURVE('',#292,#2750,#5723,.T.);
#5723 = LINE('',#5724,#5725);
#5724 = CARTESIAN_POINT('',(15.877336348197,6.340284243446,0.));
#5725 = VECTOR('',#5726,1.);
#5726 = DIRECTION('',(0.,0.,1.));
#5727 = ORIENTED_EDGE('',*,*,#291,.F.);
#5728 = PLANE('',#5729);
#5729 = AXIS2_PLACEMENT_3D('',#5730,#5731,#5732);
#5730 = CARTESIAN_POINT('',(15.727068077643,6.279303061977,0.));
#5731 = DIRECTION('',(-0.376031380879,0.926606928851,0.));
#5732 = DIRECTION('',(0.926606928851,0.376031380879,0.));
#5733 = ADVANCED_FACE('',(#5734),#5745,.F.);
#5734 = FACE_BOUND('',#5735,.F.);
#5735 = EDGE_LOOP('',(#5736,#5742,#5743,#5744));
#5736 = ORIENTED_EDGE('',*,*,#5737,.T.);
#5737 = EDGE_CURVE('',#2386,#4844,#5738,.T.);
#5738 = LINE('',#5739,#5740);
#5739 = CARTESIAN_POINT('',(14.043653855675,-8.549178730753,0.));
#5740 = VECTOR('',#5741,1.);
#5741 = DIRECTION('',(0.,0.,1.));
#5742 = ORIENTED_EDGE('',*,*,#4852,.T.);
#5743 = ORIENTED_EDGE('',*,*,#5703,.F.);
#5744 = ORIENTED_EDGE('',*,*,#2394,.F.);
#5745 = CYLINDRICAL_SURFACE('',#5746,0.493105882353);
#5746 = AXIS2_PLACEMENT_3D('',#5747,#5748,#5749);
#5747 = CARTESIAN_POINT('',(14.464771115708,-8.805720471048,0.));
#5748 = DIRECTION('',(0.,0.,-1.));
#5749 = DIRECTION('',(-0.854009808245,0.520256905212,0.));
#5750 = ADVANCED_FACE('',(#5751),#5762,.F.);
#5751 = FACE_BOUND('',#5752,.F.);
#5752 = EDGE_LOOP('',(#5753,#5754,#5755,#5761));
#5753 = ORIENTED_EDGE('',*,*,#5722,.T.);
#5754 = ORIENTED_EDGE('',*,*,#2757,.T.);
#5755 = ORIENTED_EDGE('',*,*,#5756,.F.);
#5756 = EDGE_CURVE('',#300,#2758,#5757,.T.);
#5757 = LINE('',#5758,#5759);
#5758 = CARTESIAN_POINT('',(16.38657137042,6.664372967396,0.));
#5759 = VECTOR('',#5760,1.);
#5760 = DIRECTION('',(0.,0.,1.));
#5761 = ORIENTED_EDGE('',*,*,#299,.F.);
#5762 = SURFACE_OF_LINEAR_EXTRUSION('',#5763,#5768);
#5763 = B_SPLINE_CURVE_WITH_KNOTS('',3,(#5764,#5765,#5766,#5767),
  .UNSPECIFIED.,.F.,.F.,(4,4),(0.,1.),.PIECEWISE_BEZIER_KNOTS.);
#5764 = CARTESIAN_POINT('',(15.877336348197,6.340284243446,0.));
#5765 = CARTESIAN_POINT('',(15.937547359304,6.368176502541,0.));
#5766 = CARTESIAN_POINT('',(16.115968466498,6.458703055399,0.));
#5767 = CARTESIAN_POINT('',(16.38657137042,6.664372967396,0.));
#5768 = VECTOR('',#5769,1.);
#5769 = DIRECTION('',(-0.,-0.,-1.));
#5770 = ADVANCED_FACE('',(#5771),#5782,.T.);
#5771 = FACE_BOUND('',#5772,.F.);
#5772 = EDGE_LOOP('',(#5773,#5779,#5780,#5781));
#5773 = ORIENTED_EDGE('',*,*,#5774,.T.);
#5774 = EDGE_CURVE('',#2377,#4835,#5775,.T.);
#5775 = LINE('',#5776,#5777);
#5776 = CARTESIAN_POINT('',(13.795856928315,-8.943545281478,0.));
#5777 = VECTOR('',#5778,1.);
#5778 = DIRECTION('',(0.,0.,1.));
#5779 = ORIENTED_EDGE('',*,*,#4843,.T.);
#5780 = ORIENTED_EDGE('',*,*,#5737,.F.);
#5781 = ORIENTED_EDGE('',*,*,#2385,.F.);
#5782 = CYLINDRICAL_SURFACE('',#5783,16.441188235297);
#5783 = AXIS2_PLACEMENT_3D('',#5784,#5785,#5786);
#5784 = CARTESIAN_POINT('',(-2.8122E-12,1.63949E-12,0.));
#5785 = DIRECTION('',(-0.,-0.,-1.));
#5786 = DIRECTION('',(0.839103398786,-0.543971953455,0.));
#5787 = ADVANCED_FACE('',(#5788),#5799,.F.);
#5788 = FACE_BOUND('',#5789,.F.);
#5789 = EDGE_LOOP('',(#5790,#5791,#5792,#5798));
#5790 = ORIENTED_EDGE('',*,*,#5756,.T.);
#5791 = ORIENTED_EDGE('',*,*,#2766,.T.);
#5792 = ORIENTED_EDGE('',*,*,#5793,.F.);
#5793 = EDGE_CURVE('',#309,#2767,#5794,.T.);
#5794 = LINE('',#5795,#5796);
#5795 = CARTESIAN_POINT('',(17.650470150083,7.959383819759,0.));
#5796 = VECTOR('',#5797,1.);
#5797 = DIRECTION('',(0.,0.,1.));
#5798 = ORIENTED_EDGE('',*,*,#308,.F.);
#5799 = SURFACE_OF_LINEAR_EXTRUSION('',#5800,#5805);
#5800 = B_SPLINE_CURVE_WITH_KNOTS('',3,(#5801,#5802,#5803,#5804),
  .UNSPECIFIED.,.F.,.F.,(4,4),(0.,1.),.PIECEWISE_BEZIER_KNOTS.);
#5801 = CARTESIAN_POINT('',(16.38657137042,6.664372967396,0.));
#5802 = CARTESIAN_POINT('',(16.71066685199,6.911810255981,0.));
#5803 = CARTESIAN_POINT('',(17.156416923147,7.318765373939,0.));
#5804 = CARTESIAN_POINT('',(17.650470150083,7.959383819759,0.));
#5805 = VECTOR('',#5806,1.);
#5806 = DIRECTION('',(-0.,-0.,-1.));
#5807 = ADVANCED_FACE('',(#5808),#5819,.F.);
#5808 = FACE_BOUND('',#5809,.F.);
#5809 = EDGE_LOOP('',(#5810,#5816,#5817,#5818));
#5810 = ORIENTED_EDGE('',*,*,#5811,.T.);
#5811 = EDGE_CURVE('',#2369,#4827,#5812,.T.);
#5812 = LINE('',#5813,#5814);
#5813 = CARTESIAN_POINT('',(13.935481263732,-9.621469701202,0.));
#5814 = VECTOR('',#5815,1.);
#5815 = DIRECTION('',(0.,0.,1.));
#5816 = ORIENTED_EDGE('',*,*,#4834,.T.);
#5817 = ORIENTED_EDGE('',*,*,#5774,.F.);
#5818 = ORIENTED_EDGE('',*,*,#2376,.F.);
#5819 = CYLINDRICAL_SURFACE('',#5820,0.493105882353);
#5820 = AXIS2_PLACEMENT_3D('',#5821,#5822,#5823);
#5821 = CARTESIAN_POINT('',(14.209708981028,-9.211649532985,0.));
#5822 = DIRECTION('',(0.,0.,-1.));
#5823 = DIRECTION('',(-0.556123394812,-0.831099735136,-0.));
#5824 = ADVANCED_FACE('',(#5825),#5836,.T.);
#5825 = FACE_BOUND('',#5826,.F.);
#5826 = EDGE_LOOP('',(#5827,#5828,#5829,#5835));
#5827 = ORIENTED_EDGE('',*,*,#5793,.T.);
#5828 = ORIENTED_EDGE('',*,*,#2775,.T.);
#5829 = ORIENTED_EDGE('',*,*,#5830,.F.);
#5830 = EDGE_CURVE('',#318,#2776,#5831,.T.);
#5831 = LINE('',#5832,#5833);
#5832 = CARTESIAN_POINT('',(17.226509869218,8.836943971785,0.));
#5833 = VECTOR('',#5834,1.);
#5834 = DIRECTION('',(0.,0.,1.));
#5835 = ORIENTED_EDGE('',*,*,#317,.F.);
#5836 = CYLINDRICAL_SURFACE('',#5837,19.360894117645);
#5837 = AXIS2_PLACEMENT_3D('',#5838,#5839,#5840);
#5838 = CARTESIAN_POINT('',(1.094398515841E-02,-2.130147109333E-02,0.));
#5839 = DIRECTION('',(-0.,-0.,-1.));
#5840 = DIRECTION('',(0.911090472255,0.412206442655,0.));
#5841 = ADVANCED_FACE('',(#5842),#5853,.F.);
#5842 = FACE_BOUND('',#5843,.F.);
#5843 = EDGE_LOOP('',(#5844,#5850,#5851,#5852));
#5844 = ORIENTED_EDGE('',*,*,#5845,.T.);
#5845 = EDGE_CURVE('',#2360,#4818,#5846,.T.);
#5846 = LINE('',#5847,#5848);
#5847 = CARTESIAN_POINT('',(14.068412405556,-9.714359793042,0.));
#5848 = VECTOR('',#5849,1.);
#5849 = DIRECTION('',(0.,0.,1.));
#5850 = ORIENTED_EDGE('',*,*,#4826,.T.);
#5851 = ORIENTED_EDGE('',*,*,#5811,.F.);
#5852 = ORIENTED_EDGE('',*,*,#2368,.F.);
#5853 = PLANE('',#5854);
#5854 = AXIS2_PLACEMENT_3D('',#5855,#5856,#5857);
#5855 = CARTESIAN_POINT('',(14.068412405556,-9.714359793042,0.));
#5856 = DIRECTION('',(-0.572792928293,-0.819700104488,0.));
#5857 = DIRECTION('',(-0.819700104488,0.572792928293,0.));
#5858 = ADVANCED_FACE('',(#5859),#5870,.F.);
#5859 = FACE_BOUND('',#5860,.F.);
#5860 = EDGE_LOOP('',(#5861,#5862,#5863,#5869));
#5861 = ORIENTED_EDGE('',*,*,#5830,.T.);
#5862 = ORIENTED_EDGE('',*,*,#2784,.T.);
#5863 = ORIENTED_EDGE('',*,*,#5864,.F.);
#5864 = EDGE_CURVE('',#327,#2785,#5865,.T.);
#5865 = LINE('',#5866,#5867);
#5866 = CARTESIAN_POINT('',(15.427276733707,8.656368806149,0.));
#5867 = VECTOR('',#5868,1.);
#5868 = DIRECTION('',(0.,0.,1.));
#5869 = ORIENTED_EDGE('',*,*,#326,.F.);
#5870 = SURFACE_OF_LINEAR_EXTRUSION('',#5871,#5876);
#5871 = B_SPLINE_CURVE_WITH_KNOTS('',3,(#5872,#5873,#5874,#5875),
  .UNSPECIFIED.,.F.,.F.,(4,4),(0.,1.),.PIECEWISE_BEZIER_KNOTS.);
#5872 = CARTESIAN_POINT('',(17.226509869218,8.836943971785,0.));
#5873 = CARTESIAN_POINT('',(16.418892170161,8.850251304016,0.));
#5874 = CARTESIAN_POINT('',(15.822801223446,8.755482230934,0.));
#5875 = CARTESIAN_POINT('',(15.427276733707,8.656368806149,0.));
#5876 = VECTOR('',#5877,1.);
#5877 = DIRECTION('',(-0.,-0.,-1.));
#5878 = ADVANCED_FACE('',(#5879),#5890,.F.);
#5879 = FACE_BOUND('',#5880,.F.);
#5880 = EDGE_LOOP('',(#5881,#5887,#5888,#5889));
#5881 = ORIENTED_EDGE('',*,*,#5882,.T.);
#5882 = EDGE_CURVE('',#2351,#4809,#5883,.T.);
#5883 = LINE('',#5884,#5885);
#5884 = CARTESIAN_POINT('',(14.492763317044,-10.14363838879,0.));
#5885 = VECTOR('',#5886,1.);
#5886 = DIRECTION('',(0.,0.,1.));
#5887 = ORIENTED_EDGE('',*,*,#4817,.T.);
#5888 = ORIENTED_EDGE('',*,*,#5845,.F.);
#5889 = ORIENTED_EDGE('',*,*,#2359,.F.);
#5890 = SURFACE_OF_LINEAR_EXTRUSION('',#5891,#5896);
#5891 = B_SPLINE_CURVE_WITH_KNOTS('',3,(#5892,#5893,#5894,#5895),
  .UNSPECIFIED.,.F.,.F.,(4,4),(0.,1.),.PIECEWISE_BEZIER_KNOTS.);
#5892 = CARTESIAN_POINT('',(14.492763317044,-10.14363838879,0.));
#5893 = CARTESIAN_POINT('',(14.274710853797,-9.882910239978,0.));
#5894 = CARTESIAN_POINT('',(14.120907189361,-9.754950945393,0.));
#5895 = CARTESIAN_POINT('',(14.068412405556,-9.714359793042,0.));
#5896 = VECTOR('',#5897,1.);
#5897 = DIRECTION('',(-0.,-0.,-1.));
#5898 = ADVANCED_FACE('',(#5899),#5910,.F.);
#5899 = FACE_BOUND('',#5900,.F.);
#5900 = EDGE_LOOP('',(#5901,#5902,#5903,#5909));
#5901 = ORIENTED_EDGE('',*,*,#5864,.T.);
#5902 = ORIENTED_EDGE('',*,*,#2793,.T.);
#5903 = ORIENTED_EDGE('',*,*,#5904,.F.);
#5904 = EDGE_CURVE('',#336,#2794,#5905,.T.);
#5905 = LINE('',#5906,#5907);
#5906 = CARTESIAN_POINT('',(14.856391123104,8.46029884808,0.));
#5907 = VECTOR('',#5908,1.);
#5908 = DIRECTION('',(0.,0.,1.));
#5909 = ORIENTED_EDGE('',*,*,#335,.F.);
#5910 = SURFACE_OF_LINEAR_EXTRUSION('',#5911,#5916);
#5911 = B_SPLINE_CURVE_WITH_KNOTS('',3,(#5912,#5913,#5914,#5915),
  .UNSPECIFIED.,.F.,.F.,(4,4),(0.,1.),.PIECEWISE_BEZIER_KNOTS.);
#5912 = CARTESIAN_POINT('',(15.427276733707,8.656368806149,0.));
#5913 = CARTESIAN_POINT('',(15.097759370562,8.573036029295,0.));
#5914 = CARTESIAN_POINT('',(14.915739120766,8.489983173058,0.));
#5915 = CARTESIAN_POINT('',(14.856391123104,8.46029884808,0.));
#5916 = VECTOR('',#5917,1.);
#5917 = DIRECTION('',(-0.,-0.,-1.));
#5918 = ADVANCED_FACE('',(#5919),#5930,.F.);
#5919 = FACE_BOUND('',#5920,.F.);
#5920 = EDGE_LOOP('',(#5921,#5927,#5928,#5929));
#5921 = ORIENTED_EDGE('',*,*,#5922,.T.);
#5922 = EDGE_CURVE('',#2342,#4800,#5923,.T.);
#5923 = LINE('',#5924,#5925);
#5924 = CARTESIAN_POINT('',(15.436113919978,-11.68634280192,0.));
#5925 = VECTOR('',#5926,1.);
#5926 = DIRECTION('',(0.,0.,1.));
#5927 = ORIENTED_EDGE('',*,*,#4808,.T.);
#5928 = ORIENTED_EDGE('',*,*,#5882,.F.);
#5929 = ORIENTED_EDGE('',*,*,#2350,.F.);
#5930 = SURFACE_OF_LINEAR_EXTRUSION('',#5931,#5936);
#5931 = B_SPLINE_CURVE_WITH_KNOTS('',3,(#5932,#5933,#5934,#5935),
  .UNSPECIFIED.,.F.,.F.,(4,4),(0.,1.),.PIECEWISE_BEZIER_KNOTS.);
#5932 = CARTESIAN_POINT('',(15.436113919978,-11.68634280192,0.));
#5933 = CARTESIAN_POINT('',(15.097691224989,-10.95293056284,0.));
#5934 = CARTESIAN_POINT('',(14.753673071687,-10.45698993719,0.));
#5935 = CARTESIAN_POINT('',(14.492763317044,-10.14363838879,0.));
#5936 = VECTOR('',#5937,1.);
#5937 = DIRECTION('',(-0.,-0.,-1.));
#5938 = ADVANCED_FACE('',(#5939),#5950,.F.);
#5939 = FACE_BOUND('',#5940,.F.);
#5940 = EDGE_LOOP('',(#5941,#5942,#5943,#5949));
#5941 = ORIENTED_EDGE('',*,*,#5904,.T.);
#5942 = ORIENTED_EDGE('',*,*,#2802,.T.);
#5943 = ORIENTED_EDGE('',*,*,#5944,.F.);
#5944 = EDGE_CURVE('',#345,#2803,#5945,.T.);
#5945 = LINE('',#5946,#5947);
#5946 = CARTESIAN_POINT('',(14.71502338136,8.380835528096,0.));
#5947 = VECTOR('',#5948,1.);
#5948 = DIRECTION('',(0.,0.,1.));
#5949 = ORIENTED_EDGE('',*,*,#344,.F.);
#5950 = PLANE('',#5951);
#5951 = AXIS2_PLACEMENT_3D('',#5952,#5953,#5954);
#5952 = CARTESIAN_POINT('',(14.856391123104,8.46029884808,0.));
#5953 = DIRECTION('',(0.489998737692,-0.871723142437,0.));
#5954 = DIRECTION('',(-0.871723142437,-0.489998737692,0.));
#5955 = ADVANCED_FACE('',(#5956),#5967,.T.);
#5956 = FACE_BOUND('',#5957,.F.);
#5957 = EDGE_LOOP('',(#5958,#5964,#5965,#5966));
#5958 = ORIENTED_EDGE('',*,*,#5959,.T.);
#5959 = EDGE_CURVE('',#2333,#4791,#5960,.T.);
#5960 = LINE('',#5961,#5962);
#5961 = CARTESIAN_POINT('',(14.82940901519,-12.44907689627,0.));
#5962 = VECTOR('',#5963,1.);
#5963 = DIRECTION('',(0.,0.,1.));
#5964 = ORIENTED_EDGE('',*,*,#4799,.T.);
#5965 = ORIENTED_EDGE('',*,*,#5922,.F.);
#5966 = ORIENTED_EDGE('',*,*,#2341,.F.);
#5967 = CYLINDRICAL_SURFACE('',#5968,19.360894117636);
#5968 = AXIS2_PLACEMENT_3D('',#5969,#5970,#5971);
#5969 = CARTESIAN_POINT('',(-1.444354508649E-02,-1.910255185141E-02,0.)
  );
#5970 = DIRECTION('',(-0.,-0.,-1.));
#5971 = DIRECTION('',(0.766692512757,-0.642014478717,0.));
#5972 = ADVANCED_FACE('',(#5973),#5984,.F.);
#5973 = FACE_BOUND('',#5974,.F.);
#5974 = EDGE_LOOP('',(#5975,#5976,#5977,#5983));
#5975 = ORIENTED_EDGE('',*,*,#5944,.T.);
#5976 = ORIENTED_EDGE('',*,*,#2810,.T.);
#5977 = ORIENTED_EDGE('',*,*,#5978,.F.);
#5978 = EDGE_CURVE('',#353,#2811,#5979,.T.);
#5979 = LINE('',#5980,#5981);
#5980 = CARTESIAN_POINT('',(14.043653855675,8.549178730753,0.));
#5981 = VECTOR('',#5982,1.);
#5982 = DIRECTION('',(0.,0.,1.));
#5983 = ORIENTED_EDGE('',*,*,#352,.F.);
#5984 = CYLINDRICAL_SURFACE('',#5985,0.493105882353);
#5985 = AXIS2_PLACEMENT_3D('',#5986,#5987,#5988);
#5986 = CARTESIAN_POINT('',(14.464771115708,8.805720471048,0.));
#5987 = DIRECTION('',(0.,0.,-1.));
#5988 = DIRECTION('',(0.507502089527,-0.861650526098,0.));
#5989 = ADVANCED_FACE('',(#5990),#6001,.F.);
#5990 = FACE_BOUND('',#5991,.F.);
#5991 = EDGE_LOOP('',(#5992,#5998,#5999,#6000));
#5992 = ORIENTED_EDGE('',*,*,#5993,.T.);
#5993 = EDGE_CURVE('',#2324,#4782,#5994,.T.);
#5994 = LINE('',#5995,#5996);
#5995 = CARTESIAN_POINT('',(13.114259425229,-11.87222759444,0.));
#5996 = VECTOR('',#5997,1.);
#5997 = DIRECTION('',(0.,0.,1.));
#5998 = ORIENTED_EDGE('',*,*,#4790,.T.);
#5999 = ORIENTED_EDGE('',*,*,#5959,.F.);
#6000 = ORIENTED_EDGE('',*,*,#2332,.F.);
#6001 = SURFACE_OF_LINEAR_EXTRUSION('',#6002,#6007);
#6002 = B_SPLINE_CURVE_WITH_KNOTS('',3,(#6003,#6004,#6005,#6006),
  .UNSPECIFIED.,.F.,.F.,(4,4),(0.,1.),.PIECEWISE_BEZIER_KNOTS.);
#6003 = CARTESIAN_POINT('',(13.114259425229,-11.87222759444,0.));
#6004 = CARTESIAN_POINT('',(13.477812478377,-12.05686851759,0.));
#6005 = CARTESIAN_POINT('',(14.037870077876,-12.28190424634,0.));
#6006 = CARTESIAN_POINT('',(14.82940901519,-12.44907689627,0.));
#6007 = VECTOR('',#6008,1.);
#6008 = DIRECTION('',(-0.,-0.,-1.));
#6009 = ADVANCED_FACE('',(#6010),#6021,.T.);
#6010 = FACE_BOUND('',#6011,.F.);
#6011 = EDGE_LOOP('',(#6012,#6013,#6014,#6020));
#6012 = ORIENTED_EDGE('',*,*,#5978,.T.);
#6013 = ORIENTED_EDGE('',*,*,#2819,.T.);
#6014 = ORIENTED_EDGE('',*,*,#6015,.F.);
#6015 = EDGE_CURVE('',#362,#2820,#6016,.T.);
#6016 = LINE('',#6017,#6018);
#6017 = CARTESIAN_POINT('',(13.795856928315,8.943545281478,0.));
#6018 = VECTOR('',#6019,1.);
#6019 = DIRECTION('',(0.,0.,1.));
#6020 = ORIENTED_EDGE('',*,*,#361,.F.);
#6021 = CYLINDRICAL_SURFACE('',#6022,16.441188235307);
#6022 = AXIS2_PLACEMENT_3D('',#6023,#6024,#6025);
#6023 = CARTESIAN_POINT('',(-1.073132E-11,-6.91641E-12,0.));
#6024 = DIRECTION('',(-0.,-0.,-1.));
#6025 = DIRECTION('',(0.854175115247,0.519985454117,0.));
#6026 = ADVANCED_FACE('',(#6027),#6038,.F.);
#6027 = FACE_BOUND('',#6028,.F.);
#6028 = EDGE_LOOP('',(#6029,#6035,#6036,#6037));
#6029 = ORIENTED_EDGE('',*,*,#6030,.T.);
#6030 = EDGE_CURVE('',#2316,#4774,#6031,.T.);
#6031 = LINE('',#6032,#6033);
#6032 = CARTESIAN_POINT('',(12.60131677898,-11.55403952032,0.));
#6033 = VECTOR('',#6034,1.);
#6034 = DIRECTION('',(0.,0.,1.));
#6035 = ORIENTED_EDGE('',*,*,#4781,.T.);
#6036 = ORIENTED_EDGE('',*,*,#5993,.F.);
#6037 = ORIENTED_EDGE('',*,*,#2323,.F.);
#6038 = SURFACE_OF_LINEAR_EXTRUSION('',#6039,#6044);
#6039 = B_SPLINE_CURVE_WITH_KNOTS('',3,(#6040,#6041,#6042,#6043),
  .UNSPECIFIED.,.F.,.F.,(4,4),(0.,1.),.PIECEWISE_BEZIER_KNOTS.);
#6040 = CARTESIAN_POINT('',(12.60131677898,-11.55403952032,0.));
#6041 = CARTESIAN_POINT('',(12.652571414715,-11.59618576917,0.));
#6042 = CARTESIAN_POINT('',(12.811547037686,-11.71765963288,0.));
#6043 = CARTESIAN_POINT('',(13.114259425229,-11.87222759444,0.));
#6044 = VECTOR('',#6045,1.);
#6045 = DIRECTION('',(-0.,-0.,-1.));
#6046 = ADVANCED_FACE('',(#6047),#6058,.F.);
#6047 = FACE_BOUND('',#6048,.F.);
#6048 = EDGE_LOOP('',(#6049,#6050,#6051,#6057));
#6049 = ORIENTED_EDGE('',*,*,#6015,.T.);
#6050 = ORIENTED_EDGE('',*,*,#2828,.T.);
#6051 = ORIENTED_EDGE('',*,*,#6052,.F.);
#6052 = EDGE_CURVE('',#371,#2829,#6053,.T.);
#6053 = LINE('',#6054,#6055);
#6054 = CARTESIAN_POINT('',(13.935481263732,9.621469701202,0.));
#6055 = VECTOR('',#6056,1.);
#6056 = DIRECTION('',(0.,0.,1.));
#6057 = ORIENTED_EDGE('',*,*,#370,.F.);
#6058 = CYLINDRICAL_SURFACE('',#6059,0.493105882353);
#6059 = AXIS2_PLACEMENT_3D('',#6060,#6061,#6062);
#6060 = CARTESIAN_POINT('',(14.209708981028,9.211649532985,0.));
#6061 = DIRECTION('',(0.,0.,-1.));
#6062 = DIRECTION('',(-0.839276243752,-0.543705238777,-0.));
#6063 = ADVANCED_FACE('',(#6064),#6075,.F.);
#6064 = FACE_BOUND('',#6065,.F.);
#6065 = EDGE_LOOP('',(#6066,#6072,#6073,#6074));
#6066 = ORIENTED_EDGE('',*,*,#6067,.T.);
#6067 = EDGE_CURVE('',#2307,#4765,#6068,.T.);
#6068 = LINE('',#6069,#6070);
#6069 = CARTESIAN_POINT('',(12.48117567385,-11.44511122975,0.));
#6070 = VECTOR('',#6071,1.);
#6071 = DIRECTION('',(0.,0.,1.));
#6072 = ORIENTED_EDGE('',*,*,#4773,.T.);
#6073 = ORIENTED_EDGE('',*,*,#6030,.F.);
#6074 = ORIENTED_EDGE('',*,*,#2315,.F.);
#6075 = PLANE('',#6076);
#6076 = AXIS2_PLACEMENT_3D('',#6077,#6078,#6079);
#6077 = CARTESIAN_POINT('',(12.48117567385,-11.44511122975,0.));
#6078 = DIRECTION('',(0.671690094116,0.740832246508,0.));
#6079 = DIRECTION('',(0.740832246508,-0.671690094116,0.));
#6080 = ADVANCED_FACE('',(#6081),#6092,.F.);
#6081 = FACE_BOUND('',#6082,.F.);
#6082 = EDGE_LOOP('',(#6083,#6084,#6085,#6091));
#6083 = ORIENTED_EDGE('',*,*,#6052,.T.);
#6084 = ORIENTED_EDGE('',*,*,#2837,.T.);
#6085 = ORIENTED_EDGE('',*,*,#6086,.F.);
#6086 = EDGE_CURVE('',#380,#2838,#6087,.T.);
#6087 = LINE('',#6088,#6089);
#6088 = CARTESIAN_POINT('',(14.068412405556,9.714359793042,0.));
#6089 = VECTOR('',#6090,1.);
#6090 = DIRECTION('',(0.,0.,1.));
#6091 = ORIENTED_EDGE('',*,*,#379,.F.);
#6092 = PLANE('',#6093);
#6093 = AXIS2_PLACEMENT_3D('',#6094,#6095,#6096);
#6094 = CARTESIAN_POINT('',(13.935481263732,9.621469701202,0.));
#6095 = DIRECTION('',(-0.572792928293,0.819700104488,0.));
#6096 = DIRECTION('',(0.819700104488,0.572792928293,0.));
#6097 = ADVANCED_FACE('',(#6098),#6109,.F.);
#6098 = FACE_BOUND('',#6099,.F.);
#6099 = EDGE_LOOP('',(#6100,#6106,#6107,#6108));
#6100 = ORIENTED_EDGE('',*,*,#6101,.T.);
#6101 = EDGE_CURVE('',#2298,#4756,#6102,.T.);
#6102 = LINE('',#6103,#6104);
#6103 = CARTESIAN_POINT('',(11.789178897191,-11.45983994296,0.));
#6104 = VECTOR('',#6105,1.);
#6105 = DIRECTION('',(0.,0.,1.));
#6106 = ORIENTED_EDGE('',*,*,#4764,.T.);
#6107 = ORIENTED_EDGE('',*,*,#6067,.F.);
#6108 = ORIENTED_EDGE('',*,*,#2306,.F.);
#6109 = CYLINDRICAL_SURFACE('',#6110,0.493105882353);
#6110 = AXIS2_PLACEMENT_3D('',#6111,#6112,#6113);
#6111 = CARTESIAN_POINT('',(12.142651960649,-11.80365705222,0.));
#6112 = DIRECTION('',(0.,0.,-1.));
#6113 = DIRECTION('',(-0.71682994689,0.697248038535,0.));
#6114 = ADVANCED_FACE('',(#6115),#6126,.F.);
#6115 = FACE_BOUND('',#6116,.F.);
#6116 = EDGE_LOOP('',(#6117,#6118,#6119,#6125));
#6117 = ORIENTED_EDGE('',*,*,#6086,.T.);
#6118 = ORIENTED_EDGE('',*,*,#2845,.T.);
#6119 = ORIENTED_EDGE('',*,*,#6120,.F.);
#6120 = EDGE_CURVE('',#388,#2846,#6121,.T.);
#6121 = LINE('',#6122,#6123);
#6122 = CARTESIAN_POINT('',(14.492763317044,10.143638388793,0.));
#6123 = VECTOR('',#6124,1.);
#6124 = DIRECTION('',(0.,0.,1.));
#6125 = ORIENTED_EDGE('',*,*,#387,.F.);
#6126 = SURFACE_OF_LINEAR_EXTRUSION('',#6127,#6132);
#6127 = B_SPLINE_CURVE_WITH_KNOTS('',3,(#6128,#6129,#6130,#6131),
  .UNSPECIFIED.,.F.,.F.,(4,4),(0.,1.),.PIECEWISE_BEZIER_KNOTS.);
#6128 = CARTESIAN_POINT('',(14.068412405556,9.714359793042,0.));
#6129 = CARTESIAN_POINT('',(14.120907189361,9.754950945393,0.));
#6130 = CARTESIAN_POINT('',(14.274710853797,9.882910239978,0.));
#6131 = CARTESIAN_POINT('',(14.492763317044,10.143638388793,0.));
#6132 = VECTOR('',#6133,1.);
#6133 = DIRECTION('',(-0.,-0.,-1.));
#6134 = ADVANCED_FACE('',(#6135),#6146,.T.);
#6135 = FACE_BOUND('',#6136,.F.);
#6136 = EDGE_LOOP('',(#6137,#6143,#6144,#6145));
#6137 = ORIENTED_EDGE('',*,*,#6138,.T.);
#6138 = EDGE_CURVE('',#2289,#4747,#6139,.T.);
#6139 = LINE('',#6140,#6141);
#6140 = CARTESIAN_POINT('',(11.459839942966,-11.78917889719,0.));
#6141 = VECTOR('',#6142,1.);
#6142 = DIRECTION('',(0.,0.,1.));
#6143 = ORIENTED_EDGE('',*,*,#4755,.T.);
#6144 = ORIENTED_EDGE('',*,*,#6101,.F.);
#6145 = ORIENTED_EDGE('',*,*,#2297,.F.);
#6146 = CYLINDRICAL_SURFACE('',#6147,16.441188235255);
#6147 = AXIS2_PLACEMENT_3D('',#6148,#6149,#6150);
#6148 = CARTESIAN_POINT('',(2.771979E-11,-2.780738E-11,0.));
#6149 = DIRECTION('',(-0.,-0.,-1.));
#6150 = DIRECTION('',(0.697020177554,-0.717051512851,0.));
#6151 = ADVANCED_FACE('',(#6152),#6163,.F.);
#6152 = FACE_BOUND('',#6153,.F.);
#6153 = EDGE_LOOP('',(#6154,#6155,#6156,#6162));
#6154 = ORIENTED_EDGE('',*,*,#6120,.T.);
#6155 = ORIENTED_EDGE('',*,*,#2854,.T.);
#6156 = ORIENTED_EDGE('',*,*,#6157,.F.);
#6157 = EDGE_CURVE('',#397,#2855,#6158,.T.);
#6158 = LINE('',#6159,#6160);
#6159 = CARTESIAN_POINT('',(15.436806491159,11.687424552215,0.));
#6160 = VECTOR('',#6161,1.);
#6161 = DIRECTION('',(0.,0.,1.));
#6162 = ORIENTED_EDGE('',*,*,#396,.F.);
#6163 = SURFACE_OF_LINEAR_EXTRUSION('',#6164,#6169);
#6164 = B_SPLINE_CURVE_WITH_KNOTS('',3,(#6165,#6166,#6167,#6168),
  .UNSPECIFIED.,.F.,.F.,(4,4),(0.,1.),.PIECEWISE_BEZIER_KNOTS.);
#6165 = CARTESIAN_POINT('',(14.492763317044,10.143638388793,0.));
#6166 = CARTESIAN_POINT('',(14.753673071687,10.456989937198,0.));
#6167 = CARTESIAN_POINT('',(15.097691224989,10.952930562846,0.));
#6168 = CARTESIAN_POINT('',(15.436806491159,11.687424552215,0.));
#6169 = VECTOR('',#6170,1.);
#6170 = DIRECTION('',(-0.,-0.,-1.));
#6171 = ADVANCED_FACE('',(#6172),#6183,.F.);
#6172 = FACE_BOUND('',#6173,.F.);
#6173 = EDGE_LOOP('',(#6174,#6180,#6181,#6182));
#6174 = ORIENTED_EDGE('',*,*,#6175,.T.);
#6175 = EDGE_CURVE('',#2281,#4739,#6176,.T.);
#6176 = LINE('',#6177,#6178);
#6177 = CARTESIAN_POINT('',(11.445111229755,-12.48117567385,0.));
#6178 = VECTOR('',#6179,1.);
#6179 = DIRECTION('',(0.,0.,1.));
#6180 = ORIENTED_EDGE('',*,*,#4746,.T.);
#6181 = ORIENTED_EDGE('',*,*,#6138,.F.);
#6182 = ORIENTED_EDGE('',*,*,#2288,.F.);
#6183 = CYLINDRICAL_SURFACE('',#6184,0.493105882353);
#6184 = AXIS2_PLACEMENT_3D('',#6185,#6186,#6187);
#6185 = CARTESIAN_POINT('',(11.803657052227,-12.14265196064,0.));
#6186 = DIRECTION('',(0.,0.,-1.));
#6187 = DIRECTION('',(-0.727117309493,-0.686513232382,-0.));
#6188 = ADVANCED_FACE('',(#6189),#6200,.T.);
#6189 = FACE_BOUND('',#6190,.F.);
#6190 = EDGE_LOOP('',(#6191,#6192,#6193,#6199));
#6191 = ORIENTED_EDGE('',*,*,#6157,.T.);
#6192 = ORIENTED_EDGE('',*,*,#2863,.T.);
#6193 = ORIENTED_EDGE('',*,*,#6194,.F.);
#6194 = EDGE_CURVE('',#406,#2864,#6195,.T.);
#6195 = LINE('',#6196,#6197);
#6196 = CARTESIAN_POINT('',(14.828200275055,12.448642401386,0.));
#6197 = VECTOR('',#6198,1.);
#6198 = DIRECTION('',(0.,0.,1.));
#6199 = ORIENTED_EDGE('',*,*,#405,.F.);
#6200 = CYLINDRICAL_SURFACE('',#6201,19.36089411765);
#6201 = AXIS2_PLACEMENT_3D('',#6202,#6203,#6204);
#6202 = CARTESIAN_POINT('',(1.540961983983E-02,-1.833213294389E-02,0.));
#6203 = DIRECTION('',(-0.,-0.,-1.));
#6204 = DIRECTION('',(0.796522969322,0.60460826933,0.));
#6205 = ADVANCED_FACE('',(#6206),#6217,.F.);
#6206 = FACE_BOUND('',#6207,.F.);
#6207 = EDGE_LOOP('',(#6208,#6214,#6215,#6216));
#6208 = ORIENTED_EDGE('',*,*,#6209,.T.);
#6209 = EDGE_CURVE('',#2272,#4730,#6210,.T.);
#6210 = LINE('',#6211,#6212);
#6211 = CARTESIAN_POINT('',(11.554039520326,-12.60131677898,0.));
#6212 = VECTOR('',#6213,1.);
#6213 = DIRECTION('',(0.,0.,1.));
#6214 = ORIENTED_EDGE('',*,*,#4738,.T.);
#6215 = ORIENTED_EDGE('',*,*,#6175,.F.);
#6216 = ORIENTED_EDGE('',*,*,#2280,.F.);
#6217 = PLANE('',#6218);
#6218 = AXIS2_PLACEMENT_3D('',#6219,#6220,#6221);
#6219 = CARTESIAN_POINT('',(11.554039520326,-12.60131677898,0.));
#6220 = DIRECTION('',(-0.740832246508,-0.671690094116,0.));
#6221 = DIRECTION('',(-0.671690094116,0.740832246508,0.));
#6222 = ADVANCED_FACE('',(#6223),#6234,.F.);
#6223 = FACE_BOUND('',#6224,.F.);
#6224 = EDGE_LOOP('',(#6225,#6226,#6227,#6233));
#6225 = ORIENTED_EDGE('',*,*,#6194,.T.);
#6226 = ORIENTED_EDGE('',*,*,#2872,.T.);
#6227 = ORIENTED_EDGE('',*,*,#6228,.F.);
#6228 = EDGE_CURVE('',#415,#2873,#6229,.T.);
#6229 = LINE('',#6230,#6231);
#6230 = CARTESIAN_POINT('',(13.114259425229,11.872227594442,0.));
#6231 = VECTOR('',#6232,1.);
#6232 = DIRECTION('',(0.,0.,1.));
#6233 = ORIENTED_EDGE('',*,*,#414,.F.);
#6234 = SURFACE_OF_LINEAR_EXTRUSION('',#6235,#6240);
#6235 = B_SPLINE_CURVE_WITH_KNOTS('',3,(#6236,#6237,#6238,#6239),
  .UNSPECIFIED.,.F.,.F.,(4,4),(0.,1.),.PIECEWISE_BEZIER_KNOTS.);
#6236 = CARTESIAN_POINT('',(14.828200275055,12.448642401386,0.));
#6237 = CARTESIAN_POINT('',(14.037870077876,12.281904246341,0.));
#6238 = CARTESIAN_POINT('',(13.477812478377,12.056868517596,0.));
#6239 = CARTESIAN_POINT('',(13.114259425229,11.872227594442,0.));
#6240 = VECTOR('',#6241,1.);
#6241 = DIRECTION('',(-0.,-0.,-1.));
#6242 = ADVANCED_FACE('',(#6243),#6254,.F.);
#6243 = FACE_BOUND('',#6244,.F.);
#6244 = EDGE_LOOP('',(#6245,#6251,#6252,#6253));
#6245 = ORIENTED_EDGE('',*,*,#6246,.T.);
#6246 = EDGE_CURVE('',#2263,#4721,#6247,.T.);
#6247 = LINE('',#6248,#6249);
#6248 = CARTESIAN_POINT('',(11.872227594442,-13.11425942522,0.));
#6249 = VECTOR('',#6250,1.);
#6250 = DIRECTION('',(0.,0.,1.));
#6251 = ORIENTED_EDGE('',*,*,#4729,.T.);
#6252 = ORIENTED_EDGE('',*,*,#6209,.F.);
#6253 = ORIENTED_EDGE('',*,*,#2271,.F.);
#6254 = SURFACE_OF_LINEAR_EXTRUSION('',#6255,#6260);
#6255 = B_SPLINE_CURVE_WITH_KNOTS('',3,(#6256,#6257,#6258,#6259),
  .UNSPECIFIED.,.F.,.F.,(4,4),(0.,1.),.PIECEWISE_BEZIER_KNOTS.);
#6256 = CARTESIAN_POINT('',(11.872227594442,-13.11425942522,0.));
#6257 = CARTESIAN_POINT('',(11.717659632885,-12.81154703768,0.));
#6258 = CARTESIAN_POINT('',(11.59618576917,-12.65257141471,0.));
#6259 = CARTESIAN_POINT('',(11.554039520326,-12.60131677898,0.));
#6260 = VECTOR('',#6261,1.);
#6261 = DIRECTION('',(-0.,-0.,-1.));
#6262 = ADVANCED_FACE('',(#6263),#6274,.F.);
#6263 = FACE_BOUND('',#6264,.F.);
#6264 = EDGE_LOOP('',(#6265,#6266,#6267,#6273));
#6265 = ORIENTED_EDGE('',*,*,#6228,.T.);
#6266 = ORIENTED_EDGE('',*,*,#2881,.T.);
#6267 = ORIENTED_EDGE('',*,*,#6268,.F.);
#6268 = EDGE_CURVE('',#424,#2882,#6269,.T.);
#6269 = LINE('',#6270,#6271);
#6270 = CARTESIAN_POINT('',(12.60131677898,11.554039520326,0.));
#6271 = VECTOR('',#6272,1.);
#6272 = DIRECTION('',(0.,0.,1.));
#6273 = ORIENTED_EDGE('',*,*,#423,.F.);
#6274 = SURFACE_OF_LINEAR_EXTRUSION('',#6275,#6280);
#6275 = B_SPLINE_CURVE_WITH_KNOTS('',3,(#6276,#6277,#6278,#6279),
  .UNSPECIFIED.,.F.,.F.,(4,4),(0.,1.),.PIECEWISE_BEZIER_KNOTS.);
#6276 = CARTESIAN_POINT('',(13.114259425229,11.872227594442,0.));
#6277 = CARTESIAN_POINT('',(12.811547037686,11.717659632885,0.));
#6278 = CARTESIAN_POINT('',(12.652571414715,11.59618576917,0.));
#6279 = CARTESIAN_POINT('',(12.60131677898,11.554039520326,0.));
#6280 = VECTOR('',#6281,1.);
#6281 = DIRECTION('',(-0.,-0.,-1.));
#6282 = ADVANCED_FACE('',(#6283),#6294,.F.);
#6283 = FACE_BOUND('',#6284,.F.);
#6284 = EDGE_LOOP('',(#6285,#6291,#6292,#6293));
#6285 = ORIENTED_EDGE('',*,*,#6286,.T.);
#6286 = EDGE_CURVE('',#2254,#4712,#6287,.T.);
#6287 = LINE('',#6288,#6289);
#6288 = CARTESIAN_POINT('',(12.448642401386,-14.82820027505,0.));
#6289 = VECTOR('',#6290,1.);
#6290 = DIRECTION('',(0.,0.,1.));
#6291 = ORIENTED_EDGE('',*,*,#4720,.T.);
#6292 = ORIENTED_EDGE('',*,*,#6246,.F.);
#6293 = ORIENTED_EDGE('',*,*,#2262,.F.);
#6294 = SURFACE_OF_LINEAR_EXTRUSION('',#6295,#6300);
#6295 = B_SPLINE_CURVE_WITH_KNOTS('',3,(#6296,#6297,#6298,#6299),
  .UNSPECIFIED.,.F.,.F.,(4,4),(0.,1.),.PIECEWISE_BEZIER_KNOTS.);
#6296 = CARTESIAN_POINT('',(12.448642401386,-14.82820027505,0.));
#6297 = CARTESIAN_POINT('',(12.281904246341,-14.03787007787,0.));
#6298 = CARTESIAN_POINT('',(12.056868517596,-13.47781247837,0.));
#6299 = CARTESIAN_POINT('',(11.872227594442,-13.11425942522,0.));
#6300 = VECTOR('',#6301,1.);
#6301 = DIRECTION('',(-0.,-0.,-1.));
#6302 = ADVANCED_FACE('',(#6303),#6314,.F.);
#6303 = FACE_BOUND('',#6304,.F.);
#6304 = EDGE_LOOP('',(#6305,#6306,#6307,#6313));
#6305 = ORIENTED_EDGE('',*,*,#6268,.T.);
#6306 = ORIENTED_EDGE('',*,*,#2890,.T.);
#6307 = ORIENTED_EDGE('',*,*,#6308,.F.);
#6308 = EDGE_CURVE('',#433,#2891,#6309,.T.);
#6309 = LINE('',#6310,#6311);
#6310 = CARTESIAN_POINT('',(12.48117567385,11.445111229755,0.));
#6311 = VECTOR('',#6312,1.);
#6312 = DIRECTION('',(0.,0.,1.));
#6313 = ORIENTED_EDGE('',*,*,#432,.F.);
#6314 = PLANE('',#6315);
#6315 = AXIS2_PLACEMENT_3D('',#6316,#6317,#6318);
#6316 = CARTESIAN_POINT('',(12.60131677898,11.554039520326,0.));
#6317 = DIRECTION('',(0.671690094116,-0.740832246508,0.));
#6318 = DIRECTION('',(-0.740832246508,-0.671690094116,0.));
#6319 = ADVANCED_FACE('',(#6320),#6331,.T.);
#6320 = FACE_BOUND('',#6321,.F.);
#6321 = EDGE_LOOP('',(#6322,#6328,#6329,#6330));
#6322 = ORIENTED_EDGE('',*,*,#6323,.T.);
#6323 = EDGE_CURVE('',#2245,#4703,#6324,.T.);
#6324 = LINE('',#6325,#6326);
#6325 = CARTESIAN_POINT('',(11.687424552215,-15.43680649115,0.));
#6326 = VECTOR('',#6327,1.);
#6327 = DIRECTION('',(0.,0.,1.));
#6328 = ORIENTED_EDGE('',*,*,#4711,.T.);
#6329 = ORIENTED_EDGE('',*,*,#6286,.F.);
#6330 = ORIENTED_EDGE('',*,*,#2253,.F.);
#6331 = CYLINDRICAL_SURFACE('',#6332,19.360894117642);
#6332 = AXIS2_PLACEMENT_3D('',#6333,#6334,#6335);
#6333 = CARTESIAN_POINT('',(-1.83321329383E-02,-1.540961984684E-02,0.));
#6334 = DIRECTION('',(-0.,-0.,-1.));
#6335 = DIRECTION('',(0.60460826933,-0.796522969322,0.));
#6336 = ADVANCED_FACE('',(#6337),#6348,.F.);
#6337 = FACE_BOUND('',#6338,.F.);
#6338 = EDGE_LOOP('',(#6339,#6340,#6341,#6347));
#6339 = ORIENTED_EDGE('',*,*,#6308,.T.);
#6340 = ORIENTED_EDGE('',*,*,#2898,.T.);
#6341 = ORIENTED_EDGE('',*,*,#6342,.F.);
#6342 = EDGE_CURVE('',#441,#2899,#6343,.T.);
#6343 = LINE('',#6344,#6345);
#6344 = CARTESIAN_POINT('',(11.789178897191,11.459839942966,0.));
#6345 = VECTOR('',#6346,1.);
#6346 = DIRECTION('',(0.,0.,1.));
#6347 = ORIENTED_EDGE('',*,*,#440,.F.);
#6348 = CYLINDRICAL_SURFACE('',#6349,0.493105882353);
#6349 = AXIS2_PLACEMENT_3D('',#6350,#6351,#6352);
#6350 = CARTESIAN_POINT('',(12.142651960649,11.803657052227,0.));
#6351 = DIRECTION('',(0.,0.,-1.));
#6352 = DIRECTION('',(0.686513232382,-0.727117309493,0.));
#6353 = ADVANCED_FACE('',(#6354),#6365,.F.);
#6354 = FACE_BOUND('',#6355,.F.);
#6355 = EDGE_LOOP('',(#6356,#6362,#6363,#6364));
#6356 = ORIENTED_EDGE('',*,*,#6357,.T.);
#6357 = EDGE_CURVE('',#2236,#4694,#6358,.T.);
#6358 = LINE('',#6359,#6360);
#6359 = CARTESIAN_POINT('',(10.143638388793,-14.49276331704,0.));
#6360 = VECTOR('',#6361,1.);
#6361 = DIRECTION('',(0.,0.,1.));
#6362 = ORIENTED_EDGE('',*,*,#4702,.T.);
#6363 = ORIENTED_EDGE('',*,*,#6323,.F.);
#6364 = ORIENTED_EDGE('',*,*,#2244,.F.);
#6365 = SURFACE_OF_LINEAR_EXTRUSION('',#6366,#6371);
#6366 = B_SPLINE_CURVE_WITH_KNOTS('',3,(#6367,#6368,#6369,#6370),
  .UNSPECIFIED.,.F.,.F.,(4,4),(0.,1.),.PIECEWISE_BEZIER_KNOTS.);
#6367 = CARTESIAN_POINT('',(10.143638388793,-14.49276331704,0.));
#6368 = CARTESIAN_POINT('',(10.456989937198,-14.75367307168,0.));
#6369 = CARTESIAN_POINT('',(10.952930562846,-15.09769122498,0.));
#6370 = CARTESIAN_POINT('',(11.687424552215,-15.43680649115,0.));
#6371 = VECTOR('',#6372,1.);
#6372 = DIRECTION('',(-0.,-0.,-1.));
#6373 = ADVANCED_FACE('',(#6374),#6385,.T.);
#6374 = FACE_BOUND('',#6375,.F.);
#6375 = EDGE_LOOP('',(#6376,#6377,#6378,#6384));
#6376 = ORIENTED_EDGE('',*,*,#6342,.T.);
#6377 = ORIENTED_EDGE('',*,*,#2907,.T.);
#6378 = ORIENTED_EDGE('',*,*,#6379,.F.);
#6379 = EDGE_CURVE('',#450,#2908,#6380,.T.);
#6380 = LINE('',#6381,#6382);
#6381 = CARTESIAN_POINT('',(11.459839942966,11.789178897191,0.));
#6382 = VECTOR('',#6383,1.);
#6383 = DIRECTION('',(0.,0.,1.));
#6384 = ORIENTED_EDGE('',*,*,#449,.F.);
#6385 = CYLINDRICAL_SURFACE('',#6386,16.441188235245);
#6386 = AXIS2_PLACEMENT_3D('',#6387,#6388,#6389);
#6387 = CARTESIAN_POINT('',(3.453708E-11,3.453708E-11,0.));
#6388 = DIRECTION('',(-0.,-0.,-1.));
#6389 = DIRECTION('',(0.717051512851,0.697020177554,0.));
#6390 = ADVANCED_FACE('',(#6391),#6402,.F.);
#6391 = FACE_BOUND('',#6392,.F.);
#6392 = EDGE_LOOP('',(#6393,#6399,#6400,#6401));
#6393 = ORIENTED_EDGE('',*,*,#6394,.T.);
#6394 = EDGE_CURVE('',#2228,#4686,#6395,.T.);
#6395 = LINE('',#6396,#6397);
#6396 = CARTESIAN_POINT('',(9.714359793042,-14.06841240555,0.));
#6397 = VECTOR('',#6398,1.);
#6398 = DIRECTION('',(0.,0.,1.));
#6399 = ORIENTED_EDGE('',*,*,#4693,.T.);
#6400 = ORIENTED_EDGE('',*,*,#6357,.F.);
#6401 = ORIENTED_EDGE('',*,*,#2235,.F.);
#6402 = SURFACE_OF_LINEAR_EXTRUSION('',#6403,#6408);
#6403 = B_SPLINE_CURVE_WITH_KNOTS('',3,(#6404,#6405,#6406,#6407),
  .UNSPECIFIED.,.F.,.F.,(4,4),(0.,1.),.PIECEWISE_BEZIER_KNOTS.);
#6404 = CARTESIAN_POINT('',(9.714359793042,-14.06841240555,0.));
#6405 = CARTESIAN_POINT('',(9.754950945393,-14.12090718936,0.));
#6406 = CARTESIAN_POINT('',(9.882910239978,-14.27471085379,0.));
#6407 = CARTESIAN_POINT('',(10.143638388793,-14.49276331704,0.));
#6408 = VECTOR('',#6409,1.);
#6409 = DIRECTION('',(-0.,-0.,-1.));
#6410 = ADVANCED_FACE('',(#6411),#6422,.F.);
#6411 = FACE_BOUND('',#6412,.F.);
#6412 = EDGE_LOOP('',(#6413,#6414,#6415,#6421));
#6413 = ORIENTED_EDGE('',*,*,#6379,.T.);
#6414 = ORIENTED_EDGE('',*,*,#2916,.T.);
#6415 = ORIENTED_EDGE('',*,*,#6416,.F.);
#6416 = EDGE_CURVE('',#459,#2917,#6417,.T.);
#6417 = LINE('',#6418,#6419);
#6418 = CARTESIAN_POINT('',(11.445111229755,12.48117567385,0.));
#6419 = VECTOR('',#6420,1.);
#6420 = DIRECTION('',(0.,0.,1.));
#6421 = ORIENTED_EDGE('',*,*,#458,.F.);
#6422 = CYLINDRICAL_SURFACE('',#6423,0.493105882353);
#6423 = AXIS2_PLACEMENT_3D('',#6424,#6425,#6426);
#6424 = CARTESIAN_POINT('',(11.803657052227,12.142651960649,0.));
#6425 = DIRECTION('',(0.,0.,-1.));
#6426 = DIRECTION('',(-0.697248038535,-0.71682994689,-0.));
#6427 = ADVANCED_FACE('',(#6428),#6439,.F.);
#6428 = FACE_BOUND('',#6429,.F.);
#6429 = EDGE_LOOP('',(#6430,#6436,#6437,#6438));
#6430 = ORIENTED_EDGE('',*,*,#6431,.T.);
#6431 = EDGE_CURVE('',#2219,#4677,#6432,.T.);
#6432 = LINE('',#6433,#6434);
#6433 = CARTESIAN_POINT('',(9.621469701202,-13.93548126373,0.));
#6434 = VECTOR('',#6435,1.);
#6435 = DIRECTION('',(0.,0.,1.));
#6436 = ORIENTED_EDGE('',*,*,#4685,.T.);
#6437 = ORIENTED_EDGE('',*,*,#6394,.F.);
#6438 = ORIENTED_EDGE('',*,*,#2227,.F.);
#6439 = PLANE('',#6440);
#6440 = AXIS2_PLACEMENT_3D('',#6441,#6442,#6443);
#6441 = CARTESIAN_POINT('',(9.621469701202,-13.93548126373,0.));
#6442 = DIRECTION('',(0.819700104488,0.572792928293,0.));
#6443 = DIRECTION('',(0.572792928293,-0.819700104488,0.));
#6444 = ADVANCED_FACE('',(#6445),#6456,.F.);
#6445 = FACE_BOUND('',#6446,.F.);
#6446 = EDGE_LOOP('',(#6447,#6448,#6449,#6455));
#6447 = ORIENTED_EDGE('',*,*,#6416,.T.);
#6448 = ORIENTED_EDGE('',*,*,#2925,.T.);
#6449 = ORIENTED_EDGE('',*,*,#6450,.F.);
#6450 = EDGE_CURVE('',#468,#2926,#6451,.T.);
#6451 = LINE('',#6452,#6453);
#6452 = CARTESIAN_POINT('',(11.554039520326,12.60131677898,0.));
#6453 = VECTOR('',#6454,1.);
#6454 = DIRECTION('',(0.,0.,1.));
#6455 = ORIENTED_EDGE('',*,*,#467,.F.);
#6456 = PLANE('',#6457);
#6457 = AXIS2_PLACEMENT_3D('',#6458,#6459,#6460);
#6458 = CARTESIAN_POINT('',(11.445111229755,12.48117567385,0.));
#6459 = DIRECTION('',(-0.740832246508,0.671690094116,0.));
#6460 = DIRECTION('',(0.671690094116,0.740832246508,0.));
#6461 = ADVANCED_FACE('',(#6462),#6473,.F.);
#6462 = FACE_BOUND('',#6463,.F.);
#6463 = EDGE_LOOP('',(#6464,#6470,#6471,#6472));
#6464 = ORIENTED_EDGE('',*,*,#6465,.T.);
#6465 = EDGE_CURVE('',#2210,#4668,#6466,.T.);
#6466 = LINE('',#6467,#6468);
#6467 = CARTESIAN_POINT('',(8.943545281478,-13.79585692831,0.));
#6468 = VECTOR('',#6469,1.);
#6469 = DIRECTION('',(0.,0.,1.));
#6470 = ORIENTED_EDGE('',*,*,#4676,.T.);
#6471 = ORIENTED_EDGE('',*,*,#6431,.F.);
#6472 = ORIENTED_EDGE('',*,*,#2218,.F.);
#6473 = CYLINDRICAL_SURFACE('',#6474,0.493105882353);
#6474 = AXIS2_PLACEMENT_3D('',#6475,#6476,#6477);
#6475 = CARTESIAN_POINT('',(9.211649532985,-14.20970898102,0.));
#6476 = DIRECTION('',(0.,0.,-1.));
#6477 = DIRECTION('',(-0.543705238777,0.839276243752,0.));
#6478 = ADVANCED_FACE('',(#6479),#6490,.F.);
#6479 = FACE_BOUND('',#6480,.F.);
#6480 = EDGE_LOOP('',(#6481,#6482,#6483,#6489));
#6481 = ORIENTED_EDGE('',*,*,#6450,.T.);
#6482 = ORIENTED_EDGE('',*,*,#2933,.T.);
#6483 = ORIENTED_EDGE('',*,*,#6484,.F.);
#6484 = EDGE_CURVE('',#476,#2934,#6485,.T.);
#6485 = LINE('',#6486,#6487);
#6486 = CARTESIAN_POINT('',(11.872227594442,13.114259425229,0.));
#6487 = VECTOR('',#6488,1.);
#6488 = DIRECTION('',(0.,0.,1.));
#6489 = ORIENTED_EDGE('',*,*,#475,.F.);
#6490 = SURFACE_OF_LINEAR_EXTRUSION('',#6491,#6496);
#6491 = B_SPLINE_CURVE_WITH_KNOTS('',3,(#6492,#6493,#6494,#6495),
  .UNSPECIFIED.,.F.,.F.,(4,4),(0.,1.),.PIECEWISE_BEZIER_KNOTS.);
#6492 = CARTESIAN_POINT('',(11.554039520326,12.60131677898,0.));
#6493 = CARTESIAN_POINT('',(11.59618576917,12.652571414715,0.));
#6494 = CARTESIAN_POINT('',(11.717659632885,12.811547037686,0.));
#6495 = CARTESIAN_POINT('',(11.872227594442,13.114259425229,0.));
#6496 = VECTOR('',#6497,1.);
#6497 = DIRECTION('',(-0.,-0.,-1.));
#6498 = ADVANCED_FACE('',(#6499),#6510,.T.);
#6499 = FACE_BOUND('',#6500,.F.);
#6500 = EDGE_LOOP('',(#6501,#6507,#6508,#6509));
#6501 = ORIENTED_EDGE('',*,*,#6502,.T.);
#6502 = EDGE_CURVE('',#2201,#4659,#6503,.T.);
#6503 = LINE('',#6504,#6505);
#6504 = CARTESIAN_POINT('',(8.549178730753,-14.04365385567,0.));
#6505 = VECTOR('',#6506,1.);
#6506 = DIRECTION('',(0.,0.,1.));
#6507 = ORIENTED_EDGE('',*,*,#4667,.T.);
#6508 = ORIENTED_EDGE('',*,*,#6465,.F.);
#6509 = ORIENTED_EDGE('',*,*,#2209,.F.);
#6510 = CYLINDRICAL_SURFACE('',#6511,16.44118823528);
#6511 = AXIS2_PLACEMENT_3D('',#6512,#6513,#6514);
#6512 = CARTESIAN_POINT('',(7.67132E-12,-1.227227E-11,0.));
#6513 = DIRECTION('',(-0.,-0.,-1.));
#6514 = DIRECTION('',(0.519985454117,-0.854175115247,0.));
#6515 = ADVANCED_FACE('',(#6516),#6527,.F.);
#6516 = FACE_BOUND('',#6517,.F.);
#6517 = EDGE_LOOP('',(#6518,#6519,#6520,#6526));
#6518 = ORIENTED_EDGE('',*,*,#6484,.T.);
#6519 = ORIENTED_EDGE('',*,*,#2942,.T.);
#6520 = ORIENTED_EDGE('',*,*,#6521,.F.);
#6521 = EDGE_CURVE('',#485,#2943,#6522,.T.);
#6522 = LINE('',#6523,#6524);
#6523 = CARTESIAN_POINT('',(12.449076896277,14.82940901519,0.));
#6524 = VECTOR('',#6525,1.);
#6525 = DIRECTION('',(0.,0.,1.));
#6526 = ORIENTED_EDGE('',*,*,#484,.F.);
#6527 = SURFACE_OF_LINEAR_EXTRUSION('',#6528,#6533);
#6528 = B_SPLINE_CURVE_WITH_KNOTS('',3,(#6529,#6530,#6531,#6532),
  .UNSPECIFIED.,.F.,.F.,(4,4),(0.,1.),.PIECEWISE_BEZIER_KNOTS.);
#6529 = CARTESIAN_POINT('',(11.872227594442,13.114259425229,0.));
#6530 = CARTESIAN_POINT('',(12.056868517596,13.477812478377,0.));
#6531 = CARTESIAN_POINT('',(12.281904246341,14.037870077876,0.));
#6532 = CARTESIAN_POINT('',(12.449076896277,14.82940901519,0.));
#6533 = VECTOR('',#6534,1.);
#6534 = DIRECTION('',(-0.,-0.,-1.));
#6535 = ADVANCED_FACE('',(#6536),#6547,.F.);
#6536 = FACE_BOUND('',#6537,.F.);
#6537 = EDGE_LOOP('',(#6538,#6544,#6545,#6546));
#6538 = ORIENTED_EDGE('',*,*,#6539,.T.);
#6539 = EDGE_CURVE('',#2193,#4651,#6540,.T.);
#6540 = LINE('',#6541,#6542);
#6541 = CARTESIAN_POINT('',(8.380835528096,-14.71502338136,0.));
#6542 = VECTOR('',#6543,1.);
#6543 = DIRECTION('',(0.,0.,1.));
#6544 = ORIENTED_EDGE('',*,*,#4658,.T.);
#6545 = ORIENTED_EDGE('',*,*,#6502,.F.);
#6546 = ORIENTED_EDGE('',*,*,#2200,.F.);
#6547 = CYLINDRICAL_SURFACE('',#6548,0.493105882353);
#6548 = AXIS2_PLACEMENT_3D('',#6549,#6550,#6551);
#6549 = CARTESIAN_POINT('',(8.805720471048,-14.4647711157,0.));
#6550 = DIRECTION('',(0.,0.,-1.));
#6551 = DIRECTION('',(-0.861650526098,-0.507502089527,-0.));
#6552 = ADVANCED_FACE('',(#6553),#6564,.T.);
#6553 = FACE_BOUND('',#6554,.F.);
#6554 = EDGE_LOOP('',(#6555,#6556,#6557,#6563));
#6555 = ORIENTED_EDGE('',*,*,#6521,.T.);
#6556 = ORIENTED_EDGE('',*,*,#2951,.T.);
#6557 = ORIENTED_EDGE('',*,*,#6558,.F.);
#6558 = EDGE_CURVE('',#494,#2952,#6559,.T.);
#6559 = LINE('',#6560,#6561);
#6560 = CARTESIAN_POINT('',(11.686342801929,15.436113919978,0.));
#6561 = VECTOR('',#6562,1.);
#6562 = DIRECTION('',(0.,0.,1.));
#6563 = ORIENTED_EDGE('',*,*,#493,.F.);
#6564 = CYLINDRICAL_SURFACE('',#6565,19.36089411765);
#6565 = AXIS2_PLACEMENT_3D('',#6566,#6567,#6568);
#6566 = CARTESIAN_POINT('',(1.910255184223E-02,-1.444354509797E-02,0.));
#6567 = DIRECTION('',(-0.,-0.,-1.));
#6568 = DIRECTION('',(0.642014478717,0.766692512757,0.));
#6569 = ADVANCED_FACE('',(#6570),#6581,.F.);
#6570 = FACE_BOUND('',#6571,.F.);
#6571 = EDGE_LOOP('',(#6572,#6578,#6579,#6580));
#6572 = ORIENTED_EDGE('',*,*,#6573,.T.);
#6573 = EDGE_CURVE('',#2184,#4642,#6574,.T.);
#6574 = LINE('',#6575,#6576);
#6575 = CARTESIAN_POINT('',(8.46029884808,-14.8563911231,0.));
#6576 = VECTOR('',#6577,1.);
#6577 = DIRECTION('',(0.,0.,1.));
#6578 = ORIENTED_EDGE('',*,*,#4650,.T.);
#6579 = ORIENTED_EDGE('',*,*,#6539,.F.);
#6580 = ORIENTED_EDGE('',*,*,#2192,.F.);
#6581 = PLANE('',#6582);
#6582 = AXIS2_PLACEMENT_3D('',#6583,#6584,#6585);
#6583 = CARTESIAN_POINT('',(8.46029884808,-14.8563911231,0.));
#6584 = DIRECTION('',(-0.871723142437,-0.489998737692,0.));
#6585 = DIRECTION('',(-0.489998737692,0.871723142437,0.));
#6586 = ADVANCED_FACE('',(#6587),#6598,.F.);
#6587 = FACE_BOUND('',#6588,.F.);
#6588 = EDGE_LOOP('',(#6589,#6590,#6591,#6597));
#6589 = ORIENTED_EDGE('',*,*,#6558,.T.);
#6590 = ORIENTED_EDGE('',*,*,#2960,.T.);
#6591 = ORIENTED_EDGE('',*,*,#6592,.F.);
#6592 = EDGE_CURVE('',#503,#2961,#6593,.T.);
#6593 = LINE('',#6594,#6595);
#6594 = CARTESIAN_POINT('',(10.143638388793,14.492763317044,0.));
#6595 = VECTOR('',#6596,1.);
#6596 = DIRECTION('',(0.,0.,1.));
#6597 = ORIENTED_EDGE('',*,*,#502,.F.);
#6598 = SURFACE_OF_LINEAR_EXTRUSION('',#6599,#6604);
#6599 = B_SPLINE_CURVE_WITH_KNOTS('',3,(#6600,#6601,#6602,#6603),
  .UNSPECIFIED.,.F.,.F.,(4,4),(0.,1.),.PIECEWISE_BEZIER_KNOTS.);
#6600 = CARTESIAN_POINT('',(11.686342801929,15.436113919978,0.));
#6601 = CARTESIAN_POINT('',(10.952930562846,15.097691224989,0.));
#6602 = CARTESIAN_POINT('',(10.456989937198,14.753673071687,0.));
#6603 = CARTESIAN_POINT('',(10.143638388793,14.492763317044,0.));
#6604 = VECTOR('',#6605,1.);
#6605 = DIRECTION('',(-0.,-0.,-1.));
#6606 = ADVANCED_FACE('',(#6607),#6618,.F.);
#6607 = FACE_BOUND('',#6608,.F.);
#6608 = EDGE_LOOP('',(#6609,#6615,#6616,#6617));
#6609 = ORIENTED_EDGE('',*,*,#6610,.T.);
#6610 = EDGE_CURVE('',#2175,#4633,#6611,.T.);
#6611 = LINE('',#6612,#6613);
#6612 = CARTESIAN_POINT('',(8.656368806149,-15.4272767337,0.));
#6613 = VECTOR('',#6614,1.);
#6614 = DIRECTION('',(0.,0.,1.));
#6615 = ORIENTED_EDGE('',*,*,#4641,.T.);
#6616 = ORIENTED_EDGE('',*,*,#6573,.F.);
#6617 = ORIENTED_EDGE('',*,*,#2183,.F.);
#6618 = SURFACE_OF_LINEAR_EXTRUSION('',#6619,#6624);
#6619 = B_SPLINE_CURVE_WITH_KNOTS('',3,(#6620,#6621,#6622,#6623),
  .UNSPECIFIED.,.F.,.F.,(4,4),(0.,1.),.PIECEWISE_BEZIER_KNOTS.);
#6620 = CARTESIAN_POINT('',(8.656368806149,-15.4272767337,0.));
#6621 = CARTESIAN_POINT('',(8.573036029295,-15.09775937056,0.));
#6622 = CARTESIAN_POINT('',(8.489983173058,-14.91573912076,0.));
#6623 = CARTESIAN_POINT('',(8.46029884808,-14.8563911231,0.));
#6624 = VECTOR('',#6625,1.);
#6625 = DIRECTION('',(-0.,-0.,-1.));
#6626 = ADVANCED_FACE('',(#6627),#6638,.F.);
#6627 = FACE_BOUND('',#6628,.F.);
#6628 = EDGE_LOOP('',(#6629,#6630,#6631,#6637));
#6629 = ORIENTED_EDGE('',*,*,#6592,.T.);
#6630 = ORIENTED_EDGE('',*,*,#2969,.T.);
#6631 = ORIENTED_EDGE('',*,*,#6632,.F.);
#6632 = EDGE_CURVE('',#512,#2970,#6633,.T.);
#6633 = LINE('',#6634,#6635);
#6634 = CARTESIAN_POINT('',(9.714359793042,14.068412405556,0.));
#6635 = VECTOR('',#6636,1.);
#6636 = DIRECTION('',(0.,0.,1.));
#6637 = ORIENTED_EDGE('',*,*,#511,.F.);
#6638 = SURFACE_OF_LINEAR_EXTRUSION('',#6639,#6644);
#6639 = B_SPLINE_CURVE_WITH_KNOTS('',3,(#6640,#6641,#6642,#6643),
  .UNSPECIFIED.,.F.,.F.,(4,4),(0.,1.),.PIECEWISE_BEZIER_KNOTS.);
#6640 = CARTESIAN_POINT('',(10.143638388793,14.492763317044,0.));
#6641 = CARTESIAN_POINT('',(9.882910239978,14.274710853797,0.));
#6642 = CARTESIAN_POINT('',(9.754950945393,14.120907189361,0.));
#6643 = CARTESIAN_POINT('',(9.714359793042,14.068412405556,0.));
#6644 = VECTOR('',#6645,1.);
#6645 = DIRECTION('',(-0.,-0.,-1.));
#6646 = ADVANCED_FACE('',(#6647),#6658,.F.);
#6647 = FACE_BOUND('',#6648,.F.);
#6648 = EDGE_LOOP('',(#6649,#6655,#6656,#6657));
#6649 = ORIENTED_EDGE('',*,*,#6650,.T.);
#6650 = EDGE_CURVE('',#2166,#4624,#6651,.T.);
#6651 = LINE('',#6652,#6653);
#6652 = CARTESIAN_POINT('',(8.836943971785,-17.22650986921,0.));
#6653 = VECTOR('',#6654,1.);
#6654 = DIRECTION('',(0.,0.,1.));
#6655 = ORIENTED_EDGE('',*,*,#4632,.T.);
#6656 = ORIENTED_EDGE('',*,*,#6610,.F.);
#6657 = ORIENTED_EDGE('',*,*,#2174,.F.);
#6658 = SURFACE_OF_LINEAR_EXTRUSION('',#6659,#6664);
#6659 = B_SPLINE_CURVE_WITH_KNOTS('',3,(#6660,#6661,#6662,#6663),
  .UNSPECIFIED.,.F.,.F.,(4,4),(0.,1.),.PIECEWISE_BEZIER_KNOTS.);
#6660 = CARTESIAN_POINT('',(8.836943971785,-17.22650986921,0.));
#6661 = CARTESIAN_POINT('',(8.850251304016,-16.41889217016,0.));
#6662 = CARTESIAN_POINT('',(8.755482230934,-15.82280122344,0.));
#6663 = CARTESIAN_POINT('',(8.656368806149,-15.4272767337,0.));
#6664 = VECTOR('',#6665,1.);
#6665 = DIRECTION('',(-0.,-0.,-1.));
#6666 = ADVANCED_FACE('',(#6667),#6678,.F.);
#6667 = FACE_BOUND('',#6668,.F.);
#6668 = EDGE_LOOP('',(#6669,#6670,#6671,#6677));
#6669 = ORIENTED_EDGE('',*,*,#6632,.T.);
#6670 = ORIENTED_EDGE('',*,*,#2978,.T.);
#6671 = ORIENTED_EDGE('',*,*,#6672,.F.);
#6672 = EDGE_CURVE('',#521,#2979,#6673,.T.);
#6673 = LINE('',#6674,#6675);
#6674 = CARTESIAN_POINT('',(9.621469701202,13.935481263732,0.));
#6675 = VECTOR('',#6676,1.);
#6676 = DIRECTION('',(0.,0.,1.));
#6677 = ORIENTED_EDGE('',*,*,#520,.F.);
#6678 = PLANE('',#6679);
#6679 = AXIS2_PLACEMENT_3D('',#6680,#6681,#6682);
#6680 = CARTESIAN_POINT('',(9.714359793042,14.068412405556,0.));
#6681 = DIRECTION('',(0.819700104488,-0.572792928293,0.));
#6682 = DIRECTION('',(-0.572792928293,-0.819700104488,0.));
#6683 = ADVANCED_FACE('',(#6684),#6695,.T.);
#6684 = FACE_BOUND('',#6685,.F.);
#6685 = EDGE_LOOP('',(#6686,#6692,#6693,#6694));
#6686 = ORIENTED_EDGE('',*,*,#6687,.T.);
#6687 = EDGE_CURVE('',#2157,#4615,#6688,.T.);
#6688 = LINE('',#6689,#6690);
#6689 = CARTESIAN_POINT('',(7.959383819759,-17.65047015008,0.));
#6690 = VECTOR('',#6691,1.);
#6691 = DIRECTION('',(0.,0.,1.));
#6692 = ORIENTED_EDGE('',*,*,#4623,.T.);
#6693 = ORIENTED_EDGE('',*,*,#6650,.F.);
#6694 = ORIENTED_EDGE('',*,*,#2165,.F.);
#6695 = CYLINDRICAL_SURFACE('',#6696,19.360894117655);
#6696 = AXIS2_PLACEMENT_3D('',#6697,#6698,#6699);
#6697 = CARTESIAN_POINT('',(-2.130147109757E-02,-1.094398514965E-02,0.)
  );
#6698 = DIRECTION('',(-0.,-0.,-1.));
#6699 = DIRECTION('',(0.412206442655,-0.911090472255,0.));
#6700 = ADVANCED_FACE('',(#6701),#6712,.F.);
#6701 = FACE_BOUND('',#6702,.F.);
#6702 = EDGE_LOOP('',(#6703,#6704,#6705,#6711));
#6703 = ORIENTED_EDGE('',*,*,#6672,.T.);
#6704 = ORIENTED_EDGE('',*,*,#2986,.T.);
#6705 = ORIENTED_EDGE('',*,*,#6706,.F.);
#6706 = EDGE_CURVE('',#529,#2987,#6707,.T.);
#6707 = LINE('',#6708,#6709);
#6708 = CARTESIAN_POINT('',(8.943545281478,13.795856928315,0.));
#6709 = VECTOR('',#6710,1.);
#6710 = DIRECTION('',(0.,0.,1.));
#6711 = ORIENTED_EDGE('',*,*,#528,.F.);
#6712 = CYLINDRICAL_SURFACE('',#6713,0.493105882353);
#6713 = AXIS2_PLACEMENT_3D('',#6714,#6715,#6716);
#6714 = CARTESIAN_POINT('',(9.211649532985,14.209708981028,0.));
#6715 = DIRECTION('',(0.,0.,-1.));
#6716 = DIRECTION('',(0.831099735136,-0.556123394812,0.));
#6717 = ADVANCED_FACE('',(#6718),#6729,.F.);
#6718 = FACE_BOUND('',#6719,.F.);
#6719 = EDGE_LOOP('',(#6720,#6726,#6727,#6728));
#6720 = ORIENTED_EDGE('',*,*,#6721,.T.);
#6721 = EDGE_CURVE('',#2148,#4606,#6722,.T.);
#6722 = LINE('',#6723,#6724);
#6723 = CARTESIAN_POINT('',(6.664372967396,-16.38657137042,0.));
#6724 = VECTOR('',#6725,1.);
#6725 = DIRECTION('',(0.,0.,1.));
#6726 = ORIENTED_EDGE('',*,*,#4614,.T.);
#6727 = ORIENTED_EDGE('',*,*,#6687,.F.);
#6728 = ORIENTED_EDGE('',*,*,#2156,.F.);
#6729 = SURFACE_OF_LINEAR_EXTRUSION('',#6730,#6735);
#6730 = B_SPLINE_CURVE_WITH_KNOTS('',3,(#6731,#6732,#6733,#6734),
  .UNSPECIFIED.,.F.,.F.,(4,4),(0.,1.),.PIECEWISE_BEZIER_KNOTS.);
#6731 = CARTESIAN_POINT('',(6.664372967396,-16.38657137042,0.));
#6732 = CARTESIAN_POINT('',(6.911810255981,-16.71066685199,0.));
#6733 = CARTESIAN_POINT('',(7.318765373939,-17.15641692314,0.));
#6734 = CARTESIAN_POINT('',(7.959383819759,-17.65047015008,0.));
#6735 = VECTOR('',#6736,1.);
#6736 = DIRECTION('',(-0.,-0.,-1.));
#6737 = ADVANCED_FACE('',(#6738),#6749,.T.);
#6738 = FACE_BOUND('',#6739,.F.);
#6739 = EDGE_LOOP('',(#6740,#6741,#6742,#6748));
#6740 = ORIENTED_EDGE('',*,*,#6706,.T.);
#6741 = ORIENTED_EDGE('',*,*,#2995,.T.);
#6742 = ORIENTED_EDGE('',*,*,#6743,.F.);
#6743 = EDGE_CURVE('',#538,#2996,#6744,.T.);
#6744 = LINE('',#6745,#6746);
#6745 = CARTESIAN_POINT('',(8.549178730753,14.043653855675,0.));
#6746 = VECTOR('',#6747,1.);
#6747 = DIRECTION('',(0.,0.,1.));
#6748 = ORIENTED_EDGE('',*,*,#537,.F.);
#6749 = CYLINDRICAL_SURFACE('',#6750,16.441188235297);
#6750 = AXIS2_PLACEMENT_3D('',#6751,#6752,#6753);
#6751 = CARTESIAN_POINT('',(-1.59396E-12,-2.73383E-12,0.));
#6752 = DIRECTION('',(-0.,-0.,-1.));
#6753 = DIRECTION('',(0.543971953455,0.839103398786,0.));
#6754 = ADVANCED_FACE('',(#6755),#6766,.F.);
#6755 = FACE_BOUND('',#6756,.F.);
#6756 = EDGE_LOOP('',(#6757,#6763,#6764,#6765));
#6757 = ORIENTED_EDGE('',*,*,#6758,.T.);
#6758 = EDGE_CURVE('',#2140,#4598,#6759,.T.);
#6759 = LINE('',#6760,#6761);
#6760 = CARTESIAN_POINT('',(6.340284243446,-15.87733634819,0.));
#6761 = VECTOR('',#6762,1.);
#6762 = DIRECTION('',(0.,0.,1.));
#6763 = ORIENTED_EDGE('',*,*,#4605,.T.);
#6764 = ORIENTED_EDGE('',*,*,#6721,.F.);
#6765 = ORIENTED_EDGE('',*,*,#2147,.F.);
#6766 = SURFACE_OF_LINEAR_EXTRUSION('',#6767,#6772);
#6767 = B_SPLINE_CURVE_WITH_KNOTS('',3,(#6768,#6769,#6770,#6771),
  .UNSPECIFIED.,.F.,.F.,(4,4),(0.,1.),.PIECEWISE_BEZIER_KNOTS.);
#6768 = CARTESIAN_POINT('',(6.340284243446,-15.87733634819,0.));
#6769 = CARTESIAN_POINT('',(6.368176502541,-15.9375473593,0.));
#6770 = CARTESIAN_POINT('',(6.458703055399,-16.11596846649,0.));
#6771 = CARTESIAN_POINT('',(6.664372967396,-16.38657137042,0.));
#6772 = VECTOR('',#6773,1.);
#6773 = DIRECTION('',(-0.,-0.,-1.));
#6774 = ADVANCED_FACE('',(#6775),#6786,.F.);
#6775 = FACE_BOUND('',#6776,.F.);
#6776 = EDGE_LOOP('',(#6777,#6778,#6779,#6785));
#6777 = ORIENTED_EDGE('',*,*,#6743,.T.);
#6778 = ORIENTED_EDGE('',*,*,#3004,.T.);
#6779 = ORIENTED_EDGE('',*,*,#6780,.F.);
#6780 = EDGE_CURVE('',#547,#3005,#6781,.T.);
#6781 = LINE('',#6782,#6783);
#6782 = CARTESIAN_POINT('',(8.380835528096,14.71502338136,0.));
#6783 = VECTOR('',#6784,1.);
#6784 = DIRECTION('',(0.,0.,1.));
#6785 = ORIENTED_EDGE('',*,*,#546,.F.);
#6786 = CYLINDRICAL_SURFACE('',#6787,0.493105882353);
#6787 = AXIS2_PLACEMENT_3D('',#6788,#6789,#6790);
#6788 = CARTESIAN_POINT('',(8.805720471048,14.464771115708,0.));
#6789 = DIRECTION('',(0.,0.,-1.));
#6790 = DIRECTION('',(-0.520256905212,-0.854009808245,-0.));
#6791 = ADVANCED_FACE('',(#6792),#6803,.F.);
#6792 = FACE_BOUND('',#6793,.F.);
#6793 = EDGE_LOOP('',(#6794,#6800,#6801,#6802));
#6794 = ORIENTED_EDGE('',*,*,#6795,.T.);
#6795 = EDGE_CURVE('',#2131,#4589,#6796,.T.);
#6796 = LINE('',#6797,#6798);
#6797 = CARTESIAN_POINT('',(6.279303061977,-15.72706807764,0.));
#6798 = VECTOR('',#6799,1.);
#6799 = DIRECTION('',(0.,0.,1.));
#6800 = ORIENTED_EDGE('',*,*,#4597,.T.);
#6801 = ORIENTED_EDGE('',*,*,#6758,.F.);
#6802 = ORIENTED_EDGE('',*,*,#2139,.F.);
#6803 = PLANE('',#6804);
#6804 = AXIS2_PLACEMENT_3D('',#6805,#6806,#6807);
#6805 = CARTESIAN_POINT('',(6.279303061977,-15.72706807764,0.));
#6806 = DIRECTION('',(0.926606928851,0.376031380879,0.));
#6807 = DIRECTION('',(0.376031380879,-0.926606928851,0.));
#6808 = ADVANCED_FACE('',(#6809),#6820,.F.);
#6809 = FACE_BOUND('',#6810,.F.);
#6810 = EDGE_LOOP('',(#6811,#6812,#6813,#6819));
#6811 = ORIENTED_EDGE('',*,*,#6780,.T.);
#6812 = ORIENTED_EDGE('',*,*,#3013,.T.);
#6813 = ORIENTED_EDGE('',*,*,#6814,.F.);
#6814 = EDGE_CURVE('',#556,#3014,#6815,.T.);
#6815 = LINE('',#6816,#6817);
#6816 = CARTESIAN_POINT('',(8.46029884808,14.856391123104,0.));
#6817 = VECTOR('',#6818,1.);
#6818 = DIRECTION('',(0.,0.,1.));
#6819 = ORIENTED_EDGE('',*,*,#555,.F.);
#6820 = PLANE('',#6821);
#6821 = AXIS2_PLACEMENT_3D('',#6822,#6823,#6824);
#6822 = CARTESIAN_POINT('',(8.380835528096,14.71502338136,0.));
#6823 = DIRECTION('',(-0.871723142437,0.489998737692,0.));
#6824 = DIRECTION('',(0.489998737692,0.871723142437,0.));
#6825 = ADVANCED_FACE('',(#6826),#6837,.F.);
#6826 = FACE_BOUND('',#6827,.F.);
#6827 = EDGE_LOOP('',(#6828,#6834,#6835,#6836));
#6828 = ORIENTED_EDGE('',*,*,#6829,.T.);
#6829 = EDGE_CURVE('',#2122,#4580,#6830,.T.);
#6830 = LINE('',#6831,#6832);
#6831 = CARTESIAN_POINT('',(5.649444960358,-15.44009204079,0.));
#6832 = VECTOR('',#6833,1.);
#6833 = DIRECTION('',(0.,0.,1.));
#6834 = ORIENTED_EDGE('',*,*,#4588,.T.);
#6835 = ORIENTED_EDGE('',*,*,#6795,.F.);
#6836 = ORIENTED_EDGE('',*,*,#2130,.F.);
#6837 = CYLINDRICAL_SURFACE('',#6838,0.493105882353);
#6838 = AXIS2_PLACEMENT_3D('',#6839,#6840,#6841);
#6839 = CARTESIAN_POINT('',(5.818736533238,-15.90322676694,0.));
#6840 = DIRECTION('',(0.,0.,-1.));
#6841 = DIRECTION('',(-0.343316879676,0.939219633594,0.));
#6842 = ADVANCED_FACE('',(#6843),#6854,.F.);
#6843 = FACE_BOUND('',#6844,.F.);
#6844 = EDGE_LOOP('',(#6845,#6846,#6847,#6853));
#6845 = ORIENTED_EDGE('',*,*,#6814,.T.);
#6846 = ORIENTED_EDGE('',*,*,#3021,.T.);
#6847 = ORIENTED_EDGE('',*,*,#6848,.F.);
#6848 = EDGE_CURVE('',#564,#3022,#6849,.T.);
#6849 = LINE('',#6850,#6851);
#6850 = CARTESIAN_POINT('',(8.656368806149,15.427276733707,0.));
#6851 = VECTOR('',#6852,1.);
#6852 = DIRECTION('',(0.,0.,1.));
#6853 = ORIENTED_EDGE('',*,*,#563,.F.);
#6854 = SURFACE_OF_LINEAR_EXTRUSION('',#6855,#6860);
#6855 = B_SPLINE_CURVE_WITH_KNOTS('',3,(#6856,#6857,#6858,#6859),
  .UNSPECIFIED.,.F.,.F.,(4,4),(0.,1.),.PIECEWISE_BEZIER_KNOTS.);
#6856 = CARTESIAN_POINT('',(8.46029884808,14.856391123104,0.));
#6857 = CARTESIAN_POINT('',(8.489983173058,14.915739120766,0.));
#6858 = CARTESIAN_POINT('',(8.573036029295,15.097759370562,0.));
#6859 = CARTESIAN_POINT('',(8.656368806149,15.427276733707,0.));
#6860 = VECTOR('',#6861,1.);
#6861 = DIRECTION('',(-0.,-0.,-1.));
#6862 = ADVANCED_FACE('',(#6863),#6874,.T.);
#6863 = FACE_BOUND('',#6864,.F.);
#6864 = EDGE_LOOP('',(#6865,#6871,#6872,#6873));
#6865 = ORIENTED_EDGE('',*,*,#6866,.T.);
#6866 = EDGE_CURVE('',#2113,#4571,#6867,.T.);
#6867 = LINE('',#6868,#6869);
#6868 = CARTESIAN_POINT('',(5.209825998718,-15.59392136864,0.));
#6869 = VECTOR('',#6870,1.);
#6870 = DIRECTION('',(0.,0.,1.));
#6871 = ORIENTED_EDGE('',*,*,#4579,.T.);
#6872 = ORIENTED_EDGE('',*,*,#6829,.F.);
#6873 = ORIENTED_EDGE('',*,*,#2121,.F.);
#6874 = CYLINDRICAL_SURFACE('',#6875,16.441188235341);
#6875 = AXIS2_PLACEMENT_3D('',#6876,#6877,#6878);
#6876 = CARTESIAN_POINT('',(-1.566247E-11,4.47025E-11,0.));
#6877 = DIRECTION('',(-0.,-0.,-1.));
#6878 = DIRECTION('',(0.31687648874,-0.948466810639,0.));
#6879 = ADVANCED_FACE('',(#6880),#6891,.F.);
#6880 = FACE_BOUND('',#6881,.F.);
#6881 = EDGE_LOOP('',(#6882,#6883,#6884,#6890));
#6882 = ORIENTED_EDGE('',*,*,#6848,.T.);
#6883 = ORIENTED_EDGE('',*,*,#3030,.T.);
#6884 = ORIENTED_EDGE('',*,*,#6885,.F.);
#6885 = EDGE_CURVE('',#573,#3031,#6886,.T.);
#6886 = LINE('',#6887,#6888);
#6887 = CARTESIAN_POINT('',(8.837098602998,17.227784987923,0.));
#6888 = VECTOR('',#6889,1.);
#6889 = DIRECTION('',(0.,0.,1.));
#6890 = ORIENTED_EDGE('',*,*,#572,.F.);
#6891 = SURFACE_OF_LINEAR_EXTRUSION('',#6892,#6897);
#6892 = B_SPLINE_CURVE_WITH_KNOTS('',3,(#6893,#6894,#6895,#6896),
  .UNSPECIFIED.,.F.,.F.,(4,4),(0.,1.),.PIECEWISE_BEZIER_KNOTS.);
#6893 = CARTESIAN_POINT('',(8.656368806149,15.427276733707,0.));
#6894 = CARTESIAN_POINT('',(8.755482230934,15.822801223446,0.));
#6895 = CARTESIAN_POINT('',(8.850251304016,16.418892170161,0.));
#6896 = CARTESIAN_POINT('',(8.837098602998,17.227784987923,0.));
#6897 = VECTOR('',#6898,1.);
#6898 = DIRECTION('',(-0.,-0.,-1.));
#6899 = ADVANCED_FACE('',(#6900),#6911,.F.);
#6900 = FACE_BOUND('',#6901,.F.);
#6901 = EDGE_LOOP('',(#6902,#6908,#6909,#6910));
#6902 = ORIENTED_EDGE('',*,*,#6903,.T.);
#6903 = EDGE_CURVE('',#2105,#4563,#6904,.T.);
#6904 = LINE('',#6905,#6906);
#6905 = CARTESIAN_POINT('',(4.896309737737,-16.21099837194,0.));
#6906 = VECTOR('',#6907,1.);
#6907 = DIRECTION('',(0.,0.,1.));
#6908 = ORIENTED_EDGE('',*,*,#4570,.T.);
#6909 = ORIENTED_EDGE('',*,*,#6866,.F.);
#6910 = ORIENTED_EDGE('',*,*,#2112,.F.);
#6911 = CYLINDRICAL_SURFACE('',#6912,0.493105882353);
#6912 = AXIS2_PLACEMENT_3D('',#6913,#6914,#6915);
#6913 = CARTESIAN_POINT('',(5.366228295964,-16.0615662474,0.));
#6914 = DIRECTION('',(0.,0.,-1.));
#6915 = DIRECTION('',(-0.952976987386,-0.303042672759,-0.));
#6916 = ADVANCED_FACE('',(#6917),#6928,.T.);
#6917 = FACE_BOUND('',#6918,.F.);
#6918 = EDGE_LOOP('',(#6919,#6920,#6921,#6927));
#6919 = ORIENTED_EDGE('',*,*,#6885,.T.);
#6920 = ORIENTED_EDGE('',*,*,#3039,.T.);
#6921 = ORIENTED_EDGE('',*,*,#6922,.F.);
#6922 = EDGE_CURVE('',#582,#3040,#6923,.T.);
#6923 = LINE('',#6924,#6925);
#6924 = CARTESIAN_POINT('',(7.958483302796,17.649554231024,0.));
#6925 = VECTOR('',#6926,1.);
#6926 = DIRECTION('',(0.,0.,1.));
#6927 = ORIENTED_EDGE('',*,*,#581,.F.);
#6928 = CYLINDRICAL_SURFACE('',#6929,19.360894117648);
#6929 = AXIS2_PLACEMENT_3D('',#6930,#6931,#6932);
#6930 = CARTESIAN_POINT('',(2.183760213065E-02,-9.830697588127E-03,0.));
#6931 = DIRECTION('',(-0.,-0.,-1.));
#6932 = DIRECTION('',(0.45531270133,0.890331592165,0.));
#6933 = ADVANCED_FACE('',(#6934),#6945,.F.);
#6934 = FACE_BOUND('',#6935,.F.);
#6935 = EDGE_LOOP('',(#6936,#6942,#6943,#6944));
#6936 = ORIENTED_EDGE('',*,*,#6937,.T.);
#6937 = EDGE_CURVE('',#2096,#4554,#6938,.T.);
#6938 = LINE('',#6939,#6940);
#6939 = CARTESIAN_POINT('',(4.94232346446,-16.36650398142,0.));
#6940 = VECTOR('',#6941,1.);
#6941 = DIRECTION('',(0.,0.,1.));
#6942 = ORIENTED_EDGE('',*,*,#4562,.T.);
#6943 = ORIENTED_EDGE('',*,*,#6903,.F.);
#6944 = ORIENTED_EDGE('',*,*,#2104,.F.);
#6945 = PLANE('',#6946);
#6946 = AXIS2_PLACEMENT_3D('',#6947,#6948,#6949);
#6947 = CARTESIAN_POINT('',(4.94232346446,-16.36650398142,0.));
#6948 = DIRECTION('',(-0.958902200005,-0.283736798503,0.));
#6949 = DIRECTION('',(-0.283736798503,0.958902200005,0.));
#6950 = ADVANCED_FACE('',(#6951),#6962,.F.);
#6951 = FACE_BOUND('',#6952,.F.);
#6952 = EDGE_LOOP('',(#6953,#6954,#6955,#6961));
#6953 = ORIENTED_EDGE('',*,*,#6922,.T.);
#6954 = ORIENTED_EDGE('',*,*,#3048,.T.);
#6955 = ORIENTED_EDGE('',*,*,#6956,.F.);
#6956 = EDGE_CURVE('',#591,#3049,#6957,.T.);
#6957 = LINE('',#6958,#6959);
#6958 = CARTESIAN_POINT('',(6.664372967396,16.38657137042,0.));
#6959 = VECTOR('',#6960,1.);
#6960 = DIRECTION('',(0.,0.,1.));
#6961 = ORIENTED_EDGE('',*,*,#590,.F.);
#6962 = SURFACE_OF_LINEAR_EXTRUSION('',#6963,#6968);
#6963 = B_SPLINE_CURVE_WITH_KNOTS('',3,(#6964,#6965,#6966,#6967),
  .UNSPECIFIED.,.F.,.F.,(4,4),(0.,1.),.PIECEWISE_BEZIER_KNOTS.);
#6964 = CARTESIAN_POINT('',(7.958483302796,17.649554231024,0.));
#6965 = CARTESIAN_POINT('',(7.318765373939,17.156416923147,0.));
#6966 = CARTESIAN_POINT('',(6.911810255981,16.71066685199,0.));
#6967 = CARTESIAN_POINT('',(6.664372967396,16.38657137042,0.));
#6968 = VECTOR('',#6969,1.);
#6969 = DIRECTION('',(-0.,-0.,-1.));
#6970 = ADVANCED_FACE('',(#6971),#6982,.F.);
#6971 = FACE_BOUND('',#6972,.F.);
#6972 = EDGE_LOOP('',(#6973,#6979,#6980,#6981));
#6973 = ORIENTED_EDGE('',*,*,#6974,.T.);
#6974 = EDGE_CURVE('',#2087,#4545,#6975,.T.);
#6975 = LINE('',#6976,#6977);
#6976 = CARTESIAN_POINT('',(5.006443540068,-16.96670596805,0.));
#6977 = VECTOR('',#6978,1.);
#6978 = DIRECTION('',(0.,0.,1.));
#6979 = ORIENTED_EDGE('',*,*,#4553,.T.);
#6980 = ORIENTED_EDGE('',*,*,#6937,.F.);
#6981 = ORIENTED_EDGE('',*,*,#2095,.F.);
#6982 = SURFACE_OF_LINEAR_EXTRUSION('',#6983,#6988);
#6983 = B_SPLINE_CURVE_WITH_KNOTS('',3,(#6984,#6985,#6986,#6987),
  .UNSPECIFIED.,.F.,.F.,(4,4),(0.,1.),.PIECEWISE_BEZIER_KNOTS.);
#6984 = CARTESIAN_POINT('',(5.006443540068,-16.96670596805,0.));
#6985 = CARTESIAN_POINT('',(4.998524601315,-16.62690700584,0.));
#6986 = CARTESIAN_POINT('',(4.958057369567,-16.4309693846,0.));
#6987 = CARTESIAN_POINT('',(4.94232346446,-16.36650398142,0.));
#6988 = VECTOR('',#6989,1.);
#6989 = DIRECTION('',(-0.,-0.,-1.));
#6990 = ADVANCED_FACE('',(#6991),#7002,.F.);
#6991 = FACE_BOUND('',#6992,.F.);
#6992 = EDGE_LOOP('',(#6993,#6994,#6995,#7001));
#6993 = ORIENTED_EDGE('',*,*,#6956,.T.);
#6994 = ORIENTED_EDGE('',*,*,#3057,.T.);
#6995 = ORIENTED_EDGE('',*,*,#6996,.F.);
#6996 = EDGE_CURVE('',#600,#3058,#6997,.T.);
#6997 = LINE('',#6998,#6999);
#6998 = CARTESIAN_POINT('',(6.340284243446,15.877336348197,0.));
#6999 = VECTOR('',#7000,1.);
#7000 = DIRECTION('',(0.,0.,1.));
#7001 = ORIENTED_EDGE('',*,*,#599,.F.);
#7002 = SURFACE_OF_LINEAR_EXTRUSION('',#7003,#7008);
#7003 = B_SPLINE_CURVE_WITH_KNOTS('',3,(#7004,#7005,#7006,#7007),
  .UNSPECIFIED.,.F.,.F.,(4,4),(0.,1.),.PIECEWISE_BEZIER_KNOTS.);
#7004 = CARTESIAN_POINT('',(6.664372967396,16.38657137042,0.));
#7005 = CARTESIAN_POINT('',(6.458703055399,16.115968466498,0.));
#7006 = CARTESIAN_POINT('',(6.368176502541,15.937547359304,0.));
#7007 = CARTESIAN_POINT('',(6.340284243446,15.877336348197,0.));
#7008 = VECTOR('',#7009,1.);
#7009 = DIRECTION('',(-0.,-0.,-1.));
#7010 = ADVANCED_FACE('',(#7011),#7022,.F.);
#7011 = FACE_BOUND('',#7012,.F.);
#7012 = EDGE_LOOP('',(#7013,#7019,#7020,#7021));
#7013 = ORIENTED_EDGE('',*,*,#7014,.T.);
#7014 = EDGE_CURVE('',#2078,#4536,#7015,.T.);
#7015 = LINE('',#7016,#7017);
#7016 = CARTESIAN_POINT('',(4.782124271574,-18.76101032689,0.));
#7017 = VECTOR('',#7018,1.);
#7018 = DIRECTION('',(0.,0.,1.));
#7019 = ORIENTED_EDGE('',*,*,#4544,.T.);
#7020 = ORIENTED_EDGE('',*,*,#6974,.F.);
#7021 = ORIENTED_EDGE('',*,*,#2086,.F.);
#7022 = SURFACE_OF_LINEAR_EXTRUSION('',#7023,#7028);
#7023 = B_SPLINE_CURVE_WITH_KNOTS('',3,(#7024,#7025,#7026,#7027),
  .UNSPECIFIED.,.F.,.F.,(4,4),(0.,1.),.PIECEWISE_BEZIER_KNOTS.);
#7024 = CARTESIAN_POINT('',(4.782124271574,-18.76101032689,0.));
#7025 = CARTESIAN_POINT('',(4.974809805876,-17.97660244971,0.));
#7026 = CARTESIAN_POINT('',(5.015059505503,-17.3743686449,0.));
#7027 = CARTESIAN_POINT('',(5.006443540068,-16.96670596805,0.));
#7028 = VECTOR('',#7029,1.);
#7029 = DIRECTION('',(-0.,-0.,-1.));
#7030 = ADVANCED_FACE('',(#7031),#7042,.F.);
#7031 = FACE_BOUND('',#7032,.F.);
#7032 = EDGE_LOOP('',(#7033,#7034,#7035,#7041));
#7033 = ORIENTED_EDGE('',*,*,#6996,.T.);
#7034 = ORIENTED_EDGE('',*,*,#3066,.T.);
#7035 = ORIENTED_EDGE('',*,*,#7036,.F.);
#7036 = EDGE_CURVE('',#609,#3067,#7037,.T.);
#7037 = LINE('',#7038,#7039);
#7038 = CARTESIAN_POINT('',(6.279303061977,15.727068077643,0.));
#7039 = VECTOR('',#7040,1.);
#7040 = DIRECTION('',(0.,0.,1.));
#7041 = ORIENTED_EDGE('',*,*,#608,.F.);
#7042 = PLANE('',#7043);
#7043 = AXIS2_PLACEMENT_3D('',#7044,#7045,#7046);
#7044 = CARTESIAN_POINT('',(6.340284243446,15.877336348197,0.));
#7045 = DIRECTION('',(0.926606928851,-0.376031380879,0.));
#7046 = DIRECTION('',(-0.376031380879,-0.926606928851,0.));
#7047 = ADVANCED_FACE('',(#7048),#7059,.T.);
#7048 = FACE_BOUND('',#7049,.F.);
#7049 = EDGE_LOOP('',(#7050,#7056,#7057,#7058));
#7050 = ORIENTED_EDGE('',*,*,#7051,.T.);
#7051 = EDGE_CURVE('',#2069,#4527,#7052,.T.);
#7052 = LINE('',#7053,#7054);
#7053 = CARTESIAN_POINT('',(3.832226347086,-18.97906553373,0.));
#7054 = VECTOR('',#7055,1.);
#7055 = DIRECTION('',(0.,0.,1.));
#7056 = ORIENTED_EDGE('',*,*,#4535,.T.);
#7057 = ORIENTED_EDGE('',*,*,#7014,.F.);
#7058 = ORIENTED_EDGE('',*,*,#2077,.F.);
#7059 = CYLINDRICAL_SURFACE('',#7060,19.360894117661);
#7060 = AXIS2_PLACEMENT_3D('',#7061,#7062,#7063);
#7061 = CARTESIAN_POINT('',(-2.320266454152E-02,-5.929573344142E-03,0.)
  );
#7062 = DIRECTION('',(-0.,-0.,-1.));
#7063 = DIRECTION('',(0.199134863721,-0.979972094527,0.));
#7064 = ADVANCED_FACE('',(#7065),#7076,.F.);
#7065 = FACE_BOUND('',#7066,.F.);
#7066 = EDGE_LOOP('',(#7067,#7068,#7069,#7075));
#7067 = ORIENTED_EDGE('',*,*,#7036,.T.);
#7068 = ORIENTED_EDGE('',*,*,#3074,.T.);
#7069 = ORIENTED_EDGE('',*,*,#7070,.F.);
#7070 = EDGE_CURVE('',#617,#3075,#7071,.T.);
#7071 = LINE('',#7072,#7073);
#7072 = CARTESIAN_POINT('',(5.649444960358,15.440092040796,0.));
#7073 = VECTOR('',#7074,1.);
#7074 = DIRECTION('',(0.,0.,1.));
#7075 = ORIENTED_EDGE('',*,*,#616,.F.);
#7076 = CYLINDRICAL_SURFACE('',#7077,0.493105882353);
#7077 = AXIS2_PLACEMENT_3D('',#7078,#7079,#7080);
#7078 = CARTESIAN_POINT('',(5.818736533238,15.903226766943,0.));
#7079 = DIRECTION('',(0.,0.,-1.));
#7080 = DIRECTION('',(0.934011426799,-0.357243130947,0.));
#7081 = ADVANCED_FACE('',(#7082),#7093,.F.);
#7082 = FACE_BOUND('',#7083,.F.);
#7083 = EDGE_LOOP('',(#7084,#7090,#7091,#7092));
#7084 = ORIENTED_EDGE('',*,*,#7085,.T.);
#7085 = EDGE_CURVE('',#2060,#4518,#7086,.T.);
#7086 = LINE('',#7087,#7088);
#7087 = CARTESIAN_POINT('',(2.850928057417,-17.45868831092,0.));
#7088 = VECTOR('',#7089,1.);
#7089 = DIRECTION('',(0.,0.,1.));
#7090 = ORIENTED_EDGE('',*,*,#4526,.T.);
#7091 = ORIENTED_EDGE('',*,*,#7051,.F.);
#7092 = ORIENTED_EDGE('',*,*,#2068,.F.);
#7093 = SURFACE_OF_LINEAR_EXTRUSION('',#7094,#7099);
#7094 = B_SPLINE_CURVE_WITH_KNOTS('',3,(#7095,#7096,#7097,#7098),
  .UNSPECIFIED.,.F.,.F.,(4,4),(0.,1.),.PIECEWISE_BEZIER_KNOTS.);
#7095 = CARTESIAN_POINT('',(2.850928057417,-17.45868831092,0.));
#7096 = CARTESIAN_POINT('',(3.020043547323,-17.82971801866,0.));
#7097 = CARTESIAN_POINT('',(3.31760672868,-18.35484823782,0.));
#7098 = CARTESIAN_POINT('',(3.832226347086,-18.97906553373,0.));
#7099 = VECTOR('',#7100,1.);
#7100 = DIRECTION('',(-0.,-0.,-1.));
#7101 = ADVANCED_FACE('',(#7102),#7113,.T.);
#7102 = FACE_BOUND('',#7103,.F.);
#7103 = EDGE_LOOP('',(#7104,#7105,#7106,#7112));
#7104 = ORIENTED_EDGE('',*,*,#7070,.T.);
#7105 = ORIENTED_EDGE('',*,*,#3083,.T.);
#7106 = ORIENTED_EDGE('',*,*,#7107,.F.);
#7107 = EDGE_CURVE('',#626,#3084,#7108,.T.);
#7108 = LINE('',#7109,#7110);
#7109 = CARTESIAN_POINT('',(5.209825998718,15.593921368644,0.));
#7110 = VECTOR('',#7111,1.);
#7111 = DIRECTION('',(0.,0.,1.));
#7112 = ORIENTED_EDGE('',*,*,#625,.F.);
#7113 = CYLINDRICAL_SURFACE('',#7114,16.441188235288);
#7114 = AXIS2_PLACEMENT_3D('',#7115,#7116,#7117);
#7115 = CARTESIAN_POINT('',(1.95875E-12,5.37546E-12,0.));
#7116 = DIRECTION('',(-0.,-0.,-1.));
#7117 = DIRECTION('',(0.343615368884,0.939110471812,0.));
#7118 = ADVANCED_FACE('',(#7119),#7130,.F.);
#7119 = FACE_BOUND('',#7120,.F.);
#7120 = EDGE_LOOP('',(#7121,#7127,#7128,#7129));
#7121 = ORIENTED_EDGE('',*,*,#7122,.T.);
#7122 = EDGE_CURVE('',#2052,#4510,#7123,.T.);
#7123 = LINE('',#7124,#7125);
#7124 = CARTESIAN_POINT('',(2.648280367163,-16.89010434835,0.));
#7125 = VECTOR('',#7126,1.);
#7126 = DIRECTION('',(0.,0.,1.));
#7127 = ORIENTED_EDGE('',*,*,#4517,.T.);
#7128 = ORIENTED_EDGE('',*,*,#7085,.F.);
#7129 = ORIENTED_EDGE('',*,*,#2059,.F.);
#7130 = SURFACE_OF_LINEAR_EXTRUSION('',#7131,#7136);
#7131 = B_SPLINE_CURVE_WITH_KNOTS('',3,(#7132,#7133,#7134,#7135),
  .UNSPECIFIED.,.F.,.F.,(4,4),(0.,1.),.PIECEWISE_BEZIER_KNOTS.);
#7132 = CARTESIAN_POINT('',(2.648280367163,-16.89010434835,0.));
#7133 = CARTESIAN_POINT('',(2.662075098662,-16.95501235524,0.));
#7134 = CARTESIAN_POINT('',(2.710629530427,-17.14910412586,0.));
#7135 = CARTESIAN_POINT('',(2.850928057417,-17.45868831092,0.));
#7136 = VECTOR('',#7137,1.);
#7137 = DIRECTION('',(-0.,-0.,-1.));
#7138 = ADVANCED_FACE('',(#7139),#7150,.F.);
#7139 = FACE_BOUND('',#7140,.F.);
#7140 = EDGE_LOOP('',(#7141,#7142,#7143,#7149));
#7141 = ORIENTED_EDGE('',*,*,#7107,.T.);
#7142 = ORIENTED_EDGE('',*,*,#3092,.T.);
#7143 = ORIENTED_EDGE('',*,*,#7144,.F.);
#7144 = EDGE_CURVE('',#635,#3093,#7145,.T.);
#7145 = LINE('',#7146,#7147);
#7146 = CARTESIAN_POINT('',(4.896309737737,16.210998371942,0.));
#7147 = VECTOR('',#7148,1.);
#7148 = DIRECTION('',(0.,0.,1.));
#7149 = ORIENTED_EDGE('',*,*,#634,.F.);
#7150 = CYLINDRICAL_SURFACE('',#7151,0.493105882353);
#7151 = AXIS2_PLACEMENT_3D('',#7152,#7153,#7154);
#7152 = CARTESIAN_POINT('',(5.366228295964,16.061566247401,0.));
#7153 = DIRECTION('',(0.,0.,-1.));
#7154 = DIRECTION('',(-0.317177918258,-0.94836605178,-0.));
#7155 = ADVANCED_FACE('',(#7156),#7167,.F.);
#7156 = FACE_BOUND('',#7157,.F.);
#7157 = EDGE_LOOP('',(#7158,#7164,#7165,#7166));
#7158 = ORIENTED_EDGE('',*,*,#7159,.T.);
#7159 = EDGE_CURVE('',#2043,#4501,#7160,.T.);
#7160 = LINE('',#7161,#7162);
#7161 = CARTESIAN_POINT('',(2.622265947139,-16.73003402762,0.));
#7162 = VECTOR('',#7163,1.);
#7163 = DIRECTION('',(0.,0.,1.));
#7164 = ORIENTED_EDGE('',*,*,#4509,.T.);
#7165 = ORIENTED_EDGE('',*,*,#7122,.F.);
#7166 = ORIENTED_EDGE('',*,*,#2051,.F.);
#7167 = PLANE('',#7168);
#7168 = AXIS2_PLACEMENT_3D('',#7169,#7170,#7171);
#7169 = CARTESIAN_POINT('',(2.622265947139,-16.73003402762,0.));
#7170 = DIRECTION('',(0.987049812628,0.160414049857,0.));
#7171 = DIRECTION('',(0.160414049857,-0.987049812628,0.));
#7172 = ADVANCED_FACE('',(#7173),#7184,.F.);
#7173 = FACE_BOUND('',#7174,.F.);
#7174 = EDGE_LOOP('',(#7175,#7176,#7177,#7183));
#7175 = ORIENTED_EDGE('',*,*,#7144,.T.);
#7176 = ORIENTED_EDGE('',*,*,#3101,.T.);
#7177 = ORIENTED_EDGE('',*,*,#7178,.F.);
#7178 = EDGE_CURVE('',#644,#3102,#7179,.T.);
#7179 = LINE('',#7180,#7181);
#7180 = CARTESIAN_POINT('',(4.94232346446,16.366503981429,0.));
#7181 = VECTOR('',#7182,1.);
#7182 = DIRECTION('',(0.,0.,1.));
#7183 = ORIENTED_EDGE('',*,*,#643,.F.);
#7184 = PLANE('',#7185);
#7185 = AXIS2_PLACEMENT_3D('',#7186,#7187,#7188);
#7186 = CARTESIAN_POINT('',(4.896309737737,16.210998371942,0.));
#7187 = DIRECTION('',(-0.958902200005,0.283736798503,0.));
#7188 = DIRECTION('',(0.283736798503,0.958902200005,0.));
#7189 = ADVANCED_FACE('',(#7190),#7201,.F.);
#7190 = FACE_BOUND('',#7191,.F.);
#7191 = EDGE_LOOP('',(#7192,#7198,#7199,#7200));
#7192 = ORIENTED_EDGE('',*,*,#7193,.T.);
#7193 = EDGE_CURVE('',#2034,#4492,#7194,.T.);
#7194 = LINE('',#7195,#7196);
#7195 = CARTESIAN_POINT('',(2.072057878899,-16.31009646614,0.));
#7196 = VECTOR('',#7197,1.);
#7197 = DIRECTION('',(0.,0.,1.));
#7198 = ORIENTED_EDGE('',*,*,#4500,.T.);
#7199 = ORIENTED_EDGE('',*,*,#7159,.F.);
#7200 = ORIENTED_EDGE('',*,*,#2042,.F.);
#7201 = CYLINDRICAL_SURFACE('',#7202,0.493105882353);
#7202 = AXIS2_PLACEMENT_3D('',#7203,#7204,#7205);
#7203 = CARTESIAN_POINT('',(2.134047786786,-16.79929035667,0.));
#7204 = DIRECTION('',(0.,0.,-1.));
#7205 = DIRECTION('',(-0.125713178662,0.992066629169,0.));
#7206 = ADVANCED_FACE('',(#7207),#7218,.F.);
#7207 = FACE_BOUND('',#7208,.F.);
#7208 = EDGE_LOOP('',(#7209,#7210,#7211,#7217));
#7209 = ORIENTED_EDGE('',*,*,#7178,.T.);
#7210 = ORIENTED_EDGE('',*,*,#3109,.T.);
#7211 = ORIENTED_EDGE('',*,*,#7212,.F.);
#7212 = EDGE_CURVE('',#652,#3110,#7213,.T.);
#7213 = LINE('',#7214,#7215);
#7214 = CARTESIAN_POINT('',(5.006443540068,16.966705968059,0.));
#7215 = VECTOR('',#7216,1.);
#7216 = DIRECTION('',(0.,0.,1.));
#7217 = ORIENTED_EDGE('',*,*,#651,.F.);
#7218 = SURFACE_OF_LINEAR_EXTRUSION('',#7219,#7224);
#7219 = B_SPLINE_CURVE_WITH_KNOTS('',3,(#7220,#7221,#7222,#7223),
  .UNSPECIFIED.,.F.,.F.,(4,4),(0.,1.),.PIECEWISE_BEZIER_KNOTS.);
#7220 = CARTESIAN_POINT('',(4.94232346446,16.366503981429,0.));
#7221 = CARTESIAN_POINT('',(4.958057369567,16.4309693846,0.));
#7222 = CARTESIAN_POINT('',(4.998524601315,16.626907005845,0.));
#7223 = CARTESIAN_POINT('',(5.006443540068,16.966705968059,0.));
#7224 = VECTOR('',#7225,1.);
#7225 = DIRECTION('',(-0.,-0.,-1.));
#7226 = ADVANCED_FACE('',(#7227),#7238,.T.);
#7227 = FACE_BOUND('',#7228,.F.);
#7228 = EDGE_LOOP('',(#7229,#7235,#7236,#7237));
#7229 = ORIENTED_EDGE('',*,*,#7230,.T.);
#7230 = EDGE_CURVE('',#2025,#4483,#7231,.T.);
#7231 = LINE('',#7232,#7233);
#7232 = CARTESIAN_POINT('',(1.609230836769,-16.36224454964,0.));
#7233 = VECTOR('',#7234,1.);
#7234 = DIRECTION('',(0.,0.,1.));
#7235 = ORIENTED_EDGE('',*,*,#4491,.T.);
#7236 = ORIENTED_EDGE('',*,*,#7193,.F.);
#7237 = ORIENTED_EDGE('',*,*,#2033,.F.);
#7238 = CYLINDRICAL_SURFACE('',#7239,16.441188235292);
#7239 = AXIS2_PLACEMENT_3D('',#7240,#7241,#7242);
#7240 = CARTESIAN_POINT('',(1.6035E-13,-1.96854E-12,0.));
#7241 = DIRECTION('',(-0.,-0.,-1.));
#7242 = DIRECTION('',(9.787801305714E-02,-0.995198419693,0.));
#7243 = ADVANCED_FACE('',(#7244),#7255,.F.);
#7244 = FACE_BOUND('',#7245,.F.);
#7245 = EDGE_LOOP('',(#7246,#7247,#7248,#7254));
#7246 = ORIENTED_EDGE('',*,*,#7212,.T.);
#7247 = ORIENTED_EDGE('',*,*,#3118,.T.);
#7248 = ORIENTED_EDGE('',*,*,#7249,.F.);
#7249 = EDGE_CURVE('',#661,#3119,#7250,.T.);
#7250 = LINE('',#7251,#7252);
#7251 = CARTESIAN_POINT('',(4.781991285255,18.762287884396,0.));
#7252 = VECTOR('',#7253,1.);
#7253 = DIRECTION('',(0.,0.,1.));
#7254 = ORIENTED_EDGE('',*,*,#660,.F.);
#7255 = SURFACE_OF_LINEAR_EXTRUSION('',#7256,#7261);
#7256 = B_SPLINE_CURVE_WITH_KNOTS('',3,(#7257,#7258,#7259,#7260),
  .UNSPECIFIED.,.F.,.F.,(4,4),(0.,1.),.PIECEWISE_BEZIER_KNOTS.);
#7257 = CARTESIAN_POINT('',(5.006443540068,16.966705968059,0.));
#7258 = CARTESIAN_POINT('',(5.015059505503,17.374368644908,0.));
#7259 = CARTESIAN_POINT('',(4.974809805876,17.976602449712,0.));
#7260 = CARTESIAN_POINT('',(4.781991285255,18.762287884396,0.));
#7261 = VECTOR('',#7262,1.);
#7262 = DIRECTION('',(-0.,-0.,-1.));
#7263 = ADVANCED_FACE('',(#7264),#7275,.F.);
#7264 = FACE_BOUND('',#7265,.F.);
#7265 = EDGE_LOOP('',(#7266,#7272,#7273,#7274));
#7266 = ORIENTED_EDGE('',*,*,#7267,.T.);
#7267 = EDGE_CURVE('',#2017,#4475,#7268,.T.);
#7268 = LINE('',#7269,#7270);
#7269 = CARTESIAN_POINT('',(1.166262531918,-16.89408621292,0.));
#7270 = VECTOR('',#7271,1.);
#7271 = DIRECTION('',(0.,0.,1.));
#7272 = ORIENTED_EDGE('',*,*,#4482,.T.);
#7273 = ORIENTED_EDGE('',*,*,#7230,.F.);
#7274 = ORIENTED_EDGE('',*,*,#2024,.F.);
#7275 = CYLINDRICAL_SURFACE('',#7276,0.493105882353);
#7276 = AXIS2_PLACEMENT_3D('',#7277,#7278,#7279);
#7277 = CARTESIAN_POINT('',(1.657651026702,-16.85296738018,0.));
#7278 = DIRECTION('',(0.,0.,-1.));
#7279 = DIRECTION('',(-0.99651720324,-8.338743098338E-02,-0.));
#7280 = ADVANCED_FACE('',(#7281),#7292,.T.);
#7281 = FACE_BOUND('',#7282,.F.);
#7282 = EDGE_LOOP('',(#7283,#7284,#7285,#7291));
#7283 = ORIENTED_EDGE('',*,*,#7249,.T.);
#7284 = ORIENTED_EDGE('',*,*,#3127,.T.);
#7285 = ORIENTED_EDGE('',*,*,#7286,.F.);
#7286 = EDGE_CURVE('',#670,#3128,#7287,.T.);
#7287 = LINE('',#7288,#7289);
#7288 = CARTESIAN_POINT('',(3.831552219129,18.977972194806,0.));
#7289 = VECTOR('',#7290,1.);
#7290 = DIRECTION('',(0.,0.,1.));
#7291 = ORIENTED_EDGE('',*,*,#669,.F.);
#7292 = CYLINDRICAL_SURFACE('',#7293,19.360894117658);
#7293 = AXIS2_PLACEMENT_3D('',#7294,#7295,#7296);
#7294 = CARTESIAN_POINT('',(2.347762385874E-02,-4.724897863389E-03,0.));
#7295 = DIRECTION('',(-0.,-0.,-1.));
#7296 = DIRECTION('',(0.245779643878,0.969325727841,0.));
#7297 = ADVANCED_FACE('',(#7298),#7309,.F.);
#7298 = FACE_BOUND('',#7299,.F.);
#7299 = EDGE_LOOP('',(#7300,#7306,#7307,#7308));
#7300 = ORIENTED_EDGE('',*,*,#7301,.T.);
#7301 = EDGE_CURVE('',#2008,#4466,#7302,.T.);
#7302 = LINE('',#7303,#7304);
#7303 = CARTESIAN_POINT('',(1.176519344986,-17.05593198955,0.));
#7304 = VECTOR('',#7305,1.);
#7305 = DIRECTION('',(0.,0.,1.));
#7306 = ORIENTED_EDGE('',*,*,#4474,.T.);
#7307 = ORIENTED_EDGE('',*,*,#7267,.F.);
#7308 = ORIENTED_EDGE('',*,*,#2016,.F.);
#7309 = PLANE('',#7310);
#7310 = AXIS2_PLACEMENT_3D('',#7311,#7312,#7313);
#7311 = CARTESIAN_POINT('',(1.176519344986,-17.05593198955,0.));
#7312 = DIRECTION('',(-0.997997897239,-6.32471114558E-02,0.));
#7313 = DIRECTION('',(-6.32471114558E-02,0.997997897239,0.));
#7314 = ADVANCED_FACE('',(#7315),#7326,.F.);
#7315 = FACE_BOUND('',#7316,.F.);
#7316 = EDGE_LOOP('',(#7317,#7318,#7319,#7325));
#7317 = ORIENTED_EDGE('',*,*,#7286,.T.);
#7318 = ORIENTED_EDGE('',*,*,#3136,.T.);
#7319 = ORIENTED_EDGE('',*,*,#7320,.F.);
#7320 = EDGE_CURVE('',#679,#3137,#7321,.T.);
#7321 = LINE('',#7322,#7323);
#7322 = CARTESIAN_POINT('',(2.850928057417,17.458688310921,0.));
#7323 = VECTOR('',#7324,1.);
#7324 = DIRECTION('',(0.,0.,1.));
#7325 = ORIENTED_EDGE('',*,*,#678,.F.);
#7326 = SURFACE_OF_LINEAR_EXTRUSION('',#7327,#7332);
#7327 = B_SPLINE_CURVE_WITH_KNOTS('',3,(#7328,#7329,#7330,#7331),
  .UNSPECIFIED.,.F.,.F.,(4,4),(0.,1.),.PIECEWISE_BEZIER_KNOTS.);
#7328 = CARTESIAN_POINT('',(3.831552219129,18.977972194806,0.));
#7329 = CARTESIAN_POINT('',(3.31760672868,18.354848237821,0.));
#7330 = CARTESIAN_POINT('',(3.020043547323,17.829718018667,0.));
#7331 = CARTESIAN_POINT('',(2.850928057417,17.458688310921,0.));
#7332 = VECTOR('',#7333,1.);
#7333 = DIRECTION('',(-0.,-0.,-1.));
#7334 = ADVANCED_FACE('',(#7335),#7346,.F.);
#7335 = FACE_BOUND('',#7336,.F.);
#7336 = EDGE_LOOP('',(#7337,#7343,#7344,#7345));
#7337 = ORIENTED_EDGE('',*,*,#7338,.T.);
#7338 = EDGE_CURVE('',#1999,#4457,#7339,.T.);
#7339 = LINE('',#7340,#7341);
#7340 = CARTESIAN_POINT('',(1.1054742898,-17.65535371837,0.));
#7341 = VECTOR('',#7342,1.);
#7342 = DIRECTION('',(0.,0.,1.));
#7343 = ORIENTED_EDGE('',*,*,#4465,.T.);
#7344 = ORIENTED_EDGE('',*,*,#7301,.F.);
#7345 = ORIENTED_EDGE('',*,*,#2007,.F.);
#7346 = SURFACE_OF_LINEAR_EXTRUSION('',#7347,#7352);
#7347 = B_SPLINE_CURVE_WITH_KNOTS('',3,(#7348,#7349,#7350,#7351),
  .UNSPECIFIED.,.F.,.F.,(4,4),(0.,1.),.PIECEWISE_BEZIER_KNOTS.);
#7348 = CARTESIAN_POINT('',(1.1054742898,-17.65535371837,0.));
#7349 = CARTESIAN_POINT('',(1.173366277804,-17.32231209593,0.));
#7350 = CARTESIAN_POINT('',(1.177513866521,-17.12228223373,0.));
#7351 = CARTESIAN_POINT('',(1.176519344986,-17.05593198955,0.));
#7352 = VECTOR('',#7353,1.);
#7353 = DIRECTION('',(-0.,-0.,-1.));
#7354 = ADVANCED_FACE('',(#7355),#7366,.F.);
#7355 = FACE_BOUND('',#7356,.F.);
#7356 = EDGE_LOOP('',(#7357,#7358,#7359,#7365));
#7357 = ORIENTED_EDGE('',*,*,#7320,.T.);
#7358 = ORIENTED_EDGE('',*,*,#3145,.T.);
#7359 = ORIENTED_EDGE('',*,*,#7360,.F.);
#7360 = EDGE_CURVE('',#688,#3146,#7361,.T.);
#7361 = LINE('',#7362,#7363);
#7362 = CARTESIAN_POINT('',(2.648280367163,16.890104348356,0.));
#7363 = VECTOR('',#7364,1.);
#7364 = DIRECTION('',(0.,0.,1.));
#7365 = ORIENTED_EDGE('',*,*,#687,.F.);
#7366 = SURFACE_OF_LINEAR_EXTRUSION('',#7367,#7372);
#7367 = B_SPLINE_CURVE_WITH_KNOTS('',3,(#7368,#7369,#7370,#7371),
  .UNSPECIFIED.,.F.,.F.,(4,4),(0.,1.),.PIECEWISE_BEZIER_KNOTS.);
#7368 = CARTESIAN_POINT('',(2.850928057417,17.458688310921,0.));
#7369 = CARTESIAN_POINT('',(2.710629530427,17.149104125865,0.));
#7370 = CARTESIAN_POINT('',(2.662075098662,16.955012355249,0.));
#7371 = CARTESIAN_POINT('',(2.648280367163,16.890104348356,0.));
#7372 = VECTOR('',#7373,1.);
#7373 = DIRECTION('',(-0.,-0.,-1.));
#7374 = ADVANCED_FACE('',(#7375),#7386,.F.);
#7375 = FACE_BOUND('',#7376,.F.);
#7376 = EDGE_LOOP('',(#7377,#7383,#7384,#7385));
#7377 = ORIENTED_EDGE('',*,*,#7378,.T.);
#7378 = EDGE_CURVE('',#1990,#4448,#7379,.T.);
#7379 = LINE('',#7380,#7381);
#7380 = CARTESIAN_POINT('',(0.487508891974,-19.35475538763,0.));
#7381 = VECTOR('',#7382,1.);
#7382 = DIRECTION('',(0.,0.,1.));
#7383 = ORIENTED_EDGE('',*,*,#4456,.T.);
#7384 = ORIENTED_EDGE('',*,*,#7338,.F.);
#7385 = ORIENTED_EDGE('',*,*,#1998,.F.);
#7386 = SURFACE_OF_LINEAR_EXTRUSION('',#7387,#7392);
#7387 = B_SPLINE_CURVE_WITH_KNOTS('',3,(#7388,#7389,#7390,#7391),
  .UNSPECIFIED.,.F.,.F.,(4,4),(0.,1.),.PIECEWISE_BEZIER_KNOTS.);
#7388 = CARTESIAN_POINT('',(0.487508891974,-19.35475538763,0.));
#7389 = CARTESIAN_POINT('',(0.849910571074,-18.63289081867,0.));
#7390 = CARTESIAN_POINT('',(1.023160755402,-18.05471267346,0.));
#7391 = CARTESIAN_POINT('',(1.1054742898,-17.65535371837,0.));
#7392 = VECTOR('',#7393,1.);
#7393 = DIRECTION('',(-0.,-0.,-1.));
#7394 = ADVANCED_FACE('',(#7395),#7406,.F.);
#7395 = FACE_BOUND('',#7396,.F.);
#7396 = EDGE_LOOP('',(#7397,#7398,#7399,#7405));
#7397 = ORIENTED_EDGE('',*,*,#7360,.T.);
#7398 = ORIENTED_EDGE('',*,*,#3154,.T.);
#7399 = ORIENTED_EDGE('',*,*,#7400,.F.);
#7400 = EDGE_CURVE('',#697,#3155,#7401,.T.);
#7401 = LINE('',#7402,#7403);
#7402 = CARTESIAN_POINT('',(2.622265947139,16.730034027624,0.));
#7403 = VECTOR('',#7404,1.);
#7404 = DIRECTION('',(0.,0.,1.));
#7405 = ORIENTED_EDGE('',*,*,#696,.F.);
#7406 = PLANE('',#7407);
#7407 = AXIS2_PLACEMENT_3D('',#7408,#7409,#7410);
#7408 = CARTESIAN_POINT('',(2.648280367163,16.890104348356,0.));
#7409 = DIRECTION('',(0.987049812628,-0.160414049857,0.));
#7410 = DIRECTION('',(-0.160414049857,-0.987049812628,0.));
#7411 = ADVANCED_FACE('',(#7412),#7423,.T.);
#7412 = FACE_BOUND('',#7413,.F.);
#7413 = EDGE_LOOP('',(#7414,#7420,#7421,#7422));
#7414 = ORIENTED_EDGE('',*,*,#7415,.T.);
#7415 = EDGE_CURVE('',#1981,#4439,#7416,.T.);
#7416 = LINE('',#7417,#7418);
#7417 = CARTESIAN_POINT('',(-0.487094956612,-19.35597132185,0.));
#7418 = VECTOR('',#7419,1.);
#7419 = DIRECTION('',(0.,0.,1.));
#7420 = ORIENTED_EDGE('',*,*,#4447,.T.);
#7421 = ORIENTED_EDGE('',*,*,#7378,.F.);
#7422 = ORIENTED_EDGE('',*,*,#1989,.F.);
#7423 = CYLINDRICAL_SURFACE('',#7424,19.360894117645);
#7424 = AXIS2_PLACEMENT_3D('',#7425,#7426,#7427);
#7425 = CARTESIAN_POINT('',(-2.3940379497E-02,-6.178279920341E-04,0.));
#7426 = DIRECTION('',(-0.,-0.,-1.));
#7427 = DIRECTION('',(-2.392216879556E-02,-0.999713823972,0.));
#7428 = ADVANCED_FACE('',(#7429),#7440,.F.);
#7429 = FACE_BOUND('',#7430,.F.);
#7430 = EDGE_LOOP('',(#7431,#7432,#7433,#7439));
#7431 = ORIENTED_EDGE('',*,*,#7400,.T.);
#7432 = ORIENTED_EDGE('',*,*,#3162,.T.);
#7433 = ORIENTED_EDGE('',*,*,#7434,.F.);
#7434 = EDGE_CURVE('',#705,#3163,#7435,.T.);
#7435 = LINE('',#7436,#7437);
#7436 = CARTESIAN_POINT('',(2.072057878899,16.310096466142,0.));
#7437 = VECTOR('',#7438,1.);
#7438 = DIRECTION('',(0.,0.,1.));
#7439 = ORIENTED_EDGE('',*,*,#704,.F.);
#7440 = CYLINDRICAL_SURFACE('',#7441,0.493105882353);
#7441 = AXIS2_PLACEMENT_3D('',#7442,#7443,#7444);
#7442 = CARTESIAN_POINT('',(2.134047786786,16.799290356672,0.));
#7443 = DIRECTION('',(0.,0.,-1.));
#7444 = DIRECTION('',(0.990087885431,-0.140449204778,0.));
#7445 = ADVANCED_FACE('',(#7446),#7457,.F.);
#7446 = FACE_BOUND('',#7447,.F.);
#7447 = EDGE_LOOP('',(#7448,#7454,#7455,#7456));
#7448 = ORIENTED_EDGE('',*,*,#7449,.T.);
#7449 = EDGE_CURVE('',#1972,#4430,#7450,.T.);
#7450 = LINE('',#7451,#7452);
#7451 = CARTESIAN_POINT('',(-1.1054742898,-17.65535371837,0.));
#7452 = VECTOR('',#7453,1.);
#7453 = DIRECTION('',(0.,0.,1.));
#7454 = ORIENTED_EDGE('',*,*,#4438,.T.);
#7455 = ORIENTED_EDGE('',*,*,#7415,.F.);
#7456 = ORIENTED_EDGE('',*,*,#1980,.F.);
#7457 = SURFACE_OF_LINEAR_EXTRUSION('',#7458,#7463);
#7458 = B_SPLINE_CURVE_WITH_KNOTS('',3,(#7459,#7460,#7461,#7462),
  .UNSPECIFIED.,.F.,.F.,(4,4),(0.,1.),.PIECEWISE_BEZIER_KNOTS.);
#7459 = CARTESIAN_POINT('',(-1.1054742898,-17.65535371837,0.));
#7460 = CARTESIAN_POINT('',(-1.023160755402,-18.05471267346,0.));
#7461 = CARTESIAN_POINT('',(-0.849910571074,-18.63289081867,0.));
#7462 = CARTESIAN_POINT('',(-0.487094956612,-19.35597132185,0.));
#7463 = VECTOR('',#7464,1.);
#7464 = DIRECTION('',(-0.,-0.,-1.));
#7465 = ADVANCED_FACE('',(#7466),#7477,.T.);
#7466 = FACE_BOUND('',#7467,.F.);
#7467 = EDGE_LOOP('',(#7468,#7469,#7470,#7476));
#7468 = ORIENTED_EDGE('',*,*,#7434,.T.);
#7469 = ORIENTED_EDGE('',*,*,#3171,.T.);
#7470 = ORIENTED_EDGE('',*,*,#7471,.F.);
#7471 = EDGE_CURVE('',#714,#3172,#7472,.T.);
#7472 = LINE('',#7473,#7474);
#7473 = CARTESIAN_POINT('',(1.609230836769,16.362244549644,0.));
#7474 = VECTOR('',#7475,1.);
#7475 = DIRECTION('',(0.,0.,1.));
#7476 = ORIENTED_EDGE('',*,*,#713,.F.);
#7477 = CYLINDRICAL_SURFACE('',#7478,16.441188235272);
#7478 = AXIS2_PLACEMENT_3D('',#7479,#7480,#7481);
#7479 = CARTESIAN_POINT('',(2.48762E-12,2.184989E-11,0.));
#7480 = DIRECTION('',(-0.,-0.,-1.));
#7481 = DIRECTION('',(0.126028474904,0.992026624397,0.));
#7482 = ADVANCED_FACE('',(#7483),#7494,.F.);
#7483 = FACE_BOUND('',#7484,.F.);
#7484 = EDGE_LOOP('',(#7485,#7491,#7492,#7493));
#7485 = ORIENTED_EDGE('',*,*,#7486,.T.);
#7486 = EDGE_CURVE('',#1964,#4422,#7487,.T.);
#7487 = LINE('',#7488,#7489);
#7488 = CARTESIAN_POINT('',(-1.176519344986,-17.05593198955,0.));
#7489 = VECTOR('',#7490,1.);
#7490 = DIRECTION('',(0.,0.,1.));
#7491 = ORIENTED_EDGE('',*,*,#4429,.T.);
#7492 = ORIENTED_EDGE('',*,*,#7449,.F.);
#7493 = ORIENTED_EDGE('',*,*,#1971,.F.);
#7494 = SURFACE_OF_LINEAR_EXTRUSION('',#7495,#7500);
#7495 = B_SPLINE_CURVE_WITH_KNOTS('',3,(#7496,#7497,#7498,#7499),
  .UNSPECIFIED.,.F.,.F.,(4,4),(0.,1.),.PIECEWISE_BEZIER_KNOTS.);
#7496 = CARTESIAN_POINT('',(-1.176519344986,-17.05593198955,0.));
#7497 = CARTESIAN_POINT('',(-1.177513866521,-17.12228223373,0.));
#7498 = CARTESIAN_POINT('',(-1.173366277804,-17.32231209593,0.));
#7499 = CARTESIAN_POINT('',(-1.1054742898,-17.65535371837,0.));
#7500 = VECTOR('',#7501,1.);
#7501 = DIRECTION('',(-0.,-0.,-1.));
#7502 = ADVANCED_FACE('',(#7503),#7514,.F.);
#7503 = FACE_BOUND('',#7504,.F.);
#7504 = EDGE_LOOP('',(#7505,#7506,#7507,#7513));
#7505 = ORIENTED_EDGE('',*,*,#7471,.T.);
#7506 = ORIENTED_EDGE('',*,*,#3180,.T.);
#7507 = ORIENTED_EDGE('',*,*,#7508,.F.);
#7508 = EDGE_CURVE('',#723,#3181,#7509,.T.);
#7509 = LINE('',#7510,#7511);
#7510 = CARTESIAN_POINT('',(1.166262531918,16.894086212921,0.));
#7511 = VECTOR('',#7512,1.);
#7512 = DIRECTION('',(0.,0.,1.));
#7513 = ORIENTED_EDGE('',*,*,#722,.F.);
#7514 = CYLINDRICAL_SURFACE('',#7515,0.493105882353);
#7515 = AXIS2_PLACEMENT_3D('',#7516,#7517,#7518);
#7516 = CARTESIAN_POINT('',(1.657651026702,16.852967380189,0.));
#7517 = DIRECTION('',(0.,0.,-1.));
#7518 = DIRECTION('',(-9.819430606289E-02,-0.995167261447,-0.));
#7519 = ADVANCED_FACE('',(#7520),#7531,.F.);
#7520 = FACE_BOUND('',#7521,.F.);
#7521 = EDGE_LOOP('',(#7522,#7528,#7529,#7530));
#7522 = ORIENTED_EDGE('',*,*,#7523,.T.);
#7523 = EDGE_CURVE('',#1955,#4413,#7524,.T.);
#7524 = LINE('',#7525,#7526);
#7525 = CARTESIAN_POINT('',(-1.166262531918,-16.89408621292,0.));
#7526 = VECTOR('',#7527,1.);
#7527 = DIRECTION('',(0.,0.,1.));
#7528 = ORIENTED_EDGE('',*,*,#4421,.T.);
#7529 = ORIENTED_EDGE('',*,*,#7486,.F.);
#7530 = ORIENTED_EDGE('',*,*,#1963,.F.);
#7531 = PLANE('',#7532);
#7532 = AXIS2_PLACEMENT_3D('',#7533,#7534,#7535);
#7533 = CARTESIAN_POINT('',(-1.166262531918,-16.89408621292,0.));
#7534 = DIRECTION('',(0.997997897239,-6.32471114558E-02,0.));
#7535 = DIRECTION('',(-6.32471114558E-02,-0.997997897239,0.));
#7536 = ADVANCED_FACE('',(#7537),#7548,.F.);
#7537 = FACE_BOUND('',#7538,.F.);
#7538 = EDGE_LOOP('',(#7539,#7540,#7541,#7547));
#7539 = ORIENTED_EDGE('',*,*,#7508,.T.);
#7540 = ORIENTED_EDGE('',*,*,#3189,.T.);
#7541 = ORIENTED_EDGE('',*,*,#7542,.F.);
#7542 = EDGE_CURVE('',#732,#3190,#7543,.T.);
#7543 = LINE('',#7544,#7545);
#7544 = CARTESIAN_POINT('',(1.176519344986,17.055931989555,0.));
#7545 = VECTOR('',#7546,1.);
#7546 = DIRECTION('',(0.,0.,1.));
#7547 = ORIENTED_EDGE('',*,*,#731,.F.);
#7548 = PLANE('',#7549);
#7549 = AXIS2_PLACEMENT_3D('',#7550,#7551,#7552);
#7550 = CARTESIAN_POINT('',(1.166262531918,16.894086212921,0.));
#7551 = DIRECTION('',(-0.997997897239,6.32471114558E-02,0.));
#7552 = DIRECTION('',(6.32471114558E-02,0.997997897239,0.));
#7553 = ADVANCED_FACE('',(#7554),#7565,.F.);
#7554 = FACE_BOUND('',#7555,.F.);
#7555 = EDGE_LOOP('',(#7556,#7562,#7563,#7564));
#7556 = ORIENTED_EDGE('',*,*,#7557,.T.);
#7557 = EDGE_CURVE('',#1946,#4404,#7558,.T.);
#7558 = LINE('',#7559,#7560);
#7559 = CARTESIAN_POINT('',(-1.609230836769,-16.36224454964,0.));
#7560 = VECTOR('',#7561,1.);
#7561 = DIRECTION('',(0.,0.,1.));
#7562 = ORIENTED_EDGE('',*,*,#4412,.T.);
#7563 = ORIENTED_EDGE('',*,*,#7523,.F.);
#7564 = ORIENTED_EDGE('',*,*,#1954,.F.);
#7565 = CYLINDRICAL_SURFACE('',#7566,0.493105882353);
#7566 = AXIS2_PLACEMENT_3D('',#7567,#7568,#7569);
#7567 = CARTESIAN_POINT('',(-1.657651026702,-16.85296738018,0.));
#7568 = DIRECTION('',(0.,0.,-1.));
#7569 = DIRECTION('',(9.819430606289E-02,0.995167261447,0.));
#7570 = ADVANCED_FACE('',(#7571),#7582,.F.);
#7571 = FACE_BOUND('',#7572,.F.);
#7572 = EDGE_LOOP('',(#7573,#7574,#7575,#7581));
#7573 = ORIENTED_EDGE('',*,*,#7542,.T.);
#7574 = ORIENTED_EDGE('',*,*,#3197,.T.);
#7575 = ORIENTED_EDGE('',*,*,#7576,.F.);
#7576 = EDGE_CURVE('',#740,#3198,#7577,.T.);
#7577 = LINE('',#7578,#7579);
#7578 = CARTESIAN_POINT('',(1.1054742898,17.655353718378,0.));
#7579 = VECTOR('',#7580,1.);
#7580 = DIRECTION('',(0.,0.,1.));
#7581 = ORIENTED_EDGE('',*,*,#739,.F.);
#7582 = SURFACE_OF_LINEAR_EXTRUSION('',#7583,#7588);
#7583 = B_SPLINE_CURVE_WITH_KNOTS('',3,(#7584,#7585,#7586,#7587),
  .UNSPECIFIED.,.F.,.F.,(4,4),(0.,1.),.PIECEWISE_BEZIER_KNOTS.);
#7584 = CARTESIAN_POINT('',(1.176519344986,17.055931989555,0.));
#7585 = CARTESIAN_POINT('',(1.177513866521,17.122282233736,0.));
#7586 = CARTESIAN_POINT('',(1.173366277804,17.322312095938,0.));
#7587 = CARTESIAN_POINT('',(1.1054742898,17.655353718378,0.));
#7588 = VECTOR('',#7589,1.);
#7589 = DIRECTION('',(-0.,-0.,-1.));
#7590 = ADVANCED_FACE('',(#7591),#7602,.T.);
#7591 = FACE_BOUND('',#7592,.F.);
#7592 = EDGE_LOOP('',(#7593,#7599,#7600,#7601));
#7593 = ORIENTED_EDGE('',*,*,#7594,.T.);
#7594 = EDGE_CURVE('',#1937,#4395,#7595,.T.);
#7595 = LINE('',#7596,#7597);
#7596 = CARTESIAN_POINT('',(-2.072057878899,-16.31009646614,0.));
#7597 = VECTOR('',#7598,1.);
#7598 = DIRECTION('',(0.,0.,1.));
#7599 = ORIENTED_EDGE('',*,*,#4403,.T.);
#7600 = ORIENTED_EDGE('',*,*,#7557,.F.);
#7601 = ORIENTED_EDGE('',*,*,#1945,.F.);
#7602 = CYLINDRICAL_SURFACE('',#7603,16.441188235272);
#7603 = AXIS2_PLACEMENT_3D('',#7604,#7605,#7606);
#7604 = CARTESIAN_POINT('',(-2.48993E-12,-2.184989E-11,0.));
#7605 = DIRECTION('',(-0.,-0.,-1.));
#7606 = DIRECTION('',(-0.126028474904,-0.992026624397,0.));
#7607 = ADVANCED_FACE('',(#7608),#7619,.F.);
#7608 = FACE_BOUND('',#7609,.F.);
#7609 = EDGE_LOOP('',(#7610,#7611,#7612,#7618));
#7610 = ORIENTED_EDGE('',*,*,#7576,.T.);
#7611 = ORIENTED_EDGE('',*,*,#3206,.T.);
#7612 = ORIENTED_EDGE('',*,*,#7613,.F.);
#7613 = EDGE_CURVE('',#749,#3207,#7614,.T.);
#7614 = LINE('',#7615,#7616);
#7615 = CARTESIAN_POINT('',(0.487094956612,19.355971321854,0.));
#7616 = VECTOR('',#7617,1.);
#7617 = DIRECTION('',(0.,0.,1.));
#7618 = ORIENTED_EDGE('',*,*,#748,.F.);
#7619 = SURFACE_OF_LINEAR_EXTRUSION('',#7620,#7625);
#7620 = B_SPLINE_CURVE_WITH_KNOTS('',3,(#7621,#7622,#7623,#7624),
  .UNSPECIFIED.,.F.,.F.,(4,4),(0.,1.),.PIECEWISE_BEZIER_KNOTS.);
#7621 = CARTESIAN_POINT('',(1.1054742898,17.655353718378,0.));
#7622 = CARTESIAN_POINT('',(1.023160755402,18.054712673468,0.));
#7623 = CARTESIAN_POINT('',(0.849910571074,18.632890818679,0.));
#7624 = CARTESIAN_POINT('',(0.487094956612,19.355971321854,0.));
#7625 = VECTOR('',#7626,1.);
#7626 = DIRECTION('',(-0.,-0.,-1.));
#7627 = ADVANCED_FACE('',(#7628),#7639,.F.);
#7628 = FACE_BOUND('',#7629,.F.);
#7629 = EDGE_LOOP('',(#7630,#7636,#7637,#7638));
#7630 = ORIENTED_EDGE('',*,*,#7631,.T.);
#7631 = EDGE_CURVE('',#1929,#4387,#7632,.T.);
#7632 = LINE('',#7633,#7634);
#7633 = CARTESIAN_POINT('',(-2.622265947139,-16.73003402762,0.));
#7634 = VECTOR('',#7635,1.);
#7635 = DIRECTION('',(0.,0.,1.));
#7636 = ORIENTED_EDGE('',*,*,#4394,.T.);
#7637 = ORIENTED_EDGE('',*,*,#7594,.F.);
#7638 = ORIENTED_EDGE('',*,*,#1936,.F.);
#7639 = CYLINDRICAL_SURFACE('',#7640,0.493105882353);
#7640 = AXIS2_PLACEMENT_3D('',#7641,#7642,#7643);
#7641 = CARTESIAN_POINT('',(-2.134047786786,-16.79929035667,0.));
#7642 = DIRECTION('',(0.,0.,-1.));
#7643 = DIRECTION('',(-0.990087885431,0.140449204778,0.));
#7644 = ADVANCED_FACE('',(#7645),#7656,.T.);
#7645 = FACE_BOUND('',#7646,.F.);
#7646 = EDGE_LOOP('',(#7647,#7648,#7649,#7655));
#7647 = ORIENTED_EDGE('',*,*,#7613,.T.);
#7648 = ORIENTED_EDGE('',*,*,#3215,.T.);
#7649 = ORIENTED_EDGE('',*,*,#7650,.F.);
#7650 = EDGE_CURVE('',#758,#3216,#7651,.T.);
#7651 = LINE('',#7652,#7653);
#7652 = CARTESIAN_POINT('',(-0.487508891974,19.35475538763,0.));
#7653 = VECTOR('',#7654,1.);
#7654 = DIRECTION('',(0.,0.,1.));
#7655 = ORIENTED_EDGE('',*,*,#757,.F.);
#7656 = CYLINDRICAL_SURFACE('',#7657,19.360894117645);
#7657 = AXIS2_PLACEMENT_3D('',#7658,#7659,#7660);
#7658 = CARTESIAN_POINT('',(2.394037949699E-02,6.178279920341E-04,0.));
#7659 = DIRECTION('',(-0.,-0.,-1.));
#7660 = DIRECTION('',(2.392216879556E-02,0.999713823972,0.));
#7661 = ADVANCED_FACE('',(#7662),#7673,.F.);
#7662 = FACE_BOUND('',#7663,.F.);
#7663 = EDGE_LOOP('',(#7664,#7670,#7671,#7672));
#7664 = ORIENTED_EDGE('',*,*,#7665,.T.);
#7665 = EDGE_CURVE('',#1920,#4378,#7666,.T.);
#7666 = LINE('',#7667,#7668);
#7667 = CARTESIAN_POINT('',(-2.648280367163,-16.89010434835,0.));
#7668 = VECTOR('',#7669,1.);
#7669 = DIRECTION('',(0.,0.,1.));
#7670 = ORIENTED_EDGE('',*,*,#4386,.T.);
#7671 = ORIENTED_EDGE('',*,*,#7631,.F.);
#7672 = ORIENTED_EDGE('',*,*,#1928,.F.);
#7673 = PLANE('',#7674);
#7674 = AXIS2_PLACEMENT_3D('',#7675,#7676,#7677);
#7675 = CARTESIAN_POINT('',(-2.648280367163,-16.89010434835,0.));
#7676 = DIRECTION('',(-0.987049812628,0.160414049857,0.));
#7677 = DIRECTION('',(0.160414049857,0.987049812628,0.));
#7678 = ADVANCED_FACE('',(#7679),#7690,.F.);
#7679 = FACE_BOUND('',#7680,.F.);
#7680 = EDGE_LOOP('',(#7681,#7682,#7683,#7689));
#7681 = ORIENTED_EDGE('',*,*,#7650,.T.);
#7682 = ORIENTED_EDGE('',*,*,#3224,.T.);
#7683 = ORIENTED_EDGE('',*,*,#7684,.F.);
#7684 = EDGE_CURVE('',#767,#3225,#7685,.T.);
#7685 = LINE('',#7686,#7687);
#7686 = CARTESIAN_POINT('',(-1.1054742898,17.655353718378,0.));
#7687 = VECTOR('',#7688,1.);
#7688 = DIRECTION('',(0.,0.,1.));
#7689 = ORIENTED_EDGE('',*,*,#766,.F.);
#7690 = SURFACE_OF_LINEAR_EXTRUSION('',#7691,#7696);
#7691 = B_SPLINE_CURVE_WITH_KNOTS('',3,(#7692,#7693,#7694,#7695),
  .UNSPECIFIED.,.F.,.F.,(4,4),(0.,1.),.PIECEWISE_BEZIER_KNOTS.);
#7692 = CARTESIAN_POINT('',(-0.487508891974,19.35475538763,0.));
#7693 = CARTESIAN_POINT('',(-0.849910571074,18.632890818679,0.));
#7694 = CARTESIAN_POINT('',(-1.023160755402,18.054712673468,0.));
#7695 = CARTESIAN_POINT('',(-1.1054742898,17.655353718378,0.));
#7696 = VECTOR('',#7697,1.);
#7697 = DIRECTION('',(-0.,-0.,-1.));
#7698 = ADVANCED_FACE('',(#7699),#7710,.F.);
#7699 = FACE_BOUND('',#7700,.F.);
#7700 = EDGE_LOOP('',(#7701,#7707,#7708,#7709));
#7701 = ORIENTED_EDGE('',*,*,#7702,.T.);
#7702 = EDGE_CURVE('',#1911,#4369,#7703,.T.);
#7703 = LINE('',#7704,#7705);
#7704 = CARTESIAN_POINT('',(-2.850928057417,-17.45868831092,0.));
#7705 = VECTOR('',#7706,1.);
#7706 = DIRECTION('',(0.,0.,1.));
#7707 = ORIENTED_EDGE('',*,*,#4377,.T.);
#7708 = ORIENTED_EDGE('',*,*,#7665,.F.);
#7709 = ORIENTED_EDGE('',*,*,#1919,.F.);
#7710 = SURFACE_OF_LINEAR_EXTRUSION('',#7711,#7716);
#7711 = B_SPLINE_CURVE_WITH_KNOTS('',3,(#7712,#7713,#7714,#7715),
  .UNSPECIFIED.,.F.,.F.,(4,4),(0.,1.),.PIECEWISE_BEZIER_KNOTS.);
#7712 = CARTESIAN_POINT('',(-2.850928057417,-17.45868831092,0.));
#7713 = CARTESIAN_POINT('',(-2.710629530427,-17.14910412586,0.));
#7714 = CARTESIAN_POINT('',(-2.662075098662,-16.95501235524,0.));
#7715 = CARTESIAN_POINT('',(-2.648280367163,-16.89010434835,0.));
#7716 = VECTOR('',#7717,1.);
#7717 = DIRECTION('',(-0.,-0.,-1.));
#7718 = ADVANCED_FACE('',(#7719),#7730,.F.);
#7719 = FACE_BOUND('',#7720,.F.);
#7720 = EDGE_LOOP('',(#7721,#7722,#7723,#7729));
#7721 = ORIENTED_EDGE('',*,*,#7684,.T.);
#7722 = ORIENTED_EDGE('',*,*,#3233,.T.);
#7723 = ORIENTED_EDGE('',*,*,#7724,.F.);
#7724 = EDGE_CURVE('',#776,#3234,#7725,.T.);
#7725 = LINE('',#7726,#7727);
#7726 = CARTESIAN_POINT('',(-1.176519344986,17.055931989555,0.));
#7727 = VECTOR('',#7728,1.);
#7728 = DIRECTION('',(0.,0.,1.));
#7729 = ORIENTED_EDGE('',*,*,#775,.F.);
#7730 = SURFACE_OF_LINEAR_EXTRUSION('',#7731,#7736);
#7731 = B_SPLINE_CURVE_WITH_KNOTS('',3,(#7732,#7733,#7734,#7735),
  .UNSPECIFIED.,.F.,.F.,(4,4),(0.,1.),.PIECEWISE_BEZIER_KNOTS.);
#7732 = CARTESIAN_POINT('',(-1.1054742898,17.655353718378,0.));
#7733 = CARTESIAN_POINT('',(-1.173366277804,17.322312095938,0.));
#7734 = CARTESIAN_POINT('',(-1.177513866521,17.122282233736,0.));
#7735 = CARTESIAN_POINT('',(-1.176519344986,17.055931989555,0.));
#7736 = VECTOR('',#7737,1.);
#7737 = DIRECTION('',(-0.,-0.,-1.));
#7738 = ADVANCED_FACE('',(#7739),#7750,.F.);
#7739 = FACE_BOUND('',#7740,.F.);
#7740 = EDGE_LOOP('',(#7741,#7747,#7748,#7749));
#7741 = ORIENTED_EDGE('',*,*,#7742,.T.);
#7742 = EDGE_CURVE('',#1902,#4360,#7743,.T.);
#7743 = LINE('',#7744,#7745);
#7744 = CARTESIAN_POINT('',(-3.831552219129,-18.9779721948,0.));
#7745 = VECTOR('',#7746,1.);
#7746 = DIRECTION('',(0.,0.,1.));
#7747 = ORIENTED_EDGE('',*,*,#4368,.T.);
#7748 = ORIENTED_EDGE('',*,*,#7702,.F.);
#7749 = ORIENTED_EDGE('',*,*,#1910,.F.);
#7750 = SURFACE_OF_LINEAR_EXTRUSION('',#7751,#7756);
#7751 = B_SPLINE_CURVE_WITH_KNOTS('',3,(#7752,#7753,#7754,#7755),
  .UNSPECIFIED.,.F.,.F.,(4,4),(0.,1.),.PIECEWISE_BEZIER_KNOTS.);
#7752 = CARTESIAN_POINT('',(-3.831552219129,-18.9779721948,0.));
#7753 = CARTESIAN_POINT('',(-3.31760672868,-18.35484823782,0.));
#7754 = CARTESIAN_POINT('',(-3.020043547323,-17.82971801866,0.));
#7755 = CARTESIAN_POINT('',(-2.850928057417,-17.45868831092,0.));
#7756 = VECTOR('',#7757,1.);
#7757 = DIRECTION('',(-0.,-0.,-1.));
#7758 = ADVANCED_FACE('',(#7759),#7770,.F.);
#7759 = FACE_BOUND('',#7760,.F.);
#7760 = EDGE_LOOP('',(#7761,#7762,#7763,#7769));
#7761 = ORIENTED_EDGE('',*,*,#7724,.T.);
#7762 = ORIENTED_EDGE('',*,*,#3242,.T.);
#7763 = ORIENTED_EDGE('',*,*,#7764,.F.);
#7764 = EDGE_CURVE('',#785,#3243,#7765,.T.);
#7765 = LINE('',#7766,#7767);
#7766 = CARTESIAN_POINT('',(-1.166262531918,16.894086212921,0.));
#7767 = VECTOR('',#7768,1.);
#7768 = DIRECTION('',(0.,0.,1.));
#7769 = ORIENTED_EDGE('',*,*,#784,.F.);
#7770 = PLANE('',#7771);
#7771 = AXIS2_PLACEMENT_3D('',#7772,#7773,#7774);
#7772 = CARTESIAN_POINT('',(-1.176519344986,17.055931989555,0.));
#7773 = DIRECTION('',(0.997997897239,6.32471114558E-02,0.));
#7774 = DIRECTION('',(6.32471114558E-02,-0.997997897239,0.));
#7775 = ADVANCED_FACE('',(#7776),#7787,.T.);
#7776 = FACE_BOUND('',#7777,.F.);
#7777 = EDGE_LOOP('',(#7778,#7784,#7785,#7786));
#7778 = ORIENTED_EDGE('',*,*,#7779,.T.);
#7779 = EDGE_CURVE('',#1893,#4351,#7780,.T.);
#7780 = LINE('',#7781,#7782);
#7781 = CARTESIAN_POINT('',(-4.781991285255,-18.76228788439,0.));
#7782 = VECTOR('',#7783,1.);
#7783 = DIRECTION('',(0.,0.,1.));
#7784 = ORIENTED_EDGE('',*,*,#4359,.T.);
#7785 = ORIENTED_EDGE('',*,*,#7742,.F.);
#7786 = ORIENTED_EDGE('',*,*,#1901,.F.);
#7787 = CYLINDRICAL_SURFACE('',#7788,19.360894117666);
#7788 = AXIS2_PLACEMENT_3D('',#7789,#7790,#7791);
#7789 = CARTESIAN_POINT('',(-2.347762385714E-02,4.724897870396E-03,0.));
#7790 = DIRECTION('',(-0.,-0.,-1.));
#7791 = DIRECTION('',(-0.245779643878,-0.969325727841,0.));
#7792 = ADVANCED_FACE('',(#7793),#7804,.F.);
#7793 = FACE_BOUND('',#7794,.F.);
#7794 = EDGE_LOOP('',(#7795,#7796,#7797,#7803));
#7795 = ORIENTED_EDGE('',*,*,#7764,.T.);
#7796 = ORIENTED_EDGE('',*,*,#3250,.T.);
#7797 = ORIENTED_EDGE('',*,*,#7798,.F.);
#7798 = EDGE_CURVE('',#793,#3251,#7799,.T.);
#7799 = LINE('',#7800,#7801);
#7800 = CARTESIAN_POINT('',(-1.609230836769,16.362244549644,0.));
#7801 = VECTOR('',#7802,1.);
#7802 = DIRECTION('',(0.,0.,1.));
#7803 = ORIENTED_EDGE('',*,*,#792,.F.);
#7804 = CYLINDRICAL_SURFACE('',#7805,0.493105882353);
#7805 = AXIS2_PLACEMENT_3D('',#7806,#7807,#7808);
#7806 = CARTESIAN_POINT('',(-1.657651026702,16.852967380189,0.));
#7807 = DIRECTION('',(0.,0.,-1.));
#7808 = DIRECTION('',(0.99651720324,8.338743098338E-02,0.));
#7809 = ADVANCED_FACE('',(#7810),#7821,.F.);
#7810 = FACE_BOUND('',#7811,.F.);
#7811 = EDGE_LOOP('',(#7812,#7818,#7819,#7820));
#7812 = ORIENTED_EDGE('',*,*,#7813,.T.);
#7813 = EDGE_CURVE('',#1884,#4342,#7814,.T.);
#7814 = LINE('',#7815,#7816);
#7815 = CARTESIAN_POINT('',(-5.006443540068,-16.96670596805,0.));
#7816 = VECTOR('',#7817,1.);
#7817 = DIRECTION('',(0.,0.,1.));
#7818 = ORIENTED_EDGE('',*,*,#4350,.T.);
#7819 = ORIENTED_EDGE('',*,*,#7779,.F.);
#7820 = ORIENTED_EDGE('',*,*,#1892,.F.);
#7821 = SURFACE_OF_LINEAR_EXTRUSION('',#7822,#7827);
#7822 = B_SPLINE_CURVE_WITH_KNOTS('',3,(#7823,#7824,#7825,#7826),
  .UNSPECIFIED.,.F.,.F.,(4,4),(0.,1.),.PIECEWISE_BEZIER_KNOTS.);
#7823 = CARTESIAN_POINT('',(-5.006443540068,-16.96670596805,0.));
#7824 = CARTESIAN_POINT('',(-5.015059505503,-17.3743686449,0.));
#7825 = CARTESIAN_POINT('',(-4.974809805876,-17.97660244971,0.));
#7826 = CARTESIAN_POINT('',(-4.781991285255,-18.76228788439,0.));
#7827 = VECTOR('',#7828,1.);
#7828 = DIRECTION('',(-0.,-0.,-1.));
#7829 = ADVANCED_FACE('',(#7830),#7841,.T.);
#7830 = FACE_BOUND('',#7831,.F.);
#7831 = EDGE_LOOP('',(#7832,#7833,#7834,#7840));
#7832 = ORIENTED_EDGE('',*,*,#7798,.T.);
#7833 = ORIENTED_EDGE('',*,*,#3259,.T.);
#7834 = ORIENTED_EDGE('',*,*,#7835,.F.);
#7835 = EDGE_CURVE('',#802,#3260,#7836,.T.);
#7836 = LINE('',#7837,#7838);
#7837 = CARTESIAN_POINT('',(-2.072057878899,16.310096466142,0.));
#7838 = VECTOR('',#7839,1.);
#7839 = DIRECTION('',(0.,0.,1.));
#7840 = ORIENTED_EDGE('',*,*,#801,.F.);
#7841 = CYLINDRICAL_SURFACE('',#7842,16.441188235292);
#7842 = AXIS2_PLACEMENT_3D('',#7843,#7844,#7845);
#7843 = CARTESIAN_POINT('',(-1.6208E-13,1.96854E-12,0.));
#7844 = DIRECTION('',(-0.,-0.,-1.));
#7845 = DIRECTION('',(-9.787801305714E-02,0.995198419693,0.));
#7846 = ADVANCED_FACE('',(#7847),#7858,.F.);
#7847 = FACE_BOUND('',#7848,.F.);
#7848 = EDGE_LOOP('',(#7849,#7855,#7856,#7857));
#7849 = ORIENTED_EDGE('',*,*,#7850,.T.);
#7850 = EDGE_CURVE('',#1876,#4334,#7851,.T.);
#7851 = LINE('',#7852,#7853);
#7852 = CARTESIAN_POINT('',(-4.94232346446,-16.36650398142,0.));
#7853 = VECTOR('',#7854,1.);
#7854 = DIRECTION('',(0.,0.,1.));
#7855 = ORIENTED_EDGE('',*,*,#4341,.T.);
#7856 = ORIENTED_EDGE('',*,*,#7813,.F.);
#7857 = ORIENTED_EDGE('',*,*,#1883,.F.);
#7858 = SURFACE_OF_LINEAR_EXTRUSION('',#7859,#7864);
#7859 = B_SPLINE_CURVE_WITH_KNOTS('',3,(#7860,#7861,#7862,#7863),
  .UNSPECIFIED.,.F.,.F.,(4,4),(0.,1.),.PIECEWISE_BEZIER_KNOTS.);
#7860 = CARTESIAN_POINT('',(-4.94232346446,-16.36650398142,0.));
#7861 = CARTESIAN_POINT('',(-4.958057369567,-16.4309693846,0.));
#7862 = CARTESIAN_POINT('',(-4.998524601315,-16.62690700584,0.));
#7863 = CARTESIAN_POINT('',(-5.006443540068,-16.96670596805,0.));
#7864 = VECTOR('',#7865,1.);
#7865 = DIRECTION('',(-0.,-0.,-1.));
#7866 = ADVANCED_FACE('',(#7867),#7878,.F.);
#7867 = FACE_BOUND('',#7868,.F.);
#7868 = EDGE_LOOP('',(#7869,#7870,#7871,#7877));
#7869 = ORIENTED_EDGE('',*,*,#7835,.T.);
#7870 = ORIENTED_EDGE('',*,*,#3268,.T.);
#7871 = ORIENTED_EDGE('',*,*,#7872,.F.);
#7872 = EDGE_CURVE('',#811,#3269,#7873,.T.);
#7873 = LINE('',#7874,#7875);
#7874 = CARTESIAN_POINT('',(-2.622265947139,16.730034027624,0.));
#7875 = VECTOR('',#7876,1.);
#7876 = DIRECTION('',(0.,0.,1.));
#7877 = ORIENTED_EDGE('',*,*,#810,.F.);
#7878 = CYLINDRICAL_SURFACE('',#7879,0.493105882353);
#7879 = AXIS2_PLACEMENT_3D('',#7880,#7881,#7882);
#7880 = CARTESIAN_POINT('',(-2.134047786786,16.799290356672,0.));
#7881 = DIRECTION('',(0.,0.,-1.));
#7882 = DIRECTION('',(0.125713178662,-0.992066629169,0.));
#7883 = ADVANCED_FACE('',(#7884),#7895,.F.);
#7884 = FACE_BOUND('',#7885,.F.);
#7885 = EDGE_LOOP('',(#7886,#7892,#7893,#7894));
#7886 = ORIENTED_EDGE('',*,*,#7887,.T.);
#7887 = EDGE_CURVE('',#1867,#4325,#7888,.T.);
#7888 = LINE('',#7889,#7890);
#7889 = CARTESIAN_POINT('',(-4.896309737737,-16.21099837194,0.));
#7890 = VECTOR('',#7891,1.);
#7891 = DIRECTION('',(0.,0.,1.));
#7892 = ORIENTED_EDGE('',*,*,#4333,.T.);
#7893 = ORIENTED_EDGE('',*,*,#7850,.F.);
#7894 = ORIENTED_EDGE('',*,*,#1875,.F.);
#7895 = PLANE('',#7896);
#7896 = AXIS2_PLACEMENT_3D('',#7897,#7898,#7899);
#7897 = CARTESIAN_POINT('',(-4.896309737737,-16.21099837194,0.));
#7898 = DIRECTION('',(0.958902200005,-0.283736798503,0.));
#7899 = DIRECTION('',(-0.283736798503,-0.958902200005,0.));
#7900 = ADVANCED_FACE('',(#7901),#7912,.F.);
#7901 = FACE_BOUND('',#7902,.F.);
#7902 = EDGE_LOOP('',(#7903,#7904,#7905,#7911));
#7903 = ORIENTED_EDGE('',*,*,#7872,.T.);
#7904 = ORIENTED_EDGE('',*,*,#3277,.T.);
#7905 = ORIENTED_EDGE('',*,*,#7906,.F.);
#7906 = EDGE_CURVE('',#820,#3278,#7907,.T.);
#7907 = LINE('',#7908,#7909);
#7908 = CARTESIAN_POINT('',(-2.648280367163,16.890104348356,0.));
#7909 = VECTOR('',#7910,1.);
#7910 = DIRECTION('',(0.,0.,1.));
#7911 = ORIENTED_EDGE('',*,*,#819,.F.);
#7912 = PLANE('',#7913);
#7913 = AXIS2_PLACEMENT_3D('',#7914,#7915,#7916);
#7914 = CARTESIAN_POINT('',(-2.622265947139,16.730034027624,0.));
#7915 = DIRECTION('',(-0.987049812628,-0.160414049857,0.));
#7916 = DIRECTION('',(-0.160414049857,0.987049812628,0.));
#7917 = ADVANCED_FACE('',(#7918),#7929,.F.);
#7918 = FACE_BOUND('',#7919,.F.);
#7919 = EDGE_LOOP('',(#7920,#7926,#7927,#7928));
#7920 = ORIENTED_EDGE('',*,*,#7921,.T.);
#7921 = EDGE_CURVE('',#1858,#4316,#7922,.T.);
#7922 = LINE('',#7923,#7924);
#7923 = CARTESIAN_POINT('',(-5.209825998718,-15.59392136864,0.));
#7924 = VECTOR('',#7925,1.);
#7925 = DIRECTION('',(0.,0.,1.));
#7926 = ORIENTED_EDGE('',*,*,#4324,.T.);
#7927 = ORIENTED_EDGE('',*,*,#7887,.F.);
#7928 = ORIENTED_EDGE('',*,*,#1866,.F.);
#7929 = CYLINDRICAL_SURFACE('',#7930,0.493105882353);
#7930 = AXIS2_PLACEMENT_3D('',#7931,#7932,#7933);
#7931 = CARTESIAN_POINT('',(-5.366228295964,-16.0615662474,0.));
#7932 = DIRECTION('',(0.,0.,-1.));
#7933 = DIRECTION('',(0.317177918258,0.94836605178,0.));
#7934 = ADVANCED_FACE('',(#7935),#7946,.F.);
#7935 = FACE_BOUND('',#7936,.F.);
#7936 = EDGE_LOOP('',(#7937,#7938,#7939,#7945));
#7937 = ORIENTED_EDGE('',*,*,#7906,.T.);
#7938 = ORIENTED_EDGE('',*,*,#3285,.T.);
#7939 = ORIENTED_EDGE('',*,*,#7940,.F.);
#7940 = EDGE_CURVE('',#828,#3286,#7941,.T.);
#7941 = LINE('',#7942,#7943);
#7942 = CARTESIAN_POINT('',(-2.850928057417,17.458688310921,0.));
#7943 = VECTOR('',#7944,1.);
#7944 = DIRECTION('',(0.,0.,1.));
#7945 = ORIENTED_EDGE('',*,*,#827,.F.);
#7946 = SURFACE_OF_LINEAR_EXTRUSION('',#7947,#7952);
#7947 = B_SPLINE_CURVE_WITH_KNOTS('',3,(#7948,#7949,#7950,#7951),
  .UNSPECIFIED.,.F.,.F.,(4,4),(0.,1.),.PIECEWISE_BEZIER_KNOTS.);
#7948 = CARTESIAN_POINT('',(-2.648280367163,16.890104348356,0.));
#7949 = CARTESIAN_POINT('',(-2.662075098662,16.955012355249,0.));
#7950 = CARTESIAN_POINT('',(-2.710629530427,17.149104125865,0.));
#7951 = CARTESIAN_POINT('',(-2.850928057417,17.458688310921,0.));
#7952 = VECTOR('',#7953,1.);
#7953 = DIRECTION('',(-0.,-0.,-1.));
#7954 = ADVANCED_FACE('',(#7955),#7966,.T.);
#7955 = FACE_BOUND('',#7956,.F.);
#7956 = EDGE_LOOP('',(#7957,#7963,#7964,#7965));
#7957 = ORIENTED_EDGE('',*,*,#7958,.T.);
#7958 = EDGE_CURVE('',#1849,#4307,#7959,.T.);
#7959 = LINE('',#7960,#7961);
#7960 = CARTESIAN_POINT('',(-5.649444960358,-15.44009204079,0.));
#7961 = VECTOR('',#7962,1.);
#7962 = DIRECTION('',(0.,0.,1.));
#7963 = ORIENTED_EDGE('',*,*,#4315,.T.);
#7964 = ORIENTED_EDGE('',*,*,#7921,.F.);
#7965 = ORIENTED_EDGE('',*,*,#1857,.F.);
#7966 = CYLINDRICAL_SURFACE('',#7967,16.44118823533);
#7967 = AXIS2_PLACEMENT_3D('',#7968,#7969,#7970);
#7968 = CARTESIAN_POINT('',(1.189135E-11,3.425586E-11,0.));
#7969 = DIRECTION('',(-0.,-0.,-1.));
#7970 = DIRECTION('',(-0.343615368884,-0.939110471812,0.));
#7971 = ADVANCED_FACE('',(#7972),#7983,.F.);
#7972 = FACE_BOUND('',#7973,.F.);
#7973 = EDGE_LOOP('',(#7974,#7975,#7976,#7982));
#7974 = ORIENTED_EDGE('',*,*,#7940,.T.);
#7975 = ORIENTED_EDGE('',*,*,#3294,.T.);
#7976 = ORIENTED_EDGE('',*,*,#7977,.F.);
#7977 = EDGE_CURVE('',#837,#3295,#7978,.T.);
#7978 = LINE('',#7979,#7980);
#7979 = CARTESIAN_POINT('',(-3.832226347086,18.979065533737,0.));
#7980 = VECTOR('',#7981,1.);
#7981 = DIRECTION('',(0.,0.,1.));
#7982 = ORIENTED_EDGE('',*,*,#836,.F.);
#7983 = SURFACE_OF_LINEAR_EXTRUSION('',#7984,#7989);
#7984 = B_SPLINE_CURVE_WITH_KNOTS('',3,(#7985,#7986,#7987,#7988),
  .UNSPECIFIED.,.F.,.F.,(4,4),(0.,1.),.PIECEWISE_BEZIER_KNOTS.);
#7985 = CARTESIAN_POINT('',(-2.850928057417,17.458688310921,0.));
#7986 = CARTESIAN_POINT('',(-3.020043547323,17.829718018667,0.));
#7987 = CARTESIAN_POINT('',(-3.31760672868,18.354848237821,0.));
#7988 = CARTESIAN_POINT('',(-3.832226347086,18.979065533737,0.));
#7989 = VECTOR('',#7990,1.);
#7990 = DIRECTION('',(-0.,-0.,-1.));
#7991 = ADVANCED_FACE('',(#7992),#8003,.F.);
#7992 = FACE_BOUND('',#7993,.F.);
#7993 = EDGE_LOOP('',(#7994,#8000,#8001,#8002));
#7994 = ORIENTED_EDGE('',*,*,#7995,.T.);
#7995 = EDGE_CURVE('',#1841,#4299,#7996,.T.);
#7996 = LINE('',#7997,#7998);
#7997 = CARTESIAN_POINT('',(-6.279303061977,-15.72706807764,0.));
#7998 = VECTOR('',#7999,1.);
#7999 = DIRECTION('',(0.,0.,1.));
#8000 = ORIENTED_EDGE('',*,*,#4306,.T.);
#8001 = ORIENTED_EDGE('',*,*,#7958,.F.);
#8002 = ORIENTED_EDGE('',*,*,#1848,.F.);
#8003 = CYLINDRICAL_SURFACE('',#8004,0.493105882353);
#8004 = AXIS2_PLACEMENT_3D('',#8005,#8006,#8007);
#8005 = CARTESIAN_POINT('',(-5.818736533238,-15.90322676694,0.));
#8006 = DIRECTION('',(0.,0.,-1.));
#8007 = DIRECTION('',(-0.934011426799,0.357243130947,0.));
#8008 = ADVANCED_FACE('',(#8009),#8020,.T.);
#8009 = FACE_BOUND('',#8010,.F.);
#8010 = EDGE_LOOP('',(#8011,#8012,#8013,#8019));
#8011 = ORIENTED_EDGE('',*,*,#7977,.T.);
#8012 = ORIENTED_EDGE('',*,*,#3303,.T.);
#8013 = ORIENTED_EDGE('',*,*,#8014,.F.);
#8014 = EDGE_CURVE('',#846,#3304,#8015,.T.);
#8015 = LINE('',#8016,#8017);
#8016 = CARTESIAN_POINT('',(-4.782124271574,18.761010326898,0.));
#8017 = VECTOR('',#8018,1.);
#8018 = DIRECTION('',(0.,0.,1.));
#8019 = ORIENTED_EDGE('',*,*,#845,.F.);
#8020 = CYLINDRICAL_SURFACE('',#8021,19.360894117667);
#8021 = AXIS2_PLACEMENT_3D('',#8022,#8023,#8024);
#8022 = CARTESIAN_POINT('',(2.320266454296E-02,5.929573337836E-03,0.));
#8023 = DIRECTION('',(-0.,-0.,-1.));
#8024 = DIRECTION('',(-0.199134863721,0.979972094527,0.));
#8025 = ADVANCED_FACE('',(#8026),#8037,.F.);
#8026 = FACE_BOUND('',#8027,.F.);
#8027 = EDGE_LOOP('',(#8028,#8034,#8035,#8036));
#8028 = ORIENTED_EDGE('',*,*,#8029,.T.);
#8029 = EDGE_CURVE('',#1832,#4290,#8030,.T.);
#8030 = LINE('',#8031,#8032);
#8031 = CARTESIAN_POINT('',(-6.340284243446,-15.87733634819,0.));
#8032 = VECTOR('',#8033,1.);
#8033 = DIRECTION('',(0.,0.,1.));
#8034 = ORIENTED_EDGE('',*,*,#4298,.T.);
#8035 = ORIENTED_EDGE('',*,*,#7995,.F.);
#8036 = ORIENTED_EDGE('',*,*,#1840,.F.);
#8037 = PLANE('',#8038);
#8038 = AXIS2_PLACEMENT_3D('',#8039,#8040,#8041);
#8039 = CARTESIAN_POINT('',(-6.340284243446,-15.87733634819,0.));
#8040 = DIRECTION('',(-0.926606928851,0.376031380879,0.));
#8041 = DIRECTION('',(0.376031380879,0.926606928851,0.));
#8042 = ADVANCED_FACE('',(#8043),#8054,.F.);
#8043 = FACE_BOUND('',#8044,.F.);
#8044 = EDGE_LOOP('',(#8045,#8046,#8047,#8053));
#8045 = ORIENTED_EDGE('',*,*,#8014,.T.);
#8046 = ORIENTED_EDGE('',*,*,#3312,.T.);
#8047 = ORIENTED_EDGE('',*,*,#8048,.F.);
#8048 = EDGE_CURVE('',#855,#3313,#8049,.T.);
#8049 = LINE('',#8050,#8051);
#8050 = CARTESIAN_POINT('',(-5.006443540068,16.966705968059,0.));
#8051 = VECTOR('',#8052,1.);
#8052 = DIRECTION('',(0.,0.,1.));
#8053 = ORIENTED_EDGE('',*,*,#854,.F.);
#8054 = SURFACE_OF_LINEAR_EXTRUSION('',#8055,#8060);
#8055 = B_SPLINE_CURVE_WITH_KNOTS('',3,(#8056,#8057,#8058,#8059),
  .UNSPECIFIED.,.F.,.F.,(4,4),(0.,1.),.PIECEWISE_BEZIER_KNOTS.);
#8056 = CARTESIAN_POINT('',(-4.782124271574,18.761010326898,0.));
#8057 = CARTESIAN_POINT('',(-4.974809805876,17.976602449712,0.));
#8058 = CARTESIAN_POINT('',(-5.015059505503,17.374368644908,0.));
#8059 = CARTESIAN_POINT('',(-5.006443540068,16.966705968059,0.));
#8060 = VECTOR('',#8061,1.);
#8061 = DIRECTION('',(-0.,-0.,-1.));
#8062 = ADVANCED_FACE('',(#8063),#8074,.F.);
#8063 = FACE_BOUND('',#8064,.F.);
#8064 = EDGE_LOOP('',(#8065,#8071,#8072,#8073));
#8065 = ORIENTED_EDGE('',*,*,#8066,.T.);
#8066 = EDGE_CURVE('',#1823,#4281,#8067,.T.);
#8067 = LINE('',#8068,#8069);
#8068 = CARTESIAN_POINT('',(-6.664372967396,-16.38657137042,0.));
#8069 = VECTOR('',#8070,1.);
#8070 = DIRECTION('',(0.,0.,1.));
#8071 = ORIENTED_EDGE('',*,*,#4289,.T.);
#8072 = ORIENTED_EDGE('',*,*,#8029,.F.);
#8073 = ORIENTED_EDGE('',*,*,#1831,.F.);
#8074 = SURFACE_OF_LINEAR_EXTRUSION('',#8075,#8080);
#8075 = B_SPLINE_CURVE_WITH_KNOTS('',3,(#8076,#8077,#8078,#8079),
  .UNSPECIFIED.,.F.,.F.,(4,4),(0.,1.),.PIECEWISE_BEZIER_KNOTS.);
#8076 = CARTESIAN_POINT('',(-6.664372967396,-16.38657137042,0.));
#8077 = CARTESIAN_POINT('',(-6.458703055399,-16.11596846649,0.));
#8078 = CARTESIAN_POINT('',(-6.368176502541,-15.9375473593,0.));
#8079 = CARTESIAN_POINT('',(-6.340284243446,-15.87733634819,0.));
#8080 = VECTOR('',#8081,1.);
#8081 = DIRECTION('',(-0.,-0.,-1.));
#8082 = ADVANCED_FACE('',(#8083),#8094,.F.);
#8083 = FACE_BOUND('',#8084,.F.);
#8084 = EDGE_LOOP('',(#8085,#8086,#8087,#8093));
#8085 = ORIENTED_EDGE('',*,*,#8048,.T.);
#8086 = ORIENTED_EDGE('',*,*,#3321,.T.);
#8087 = ORIENTED_EDGE('',*,*,#8088,.F.);
#8088 = EDGE_CURVE('',#864,#3322,#8089,.T.);
#8089 = LINE('',#8090,#8091);
#8090 = CARTESIAN_POINT('',(-4.94232346446,16.366503981429,0.));
#8091 = VECTOR('',#8092,1.);
#8092 = DIRECTION('',(0.,0.,1.));
#8093 = ORIENTED_EDGE('',*,*,#863,.F.);
#8094 = SURFACE_OF_LINEAR_EXTRUSION('',#8095,#8100);
#8095 = B_SPLINE_CURVE_WITH_KNOTS('',3,(#8096,#8097,#8098,#8099),
  .UNSPECIFIED.,.F.,.F.,(4,4),(0.,1.),.PIECEWISE_BEZIER_KNOTS.);
#8096 = CARTESIAN_POINT('',(-5.006443540068,16.966705968059,0.));
#8097 = CARTESIAN_POINT('',(-4.998524601315,16.626907005845,0.));
#8098 = CARTESIAN_POINT('',(-4.958057369567,16.4309693846,0.));
#8099 = CARTESIAN_POINT('',(-4.94232346446,16.366503981429,0.));
#8100 = VECTOR('',#8101,1.);
#8101 = DIRECTION('',(-0.,-0.,-1.));
#8102 = ADVANCED_FACE('',(#8103),#8114,.F.);
#8103 = FACE_BOUND('',#8104,.F.);
#8104 = EDGE_LOOP('',(#8105,#8111,#8112,#8113));
#8105 = ORIENTED_EDGE('',*,*,#8106,.T.);
#8106 = EDGE_CURVE('',#1814,#4272,#8107,.T.);
#8107 = LINE('',#8108,#8109);
#8108 = CARTESIAN_POINT('',(-7.958483302796,-17.64955423102,0.));
#8109 = VECTOR('',#8110,1.);
#8110 = DIRECTION('',(0.,0.,1.));
#8111 = ORIENTED_EDGE('',*,*,#4280,.T.);
#8112 = ORIENTED_EDGE('',*,*,#8066,.F.);
#8113 = ORIENTED_EDGE('',*,*,#1822,.F.);
#8114 = SURFACE_OF_LINEAR_EXTRUSION('',#8115,#8120);
#8115 = B_SPLINE_CURVE_WITH_KNOTS('',3,(#8116,#8117,#8118,#8119),
  .UNSPECIFIED.,.F.,.F.,(4,4),(0.,1.),.PIECEWISE_BEZIER_KNOTS.);
#8116 = CARTESIAN_POINT('',(-7.958483302796,-17.64955423102,0.));
#8117 = CARTESIAN_POINT('',(-7.318765373939,-17.15641692314,0.));
#8118 = CARTESIAN_POINT('',(-6.911810255981,-16.71066685199,0.));
#8119 = CARTESIAN_POINT('',(-6.664372967396,-16.38657137042,0.));
#8120 = VECTOR('',#8121,1.);
#8121 = DIRECTION('',(-0.,-0.,-1.));
#8122 = ADVANCED_FACE('',(#8123),#8134,.F.);
#8123 = FACE_BOUND('',#8124,.F.);
#8124 = EDGE_LOOP('',(#8125,#8126,#8127,#8133));
#8125 = ORIENTED_EDGE('',*,*,#8088,.T.);
#8126 = ORIENTED_EDGE('',*,*,#3330,.T.);
#8127 = ORIENTED_EDGE('',*,*,#8128,.F.);
#8128 = EDGE_CURVE('',#873,#3331,#8129,.T.);
#8129 = LINE('',#8130,#8131);
#8130 = CARTESIAN_POINT('',(-4.896309737737,16.210998371942,0.));
#8131 = VECTOR('',#8132,1.);
#8132 = DIRECTION('',(0.,0.,1.));
#8133 = ORIENTED_EDGE('',*,*,#872,.F.);
#8134 = PLANE('',#8135);
#8135 = AXIS2_PLACEMENT_3D('',#8136,#8137,#8138);
#8136 = CARTESIAN_POINT('',(-4.94232346446,16.366503981429,0.));
#8137 = DIRECTION('',(0.958902200005,0.283736798503,0.));
#8138 = DIRECTION('',(0.283736798503,-0.958902200005,0.));
#8139 = ADVANCED_FACE('',(#8140),#8151,.T.);
#8140 = FACE_BOUND('',#8141,.F.);
#8141 = EDGE_LOOP('',(#8142,#8148,#8149,#8150));
#8142 = ORIENTED_EDGE('',*,*,#8143,.T.);
#8143 = EDGE_CURVE('',#1805,#4263,#8144,.T.);
#8144 = LINE('',#8145,#8146);
#8145 = CARTESIAN_POINT('',(-8.837098602998,-17.22778498792,0.));
#8146 = VECTOR('',#8147,1.);
#8147 = DIRECTION('',(0.,0.,1.));
#8148 = ORIENTED_EDGE('',*,*,#4271,.T.);
#8149 = ORIENTED_EDGE('',*,*,#8106,.F.);
#8150 = ORIENTED_EDGE('',*,*,#1813,.F.);
#8151 = CYLINDRICAL_SURFACE('',#8152,19.36089411765);
#8152 = AXIS2_PLACEMENT_3D('',#8153,#8154,#8155);
#8153 = CARTESIAN_POINT('',(-2.183760212996E-02,9.830697589565E-03,0.));
#8154 = DIRECTION('',(-0.,-0.,-1.));
#8155 = DIRECTION('',(-0.45531270133,-0.890331592165,0.));
#8156 = ADVANCED_FACE('',(#8157),#8168,.F.);
#8157 = FACE_BOUND('',#8158,.F.);
#8158 = EDGE_LOOP('',(#8159,#8160,#8161,#8167));
#8159 = ORIENTED_EDGE('',*,*,#8128,.T.);
#8160 = ORIENTED_EDGE('',*,*,#3338,.T.);
#8161 = ORIENTED_EDGE('',*,*,#8162,.F.);
#8162 = EDGE_CURVE('',#881,#3339,#8163,.T.);
#8163 = LINE('',#8164,#8165);
#8164 = CARTESIAN_POINT('',(-5.209825998718,15.593921368644,0.));
#8165 = VECTOR('',#8166,1.);
#8166 = DIRECTION('',(0.,0.,1.));
#8167 = ORIENTED_EDGE('',*,*,#880,.F.);
#8168 = CYLINDRICAL_SURFACE('',#8169,0.493105882353);
#8169 = AXIS2_PLACEMENT_3D('',#8170,#8171,#8172);
#8170 = CARTESIAN_POINT('',(-5.366228295964,16.061566247401,0.));
#8171 = DIRECTION('',(0.,0.,-1.));
#8172 = DIRECTION('',(0.952976987386,0.303042672759,0.));
#8173 = ADVANCED_FACE('',(#8174),#8185,.F.);
#8174 = FACE_BOUND('',#8175,.F.);
#8175 = EDGE_LOOP('',(#8176,#8182,#8183,#8184));
#8176 = ORIENTED_EDGE('',*,*,#8177,.T.);
#8177 = EDGE_CURVE('',#1796,#4254,#8178,.T.);
#8178 = LINE('',#8179,#8180);
#8179 = CARTESIAN_POINT('',(-8.656368806149,-15.4272767337,0.));
#8180 = VECTOR('',#8181,1.);
#8181 = DIRECTION('',(0.,0.,1.));
#8182 = ORIENTED_EDGE('',*,*,#4262,.T.);
#8183 = ORIENTED_EDGE('',*,*,#8143,.F.);
#8184 = ORIENTED_EDGE('',*,*,#1804,.F.);
#8185 = SURFACE_OF_LINEAR_EXTRUSION('',#8186,#8191);
#8186 = B_SPLINE_CURVE_WITH_KNOTS('',3,(#8187,#8188,#8189,#8190),
  .UNSPECIFIED.,.F.,.F.,(4,4),(0.,1.),.PIECEWISE_BEZIER_KNOTS.);
#8187 = CARTESIAN_POINT('',(-8.656368806149,-15.4272767337,0.));
#8188 = CARTESIAN_POINT('',(-8.755482230934,-15.82280122344,0.));
#8189 = CARTESIAN_POINT('',(-8.850251304016,-16.41889217016,0.));
#8190 = CARTESIAN_POINT('',(-8.837098602998,-17.22778498792,0.));
#8191 = VECTOR('',#8192,1.);
#8192 = DIRECTION('',(-0.,-0.,-1.));
#8193 = ADVANCED_FACE('',(#8194),#8205,.T.);
#8194 = FACE_BOUND('',#8195,.F.);
#8195 = EDGE_LOOP('',(#8196,#8197,#8198,#8204));
#8196 = ORIENTED_EDGE('',*,*,#8162,.T.);
#8197 = ORIENTED_EDGE('',*,*,#3347,.T.);
#8198 = ORIENTED_EDGE('',*,*,#8199,.F.);
#8199 = EDGE_CURVE('',#890,#3348,#8200,.T.);
#8200 = LINE('',#8201,#8202);
#8201 = CARTESIAN_POINT('',(-5.649444960358,15.440092040796,0.));
#8202 = VECTOR('',#8203,1.);
#8203 = DIRECTION('',(0.,0.,1.));
#8204 = ORIENTED_EDGE('',*,*,#889,.F.);
#8205 = CYLINDRICAL_SURFACE('',#8206,16.441188235314);
#8206 = AXIS2_PLACEMENT_3D('',#8207,#8208,#8209);
#8207 = CARTESIAN_POINT('',(6.57814E-12,-1.878413E-11,0.));
#8208 = DIRECTION('',(-0.,-0.,-1.));
#8209 = DIRECTION('',(-0.31687648874,0.948466810639,0.));
#8210 = ADVANCED_FACE('',(#8211),#8222,.F.);
#8211 = FACE_BOUND('',#8212,.F.);
#8212 = EDGE_LOOP('',(#8213,#8219,#8220,#8221));
#8213 = ORIENTED_EDGE('',*,*,#8214,.T.);
#8214 = EDGE_CURVE('',#1788,#4246,#8215,.T.);
#8215 = LINE('',#8216,#8217);
#8216 = CARTESIAN_POINT('',(-8.46029884808,-14.8563911231,0.));
#8217 = VECTOR('',#8218,1.);
#8218 = DIRECTION('',(0.,0.,1.));
#8219 = ORIENTED_EDGE('',*,*,#4253,.T.);
#8220 = ORIENTED_EDGE('',*,*,#8177,.F.);
#8221 = ORIENTED_EDGE('',*,*,#1795,.F.);
#8222 = SURFACE_OF_LINEAR_EXTRUSION('',#8223,#8228);
#8223 = B_SPLINE_CURVE_WITH_KNOTS('',3,(#8224,#8225,#8226,#8227),
  .UNSPECIFIED.,.F.,.F.,(4,4),(0.,1.),.PIECEWISE_BEZIER_KNOTS.);
#8224 = CARTESIAN_POINT('',(-8.46029884808,-14.8563911231,0.));
#8225 = CARTESIAN_POINT('',(-8.489983173058,-14.91573912076,0.));
#8226 = CARTESIAN_POINT('',(-8.573036029295,-15.09775937056,0.));
#8227 = CARTESIAN_POINT('',(-8.656368806149,-15.4272767337,0.));
#8228 = VECTOR('',#8229,1.);
#8229 = DIRECTION('',(-0.,-0.,-1.));
#8230 = ADVANCED_FACE('',(#8231),#8242,.F.);
#8231 = FACE_BOUND('',#8232,.F.);
#8232 = EDGE_LOOP('',(#8233,#8234,#8235,#8241));
#8233 = ORIENTED_EDGE('',*,*,#8199,.T.);
#8234 = ORIENTED_EDGE('',*,*,#3356,.T.);
#8235 = ORIENTED_EDGE('',*,*,#8236,.F.);
#8236 = EDGE_CURVE('',#899,#3357,#8237,.T.);
#8237 = LINE('',#8238,#8239);
#8238 = CARTESIAN_POINT('',(-6.279303061977,15.727068077643,0.));
#8239 = VECTOR('',#8240,1.);
#8240 = DIRECTION('',(0.,0.,1.));
#8241 = ORIENTED_EDGE('',*,*,#898,.F.);
#8242 = CYLINDRICAL_SURFACE('',#8243,0.493105882353);
#8243 = AXIS2_PLACEMENT_3D('',#8244,#8245,#8246);
#8244 = CARTESIAN_POINT('',(-5.818736533238,15.903226766943,0.));
#8245 = DIRECTION('',(0.,0.,-1.));
#8246 = DIRECTION('',(0.343316879676,-0.939219633594,0.));
#8247 = ADVANCED_FACE('',(#8248),#8259,.F.);
#8248 = FACE_BOUND('',#8249,.F.);
#8249 = EDGE_LOOP('',(#8250,#8256,#8257,#8258));
#8250 = ORIENTED_EDGE('',*,*,#8251,.T.);
#8251 = EDGE_CURVE('',#1779,#4237,#8252,.T.);
#8252 = LINE('',#8253,#8254);
#8253 = CARTESIAN_POINT('',(-8.380835528096,-14.71502338136,0.));
#8254 = VECTOR('',#8255,1.);
#8255 = DIRECTION('',(0.,0.,1.));
#8256 = ORIENTED_EDGE('',*,*,#4245,.T.);
#8257 = ORIENTED_EDGE('',*,*,#8214,.F.);
#8258 = ORIENTED_EDGE('',*,*,#1787,.F.);
#8259 = PLANE('',#8260);
#8260 = AXIS2_PLACEMENT_3D('',#8261,#8262,#8263);
#8261 = CARTESIAN_POINT('',(-8.380835528096,-14.71502338136,0.));
#8262 = DIRECTION('',(0.871723142437,-0.489998737692,0.));
#8263 = DIRECTION('',(-0.489998737692,-0.871723142437,0.));
#8264 = ADVANCED_FACE('',(#8265),#8276,.F.);
#8265 = FACE_BOUND('',#8266,.F.);
#8266 = EDGE_LOOP('',(#8267,#8268,#8269,#8275));
#8267 = ORIENTED_EDGE('',*,*,#8236,.T.);
#8268 = ORIENTED_EDGE('',*,*,#3365,.T.);
#8269 = ORIENTED_EDGE('',*,*,#8270,.F.);
#8270 = EDGE_CURVE('',#908,#3366,#8271,.T.);
#8271 = LINE('',#8272,#8273);
#8272 = CARTESIAN_POINT('',(-6.340284243446,15.877336348197,0.));
#8273 = VECTOR('',#8274,1.);
#8274 = DIRECTION('',(0.,0.,1.));
#8275 = ORIENTED_EDGE('',*,*,#907,.F.);
#8276 = PLANE('',#8277);
#8277 = AXIS2_PLACEMENT_3D('',#8278,#8279,#8280);
#8278 = CARTESIAN_POINT('',(-6.279303061977,15.727068077643,0.));
#8279 = DIRECTION('',(-0.926606928851,-0.376031380879,0.));
#8280 = DIRECTION('',(-0.376031380879,0.926606928851,0.));
#8281 = ADVANCED_FACE('',(#8282),#8293,.F.);
#8282 = FACE_BOUND('',#8283,.F.);
#8283 = EDGE_LOOP('',(#8284,#8290,#8291,#8292));
#8284 = ORIENTED_EDGE('',*,*,#8285,.T.);
#8285 = EDGE_CURVE('',#1770,#4228,#8286,.T.);
#8286 = LINE('',#8287,#8288);
#8287 = CARTESIAN_POINT('',(-8.549178730753,-14.04365385567,0.));
#8288 = VECTOR('',#8289,1.);
#8289 = DIRECTION('',(0.,0.,1.));
#8290 = ORIENTED_EDGE('',*,*,#4236,.T.);
#8291 = ORIENTED_EDGE('',*,*,#8251,.F.);
#8292 = ORIENTED_EDGE('',*,*,#1778,.F.);
#8293 = CYLINDRICAL_SURFACE('',#8294,0.493105882353);
#8294 = AXIS2_PLACEMENT_3D('',#8295,#8296,#8297);
#8295 = CARTESIAN_POINT('',(-8.805720471048,-14.4647711157,0.));
#8296 = DIRECTION('',(0.,0.,-1.));
#8297 = DIRECTION('',(0.520256905212,0.854009808245,0.));
#8298 = ADVANCED_FACE('',(#8299),#8310,.F.);
#8299 = FACE_BOUND('',#8300,.F.);
#8300 = EDGE_LOOP('',(#8301,#8302,#8303,#8309));
#8301 = ORIENTED_EDGE('',*,*,#8270,.T.);
#8302 = ORIENTED_EDGE('',*,*,#3373,.T.);
#8303 = ORIENTED_EDGE('',*,*,#8304,.F.);
#8304 = EDGE_CURVE('',#916,#3374,#8305,.T.);
#8305 = LINE('',#8306,#8307);
#8306 = CARTESIAN_POINT('',(-6.664372967396,16.38657137042,0.));
#8307 = VECTOR('',#8308,1.);
#8308 = DIRECTION('',(0.,0.,1.));
#8309 = ORIENTED_EDGE('',*,*,#915,.F.);
#8310 = SURFACE_OF_LINEAR_EXTRUSION('',#8311,#8316);
#8311 = B_SPLINE_CURVE_WITH_KNOTS('',3,(#8312,#8313,#8314,#8315),
  .UNSPECIFIED.,.F.,.F.,(4,4),(0.,1.),.PIECEWISE_BEZIER_KNOTS.);
#8312 = CARTESIAN_POINT('',(-6.340284243446,15.877336348197,0.));
#8313 = CARTESIAN_POINT('',(-6.368176502541,15.937547359304,0.));
#8314 = CARTESIAN_POINT('',(-6.458703055399,16.115968466498,0.));
#8315 = CARTESIAN_POINT('',(-6.664372967396,16.38657137042,0.));
#8316 = VECTOR('',#8317,1.);
#8317 = DIRECTION('',(-0.,-0.,-1.));
#8318 = ADVANCED_FACE('',(#8319),#8330,.T.);
#8319 = FACE_BOUND('',#8320,.F.);
#8320 = EDGE_LOOP('',(#8321,#8327,#8328,#8329));
#8321 = ORIENTED_EDGE('',*,*,#8322,.T.);
#8322 = EDGE_CURVE('',#1761,#4219,#8323,.T.);
#8323 = LINE('',#8324,#8325);
#8324 = CARTESIAN_POINT('',(-8.943545281478,-13.79585692831,0.));
#8325 = VECTOR('',#8326,1.);
#8326 = DIRECTION('',(0.,0.,1.));
#8327 = ORIENTED_EDGE('',*,*,#4227,.T.);
#8328 = ORIENTED_EDGE('',*,*,#8285,.F.);
#8329 = ORIENTED_EDGE('',*,*,#1769,.F.);
#8330 = CYLINDRICAL_SURFACE('',#8331,16.441188235297);
#8331 = AXIS2_PLACEMENT_3D('',#8332,#8333,#8334);
#8332 = CARTESIAN_POINT('',(1.63949E-12,2.8122E-12,0.));
#8333 = DIRECTION('',(-0.,-0.,-1.));
#8334 = DIRECTION('',(-0.543971953455,-0.839103398786,0.));
#8335 = ADVANCED_FACE('',(#8336),#8347,.F.);
#8336 = FACE_BOUND('',#8337,.F.);
#8337 = EDGE_LOOP('',(#8338,#8339,#8340,#8346));
#8338 = ORIENTED_EDGE('',*,*,#8304,.T.);
#8339 = ORIENTED_EDGE('',*,*,#3382,.T.);
#8340 = ORIENTED_EDGE('',*,*,#8341,.F.);
#8341 = EDGE_CURVE('',#925,#3383,#8342,.T.);
#8342 = LINE('',#8343,#8344);
#8343 = CARTESIAN_POINT('',(-7.959383819759,17.650470150083,0.));
#8344 = VECTOR('',#8345,1.);
#8345 = DIRECTION('',(0.,0.,1.));
#8346 = ORIENTED_EDGE('',*,*,#924,.F.);
#8347 = SURFACE_OF_LINEAR_EXTRUSION('',#8348,#8353);
#8348 = B_SPLINE_CURVE_WITH_KNOTS('',3,(#8349,#8350,#8351,#8352),
  .UNSPECIFIED.,.F.,.F.,(4,4),(0.,1.),.PIECEWISE_BEZIER_KNOTS.);
#8349 = CARTESIAN_POINT('',(-6.664372967396,16.38657137042,0.));
#8350 = CARTESIAN_POINT('',(-6.911810255981,16.71066685199,0.));
#8351 = CARTESIAN_POINT('',(-7.318765373939,17.156416923147,0.));
#8352 = CARTESIAN_POINT('',(-7.959383819759,17.650470150083,0.));
#8353 = VECTOR('',#8354,1.);
#8354 = DIRECTION('',(-0.,-0.,-1.));
#8355 = ADVANCED_FACE('',(#8356),#8367,.F.);
#8356 = FACE_BOUND('',#8357,.F.);
#8357 = EDGE_LOOP('',(#8358,#8364,#8365,#8366));
#8358 = ORIENTED_EDGE('',*,*,#8359,.T.);
#8359 = EDGE_CURVE('',#1753,#4211,#8360,.T.);
#8360 = LINE('',#8361,#8362);
#8361 = CARTESIAN_POINT('',(-9.621469701202,-13.93548126373,0.));
#8362 = VECTOR('',#8363,1.);
#8363 = DIRECTION('',(0.,0.,1.));
#8364 = ORIENTED_EDGE('',*,*,#4218,.T.);
#8365 = ORIENTED_EDGE('',*,*,#8322,.F.);
#8366 = ORIENTED_EDGE('',*,*,#1760,.F.);
#8367 = CYLINDRICAL_SURFACE('',#8368,0.493105882353);
#8368 = AXIS2_PLACEMENT_3D('',#8369,#8370,#8371);
#8369 = CARTESIAN_POINT('',(-9.211649532985,-14.20970898102,0.));
#8370 = DIRECTION('',(0.,0.,-1.));
#8371 = DIRECTION('',(-0.831099735136,0.556123394812,0.));
#8372 = ADVANCED_FACE('',(#8373),#8384,.T.);
#8373 = FACE_BOUND('',#8374,.F.);
#8374 = EDGE_LOOP('',(#8375,#8376,#8377,#8383));
#8375 = ORIENTED_EDGE('',*,*,#8341,.T.);
#8376 = ORIENTED_EDGE('',*,*,#3391,.T.);
#8377 = ORIENTED_EDGE('',*,*,#8378,.F.);
#8378 = EDGE_CURVE('',#934,#3392,#8379,.T.);
#8379 = LINE('',#8380,#8381);
#8380 = CARTESIAN_POINT('',(-8.836943971785,17.226509869218,0.));
#8381 = VECTOR('',#8382,1.);
#8382 = DIRECTION('',(0.,0.,1.));
#8383 = ORIENTED_EDGE('',*,*,#933,.F.);
#8384 = CYLINDRICAL_SURFACE('',#8385,19.360894117645);
#8385 = AXIS2_PLACEMENT_3D('',#8386,#8387,#8388);
#8386 = CARTESIAN_POINT('',(2.130147109333E-02,1.094398515841E-02,0.));
#8387 = DIRECTION('',(-0.,-0.,-1.));
#8388 = DIRECTION('',(-0.412206442655,0.911090472255,0.));
#8389 = ADVANCED_FACE('',(#8390),#8401,.F.);
#8390 = FACE_BOUND('',#8391,.F.);
#8391 = EDGE_LOOP('',(#8392,#8398,#8399,#8400));
#8392 = ORIENTED_EDGE('',*,*,#8393,.T.);
#8393 = EDGE_CURVE('',#1744,#4202,#8394,.T.);
#8394 = LINE('',#8395,#8396);
#8395 = CARTESIAN_POINT('',(-9.714359793042,-14.06841240555,0.));
#8396 = VECTOR('',#8397,1.);
#8397 = DIRECTION('',(0.,0.,1.));
#8398 = ORIENTED_EDGE('',*,*,#4210,.T.);
#8399 = ORIENTED_EDGE('',*,*,#8359,.F.);
#8400 = ORIENTED_EDGE('',*,*,#1752,.F.);
#8401 = PLANE('',#8402);
#8402 = AXIS2_PLACEMENT_3D('',#8403,#8404,#8405);
#8403 = CARTESIAN_POINT('',(-9.714359793042,-14.06841240555,0.));
#8404 = DIRECTION('',(-0.819700104488,0.572792928293,0.));
#8405 = DIRECTION('',(0.572792928293,0.819700104488,0.));
#8406 = ADVANCED_FACE('',(#8407),#8418,.F.);
#8407 = FACE_BOUND('',#8408,.F.);
#8408 = EDGE_LOOP('',(#8409,#8410,#8411,#8417));
#8409 = ORIENTED_EDGE('',*,*,#8378,.T.);
#8410 = ORIENTED_EDGE('',*,*,#3400,.T.);
#8411 = ORIENTED_EDGE('',*,*,#8412,.F.);
#8412 = EDGE_CURVE('',#943,#3401,#8413,.T.);
#8413 = LINE('',#8414,#8415);
#8414 = CARTESIAN_POINT('',(-8.656368806149,15.427276733707,0.));
#8415 = VECTOR('',#8416,1.);
#8416 = DIRECTION('',(0.,0.,1.));
#8417 = ORIENTED_EDGE('',*,*,#942,.F.);
#8418 = SURFACE_OF_LINEAR_EXTRUSION('',#8419,#8424);
#8419 = B_SPLINE_CURVE_WITH_KNOTS('',3,(#8420,#8421,#8422,#8423),
  .UNSPECIFIED.,.F.,.F.,(4,4),(0.,1.),.PIECEWISE_BEZIER_KNOTS.);
#8420 = CARTESIAN_POINT('',(-8.836943971785,17.226509869218,0.));
#8421 = CARTESIAN_POINT('',(-8.850251304016,16.418892170161,0.));
#8422 = CARTESIAN_POINT('',(-8.755482230934,15.822801223446,0.));
#8423 = CARTESIAN_POINT('',(-8.656368806149,15.427276733707,0.));
#8424 = VECTOR('',#8425,1.);
#8425 = DIRECTION('',(-0.,-0.,-1.));
#8426 = ADVANCED_FACE('',(#8427),#8438,.F.);
#8427 = FACE_BOUND('',#8428,.F.);
#8428 = EDGE_LOOP('',(#8429,#8435,#8436,#8437));
#8429 = ORIENTED_EDGE('',*,*,#8430,.T.);
#8430 = EDGE_CURVE('',#1735,#4193,#8431,.T.);
#8431 = LINE('',#8432,#8433);
#8432 = CARTESIAN_POINT('',(-10.14363838879,-14.49276331704,0.));
#8433 = VECTOR('',#8434,1.);
#8434 = DIRECTION('',(0.,0.,1.));
#8435 = ORIENTED_EDGE('',*,*,#4201,.T.);
#8436 = ORIENTED_EDGE('',*,*,#8393,.F.);
#8437 = ORIENTED_EDGE('',*,*,#1743,.F.);
#8438 = SURFACE_OF_LINEAR_EXTRUSION('',#8439,#8444);
#8439 = B_SPLINE_CURVE_WITH_KNOTS('',3,(#8440,#8441,#8442,#8443),
  .UNSPECIFIED.,.F.,.F.,(4,4),(0.,1.),.PIECEWISE_BEZIER_KNOTS.);
#8440 = CARTESIAN_POINT('',(-10.14363838879,-14.49276331704,0.));
#8441 = CARTESIAN_POINT('',(-9.882910239978,-14.27471085379,0.));
#8442 = CARTESIAN_POINT('',(-9.754950945393,-14.12090718936,0.));
#8443 = CARTESIAN_POINT('',(-9.714359793042,-14.06841240555,0.));
#8444 = VECTOR('',#8445,1.);
#8445 = DIRECTION('',(-0.,-0.,-1.));
#8446 = ADVANCED_FACE('',(#8447),#8458,.F.);
#8447 = FACE_BOUND('',#8448,.F.);
#8448 = EDGE_LOOP('',(#8449,#8450,#8451,#8457));
#8449 = ORIENTED_EDGE('',*,*,#8412,.T.);
#8450 = ORIENTED_EDGE('',*,*,#3409,.T.);
#8451 = ORIENTED_EDGE('',*,*,#8452,.F.);
#8452 = EDGE_CURVE('',#952,#3410,#8453,.T.);
#8453 = LINE('',#8454,#8455);
#8454 = CARTESIAN_POINT('',(-8.46029884808,14.856391123104,0.));
#8455 = VECTOR('',#8456,1.);
#8456 = DIRECTION('',(0.,0.,1.));
#8457 = ORIENTED_EDGE('',*,*,#951,.F.);
#8458 = SURFACE_OF_LINEAR_EXTRUSION('',#8459,#8464);
#8459 = B_SPLINE_CURVE_WITH_KNOTS('',3,(#8460,#8461,#8462,#8463),
  .UNSPECIFIED.,.F.,.F.,(4,4),(0.,1.),.PIECEWISE_BEZIER_KNOTS.);
#8460 = CARTESIAN_POINT('',(-8.656368806149,15.427276733707,0.));
#8461 = CARTESIAN_POINT('',(-8.573036029295,15.097759370562,0.));
#8462 = CARTESIAN_POINT('',(-8.489983173058,14.915739120766,0.));
#8463 = CARTESIAN_POINT('',(-8.46029884808,14.856391123104,0.));
#8464 = VECTOR('',#8465,1.);
#8465 = DIRECTION('',(-0.,-0.,-1.));
#8466 = ADVANCED_FACE('',(#8467),#8478,.F.);
#8467 = FACE_BOUND('',#8468,.F.);
#8468 = EDGE_LOOP('',(#8469,#8475,#8476,#8477));
#8469 = ORIENTED_EDGE('',*,*,#8470,.T.);
#8470 = EDGE_CURVE('',#1726,#4184,#8471,.T.);
#8471 = LINE('',#8472,#8473);
#8472 = CARTESIAN_POINT('',(-11.68634280192,-15.43611391997,0.));
#8473 = VECTOR('',#8474,1.);
#8474 = DIRECTION('',(0.,0.,1.));
#8475 = ORIENTED_EDGE('',*,*,#4192,.T.);
#8476 = ORIENTED_EDGE('',*,*,#8430,.F.);
#8477 = ORIENTED_EDGE('',*,*,#1734,.F.);
#8478 = SURFACE_OF_LINEAR_EXTRUSION('',#8479,#8484);
#8479 = B_SPLINE_CURVE_WITH_KNOTS('',3,(#8480,#8481,#8482,#8483),
  .UNSPECIFIED.,.F.,.F.,(4,4),(0.,1.),.PIECEWISE_BEZIER_KNOTS.);
#8480 = CARTESIAN_POINT('',(-11.68634280192,-15.43611391997,0.));
#8481 = CARTESIAN_POINT('',(-10.95293056284,-15.09769122498,0.));
#8482 = CARTESIAN_POINT('',(-10.45698993719,-14.75367307168,0.));
#8483 = CARTESIAN_POINT('',(-10.14363838879,-14.49276331704,0.));
#8484 = VECTOR('',#8485,1.);
#8485 = DIRECTION('',(-0.,-0.,-1.));
#8486 = ADVANCED_FACE('',(#8487),#8498,.F.);
#8487 = FACE_BOUND('',#8488,.F.);
#8488 = EDGE_LOOP('',(#8489,#8490,#8491,#8497));
#8489 = ORIENTED_EDGE('',*,*,#8452,.T.);
#8490 = ORIENTED_EDGE('',*,*,#3418,.T.);
#8491 = ORIENTED_EDGE('',*,*,#8492,.F.);
#8492 = EDGE_CURVE('',#961,#3419,#8493,.T.);
#8493 = LINE('',#8494,#8495);
#8494 = CARTESIAN_POINT('',(-8.380835528096,14.71502338136,0.));
#8495 = VECTOR('',#8496,1.);
#8496 = DIRECTION('',(0.,0.,1.));
#8497 = ORIENTED_EDGE('',*,*,#960,.F.);
#8498 = PLANE('',#8499);
#8499 = AXIS2_PLACEMENT_3D('',#8500,#8501,#8502);
#8500 = CARTESIAN_POINT('',(-8.46029884808,14.856391123104,0.));
#8501 = DIRECTION('',(0.871723142437,0.489998737692,0.));
#8502 = DIRECTION('',(0.489998737692,-0.871723142437,0.));
#8503 = ADVANCED_FACE('',(#8504),#8515,.T.);
#8504 = FACE_BOUND('',#8505,.F.);
#8505 = EDGE_LOOP('',(#8506,#8512,#8513,#8514));
#8506 = ORIENTED_EDGE('',*,*,#8507,.T.);
#8507 = EDGE_CURVE('',#1717,#4175,#8508,.T.);
#8508 = LINE('',#8509,#8510);
#8509 = CARTESIAN_POINT('',(-12.44907689627,-14.82940901519,0.));
#8510 = VECTOR('',#8511,1.);
#8511 = DIRECTION('',(0.,0.,1.));
#8512 = ORIENTED_EDGE('',*,*,#4183,.T.);
#8513 = ORIENTED_EDGE('',*,*,#8470,.F.);
#8514 = ORIENTED_EDGE('',*,*,#1725,.F.);
#8515 = CYLINDRICAL_SURFACE('',#8516,19.360894117636);
#8516 = AXIS2_PLACEMENT_3D('',#8517,#8518,#8519);
#8517 = CARTESIAN_POINT('',(-1.910255185141E-02,1.444354508649E-02,0.));
#8518 = DIRECTION('',(-0.,-0.,-1.));
#8519 = DIRECTION('',(-0.642014478717,-0.766692512757,0.));
#8520 = ADVANCED_FACE('',(#8521),#8532,.F.);
#8521 = FACE_BOUND('',#8522,.F.);
#8522 = EDGE_LOOP('',(#8523,#8524,#8525,#8531));
#8523 = ORIENTED_EDGE('',*,*,#8492,.T.);
#8524 = ORIENTED_EDGE('',*,*,#3426,.T.);
#8525 = ORIENTED_EDGE('',*,*,#8526,.F.);
#8526 = EDGE_CURVE('',#969,#3427,#8527,.T.);
#8527 = LINE('',#8528,#8529);
#8528 = CARTESIAN_POINT('',(-8.549178730753,14.043653855675,0.));
#8529 = VECTOR('',#8530,1.);
#8530 = DIRECTION('',(0.,0.,1.));
#8531 = ORIENTED_EDGE('',*,*,#968,.F.);
#8532 = CYLINDRICAL_SURFACE('',#8533,0.493105882353);
#8533 = AXIS2_PLACEMENT_3D('',#8534,#8535,#8536);
#8534 = CARTESIAN_POINT('',(-8.805720471048,14.464771115708,0.));
#8535 = DIRECTION('',(0.,0.,-1.));
#8536 = DIRECTION('',(0.861650526098,0.507502089527,0.));
#8537 = ADVANCED_FACE('',(#8538),#8549,.F.);
#8538 = FACE_BOUND('',#8539,.F.);
#8539 = EDGE_LOOP('',(#8540,#8546,#8547,#8548));
#8540 = ORIENTED_EDGE('',*,*,#8541,.T.);
#8541 = EDGE_CURVE('',#1708,#4166,#8542,.T.);
#8542 = LINE('',#8543,#8544);
#8543 = CARTESIAN_POINT('',(-11.87222759444,-13.11425942522,0.));
#8544 = VECTOR('',#8545,1.);
#8545 = DIRECTION('',(0.,0.,1.));
#8546 = ORIENTED_EDGE('',*,*,#4174,.T.);
#8547 = ORIENTED_EDGE('',*,*,#8507,.F.);
#8548 = ORIENTED_EDGE('',*,*,#1716,.F.);
#8549 = SURFACE_OF_LINEAR_EXTRUSION('',#8550,#8555);
#8550 = B_SPLINE_CURVE_WITH_KNOTS('',3,(#8551,#8552,#8553,#8554),
  .UNSPECIFIED.,.F.,.F.,(4,4),(0.,1.),.PIECEWISE_BEZIER_KNOTS.);
#8551 = CARTESIAN_POINT('',(-11.87222759444,-13.11425942522,0.));
#8552 = CARTESIAN_POINT('',(-12.05686851759,-13.47781247837,0.));
#8553 = CARTESIAN_POINT('',(-12.28190424634,-14.03787007787,0.));
#8554 = CARTESIAN_POINT('',(-12.44907689627,-14.82940901519,0.));
#8555 = VECTOR('',#8556,1.);
#8556 = DIRECTION('',(-0.,-0.,-1.));
#8557 = ADVANCED_FACE('',(#8558),#8569,.T.);
#8558 = FACE_BOUND('',#8559,.F.);
#8559 = EDGE_LOOP('',(#8560,#8561,#8562,#8568));
#8560 = ORIENTED_EDGE('',*,*,#8526,.T.);
#8561 = ORIENTED_EDGE('',*,*,#3435,.T.);
#8562 = ORIENTED_EDGE('',*,*,#8563,.F.);
#8563 = EDGE_CURVE('',#978,#3436,#8564,.T.);
#8564 = LINE('',#8565,#8566);
#8565 = CARTESIAN_POINT('',(-8.943545281478,13.795856928315,0.));
#8566 = VECTOR('',#8567,1.);
#8567 = DIRECTION('',(0.,0.,1.));
#8568 = ORIENTED_EDGE('',*,*,#977,.F.);
#8569 = CYLINDRICAL_SURFACE('',#8570,16.441188235319);
#8570 = AXIS2_PLACEMENT_3D('',#8571,#8572,#8573);
#8571 = CARTESIAN_POINT('',(1.307271E-11,-2.061552E-11,0.));
#8572 = DIRECTION('',(-0.,-0.,-1.));
#8573 = DIRECTION('',(-0.519985454117,0.854175115247,0.));
#8574 = ADVANCED_FACE('',(#8575),#8586,.F.);
#8575 = FACE_BOUND('',#8576,.F.);
#8576 = EDGE_LOOP('',(#8577,#8583,#8584,#8585));
#8577 = ORIENTED_EDGE('',*,*,#8578,.T.);
#8578 = EDGE_CURVE('',#1700,#4158,#8579,.T.);
#8579 = LINE('',#8580,#8581);
#8580 = CARTESIAN_POINT('',(-11.55403952032,-12.60131677898,0.));
#8581 = VECTOR('',#8582,1.);
#8582 = DIRECTION('',(0.,0.,1.));
#8583 = ORIENTED_EDGE('',*,*,#4165,.T.);
#8584 = ORIENTED_EDGE('',*,*,#8541,.F.);
#8585 = ORIENTED_EDGE('',*,*,#1707,.F.);
#8586 = SURFACE_OF_LINEAR_EXTRUSION('',#8587,#8592);
#8587 = B_SPLINE_CURVE_WITH_KNOTS('',3,(#8588,#8589,#8590,#8591),
  .UNSPECIFIED.,.F.,.F.,(4,4),(0.,1.),.PIECEWISE_BEZIER_KNOTS.);
#8588 = CARTESIAN_POINT('',(-11.55403952032,-12.60131677898,0.));
#8589 = CARTESIAN_POINT('',(-11.59618576917,-12.65257141471,0.));
#8590 = CARTESIAN_POINT('',(-11.71765963288,-12.81154703768,0.));
#8591 = CARTESIAN_POINT('',(-11.87222759444,-13.11425942522,0.));
#8592 = VECTOR('',#8593,1.);
#8593 = DIRECTION('',(-0.,-0.,-1.));
#8594 = ADVANCED_FACE('',(#8595),#8606,.F.);
#8595 = FACE_BOUND('',#8596,.F.);
#8596 = EDGE_LOOP('',(#8597,#8598,#8599,#8605));
#8597 = ORIENTED_EDGE('',*,*,#8563,.T.);
#8598 = ORIENTED_EDGE('',*,*,#3444,.T.);
#8599 = ORIENTED_EDGE('',*,*,#8600,.F.);
#8600 = EDGE_CURVE('',#987,#3445,#8601,.T.);
#8601 = LINE('',#8602,#8603);
#8602 = CARTESIAN_POINT('',(-9.621469701202,13.935481263732,0.));
#8603 = VECTOR('',#8604,1.);
#8604 = DIRECTION('',(0.,0.,1.));
#8605 = ORIENTED_EDGE('',*,*,#986,.F.);
#8606 = CYLINDRICAL_SURFACE('',#8607,0.493105882353);
#8607 = AXIS2_PLACEMENT_3D('',#8608,#8609,#8610);
#8608 = CARTESIAN_POINT('',(-9.211649532985,14.209708981028,0.));
#8609 = DIRECTION('',(0.,0.,-1.));
#8610 = DIRECTION('',(0.543705238777,-0.839276243752,0.));
#8611 = ADVANCED_FACE('',(#8612),#8623,.F.);
#8612 = FACE_BOUND('',#8613,.F.);
#8613 = EDGE_LOOP('',(#8614,#8620,#8621,#8622));
#8614 = ORIENTED_EDGE('',*,*,#8615,.T.);
#8615 = EDGE_CURVE('',#1691,#4149,#8616,.T.);
#8616 = LINE('',#8617,#8618);
#8617 = CARTESIAN_POINT('',(-11.44511122975,-12.48117567385,0.));
#8618 = VECTOR('',#8619,1.);
#8619 = DIRECTION('',(0.,0.,1.));
#8620 = ORIENTED_EDGE('',*,*,#4157,.T.);
#8621 = ORIENTED_EDGE('',*,*,#8578,.F.);
#8622 = ORIENTED_EDGE('',*,*,#1699,.F.);
#8623 = PLANE('',#8624);
#8624 = AXIS2_PLACEMENT_3D('',#8625,#8626,#8627);
#8625 = CARTESIAN_POINT('',(-11.44511122975,-12.48117567385,0.));
#8626 = DIRECTION('',(0.740832246508,-0.671690094116,0.));
#8627 = DIRECTION('',(-0.671690094116,-0.740832246508,0.));
#8628 = ADVANCED_FACE('',(#8629),#8640,.F.);
#8629 = FACE_BOUND('',#8630,.F.);
#8630 = EDGE_LOOP('',(#8631,#8632,#8633,#8639));
#8631 = ORIENTED_EDGE('',*,*,#8600,.T.);
#8632 = ORIENTED_EDGE('',*,*,#3453,.T.);
#8633 = ORIENTED_EDGE('',*,*,#8634,.F.);
#8634 = EDGE_CURVE('',#996,#3454,#8635,.T.);
#8635 = LINE('',#8636,#8637);
#8636 = CARTESIAN_POINT('',(-9.714359793042,14.068412405556,0.));
#8637 = VECTOR('',#8638,1.);
#8638 = DIRECTION('',(0.,0.,1.));
#8639 = ORIENTED_EDGE('',*,*,#995,.F.);
#8640 = PLANE('',#8641);
#8641 = AXIS2_PLACEMENT_3D('',#8642,#8643,#8644);
#8642 = CARTESIAN_POINT('',(-9.621469701202,13.935481263732,0.));
#8643 = DIRECTION('',(-0.819700104488,-0.572792928293,0.));
#8644 = DIRECTION('',(-0.572792928293,0.819700104488,0.));
#8645 = ADVANCED_FACE('',(#8646),#8657,.F.);
#8646 = FACE_BOUND('',#8647,.F.);
#8647 = EDGE_LOOP('',(#8648,#8654,#8655,#8656));
#8648 = ORIENTED_EDGE('',*,*,#8649,.T.);
#8649 = EDGE_CURVE('',#1682,#4140,#8650,.T.);
#8650 = LINE('',#8651,#8652);
#8651 = CARTESIAN_POINT('',(-11.45983994296,-11.78917889719,0.));
#8652 = VECTOR('',#8653,1.);
#8653 = DIRECTION('',(0.,0.,1.));
#8654 = ORIENTED_EDGE('',*,*,#4148,.T.);
#8655 = ORIENTED_EDGE('',*,*,#8615,.F.);
#8656 = ORIENTED_EDGE('',*,*,#1690,.F.);
#8657 = CYLINDRICAL_SURFACE('',#8658,0.493105882353);
#8658 = AXIS2_PLACEMENT_3D('',#8659,#8660,#8661);
#8659 = CARTESIAN_POINT('',(-11.80365705222,-12.14265196064,0.));
#8660 = DIRECTION('',(0.,0.,-1.));
#8661 = DIRECTION('',(0.697248038535,0.71682994689,0.));
#8662 = ADVANCED_FACE('',(#8663),#8674,.F.);
#8663 = FACE_BOUND('',#8664,.F.);
#8664 = EDGE_LOOP('',(#8665,#8666,#8667,#8673));
#8665 = ORIENTED_EDGE('',*,*,#8634,.T.);
#8666 = ORIENTED_EDGE('',*,*,#3461,.T.);
#8667 = ORIENTED_EDGE('',*,*,#8668,.F.);
#8668 = EDGE_CURVE('',#1004,#3462,#8669,.T.);
#8669 = LINE('',#8670,#8671);
#8670 = CARTESIAN_POINT('',(-10.14363838879,14.492763317044,0.));
#8671 = VECTOR('',#8672,1.);
#8672 = DIRECTION('',(0.,0.,1.));
#8673 = ORIENTED_EDGE('',*,*,#1003,.F.);
#8674 = SURFACE_OF_LINEAR_EXTRUSION('',#8675,#8680);
#8675 = B_SPLINE_CURVE_WITH_KNOTS('',3,(#8676,#8677,#8678,#8679),
  .UNSPECIFIED.,.F.,.F.,(4,4),(0.,1.),.PIECEWISE_BEZIER_KNOTS.);
#8676 = CARTESIAN_POINT('',(-9.714359793042,14.068412405556,0.));
#8677 = CARTESIAN_POINT('',(-9.754950945393,14.120907189361,0.));
#8678 = CARTESIAN_POINT('',(-9.882910239978,14.274710853797,0.));
#8679 = CARTESIAN_POINT('',(-10.14363838879,14.492763317044,0.));
#8680 = VECTOR('',#8681,1.);
#8681 = DIRECTION('',(-0.,-0.,-1.));
#8682 = ADVANCED_FACE('',(#8683),#8694,.T.);
#8683 = FACE_BOUND('',#8684,.F.);
#8684 = EDGE_LOOP('',(#8685,#8691,#8692,#8693));
#8685 = ORIENTED_EDGE('',*,*,#8686,.T.);
#8686 = EDGE_CURVE('',#1673,#4131,#8687,.T.);
#8687 = LINE('',#8688,#8689);
#8688 = CARTESIAN_POINT('',(-11.78917889719,-11.45983994296,0.));
#8689 = VECTOR('',#8690,1.);
#8690 = DIRECTION('',(0.,0.,1.));
#8691 = ORIENTED_EDGE('',*,*,#4139,.T.);
#8692 = ORIENTED_EDGE('',*,*,#8649,.F.);
#8693 = ORIENTED_EDGE('',*,*,#1681,.F.);
#8694 = CYLINDRICAL_SURFACE('',#8695,16.441188235255);
#8695 = AXIS2_PLACEMENT_3D('',#8696,#8697,#8698);
#8696 = CARTESIAN_POINT('',(-2.780738E-11,-2.771979E-11,0.));
#8697 = DIRECTION('',(-0.,-0.,-1.));
#8698 = DIRECTION('',(-0.717051512851,-0.697020177554,0.));
#8699 = ADVANCED_FACE('',(#8700),#8711,.F.);
#8700 = FACE_BOUND('',#8701,.F.);
#8701 = EDGE_LOOP('',(#8702,#8703,#8704,#8710));
#8702 = ORIENTED_EDGE('',*,*,#8668,.T.);
#8703 = ORIENTED_EDGE('',*,*,#3470,.T.);
#8704 = ORIENTED_EDGE('',*,*,#8705,.F.);
#8705 = EDGE_CURVE('',#1013,#3471,#8706,.T.);
#8706 = LINE('',#8707,#8708);
#8707 = CARTESIAN_POINT('',(-11.68742455221,15.436806491159,0.));
#8708 = VECTOR('',#8709,1.);
#8709 = DIRECTION('',(0.,0.,1.));
#8710 = ORIENTED_EDGE('',*,*,#1012,.F.);
#8711 = SURFACE_OF_LINEAR_EXTRUSION('',#8712,#8717);
#8712 = B_SPLINE_CURVE_WITH_KNOTS('',3,(#8713,#8714,#8715,#8716),
  .UNSPECIFIED.,.F.,.F.,(4,4),(0.,1.),.PIECEWISE_BEZIER_KNOTS.);
#8713 = CARTESIAN_POINT('',(-10.14363838879,14.492763317044,0.));
#8714 = CARTESIAN_POINT('',(-10.45698993719,14.753673071687,0.));
#8715 = CARTESIAN_POINT('',(-10.95293056284,15.097691224989,0.));
#8716 = CARTESIAN_POINT('',(-11.68742455221,15.436806491159,0.));
#8717 = VECTOR('',#8718,1.);
#8718 = DIRECTION('',(-0.,-0.,-1.));
#8719 = ADVANCED_FACE('',(#8720),#8731,.F.);
#8720 = FACE_BOUND('',#8721,.F.);
#8721 = EDGE_LOOP('',(#8722,#8728,#8729,#8730));
#8722 = ORIENTED_EDGE('',*,*,#8723,.T.);
#8723 = EDGE_CURVE('',#1665,#4123,#8724,.T.);
#8724 = LINE('',#8725,#8726);
#8725 = CARTESIAN_POINT('',(-12.48117567385,-11.44511122975,0.));
#8726 = VECTOR('',#8727,1.);
#8727 = DIRECTION('',(0.,0.,1.));
#8728 = ORIENTED_EDGE('',*,*,#4130,.T.);
#8729 = ORIENTED_EDGE('',*,*,#8686,.F.);
#8730 = ORIENTED_EDGE('',*,*,#1672,.F.);
#8731 = CYLINDRICAL_SURFACE('',#8732,0.493105882353);
#8732 = AXIS2_PLACEMENT_3D('',#8733,#8734,#8735);
#8733 = CARTESIAN_POINT('',(-12.14265196064,-11.80365705222,0.));
#8734 = DIRECTION('',(0.,0.,-1.));
#8735 = DIRECTION('',(-0.686513232382,0.727117309493,0.));
#8736 = ADVANCED_FACE('',(#8737),#8748,.T.);
#8737 = FACE_BOUND('',#8738,.F.);
#8738 = EDGE_LOOP('',(#8739,#8740,#8741,#8747));
#8739 = ORIENTED_EDGE('',*,*,#8705,.T.);
#8740 = ORIENTED_EDGE('',*,*,#3479,.T.);
#8741 = ORIENTED_EDGE('',*,*,#8742,.F.);
#8742 = EDGE_CURVE('',#1022,#3480,#8743,.T.);
#8743 = LINE('',#8744,#8745);
#8744 = CARTESIAN_POINT('',(-12.44864240138,14.828200275055,0.));
#8745 = VECTOR('',#8746,1.);
#8746 = DIRECTION('',(0.,0.,1.));
#8747 = ORIENTED_EDGE('',*,*,#1021,.F.);
#8748 = CYLINDRICAL_SURFACE('',#8749,19.36089411765);
#8749 = AXIS2_PLACEMENT_3D('',#8750,#8751,#8752);
#8750 = CARTESIAN_POINT('',(1.833213294389E-02,1.540961983983E-02,0.));
#8751 = DIRECTION('',(-0.,-0.,-1.));
#8752 = DIRECTION('',(-0.60460826933,0.796522969322,0.));
#8753 = ADVANCED_FACE('',(#8754),#8765,.F.);
#8754 = FACE_BOUND('',#8755,.F.);
#8755 = EDGE_LOOP('',(#8756,#8762,#8763,#8764));
#8756 = ORIENTED_EDGE('',*,*,#8757,.T.);
#8757 = EDGE_CURVE('',#1656,#4114,#8758,.T.);
#8758 = LINE('',#8759,#8760);
#8759 = CARTESIAN_POINT('',(-12.60131677898,-11.55403952032,0.));
#8760 = VECTOR('',#8761,1.);
#8761 = DIRECTION('',(0.,0.,1.));
#8762 = ORIENTED_EDGE('',*,*,#4122,.T.);
#8763 = ORIENTED_EDGE('',*,*,#8723,.F.);
#8764 = ORIENTED_EDGE('',*,*,#1664,.F.);
#8765 = PLANE('',#8766);
#8766 = AXIS2_PLACEMENT_3D('',#8767,#8768,#8769);
#8767 = CARTESIAN_POINT('',(-12.60131677898,-11.55403952032,0.));
#8768 = DIRECTION('',(-0.671690094116,0.740832246508,0.));
#8769 = DIRECTION('',(0.740832246508,0.671690094116,0.));
#8770 = ADVANCED_FACE('',(#8771),#8782,.F.);
#8771 = FACE_BOUND('',#8772,.F.);
#8772 = EDGE_LOOP('',(#8773,#8774,#8775,#8781));
#8773 = ORIENTED_EDGE('',*,*,#8742,.T.);
#8774 = ORIENTED_EDGE('',*,*,#3488,.T.);
#8775 = ORIENTED_EDGE('',*,*,#8776,.F.);
#8776 = EDGE_CURVE('',#1031,#3489,#8777,.T.);
#8777 = LINE('',#8778,#8779);
#8778 = CARTESIAN_POINT('',(-11.87222759444,13.114259425229,0.));
#8779 = VECTOR('',#8780,1.);
#8780 = DIRECTION('',(0.,0.,1.));
#8781 = ORIENTED_EDGE('',*,*,#1030,.F.);
#8782 = SURFACE_OF_LINEAR_EXTRUSION('',#8783,#8788);
#8783 = B_SPLINE_CURVE_WITH_KNOTS('',3,(#8784,#8785,#8786,#8787),
  .UNSPECIFIED.,.F.,.F.,(4,4),(0.,1.),.PIECEWISE_BEZIER_KNOTS.);
#8784 = CARTESIAN_POINT('',(-12.44864240138,14.828200275055,0.));
#8785 = CARTESIAN_POINT('',(-12.28190424634,14.037870077876,0.));
#8786 = CARTESIAN_POINT('',(-12.05686851759,13.477812478377,0.));
#8787 = CARTESIAN_POINT('',(-11.87222759444,13.114259425229,0.));
#8788 = VECTOR('',#8789,1.);
#8789 = DIRECTION('',(-0.,-0.,-1.));
#8790 = ADVANCED_FACE('',(#8791),#8802,.F.);
#8791 = FACE_BOUND('',#8792,.F.);
#8792 = EDGE_LOOP('',(#8793,#8799,#8800,#8801));
#8793 = ORIENTED_EDGE('',*,*,#8794,.T.);
#8794 = EDGE_CURVE('',#1647,#4105,#8795,.T.);
#8795 = LINE('',#8796,#8797);
#8796 = CARTESIAN_POINT('',(-13.11425942522,-11.87222759444,0.));
#8797 = VECTOR('',#8798,1.);
#8798 = DIRECTION('',(0.,0.,1.));
#8799 = ORIENTED_EDGE('',*,*,#4113,.T.);
#8800 = ORIENTED_EDGE('',*,*,#8757,.F.);
#8801 = ORIENTED_EDGE('',*,*,#1655,.F.);
#8802 = SURFACE_OF_LINEAR_EXTRUSION('',#8803,#8808);
#8803 = B_SPLINE_CURVE_WITH_KNOTS('',3,(#8804,#8805,#8806,#8807),
  .UNSPECIFIED.,.F.,.F.,(4,4),(0.,1.),.PIECEWISE_BEZIER_KNOTS.);
#8804 = CARTESIAN_POINT('',(-13.11425942522,-11.87222759444,0.));
#8805 = CARTESIAN_POINT('',(-12.81154703768,-11.71765963288,0.));
#8806 = CARTESIAN_POINT('',(-12.65257141471,-11.59618576917,0.));
#8807 = CARTESIAN_POINT('',(-12.60131677898,-11.55403952032,0.));
#8808 = VECTOR('',#8809,1.);
#8809 = DIRECTION('',(-0.,-0.,-1.));
#8810 = ADVANCED_FACE('',(#8811),#8822,.F.);
#8811 = FACE_BOUND('',#8812,.F.);
#8812 = EDGE_LOOP('',(#8813,#8814,#8815,#8821));
#8813 = ORIENTED_EDGE('',*,*,#8776,.T.);
#8814 = ORIENTED_EDGE('',*,*,#3497,.T.);
#8815 = ORIENTED_EDGE('',*,*,#8816,.F.);
#8816 = EDGE_CURVE('',#1040,#3498,#8817,.T.);
#8817 = LINE('',#8818,#8819);
#8818 = CARTESIAN_POINT('',(-11.55403952032,12.60131677898,0.));
#8819 = VECTOR('',#8820,1.);
#8820 = DIRECTION('',(0.,0.,1.));
#8821 = ORIENTED_EDGE('',*,*,#1039,.F.);
#8822 = SURFACE_OF_LINEAR_EXTRUSION('',#8823,#8828);
#8823 = B_SPLINE_CURVE_WITH_KNOTS('',3,(#8824,#8825,#8826,#8827),
  .UNSPECIFIED.,.F.,.F.,(4,4),(0.,1.),.PIECEWISE_BEZIER_KNOTS.);
#8824 = CARTESIAN_POINT('',(-11.87222759444,13.114259425229,0.));
#8825 = CARTESIAN_POINT('',(-11.71765963288,12.811547037686,0.));
#8826 = CARTESIAN_POINT('',(-11.59618576917,12.652571414715,0.));
#8827 = CARTESIAN_POINT('',(-11.55403952032,12.60131677898,0.));
#8828 = VECTOR('',#8829,1.);
#8829 = DIRECTION('',(-0.,-0.,-1.));
#8830 = ADVANCED_FACE('',(#8831),#8842,.F.);
#8831 = FACE_BOUND('',#8832,.F.);
#8832 = EDGE_LOOP('',(#8833,#8839,#8840,#8841));
#8833 = ORIENTED_EDGE('',*,*,#8834,.T.);
#8834 = EDGE_CURVE('',#1638,#4096,#8835,.T.);
#8835 = LINE('',#8836,#8837);
#8836 = CARTESIAN_POINT('',(-14.82820027505,-12.44864240138,0.));
#8837 = VECTOR('',#8838,1.);
#8838 = DIRECTION('',(0.,0.,1.));
#8839 = ORIENTED_EDGE('',*,*,#4104,.T.);
#8840 = ORIENTED_EDGE('',*,*,#8794,.F.);
#8841 = ORIENTED_EDGE('',*,*,#1646,.F.);
#8842 = SURFACE_OF_LINEAR_EXTRUSION('',#8843,#8848);
#8843 = B_SPLINE_CURVE_WITH_KNOTS('',3,(#8844,#8845,#8846,#8847),
  .UNSPECIFIED.,.F.,.F.,(4,4),(0.,1.),.PIECEWISE_BEZIER_KNOTS.);
#8844 = CARTESIAN_POINT('',(-14.82820027505,-12.44864240138,0.));
#8845 = CARTESIAN_POINT('',(-14.03787007787,-12.28190424634,0.));
#8846 = CARTESIAN_POINT('',(-13.47781247837,-12.05686851759,0.));
#8847 = CARTESIAN_POINT('',(-13.11425942522,-11.87222759444,0.));
#8848 = VECTOR('',#8849,1.);
#8849 = DIRECTION('',(-0.,-0.,-1.));
#8850 = ADVANCED_FACE('',(#8851),#8862,.F.);
#8851 = FACE_BOUND('',#8852,.F.);
#8852 = EDGE_LOOP('',(#8853,#8854,#8855,#8861));
#8853 = ORIENTED_EDGE('',*,*,#8816,.T.);
#8854 = ORIENTED_EDGE('',*,*,#3506,.T.);
#8855 = ORIENTED_EDGE('',*,*,#8856,.F.);
#8856 = EDGE_CURVE('',#1049,#3507,#8857,.T.);
#8857 = LINE('',#8858,#8859);
#8858 = CARTESIAN_POINT('',(-11.44511122975,12.48117567385,0.));
#8859 = VECTOR('',#8860,1.);
#8860 = DIRECTION('',(0.,0.,1.));
#8861 = ORIENTED_EDGE('',*,*,#1048,.F.);
#8862 = PLANE('',#8863);
#8863 = AXIS2_PLACEMENT_3D('',#8864,#8865,#8866);
#8864 = CARTESIAN_POINT('',(-11.55403952032,12.60131677898,0.));
#8865 = DIRECTION('',(0.740832246508,0.671690094116,0.));
#8866 = DIRECTION('',(0.671690094116,-0.740832246508,0.));
#8867 = ADVANCED_FACE('',(#8868),#8879,.T.);
#8868 = FACE_BOUND('',#8869,.F.);
#8869 = EDGE_LOOP('',(#8870,#8876,#8877,#8878));
#8870 = ORIENTED_EDGE('',*,*,#8871,.T.);
#8871 = EDGE_CURVE('',#1629,#4087,#8872,.T.);
#8872 = LINE('',#8873,#8874);
#8873 = CARTESIAN_POINT('',(-15.43680649115,-11.68742455221,0.));
#8874 = VECTOR('',#8875,1.);
#8875 = DIRECTION('',(0.,0.,1.));
#8876 = ORIENTED_EDGE('',*,*,#4095,.T.);
#8877 = ORIENTED_EDGE('',*,*,#8834,.F.);
#8878 = ORIENTED_EDGE('',*,*,#1637,.F.);
#8879 = CYLINDRICAL_SURFACE('',#8880,19.360894117642);
#8880 = AXIS2_PLACEMENT_3D('',#8881,#8882,#8883);
#8881 = CARTESIAN_POINT('',(-1.540961984684E-02,1.83321329383E-02,0.));
#8882 = DIRECTION('',(-0.,-0.,-1.));
#8883 = DIRECTION('',(-0.796522969322,-0.60460826933,0.));
#8884 = ADVANCED_FACE('',(#8885),#8896,.F.);
#8885 = FACE_BOUND('',#8886,.F.);
#8886 = EDGE_LOOP('',(#8887,#8888,#8889,#8895));
#8887 = ORIENTED_EDGE('',*,*,#8856,.T.);
#8888 = ORIENTED_EDGE('',*,*,#3514,.T.);
#8889 = ORIENTED_EDGE('',*,*,#8890,.F.);
#8890 = EDGE_CURVE('',#1057,#3515,#8891,.T.);
#8891 = LINE('',#8892,#8893);
#8892 = CARTESIAN_POINT('',(-11.45983994296,11.789178897191,0.));
#8893 = VECTOR('',#8894,1.);
#8894 = DIRECTION('',(0.,0.,1.));
#8895 = ORIENTED_EDGE('',*,*,#1056,.F.);
#8896 = CYLINDRICAL_SURFACE('',#8897,0.493105882353);
#8897 = AXIS2_PLACEMENT_3D('',#8898,#8899,#8900);
#8898 = CARTESIAN_POINT('',(-11.80365705222,12.142651960649,0.));
#8899 = DIRECTION('',(0.,0.,-1.));
#8900 = DIRECTION('',(0.727117309493,0.686513232382,0.));
#8901 = ADVANCED_FACE('',(#8902),#8913,.F.);
#8902 = FACE_BOUND('',#8903,.F.);
#8903 = EDGE_LOOP('',(#8904,#8910,#8911,#8912));
#8904 = ORIENTED_EDGE('',*,*,#8905,.T.);
#8905 = EDGE_CURVE('',#1620,#4078,#8906,.T.);
#8906 = LINE('',#8907,#8908);
#8907 = CARTESIAN_POINT('',(-14.49276331704,-10.14363838879,0.));
#8908 = VECTOR('',#8909,1.);
#8909 = DIRECTION('',(0.,0.,1.));
#8910 = ORIENTED_EDGE('',*,*,#4086,.T.);
#8911 = ORIENTED_EDGE('',*,*,#8871,.F.);
#8912 = ORIENTED_EDGE('',*,*,#1628,.F.);
#8913 = SURFACE_OF_LINEAR_EXTRUSION('',#8914,#8919);
#8914 = B_SPLINE_CURVE_WITH_KNOTS('',3,(#8915,#8916,#8917,#8918),
  .UNSPECIFIED.,.F.,.F.,(4,4),(0.,1.),.PIECEWISE_BEZIER_KNOTS.);
#8915 = CARTESIAN_POINT('',(-14.49276331704,-10.14363838879,0.));
#8916 = CARTESIAN_POINT('',(-14.75367307168,-10.45698993719,0.));
#8917 = CARTESIAN_POINT('',(-15.09769122498,-10.95293056284,0.));
#8918 = CARTESIAN_POINT('',(-15.43680649115,-11.68742455221,0.));
#8919 = VECTOR('',#8920,1.);
#8920 = DIRECTION('',(-0.,-0.,-1.));
#8921 = ADVANCED_FACE('',(#8922),#8933,.T.);
#8922 = FACE_BOUND('',#8923,.F.);
#8923 = EDGE_LOOP('',(#8924,#8925,#8926,#8932));
#8924 = ORIENTED_EDGE('',*,*,#8890,.T.);
#8925 = ORIENTED_EDGE('',*,*,#3523,.T.);
#8926 = ORIENTED_EDGE('',*,*,#8927,.F.);
#8927 = EDGE_CURVE('',#1066,#3524,#8928,.T.);
#8928 = LINE('',#8929,#8930);
#8929 = CARTESIAN_POINT('',(-11.78917889719,11.459839942966,0.));
#8930 = VECTOR('',#8931,1.);
#8931 = DIRECTION('',(0.,0.,1.));
#8932 = ORIENTED_EDGE('',*,*,#1065,.F.);
#8933 = CYLINDRICAL_SURFACE('',#8934,16.441188235255);
#8934 = AXIS2_PLACEMENT_3D('',#8935,#8936,#8937);
#8935 = CARTESIAN_POINT('',(-2.753308E-11,2.761837E-11,0.));
#8936 = DIRECTION('',(-0.,-0.,-1.));
#8937 = DIRECTION('',(-0.697020177554,0.717051512851,0.));
#8938 = ADVANCED_FACE('',(#8939),#8950,.F.);
#8939 = FACE_BOUND('',#8940,.F.);
#8940 = EDGE_LOOP('',(#8941,#8947,#8948,#8949));
#8941 = ORIENTED_EDGE('',*,*,#8942,.T.);
#8942 = EDGE_CURVE('',#1612,#4070,#8943,.T.);
#8943 = LINE('',#8944,#8945);
#8944 = CARTESIAN_POINT('',(-14.06841240555,-9.714359793042,0.));
#8945 = VECTOR('',#8946,1.);
#8946 = DIRECTION('',(0.,0.,1.));
#8947 = ORIENTED_EDGE('',*,*,#4077,.T.);
#8948 = ORIENTED_EDGE('',*,*,#8905,.F.);
#8949 = ORIENTED_EDGE('',*,*,#1619,.F.);
#8950 = SURFACE_OF_LINEAR_EXTRUSION('',#8951,#8956);
#8951 = B_SPLINE_CURVE_WITH_KNOTS('',3,(#8952,#8953,#8954,#8955),
  .UNSPECIFIED.,.F.,.F.,(4,4),(0.,1.),.PIECEWISE_BEZIER_KNOTS.);
#8952 = CARTESIAN_POINT('',(-14.06841240555,-9.714359793042,0.));
#8953 = CARTESIAN_POINT('',(-14.12090718936,-9.754950945393,0.));
#8954 = CARTESIAN_POINT('',(-14.27471085379,-9.882910239978,0.));
#8955 = CARTESIAN_POINT('',(-14.49276331704,-10.14363838879,0.));
#8956 = VECTOR('',#8957,1.);
#8957 = DIRECTION('',(-0.,-0.,-1.));
#8958 = ADVANCED_FACE('',(#8959),#8970,.F.);
#8959 = FACE_BOUND('',#8960,.F.);
#8960 = EDGE_LOOP('',(#8961,#8962,#8963,#8969));
#8961 = ORIENTED_EDGE('',*,*,#8927,.T.);
#8962 = ORIENTED_EDGE('',*,*,#3532,.T.);
#8963 = ORIENTED_EDGE('',*,*,#8964,.F.);
#8964 = EDGE_CURVE('',#1075,#3533,#8965,.T.);
#8965 = LINE('',#8966,#8967);
#8966 = CARTESIAN_POINT('',(-12.48117567385,11.445111229755,0.));
#8967 = VECTOR('',#8968,1.);
#8968 = DIRECTION('',(0.,0.,1.));
#8969 = ORIENTED_EDGE('',*,*,#1074,.F.);
#8970 = CYLINDRICAL_SURFACE('',#8971,0.493105882353);
#8971 = AXIS2_PLACEMENT_3D('',#8972,#8973,#8974);
#8972 = CARTESIAN_POINT('',(-12.14265196064,11.803657052227,0.));
#8973 = DIRECTION('',(0.,0.,-1.));
#8974 = DIRECTION('',(0.71682994689,-0.697248038535,0.));
#8975 = ADVANCED_FACE('',(#8976),#8987,.F.);
#8976 = FACE_BOUND('',#8977,.F.);
#8977 = EDGE_LOOP('',(#8978,#8984,#8985,#8986));
#8978 = ORIENTED_EDGE('',*,*,#8979,.T.);
#8979 = EDGE_CURVE('',#1603,#4061,#8980,.T.);
#8980 = LINE('',#8981,#8982);
#8981 = CARTESIAN_POINT('',(-13.93548126373,-9.621469701202,0.));
#8982 = VECTOR('',#8983,1.);
#8983 = DIRECTION('',(0.,0.,1.));
#8984 = ORIENTED_EDGE('',*,*,#4069,.T.);
#8985 = ORIENTED_EDGE('',*,*,#8942,.F.);
#8986 = ORIENTED_EDGE('',*,*,#1611,.F.);
#8987 = PLANE('',#8988);
#8988 = AXIS2_PLACEMENT_3D('',#8989,#8990,#8991);
#8989 = CARTESIAN_POINT('',(-13.93548126373,-9.621469701202,0.));
#8990 = DIRECTION('',(0.572792928293,-0.819700104488,0.));
#8991 = DIRECTION('',(-0.819700104488,-0.572792928293,0.));
#8992 = ADVANCED_FACE('',(#8993),#9004,.F.);
#8993 = FACE_BOUND('',#8994,.F.);
#8994 = EDGE_LOOP('',(#8995,#8996,#8997,#9003));
#8995 = ORIENTED_EDGE('',*,*,#8964,.T.);
#8996 = ORIENTED_EDGE('',*,*,#3541,.T.);
#8997 = ORIENTED_EDGE('',*,*,#8998,.F.);
#8998 = EDGE_CURVE('',#1084,#3542,#8999,.T.);
#8999 = LINE('',#9000,#9001);
#9000 = CARTESIAN_POINT('',(-12.60131677898,11.554039520326,0.));
#9001 = VECTOR('',#9002,1.);
#9002 = DIRECTION('',(0.,0.,1.));
#9003 = ORIENTED_EDGE('',*,*,#1083,.F.);
#9004 = PLANE('',#9005);
#9005 = AXIS2_PLACEMENT_3D('',#9006,#9007,#9008);
#9006 = CARTESIAN_POINT('',(-12.48117567385,11.445111229755,0.));
#9007 = DIRECTION('',(-0.671690094116,-0.740832246508,0.));
#9008 = DIRECTION('',(-0.740832246508,0.671690094116,0.));
#9009 = ADVANCED_FACE('',(#9010),#9021,.F.);
#9010 = FACE_BOUND('',#9011,.F.);
#9011 = EDGE_LOOP('',(#9012,#9018,#9019,#9020));
#9012 = ORIENTED_EDGE('',*,*,#9013,.T.);
#9013 = EDGE_CURVE('',#1594,#4052,#9014,.T.);
#9014 = LINE('',#9015,#9016);
#9015 = CARTESIAN_POINT('',(-13.79585692831,-8.943545281478,0.));
#9016 = VECTOR('',#9017,1.);
#9017 = DIRECTION('',(0.,0.,1.));
#9018 = ORIENTED_EDGE('',*,*,#4060,.T.);
#9019 = ORIENTED_EDGE('',*,*,#8979,.F.);
#9020 = ORIENTED_EDGE('',*,*,#1602,.F.);
#9021 = CYLINDRICAL_SURFACE('',#9022,0.493105882353);
#9022 = AXIS2_PLACEMENT_3D('',#9023,#9024,#9025);
#9023 = CARTESIAN_POINT('',(-14.20970898102,-9.211649532985,0.));
#9024 = DIRECTION('',(0.,0.,-1.));
#9025 = DIRECTION('',(0.839276243752,0.543705238777,0.));
#9026 = ADVANCED_FACE('',(#9027),#9038,.F.);
#9027 = FACE_BOUND('',#9028,.F.);
#9028 = EDGE_LOOP('',(#9029,#9030,#9031,#9037));
#9029 = ORIENTED_EDGE('',*,*,#8998,.T.);
#9030 = ORIENTED_EDGE('',*,*,#3549,.T.);
#9031 = ORIENTED_EDGE('',*,*,#9032,.F.);
#9032 = EDGE_CURVE('',#1092,#3550,#9033,.T.);
#9033 = LINE('',#9034,#9035);
#9034 = CARTESIAN_POINT('',(-13.11425942522,11.872227594442,0.));
#9035 = VECTOR('',#9036,1.);
#9036 = DIRECTION('',(0.,0.,1.));
#9037 = ORIENTED_EDGE('',*,*,#1091,.F.);
#9038 = SURFACE_OF_LINEAR_EXTRUSION('',#9039,#9044);
#9039 = B_SPLINE_CURVE_WITH_KNOTS('',3,(#9040,#9041,#9042,#9043),
  .UNSPECIFIED.,.F.,.F.,(4,4),(0.,1.),.PIECEWISE_BEZIER_KNOTS.);
#9040 = CARTESIAN_POINT('',(-12.60131677898,11.554039520326,0.));
#9041 = CARTESIAN_POINT('',(-12.65257141471,11.59618576917,0.));
#9042 = CARTESIAN_POINT('',(-12.81154703768,11.717659632885,0.));
#9043 = CARTESIAN_POINT('',(-13.11425942522,11.872227594442,0.));
#9044 = VECTOR('',#9045,1.);
#9045 = DIRECTION('',(-0.,-0.,-1.));
#9046 = ADVANCED_FACE('',(#9047),#9058,.T.);
#9047 = FACE_BOUND('',#9048,.F.);
#9048 = EDGE_LOOP('',(#9049,#9055,#9056,#9057));
#9049 = ORIENTED_EDGE('',*,*,#9050,.T.);
#9050 = EDGE_CURVE('',#1585,#4043,#9051,.T.);
#9051 = LINE('',#9052,#9053);
#9052 = CARTESIAN_POINT('',(-14.04365385567,-8.549178730753,0.));
#9053 = VECTOR('',#9054,1.);
#9054 = DIRECTION('',(0.,0.,1.));
#9055 = ORIENTED_EDGE('',*,*,#4051,.T.);
#9056 = ORIENTED_EDGE('',*,*,#9013,.F.);
#9057 = ORIENTED_EDGE('',*,*,#1593,.F.);
#9058 = CYLINDRICAL_SURFACE('',#9059,16.441188235292);
#9059 = AXIS2_PLACEMENT_3D('',#9060,#9061,#9062);
#9060 = CARTESIAN_POINT('',(-1.42685E-12,-8.0274E-13,0.));
#9061 = DIRECTION('',(-0.,-0.,-1.));
#9062 = DIRECTION('',(-0.854175115247,-0.519985454117,0.));
#9063 = ADVANCED_FACE('',(#9064),#9075,.F.);
#9064 = FACE_BOUND('',#9065,.F.);
#9065 = EDGE_LOOP('',(#9066,#9067,#9068,#9074));
#9066 = ORIENTED_EDGE('',*,*,#9032,.T.);
#9067 = ORIENTED_EDGE('',*,*,#3558,.T.);
#9068 = ORIENTED_EDGE('',*,*,#9069,.F.);
#9069 = EDGE_CURVE('',#1101,#3559,#9070,.T.);
#9070 = LINE('',#9071,#9072);
#9071 = CARTESIAN_POINT('',(-14.82940901519,12.449076896277,0.));
#9072 = VECTOR('',#9073,1.);
#9073 = DIRECTION('',(0.,0.,1.));
#9074 = ORIENTED_EDGE('',*,*,#1100,.F.);
#9075 = SURFACE_OF_LINEAR_EXTRUSION('',#9076,#9081);
#9076 = B_SPLINE_CURVE_WITH_KNOTS('',3,(#9077,#9078,#9079,#9080),
  .UNSPECIFIED.,.F.,.F.,(4,4),(0.,1.),.PIECEWISE_BEZIER_KNOTS.);
#9077 = CARTESIAN_POINT('',(-13.11425942522,11.872227594442,0.));
#9078 = CARTESIAN_POINT('',(-13.47781247837,12.056868517596,0.));
#9079 = CARTESIAN_POINT('',(-14.03787007787,12.281904246341,0.));
#9080 = CARTESIAN_POINT('',(-14.82940901519,12.449076896277,0.));
#9081 = VECTOR('',#9082,1.);
#9082 = DIRECTION('',(-0.,-0.,-1.));
#9083 = ADVANCED_FACE('',(#9084),#9095,.F.);
#9084 = FACE_BOUND('',#9085,.F.);
#9085 = EDGE_LOOP('',(#9086,#9092,#9093,#9094));
#9086 = ORIENTED_EDGE('',*,*,#9087,.T.);
#9087 = EDGE_CURVE('',#1577,#4035,#9088,.T.);
#9088 = LINE('',#9089,#9090);
#9089 = CARTESIAN_POINT('',(-14.71502338136,-8.380835528096,0.));
#9090 = VECTOR('',#9091,1.);
#9091 = DIRECTION('',(0.,0.,1.));
#9092 = ORIENTED_EDGE('',*,*,#4042,.T.);
#9093 = ORIENTED_EDGE('',*,*,#9050,.F.);
#9094 = ORIENTED_EDGE('',*,*,#1584,.F.);
#9095 = CYLINDRICAL_SURFACE('',#9096,0.493105882353);
#9096 = AXIS2_PLACEMENT_3D('',#9097,#9098,#9099);
#9097 = CARTESIAN_POINT('',(-14.4647711157,-8.805720471048,0.));
#9098 = DIRECTION('',(0.,0.,-1.));
#9099 = DIRECTION('',(-0.507502089527,0.861650526098,0.));
#9100 = ADVANCED_FACE('',(#9101),#9112,.T.);
#9101 = FACE_BOUND('',#9102,.F.);
#9102 = EDGE_LOOP('',(#9103,#9104,#9105,#9111));
#9103 = ORIENTED_EDGE('',*,*,#9069,.T.);
#9104 = ORIENTED_EDGE('',*,*,#3567,.T.);
#9105 = ORIENTED_EDGE('',*,*,#9106,.F.);
#9106 = EDGE_CURVE('',#1110,#3568,#9107,.T.);
#9107 = LINE('',#9108,#9109);
#9108 = CARTESIAN_POINT('',(-15.43611391997,11.686342801929,0.));
#9109 = VECTOR('',#9110,1.);
#9110 = DIRECTION('',(0.,0.,1.));
#9111 = ORIENTED_EDGE('',*,*,#1109,.F.);
#9112 = CYLINDRICAL_SURFACE('',#9113,19.36089411765);
#9113 = AXIS2_PLACEMENT_3D('',#9114,#9115,#9116);
#9114 = CARTESIAN_POINT('',(1.444354509797E-02,1.910255184223E-02,0.));
#9115 = DIRECTION('',(-0.,-0.,-1.));
#9116 = DIRECTION('',(-0.766692512757,0.642014478717,0.));
#9117 = ADVANCED_FACE('',(#9118),#9129,.F.);
#9118 = FACE_BOUND('',#9119,.F.);
#9119 = EDGE_LOOP('',(#9120,#9126,#9127,#9128));
#9120 = ORIENTED_EDGE('',*,*,#9121,.T.);
#9121 = EDGE_CURVE('',#1568,#4026,#9122,.T.);
#9122 = LINE('',#9123,#9124);
#9123 = CARTESIAN_POINT('',(-14.8563911231,-8.46029884808,0.));
#9124 = VECTOR('',#9125,1.);
#9125 = DIRECTION('',(0.,0.,1.));
#9126 = ORIENTED_EDGE('',*,*,#4034,.T.);
#9127 = ORIENTED_EDGE('',*,*,#9087,.F.);
#9128 = ORIENTED_EDGE('',*,*,#1576,.F.);
#9129 = PLANE('',#9130);
#9130 = AXIS2_PLACEMENT_3D('',#9131,#9132,#9133);
#9131 = CARTESIAN_POINT('',(-14.8563911231,-8.46029884808,0.));
#9132 = DIRECTION('',(-0.489998737692,0.871723142437,0.));
#9133 = DIRECTION('',(0.871723142437,0.489998737692,0.));
#9134 = ADVANCED_FACE('',(#9135),#9146,.F.);
#9135 = FACE_BOUND('',#9136,.F.);
#9136 = EDGE_LOOP('',(#9137,#9138,#9139,#9145));
#9137 = ORIENTED_EDGE('',*,*,#9106,.T.);
#9138 = ORIENTED_EDGE('',*,*,#3576,.T.);
#9139 = ORIENTED_EDGE('',*,*,#9140,.F.);
#9140 = EDGE_CURVE('',#1119,#3577,#9141,.T.);
#9141 = LINE('',#9142,#9143);
#9142 = CARTESIAN_POINT('',(-14.49276331704,10.143638388793,0.));
#9143 = VECTOR('',#9144,1.);
#9144 = DIRECTION('',(0.,0.,1.));
#9145 = ORIENTED_EDGE('',*,*,#1118,.F.);
#9146 = SURFACE_OF_LINEAR_EXTRUSION('',#9147,#9152);
#9147 = B_SPLINE_CURVE_WITH_KNOTS('',3,(#9148,#9149,#9150,#9151),
  .UNSPECIFIED.,.F.,.F.,(4,4),(0.,1.),.PIECEWISE_BEZIER_KNOTS.);
#9148 = CARTESIAN_POINT('',(-15.43611391997,11.686342801929,0.));
#9149 = CARTESIAN_POINT('',(-15.09769122498,10.952930562846,0.));
#9150 = CARTESIAN_POINT('',(-14.75367307168,10.456989937198,0.));
#9151 = CARTESIAN_POINT('',(-14.49276331704,10.143638388793,0.));
#9152 = VECTOR('',#9153,1.);
#9153 = DIRECTION('',(-0.,-0.,-1.));
#9154 = ADVANCED_FACE('',(#9155),#9166,.F.);
#9155 = FACE_BOUND('',#9156,.F.);
#9156 = EDGE_LOOP('',(#9157,#9163,#9164,#9165));
#9157 = ORIENTED_EDGE('',*,*,#9158,.T.);
#9158 = EDGE_CURVE('',#1559,#4017,#9159,.T.);
#9159 = LINE('',#9160,#9161);
#9160 = CARTESIAN_POINT('',(-15.4272767337,-8.656368806149,0.));
#9161 = VECTOR('',#9162,1.);
#9162 = DIRECTION('',(0.,0.,1.));
#9163 = ORIENTED_EDGE('',*,*,#4025,.T.);
#9164 = ORIENTED_EDGE('',*,*,#9121,.F.);
#9165 = ORIENTED_EDGE('',*,*,#1567,.F.);
#9166 = SURFACE_OF_LINEAR_EXTRUSION('',#9167,#9172);
#9167 = B_SPLINE_CURVE_WITH_KNOTS('',3,(#9168,#9169,#9170,#9171),
  .UNSPECIFIED.,.F.,.F.,(4,4),(0.,1.),.PIECEWISE_BEZIER_KNOTS.);
#9168 = CARTESIAN_POINT('',(-15.4272767337,-8.656368806149,0.));
#9169 = CARTESIAN_POINT('',(-15.09775937056,-8.573036029295,0.));
#9170 = CARTESIAN_POINT('',(-14.91573912076,-8.489983173058,0.));
#9171 = CARTESIAN_POINT('',(-14.8563911231,-8.46029884808,0.));
#9172 = VECTOR('',#9173,1.);
#9173 = DIRECTION('',(-0.,-0.,-1.));
#9174 = ADVANCED_FACE('',(#9175),#9186,.F.);
#9175 = FACE_BOUND('',#9176,.F.);
#9176 = EDGE_LOOP('',(#9177,#9178,#9179,#9185));
#9177 = ORIENTED_EDGE('',*,*,#9140,.T.);
#9178 = ORIENTED_EDGE('',*,*,#3585,.T.);
#9179 = ORIENTED_EDGE('',*,*,#9180,.F.);
#9180 = EDGE_CURVE('',#1128,#3586,#9181,.T.);
#9181 = LINE('',#9182,#9183);
#9182 = CARTESIAN_POINT('',(-14.06841240555,9.714359793042,0.));
#9183 = VECTOR('',#9184,1.);
#9184 = DIRECTION('',(0.,0.,1.));
#9185 = ORIENTED_EDGE('',*,*,#1127,.F.);
#9186 = SURFACE_OF_LINEAR_EXTRUSION('',#9187,#9192);
#9187 = B_SPLINE_CURVE_WITH_KNOTS('',3,(#9188,#9189,#9190,#9191),
  .UNSPECIFIED.,.F.,.F.,(4,4),(0.,1.),.PIECEWISE_BEZIER_KNOTS.);
#9188 = CARTESIAN_POINT('',(-14.49276331704,10.143638388793,0.));
#9189 = CARTESIAN_POINT('',(-14.27471085379,9.882910239978,0.));
#9190 = CARTESIAN_POINT('',(-14.12090718936,9.754950945393,0.));
#9191 = CARTESIAN_POINT('',(-14.06841240555,9.714359793042,0.));
#9192 = VECTOR('',#9193,1.);
#9193 = DIRECTION('',(-0.,-0.,-1.));
#9194 = ADVANCED_FACE('',(#9195),#9206,.F.);
#9195 = FACE_BOUND('',#9196,.F.);
#9196 = EDGE_LOOP('',(#9197,#9203,#9204,#9205));
#9197 = ORIENTED_EDGE('',*,*,#9198,.T.);
#9198 = EDGE_CURVE('',#1550,#4008,#9199,.T.);
#9199 = LINE('',#9200,#9201);
#9200 = CARTESIAN_POINT('',(-17.22650986921,-8.836943971785,0.));
#9201 = VECTOR('',#9202,1.);
#9202 = DIRECTION('',(0.,0.,1.));
#9203 = ORIENTED_EDGE('',*,*,#4016,.T.);
#9204 = ORIENTED_EDGE('',*,*,#9158,.F.);
#9205 = ORIENTED_EDGE('',*,*,#1558,.F.);
#9206 = SURFACE_OF_LINEAR_EXTRUSION('',#9207,#9212);
#9207 = B_SPLINE_CURVE_WITH_KNOTS('',3,(#9208,#9209,#9210,#9211),
  .UNSPECIFIED.,.F.,.F.,(4,4),(0.,1.),.PIECEWISE_BEZIER_KNOTS.);
#9208 = CARTESIAN_POINT('',(-17.22650986921,-8.836943971785,0.));
#9209 = CARTESIAN_POINT('',(-16.41889217016,-8.850251304016,0.));
#9210 = CARTESIAN_POINT('',(-15.82280122344,-8.755482230934,0.));
#9211 = CARTESIAN_POINT('',(-15.4272767337,-8.656368806149,0.));
#9212 = VECTOR('',#9213,1.);
#9213 = DIRECTION('',(-0.,-0.,-1.));
#9214 = ADVANCED_FACE('',(#9215),#9226,.F.);
#9215 = FACE_BOUND('',#9216,.F.);
#9216 = EDGE_LOOP('',(#9217,#9218,#9219,#9225));
#9217 = ORIENTED_EDGE('',*,*,#9180,.T.);
#9218 = ORIENTED_EDGE('',*,*,#3594,.T.);
#9219 = ORIENTED_EDGE('',*,*,#9220,.F.);
#9220 = EDGE_CURVE('',#1137,#3595,#9221,.T.);
#9221 = LINE('',#9222,#9223);
#9222 = CARTESIAN_POINT('',(-13.93548126373,9.621469701202,0.));
#9223 = VECTOR('',#9224,1.);
#9224 = DIRECTION('',(0.,0.,1.));
#9225 = ORIENTED_EDGE('',*,*,#1136,.F.);
#9226 = PLANE('',#9227);
#9227 = AXIS2_PLACEMENT_3D('',#9228,#9229,#9230);
#9228 = CARTESIAN_POINT('',(-14.06841240555,9.714359793042,0.));
#9229 = DIRECTION('',(0.572792928293,0.819700104488,0.));
#9230 = DIRECTION('',(0.819700104488,-0.572792928293,0.));
#9231 = ADVANCED_FACE('',(#9232),#9243,.T.);
#9232 = FACE_BOUND('',#9233,.F.);
#9233 = EDGE_LOOP('',(#9234,#9240,#9241,#9242));
#9234 = ORIENTED_EDGE('',*,*,#9235,.T.);
#9235 = EDGE_CURVE('',#1541,#3999,#9236,.T.);
#9236 = LINE('',#9237,#9238);
#9237 = CARTESIAN_POINT('',(-17.65047015008,-7.959383819759,0.));
#9238 = VECTOR('',#9239,1.);
#9239 = DIRECTION('',(0.,0.,1.));
#9240 = ORIENTED_EDGE('',*,*,#4007,.T.);
#9241 = ORIENTED_EDGE('',*,*,#9198,.F.);
#9242 = ORIENTED_EDGE('',*,*,#1549,.F.);
#9243 = CYLINDRICAL_SURFACE('',#9244,19.36089411766);
#9244 = AXIS2_PLACEMENT_3D('',#9245,#9246,#9247);
#9245 = CARTESIAN_POINT('',(-1.094398514509E-02,2.130147109977E-02,0.));
#9246 = DIRECTION('',(-0.,-0.,-1.));
#9247 = DIRECTION('',(-0.911090472255,-0.412206442655,0.));
#9248 = ADVANCED_FACE('',(#9249),#9260,.F.);
#9249 = FACE_BOUND('',#9250,.F.);
#9250 = EDGE_LOOP('',(#9251,#9252,#9253,#9259));
#9251 = ORIENTED_EDGE('',*,*,#9220,.T.);
#9252 = ORIENTED_EDGE('',*,*,#3602,.T.);
#9253 = ORIENTED_EDGE('',*,*,#9254,.F.);
#9254 = EDGE_CURVE('',#1145,#3603,#9255,.T.);
#9255 = LINE('',#9256,#9257);
#9256 = CARTESIAN_POINT('',(-13.79585692831,8.943545281478,0.));
#9257 = VECTOR('',#9258,1.);
#9258 = DIRECTION('',(0.,0.,1.));
#9259 = ORIENTED_EDGE('',*,*,#1144,.F.);
#9260 = CYLINDRICAL_SURFACE('',#9261,0.493105882353);
#9261 = AXIS2_PLACEMENT_3D('',#9262,#9263,#9264);
#9262 = CARTESIAN_POINT('',(-14.20970898102,9.211649532985,0.));
#9263 = DIRECTION('',(0.,0.,-1.));
#9264 = DIRECTION('',(0.556123394812,0.831099735136,0.));
#9265 = ADVANCED_FACE('',(#9266),#9277,.F.);
#9266 = FACE_BOUND('',#9267,.F.);
#9267 = EDGE_LOOP('',(#9268,#9274,#9275,#9276));
#9268 = ORIENTED_EDGE('',*,*,#9269,.T.);
#9269 = EDGE_CURVE('',#1532,#3990,#9270,.T.);
#9270 = LINE('',#9271,#9272);
#9271 = CARTESIAN_POINT('',(-16.38657137042,-6.664372967396,0.));
#9272 = VECTOR('',#9273,1.);
#9273 = DIRECTION('',(0.,0.,1.));
#9274 = ORIENTED_EDGE('',*,*,#3998,.T.);
#9275 = ORIENTED_EDGE('',*,*,#9235,.F.);
#9276 = ORIENTED_EDGE('',*,*,#1540,.F.);
#9277 = SURFACE_OF_LINEAR_EXTRUSION('',#9278,#9283);
#9278 = B_SPLINE_CURVE_WITH_KNOTS('',3,(#9279,#9280,#9281,#9282),
  .UNSPECIFIED.,.F.,.F.,(4,4),(0.,1.),.PIECEWISE_BEZIER_KNOTS.);
#9279 = CARTESIAN_POINT('',(-16.38657137042,-6.664372967396,0.));
#9280 = CARTESIAN_POINT('',(-16.71066685199,-6.911810255981,0.));
#9281 = CARTESIAN_POINT('',(-17.15641692314,-7.318765373939,0.));
#9282 = CARTESIAN_POINT('',(-17.65047015008,-7.959383819759,0.));
#9283 = VECTOR('',#9284,1.);
#9284 = DIRECTION('',(-0.,-0.,-1.));
#9285 = ADVANCED_FACE('',(#9286),#9297,.T.);
#9286 = FACE_BOUND('',#9287,.F.);
#9287 = EDGE_LOOP('',(#9288,#9289,#9290,#9296));
#9288 = ORIENTED_EDGE('',*,*,#9254,.T.);
#9289 = ORIENTED_EDGE('',*,*,#3611,.T.);
#9290 = ORIENTED_EDGE('',*,*,#9291,.F.);
#9291 = EDGE_CURVE('',#1154,#3612,#9292,.T.);
#9292 = LINE('',#9293,#9294);
#9293 = CARTESIAN_POINT('',(-14.04365385567,8.549178730753,0.));
#9294 = VECTOR('',#9295,1.);
#9295 = DIRECTION('',(0.,0.,1.));
#9296 = ORIENTED_EDGE('',*,*,#1153,.F.);
#9297 = CYLINDRICAL_SURFACE('',#9298,16.441188235297);
#9298 = AXIS2_PLACEMENT_3D('',#9299,#9300,#9301);
#9299 = CARTESIAN_POINT('',(2.73383E-12,-1.59396E-12,0.));
#9300 = DIRECTION('',(-0.,-0.,-1.));
#9301 = DIRECTION('',(-0.839103398786,0.543971953455,0.));
#9302 = ADVANCED_FACE('',(#9303),#9314,.F.);
#9303 = FACE_BOUND('',#9304,.F.);
#9304 = EDGE_LOOP('',(#9305,#9311,#9312,#9313));
#9305 = ORIENTED_EDGE('',*,*,#9306,.T.);
#9306 = EDGE_CURVE('',#1524,#3982,#9307,.T.);
#9307 = LINE('',#9308,#9309);
#9308 = CARTESIAN_POINT('',(-15.87733634819,-6.340284243446,0.));
#9309 = VECTOR('',#9310,1.);
#9310 = DIRECTION('',(0.,0.,1.));
#9311 = ORIENTED_EDGE('',*,*,#3989,.T.);
#9312 = ORIENTED_EDGE('',*,*,#9269,.F.);
#9313 = ORIENTED_EDGE('',*,*,#1531,.F.);
#9314 = SURFACE_OF_LINEAR_EXTRUSION('',#9315,#9320);
#9315 = B_SPLINE_CURVE_WITH_KNOTS('',3,(#9316,#9317,#9318,#9319),
  .UNSPECIFIED.,.F.,.F.,(4,4),(0.,1.),.PIECEWISE_BEZIER_KNOTS.);
#9316 = CARTESIAN_POINT('',(-15.87733634819,-6.340284243446,0.));
#9317 = CARTESIAN_POINT('',(-15.9375473593,-6.368176502541,0.));
#9318 = CARTESIAN_POINT('',(-16.11596846649,-6.458703055399,0.));
#9319 = CARTESIAN_POINT('',(-16.38657137042,-6.664372967396,0.));
#9320 = VECTOR('',#9321,1.);
#9321 = DIRECTION('',(-0.,-0.,-1.));
#9322 = ADVANCED_FACE('',(#9323),#9334,.F.);
#9323 = FACE_BOUND('',#9324,.F.);
#9324 = EDGE_LOOP('',(#9325,#9326,#9327,#9333));
#9325 = ORIENTED_EDGE('',*,*,#9291,.T.);
#9326 = ORIENTED_EDGE('',*,*,#3620,.T.);
#9327 = ORIENTED_EDGE('',*,*,#9328,.F.);
#9328 = EDGE_CURVE('',#1163,#3621,#9329,.T.);
#9329 = LINE('',#9330,#9331);
#9330 = CARTESIAN_POINT('',(-14.71502338136,8.380835528096,0.));
#9331 = VECTOR('',#9332,1.);
#9332 = DIRECTION('',(0.,0.,1.));
#9333 = ORIENTED_EDGE('',*,*,#1162,.F.);
#9334 = CYLINDRICAL_SURFACE('',#9335,0.493105882353);
#9335 = AXIS2_PLACEMENT_3D('',#9336,#9337,#9338);
#9336 = CARTESIAN_POINT('',(-14.4647711157,8.805720471048,0.));
#9337 = DIRECTION('',(0.,0.,-1.));
#9338 = DIRECTION('',(0.854009808245,-0.520256905212,0.));
#9339 = ADVANCED_FACE('',(#9340),#9351,.F.);
#9340 = FACE_BOUND('',#9341,.F.);
#9341 = EDGE_LOOP('',(#9342,#9348,#9349,#9350));
#9342 = ORIENTED_EDGE('',*,*,#9343,.T.);
#9343 = EDGE_CURVE('',#1515,#3973,#9344,.T.);
#9344 = LINE('',#9345,#9346);
#9345 = CARTESIAN_POINT('',(-15.72706807764,-6.279303061977,0.));
#9346 = VECTOR('',#9347,1.);
#9347 = DIRECTION('',(0.,0.,1.));
#9348 = ORIENTED_EDGE('',*,*,#3981,.T.);
#9349 = ORIENTED_EDGE('',*,*,#9306,.F.);
#9350 = ORIENTED_EDGE('',*,*,#1523,.F.);
#9351 = PLANE('',#9352);
#9352 = AXIS2_PLACEMENT_3D('',#9353,#9354,#9355);
#9353 = CARTESIAN_POINT('',(-15.72706807764,-6.279303061977,0.));
#9354 = DIRECTION('',(0.376031380879,-0.926606928851,0.));
#9355 = DIRECTION('',(-0.926606928851,-0.376031380879,0.));
#9356 = ADVANCED_FACE('',(#9357),#9368,.F.);
#9357 = FACE_BOUND('',#9358,.F.);
#9358 = EDGE_LOOP('',(#9359,#9360,#9361,#9367));
#9359 = ORIENTED_EDGE('',*,*,#9328,.T.);
#9360 = ORIENTED_EDGE('',*,*,#3629,.T.);
#9361 = ORIENTED_EDGE('',*,*,#9362,.F.);
#9362 = EDGE_CURVE('',#1172,#3630,#9363,.T.);
#9363 = LINE('',#9364,#9365);
#9364 = CARTESIAN_POINT('',(-14.8563911231,8.46029884808,0.));
#9365 = VECTOR('',#9366,1.);
#9366 = DIRECTION('',(0.,0.,1.));
#9367 = ORIENTED_EDGE('',*,*,#1171,.F.);
#9368 = PLANE('',#9369);
#9369 = AXIS2_PLACEMENT_3D('',#9370,#9371,#9372);
#9370 = CARTESIAN_POINT('',(-14.71502338136,8.380835528096,0.));
#9371 = DIRECTION('',(-0.489998737692,-0.871723142437,0.));
#9372 = DIRECTION('',(-0.871723142437,0.489998737692,0.));
#9373 = ADVANCED_FACE('',(#9374),#9385,.F.);
#9374 = FACE_BOUND('',#9375,.F.);
#9375 = EDGE_LOOP('',(#9376,#9382,#9383,#9384));
#9376 = ORIENTED_EDGE('',*,*,#9377,.T.);
#9377 = EDGE_CURVE('',#1506,#3964,#9378,.T.);
#9378 = LINE('',#9379,#9380);
#9379 = CARTESIAN_POINT('',(-15.44009204079,-5.649444960358,0.));
#9380 = VECTOR('',#9381,1.);
#9381 = DIRECTION('',(0.,0.,1.));
#9382 = ORIENTED_EDGE('',*,*,#3972,.T.);
#9383 = ORIENTED_EDGE('',*,*,#9343,.F.);
#9384 = ORIENTED_EDGE('',*,*,#1514,.F.);
#9385 = CYLINDRICAL_SURFACE('',#9386,0.493105882353);
#9386 = AXIS2_PLACEMENT_3D('',#9387,#9388,#9389);
#9387 = CARTESIAN_POINT('',(-15.90322676694,-5.818736533238,0.));
#9388 = DIRECTION('',(0.,0.,-1.));
#9389 = DIRECTION('',(0.939219633594,0.343316879676,0.));
#9390 = ADVANCED_FACE('',(#9391),#9402,.F.);
#9391 = FACE_BOUND('',#9392,.F.);
#9392 = EDGE_LOOP('',(#9393,#9394,#9395,#9401));
#9393 = ORIENTED_EDGE('',*,*,#9362,.T.);
#9394 = ORIENTED_EDGE('',*,*,#3637,.T.);
#9395 = ORIENTED_EDGE('',*,*,#9396,.F.);
#9396 = EDGE_CURVE('',#1180,#3638,#9397,.T.);
#9397 = LINE('',#9398,#9399);
#9398 = CARTESIAN_POINT('',(-15.4272767337,8.656368806149,0.));
#9399 = VECTOR('',#9400,1.);
#9400 = DIRECTION('',(0.,0.,1.));
#9401 = ORIENTED_EDGE('',*,*,#1179,.F.);
#9402 = SURFACE_OF_LINEAR_EXTRUSION('',#9403,#9408);
#9403 = B_SPLINE_CURVE_WITH_KNOTS('',3,(#9404,#9405,#9406,#9407),
  .UNSPECIFIED.,.F.,.F.,(4,4),(0.,1.),.PIECEWISE_BEZIER_KNOTS.);
#9404 = CARTESIAN_POINT('',(-14.8563911231,8.46029884808,0.));
#9405 = CARTESIAN_POINT('',(-14.91573912076,8.489983173058,0.));
#9406 = CARTESIAN_POINT('',(-15.09775937056,8.573036029295,0.));
#9407 = CARTESIAN_POINT('',(-15.4272767337,8.656368806149,0.));
#9408 = VECTOR('',#9409,1.);
#9409 = DIRECTION('',(-0.,-0.,-1.));
#9410 = ADVANCED_FACE('',(#9411),#9422,.T.);
#9411 = FACE_BOUND('',#9412,.F.);
#9412 = EDGE_LOOP('',(#9413,#9419,#9420,#9421));
#9413 = ORIENTED_EDGE('',*,*,#9414,.T.);
#9414 = EDGE_CURVE('',#1497,#3955,#9415,.T.);
#9415 = LINE('',#9416,#9417);
#9416 = CARTESIAN_POINT('',(-15.59392136864,-5.209825998718,0.));
#9417 = VECTOR('',#9418,1.);
#9418 = DIRECTION('',(0.,0.,1.));
#9419 = ORIENTED_EDGE('',*,*,#3963,.T.);
#9420 = ORIENTED_EDGE('',*,*,#9377,.F.);
#9421 = ORIENTED_EDGE('',*,*,#1505,.F.);
#9422 = CYLINDRICAL_SURFACE('',#9423,16.441188235314);
#9423 = AXIS2_PLACEMENT_3D('',#9424,#9425,#9426);
#9424 = CARTESIAN_POINT('',(1.878413E-11,6.57928E-12,0.));
#9425 = DIRECTION('',(-0.,-0.,-1.));
#9426 = DIRECTION('',(-0.948466810639,-0.31687648874,0.));
#9427 = ADVANCED_FACE('',(#9428),#9439,.F.);
#9428 = FACE_BOUND('',#9429,.F.);
#9429 = EDGE_LOOP('',(#9430,#9431,#9432,#9438));
#9430 = ORIENTED_EDGE('',*,*,#9396,.T.);
#9431 = ORIENTED_EDGE('',*,*,#3646,.T.);
#9432 = ORIENTED_EDGE('',*,*,#9433,.F.);
#9433 = EDGE_CURVE('',#1189,#3647,#9434,.T.);
#9434 = LINE('',#9435,#9436);
#9435 = CARTESIAN_POINT('',(-17.22778498792,8.837098602998,0.));
#9436 = VECTOR('',#9437,1.);
#9437 = DIRECTION('',(0.,0.,1.));
#9438 = ORIENTED_EDGE('',*,*,#1188,.F.);
#9439 = SURFACE_OF_LINEAR_EXTRUSION('',#9440,#9445);
#9440 = B_SPLINE_CURVE_WITH_KNOTS('',3,(#9441,#9442,#9443,#9444),
  .UNSPECIFIED.,.F.,.F.,(4,4),(0.,1.),.PIECEWISE_BEZIER_KNOTS.);
#9441 = CARTESIAN_POINT('',(-15.4272767337,8.656368806149,0.));
#9442 = CARTESIAN_POINT('',(-15.82280122344,8.755482230934,0.));
#9443 = CARTESIAN_POINT('',(-16.41889217016,8.850251304016,0.));
#9444 = CARTESIAN_POINT('',(-17.22778498792,8.837098602998,0.));
#9445 = VECTOR('',#9446,1.);
#9446 = DIRECTION('',(-0.,-0.,-1.));
#9447 = ADVANCED_FACE('',(#9448),#9459,.F.);
#9448 = FACE_BOUND('',#9449,.F.);
#9449 = EDGE_LOOP('',(#9450,#9456,#9457,#9458));
#9450 = ORIENTED_EDGE('',*,*,#9451,.T.);
#9451 = EDGE_CURVE('',#1489,#3947,#9452,.T.);
#9452 = LINE('',#9453,#9454);
#9453 = CARTESIAN_POINT('',(-16.21099837194,-4.896309737737,0.));
#9454 = VECTOR('',#9455,1.);
#9455 = DIRECTION('',(0.,0.,1.));
#9456 = ORIENTED_EDGE('',*,*,#3954,.T.);
#9457 = ORIENTED_EDGE('',*,*,#9414,.F.);
#9458 = ORIENTED_EDGE('',*,*,#1496,.F.);
#9459 = CYLINDRICAL_SURFACE('',#9460,0.493105882353);
#9460 = AXIS2_PLACEMENT_3D('',#9461,#9462,#9463);
#9461 = CARTESIAN_POINT('',(-16.0615662474,-5.366228295964,0.));
#9462 = DIRECTION('',(0.,0.,-1.));
#9463 = DIRECTION('',(-0.303042672759,0.952976987386,0.));
#9464 = ADVANCED_FACE('',(#9465),#9476,.T.);
#9465 = FACE_BOUND('',#9466,.F.);
#9466 = EDGE_LOOP('',(#9467,#9468,#9469,#9475));
#9467 = ORIENTED_EDGE('',*,*,#9433,.T.);
#9468 = ORIENTED_EDGE('',*,*,#3655,.T.);
#9469 = ORIENTED_EDGE('',*,*,#9470,.F.);
#9470 = EDGE_CURVE('',#1198,#3656,#9471,.T.);
#9471 = LINE('',#9472,#9473);
#9472 = CARTESIAN_POINT('',(-17.64955423102,7.958483302796,0.));
#9473 = VECTOR('',#9474,1.);
#9474 = DIRECTION('',(0.,0.,1.));
#9475 = ORIENTED_EDGE('',*,*,#1197,.F.);
#9476 = CYLINDRICAL_SURFACE('',#9477,19.36089411765);
#9477 = AXIS2_PLACEMENT_3D('',#9478,#9479,#9480);
#9478 = CARTESIAN_POINT('',(9.830697589565E-03,2.183760212996E-02,0.));
#9479 = DIRECTION('',(-0.,-0.,-1.));
#9480 = DIRECTION('',(-0.890331592165,0.45531270133,0.));
#9481 = ADVANCED_FACE('',(#9482),#9493,.F.);
#9482 = FACE_BOUND('',#9483,.F.);
#9483 = EDGE_LOOP('',(#9484,#9490,#9491,#9492));
#9484 = ORIENTED_EDGE('',*,*,#9485,.T.);
#9485 = EDGE_CURVE('',#1480,#3938,#9486,.T.);
#9486 = LINE('',#9487,#9488);
#9487 = CARTESIAN_POINT('',(-16.36650398142,-4.94232346446,0.));
#9488 = VECTOR('',#9489,1.);
#9489 = DIRECTION('',(0.,0.,1.));
#9490 = ORIENTED_EDGE('',*,*,#3946,.T.);
#9491 = ORIENTED_EDGE('',*,*,#9451,.F.);
#9492 = ORIENTED_EDGE('',*,*,#1488,.F.);
#9493 = PLANE('',#9494);
#9494 = AXIS2_PLACEMENT_3D('',#9495,#9496,#9497);
#9495 = CARTESIAN_POINT('',(-16.36650398142,-4.94232346446,0.));
#9496 = DIRECTION('',(-0.283736798503,0.958902200005,0.));
#9497 = DIRECTION('',(0.958902200005,0.283736798503,0.));
#9498 = ADVANCED_FACE('',(#9499),#9510,.F.);
#9499 = FACE_BOUND('',#9500,.F.);
#9500 = EDGE_LOOP('',(#9501,#9502,#9503,#9509));
#9501 = ORIENTED_EDGE('',*,*,#9470,.T.);
#9502 = ORIENTED_EDGE('',*,*,#3664,.T.);
#9503 = ORIENTED_EDGE('',*,*,#9504,.F.);
#9504 = EDGE_CURVE('',#1207,#3665,#9505,.T.);
#9505 = LINE('',#9506,#9507);
#9506 = CARTESIAN_POINT('',(-16.38657137042,6.664372967396,0.));
#9507 = VECTOR('',#9508,1.);
#9508 = DIRECTION('',(0.,0.,1.));
#9509 = ORIENTED_EDGE('',*,*,#1206,.F.);
#9510 = SURFACE_OF_LINEAR_EXTRUSION('',#9511,#9516);
#9511 = B_SPLINE_CURVE_WITH_KNOTS('',3,(#9512,#9513,#9514,#9515),
  .UNSPECIFIED.,.F.,.F.,(4,4),(0.,1.),.PIECEWISE_BEZIER_KNOTS.);
#9512 = CARTESIAN_POINT('',(-17.64955423102,7.958483302796,0.));
#9513 = CARTESIAN_POINT('',(-17.15641692314,7.318765373939,0.));
#9514 = CARTESIAN_POINT('',(-16.71066685199,6.911810255981,0.));
#9515 = CARTESIAN_POINT('',(-16.38657137042,6.664372967396,0.));
#9516 = VECTOR('',#9517,1.);
#9517 = DIRECTION('',(-0.,-0.,-1.));
#9518 = ADVANCED_FACE('',(#9519),#9530,.F.);
#9519 = FACE_BOUND('',#9520,.F.);
#9520 = EDGE_LOOP('',(#9521,#9527,#9528,#9529));
#9521 = ORIENTED_EDGE('',*,*,#9522,.T.);
#9522 = EDGE_CURVE('',#1471,#3929,#9523,.T.);
#9523 = LINE('',#9524,#9525);
#9524 = CARTESIAN_POINT('',(-16.96670596805,-5.006443540068,0.));
#9525 = VECTOR('',#9526,1.);
#9526 = DIRECTION('',(0.,0.,1.));
#9527 = ORIENTED_EDGE('',*,*,#3937,.T.);
#9528 = ORIENTED_EDGE('',*,*,#9485,.F.);
#9529 = ORIENTED_EDGE('',*,*,#1479,.F.);
#9530 = SURFACE_OF_LINEAR_EXTRUSION('',#9531,#9536);
#9531 = B_SPLINE_CURVE_WITH_KNOTS('',3,(#9532,#9533,#9534,#9535),
  .UNSPECIFIED.,.F.,.F.,(4,4),(0.,1.),.PIECEWISE_BEZIER_KNOTS.);
#9532 = CARTESIAN_POINT('',(-16.96670596805,-5.006443540068,0.));
#9533 = CARTESIAN_POINT('',(-16.62690700584,-4.998524601315,0.));
#9534 = CARTESIAN_POINT('',(-16.4309693846,-4.958057369567,0.));
#9535 = CARTESIAN_POINT('',(-16.36650398142,-4.94232346446,0.));
#9536 = VECTOR('',#9537,1.);
#9537 = DIRECTION('',(-0.,-0.,-1.));
#9538 = ADVANCED_FACE('',(#9539),#9550,.F.);
#9539 = FACE_BOUND('',#9540,.F.);
#9540 = EDGE_LOOP('',(#9541,#9542,#9543,#9549));
#9541 = ORIENTED_EDGE('',*,*,#9504,.T.);
#9542 = ORIENTED_EDGE('',*,*,#3673,.T.);
#9543 = ORIENTED_EDGE('',*,*,#9544,.F.);
#9544 = EDGE_CURVE('',#1216,#3674,#9545,.T.);
#9545 = LINE('',#9546,#9547);
#9546 = CARTESIAN_POINT('',(-15.87733634819,6.340284243446,0.));
#9547 = VECTOR('',#9548,1.);
#9548 = DIRECTION('',(0.,0.,1.));
#9549 = ORIENTED_EDGE('',*,*,#1215,.F.);
#9550 = SURFACE_OF_LINEAR_EXTRUSION('',#9551,#9556);
#9551 = B_SPLINE_CURVE_WITH_KNOTS('',3,(#9552,#9553,#9554,#9555),
  .UNSPECIFIED.,.F.,.F.,(4,4),(0.,1.),.PIECEWISE_BEZIER_KNOTS.);
#9552 = CARTESIAN_POINT('',(-16.38657137042,6.664372967396,0.));
#9553 = CARTESIAN_POINT('',(-16.11596846649,6.458703055399,0.));
#9554 = CARTESIAN_POINT('',(-15.9375473593,6.368176502541,0.));
#9555 = CARTESIAN_POINT('',(-15.87733634819,6.340284243446,0.));
#9556 = VECTOR('',#9557,1.);
#9557 = DIRECTION('',(-0.,-0.,-1.));
#9558 = ADVANCED_FACE('',(#9559),#9570,.F.);
#9559 = FACE_BOUND('',#9560,.F.);
#9560 = EDGE_LOOP('',(#9561,#9567,#9568,#9569));
#9561 = ORIENTED_EDGE('',*,*,#9562,.T.);
#9562 = EDGE_CURVE('',#1462,#3920,#9563,.T.);
#9563 = LINE('',#9564,#9565);
#9564 = CARTESIAN_POINT('',(-18.76101032689,-4.782124271574,0.));
#9565 = VECTOR('',#9566,1.);
#9566 = DIRECTION('',(0.,0.,1.));
#9567 = ORIENTED_EDGE('',*,*,#3928,.T.);
#9568 = ORIENTED_EDGE('',*,*,#9522,.F.);
#9569 = ORIENTED_EDGE('',*,*,#1470,.F.);
#9570 = SURFACE_OF_LINEAR_EXTRUSION('',#9571,#9576);
#9571 = B_SPLINE_CURVE_WITH_KNOTS('',3,(#9572,#9573,#9574,#9575),
  .UNSPECIFIED.,.F.,.F.,(4,4),(0.,1.),.PIECEWISE_BEZIER_KNOTS.);
#9572 = CARTESIAN_POINT('',(-18.76101032689,-4.782124271574,0.));
#9573 = CARTESIAN_POINT('',(-17.97660244971,-4.974809805876,0.));
#9574 = CARTESIAN_POINT('',(-17.3743686449,-5.015059505503,0.));
#9575 = CARTESIAN_POINT('',(-16.96670596805,-5.006443540068,0.));
#9576 = VECTOR('',#9577,1.);
#9577 = DIRECTION('',(-0.,-0.,-1.));
#9578 = ADVANCED_FACE('',(#9579),#9590,.F.);
#9579 = FACE_BOUND('',#9580,.F.);
#9580 = EDGE_LOOP('',(#9581,#9582,#9583,#9589));
#9581 = ORIENTED_EDGE('',*,*,#9544,.T.);
#9582 = ORIENTED_EDGE('',*,*,#3682,.T.);
#9583 = ORIENTED_EDGE('',*,*,#9584,.F.);
#9584 = EDGE_CURVE('',#1225,#3683,#9585,.T.);
#9585 = LINE('',#9586,#9587);
#9586 = CARTESIAN_POINT('',(-15.72706807764,6.279303061977,0.));
#9587 = VECTOR('',#9588,1.);
#9588 = DIRECTION('',(0.,0.,1.));
#9589 = ORIENTED_EDGE('',*,*,#1224,.F.);
#9590 = PLANE('',#9591);
#9591 = AXIS2_PLACEMENT_3D('',#9592,#9593,#9594);
#9592 = CARTESIAN_POINT('',(-15.87733634819,6.340284243446,0.));
#9593 = DIRECTION('',(0.376031380879,0.926606928851,0.));
#9594 = DIRECTION('',(0.926606928851,-0.376031380879,0.));
#9595 = ADVANCED_FACE('',(#9596),#9607,.T.);
#9596 = FACE_BOUND('',#9597,.F.);
#9597 = EDGE_LOOP('',(#9598,#9604,#9605,#9606));
#9598 = ORIENTED_EDGE('',*,*,#9599,.T.);
#9599 = EDGE_CURVE('',#1453,#3911,#9600,.T.);
#9600 = LINE('',#9601,#9602);
#9601 = CARTESIAN_POINT('',(-18.97906553373,-3.832226347086,0.));
#9602 = VECTOR('',#9603,1.);
#9603 = DIRECTION('',(0.,0.,1.));
#9604 = ORIENTED_EDGE('',*,*,#3919,.T.);
#9605 = ORIENTED_EDGE('',*,*,#9562,.F.);
#9606 = ORIENTED_EDGE('',*,*,#1461,.F.);
#9607 = CYLINDRICAL_SURFACE('',#9608,19.360894117661);
#9608 = AXIS2_PLACEMENT_3D('',#9609,#9610,#9611);
#9609 = CARTESIAN_POINT('',(-5.929573344142E-03,2.320266454152E-02,0.));
#9610 = DIRECTION('',(-0.,-0.,-1.));
#9611 = DIRECTION('',(-0.979972094527,-0.199134863721,0.));
#9612 = ADVANCED_FACE('',(#9613),#9624,.F.);
#9613 = FACE_BOUND('',#9614,.F.);
#9614 = EDGE_LOOP('',(#9615,#9616,#9617,#9623));
#9615 = ORIENTED_EDGE('',*,*,#9584,.T.);
#9616 = ORIENTED_EDGE('',*,*,#3690,.T.);
#9617 = ORIENTED_EDGE('',*,*,#9618,.F.);
#9618 = EDGE_CURVE('',#1233,#3691,#9619,.T.);
#9619 = LINE('',#9620,#9621);
#9620 = CARTESIAN_POINT('',(-15.44009204079,5.649444960358,0.));
#9621 = VECTOR('',#9622,1.);
#9622 = DIRECTION('',(0.,0.,1.));
#9623 = ORIENTED_EDGE('',*,*,#1232,.F.);
#9624 = CYLINDRICAL_SURFACE('',#9625,0.493105882353);
#9625 = AXIS2_PLACEMENT_3D('',#9626,#9627,#9628);
#9626 = CARTESIAN_POINT('',(-15.90322676694,5.818736533238,0.));
#9627 = DIRECTION('',(0.,0.,-1.));
#9628 = DIRECTION('',(0.357243130947,0.934011426799,0.));
#9629 = ADVANCED_FACE('',(#9630),#9641,.F.);
#9630 = FACE_BOUND('',#9631,.F.);
#9631 = EDGE_LOOP('',(#9632,#9638,#9639,#9640));
#9632 = ORIENTED_EDGE('',*,*,#9633,.T.);
#9633 = EDGE_CURVE('',#1444,#3902,#9634,.T.);
#9634 = LINE('',#9635,#9636);
#9635 = CARTESIAN_POINT('',(-17.45868831092,-2.850928057417,0.));
#9636 = VECTOR('',#9637,1.);
#9637 = DIRECTION('',(0.,0.,1.));
#9638 = ORIENTED_EDGE('',*,*,#3910,.T.);
#9639 = ORIENTED_EDGE('',*,*,#9599,.F.);
#9640 = ORIENTED_EDGE('',*,*,#1452,.F.);
#9641 = SURFACE_OF_LINEAR_EXTRUSION('',#9642,#9647);
#9642 = B_SPLINE_CURVE_WITH_KNOTS('',3,(#9643,#9644,#9645,#9646),
  .UNSPECIFIED.,.F.,.F.,(4,4),(0.,1.),.PIECEWISE_BEZIER_KNOTS.);
#9643 = CARTESIAN_POINT('',(-17.45868831092,-2.850928057417,0.));
#9644 = CARTESIAN_POINT('',(-17.82971801866,-3.020043547323,0.));
#9645 = CARTESIAN_POINT('',(-18.35484823782,-3.31760672868,0.));
#9646 = CARTESIAN_POINT('',(-18.97906553373,-3.832226347086,0.));
#9647 = VECTOR('',#9648,1.);
#9648 = DIRECTION('',(-0.,-0.,-1.));
#9649 = ADVANCED_FACE('',(#9650),#9661,.T.);
#9650 = FACE_BOUND('',#9651,.F.);
#9651 = EDGE_LOOP('',(#9652,#9653,#9654,#9660));
#9652 = ORIENTED_EDGE('',*,*,#9618,.T.);
#9653 = ORIENTED_EDGE('',*,*,#3699,.T.);
#9654 = ORIENTED_EDGE('',*,*,#9655,.F.);
#9655 = EDGE_CURVE('',#1242,#3700,#9656,.T.);
#9656 = LINE('',#9657,#9658);
#9657 = CARTESIAN_POINT('',(-15.59392136864,5.209825998718,0.));
#9658 = VECTOR('',#9659,1.);
#9659 = DIRECTION('',(0.,0.,1.));
#9660 = ORIENTED_EDGE('',*,*,#1241,.F.);
#9661 = CYLINDRICAL_SURFACE('',#9662,16.441188235334);
#9662 = AXIS2_PLACEMENT_3D('',#9663,#9664,#9665);
#9663 = CARTESIAN_POINT('',(3.781375E-11,-1.313783E-11,0.));
#9664 = DIRECTION('',(-0.,-0.,-1.));
#9665 = DIRECTION('',(-0.939110471812,0.343615368884,0.));
#9666 = ADVANCED_FACE('',(#9667),#9678,.F.);
#9667 = FACE_BOUND('',#9668,.F.);
#9668 = EDGE_LOOP('',(#9669,#9675,#9676,#9677));
#9669 = ORIENTED_EDGE('',*,*,#9670,.T.);
#9670 = EDGE_CURVE('',#1436,#3894,#9671,.T.);
#9671 = LINE('',#9672,#9673);
#9672 = CARTESIAN_POINT('',(-16.89010434835,-2.648280367163,0.));
#9673 = VECTOR('',#9674,1.);
#9674 = DIRECTION('',(0.,0.,1.));
#9675 = ORIENTED_EDGE('',*,*,#3901,.T.);
#9676 = ORIENTED_EDGE('',*,*,#9633,.F.);
#9677 = ORIENTED_EDGE('',*,*,#1443,.F.);
#9678 = SURFACE_OF_LINEAR_EXTRUSION('',#9679,#9684);
#9679 = B_SPLINE_CURVE_WITH_KNOTS('',3,(#9680,#9681,#9682,#9683),
  .UNSPECIFIED.,.F.,.F.,(4,4),(0.,1.),.PIECEWISE_BEZIER_KNOTS.);
#9680 = CARTESIAN_POINT('',(-16.89010434835,-2.648280367163,0.));
#9681 = CARTESIAN_POINT('',(-16.95501235524,-2.662075098662,0.));
#9682 = CARTESIAN_POINT('',(-17.14910412586,-2.710629530427,0.));
#9683 = CARTESIAN_POINT('',(-17.45868831092,-2.850928057417,0.));
#9684 = VECTOR('',#9685,1.);
#9685 = DIRECTION('',(-0.,-0.,-1.));
#9686 = ADVANCED_FACE('',(#9687),#9698,.F.);
#9687 = FACE_BOUND('',#9688,.F.);
#9688 = EDGE_LOOP('',(#9689,#9690,#9691,#9697));
#9689 = ORIENTED_EDGE('',*,*,#9655,.T.);
#9690 = ORIENTED_EDGE('',*,*,#3708,.T.);
#9691 = ORIENTED_EDGE('',*,*,#9692,.F.);
#9692 = EDGE_CURVE('',#1251,#3709,#9693,.T.);
#9693 = LINE('',#9694,#9695);
#9694 = CARTESIAN_POINT('',(-16.21099837194,4.896309737737,0.));
#9695 = VECTOR('',#9696,1.);
#9696 = DIRECTION('',(0.,0.,1.));
#9697 = ORIENTED_EDGE('',*,*,#1250,.F.);
#9698 = CYLINDRICAL_SURFACE('',#9699,0.493105882353);
#9699 = AXIS2_PLACEMENT_3D('',#9700,#9701,#9702);
#9700 = CARTESIAN_POINT('',(-16.0615662474,5.366228295964,0.));
#9701 = DIRECTION('',(0.,0.,-1.));
#9702 = DIRECTION('',(0.94836605178,-0.317177918258,0.));
#9703 = ADVANCED_FACE('',(#9704),#9715,.F.);
#9704 = FACE_BOUND('',#9705,.F.);
#9705 = EDGE_LOOP('',(#9706,#9712,#9713,#9714));
#9706 = ORIENTED_EDGE('',*,*,#9707,.T.);
#9707 = EDGE_CURVE('',#1427,#3885,#9708,.T.);
#9708 = LINE('',#9709,#9710);
#9709 = CARTESIAN_POINT('',(-16.73003402762,-2.622265947139,0.));
#9710 = VECTOR('',#9711,1.);
#9711 = DIRECTION('',(0.,0.,1.));
#9712 = ORIENTED_EDGE('',*,*,#3893,.T.);
#9713 = ORIENTED_EDGE('',*,*,#9670,.F.);
#9714 = ORIENTED_EDGE('',*,*,#1435,.F.);
#9715 = PLANE('',#9716);
#9716 = AXIS2_PLACEMENT_3D('',#9717,#9718,#9719);
#9717 = CARTESIAN_POINT('',(-16.73003402762,-2.622265947139,0.));
#9718 = DIRECTION('',(0.160414049857,-0.987049812628,0.));
#9719 = DIRECTION('',(-0.987049812628,-0.160414049857,0.));
#9720 = ADVANCED_FACE('',(#9721),#9732,.F.);
#9721 = FACE_BOUND('',#9722,.F.);
#9722 = EDGE_LOOP('',(#9723,#9724,#9725,#9731));
#9723 = ORIENTED_EDGE('',*,*,#9692,.T.);
#9724 = ORIENTED_EDGE('',*,*,#3717,.T.);
#9725 = ORIENTED_EDGE('',*,*,#9726,.F.);
#9726 = EDGE_CURVE('',#1260,#3718,#9727,.T.);
#9727 = LINE('',#9728,#9729);
#9728 = CARTESIAN_POINT('',(-16.36650398142,4.94232346446,0.));
#9729 = VECTOR('',#9730,1.);
#9730 = DIRECTION('',(0.,0.,1.));
#9731 = ORIENTED_EDGE('',*,*,#1259,.F.);
#9732 = PLANE('',#9733);
#9733 = AXIS2_PLACEMENT_3D('',#9734,#9735,#9736);
#9734 = CARTESIAN_POINT('',(-16.21099837194,4.896309737737,0.));
#9735 = DIRECTION('',(-0.283736798503,-0.958902200005,0.));
#9736 = DIRECTION('',(-0.958902200005,0.283736798503,0.));
#9737 = ADVANCED_FACE('',(#9738),#9749,.F.);
#9738 = FACE_BOUND('',#9739,.F.);
#9739 = EDGE_LOOP('',(#9740,#9746,#9747,#9748));
#9740 = ORIENTED_EDGE('',*,*,#9741,.T.);
#9741 = EDGE_CURVE('',#1418,#3876,#9742,.T.);
#9742 = LINE('',#9743,#9744);
#9743 = CARTESIAN_POINT('',(-16.31009646614,-2.072057878899,0.));
#9744 = VECTOR('',#9745,1.);
#9745 = DIRECTION('',(0.,0.,1.));
#9746 = ORIENTED_EDGE('',*,*,#3884,.T.);
#9747 = ORIENTED_EDGE('',*,*,#9707,.F.);
#9748 = ORIENTED_EDGE('',*,*,#1426,.F.);
#9749 = CYLINDRICAL_SURFACE('',#9750,0.493105882353);
#9750 = AXIS2_PLACEMENT_3D('',#9751,#9752,#9753);
#9751 = CARTESIAN_POINT('',(-16.79929035667,-2.134047786786,0.));
#9752 = DIRECTION('',(0.,0.,-1.));
#9753 = DIRECTION('',(0.992066629169,0.125713178662,0.));
#9754 = ADVANCED_FACE('',(#9755),#9766,.F.);
#9755 = FACE_BOUND('',#9756,.F.);
#9756 = EDGE_LOOP('',(#9757,#9758,#9759,#9765));
#9757 = ORIENTED_EDGE('',*,*,#9726,.T.);
#9758 = ORIENTED_EDGE('',*,*,#3725,.T.);
#9759 = ORIENTED_EDGE('',*,*,#9760,.F.);
#9760 = EDGE_CURVE('',#1268,#3726,#9761,.T.);
#9761 = LINE('',#9762,#9763);
#9762 = CARTESIAN_POINT('',(-16.96670596805,5.006443540068,0.));
#9763 = VECTOR('',#9764,1.);
#9764 = DIRECTION('',(0.,0.,1.));
#9765 = ORIENTED_EDGE('',*,*,#1267,.F.);
#9766 = SURFACE_OF_LINEAR_EXTRUSION('',#9767,#9772);
#9767 = B_SPLINE_CURVE_WITH_KNOTS('',3,(#9768,#9769,#9770,#9771),
  .UNSPECIFIED.,.F.,.F.,(4,4),(0.,1.),.PIECEWISE_BEZIER_KNOTS.);
#9768 = CARTESIAN_POINT('',(-16.36650398142,4.94232346446,0.));
#9769 = CARTESIAN_POINT('',(-16.4309693846,4.958057369567,0.));
#9770 = CARTESIAN_POINT('',(-16.62690700584,4.998524601315,0.));
#9771 = CARTESIAN_POINT('',(-16.96670596805,5.006443540068,0.));
#9772 = VECTOR('',#9773,1.);
#9773 = DIRECTION('',(-0.,-0.,-1.));
#9774 = ADVANCED_FACE('',(#9775),#9786,.T.);
#9775 = FACE_BOUND('',#9776,.F.);
#9776 = EDGE_LOOP('',(#9777,#9783,#9784,#9785));
#9777 = ORIENTED_EDGE('',*,*,#9778,.T.);
#9778 = EDGE_CURVE('',#1409,#3867,#9779,.T.);
#9779 = LINE('',#9780,#9781);
#9780 = CARTESIAN_POINT('',(-16.36224454964,-1.609230836769,0.));
#9781 = VECTOR('',#9782,1.);
#9782 = DIRECTION('',(0.,0.,1.));
#9783 = ORIENTED_EDGE('',*,*,#3875,.T.);
#9784 = ORIENTED_EDGE('',*,*,#9741,.F.);
#9785 = ORIENTED_EDGE('',*,*,#1417,.F.);
#9786 = CYLINDRICAL_SURFACE('',#9787,16.441188235292);
#9787 = AXIS2_PLACEMENT_3D('',#9788,#9789,#9790);
#9788 = CARTESIAN_POINT('',(-1.96854E-12,-1.6092E-13,0.));
#9789 = DIRECTION('',(-0.,-0.,-1.));
#9790 = DIRECTION('',(-0.995198419693,-9.787801305714E-02,0.));
#9791 = ADVANCED_FACE('',(#9792),#9803,.F.);
#9792 = FACE_BOUND('',#9793,.F.);
#9793 = EDGE_LOOP('',(#9794,#9795,#9796,#9802));
#9794 = ORIENTED_EDGE('',*,*,#9760,.T.);
#9795 = ORIENTED_EDGE('',*,*,#3734,.T.);
#9796 = ORIENTED_EDGE('',*,*,#9797,.F.);
#9797 = EDGE_CURVE('',#1277,#3735,#9798,.T.);
#9798 = LINE('',#9799,#9800);
#9799 = CARTESIAN_POINT('',(-18.76228788439,4.781991285255,0.));
#9800 = VECTOR('',#9801,1.);
#9801 = DIRECTION('',(0.,0.,1.));
#9802 = ORIENTED_EDGE('',*,*,#1276,.F.);
#9803 = SURFACE_OF_LINEAR_EXTRUSION('',#9804,#9809);
#9804 = B_SPLINE_CURVE_WITH_KNOTS('',3,(#9805,#9806,#9807,#9808),
  .UNSPECIFIED.,.F.,.F.,(4,4),(0.,1.),.PIECEWISE_BEZIER_KNOTS.);
#9805 = CARTESIAN_POINT('',(-16.96670596805,5.006443540068,0.));
#9806 = CARTESIAN_POINT('',(-17.3743686449,5.015059505503,0.));
#9807 = CARTESIAN_POINT('',(-17.97660244971,4.974809805876,0.));
#9808 = CARTESIAN_POINT('',(-18.76228788439,4.781991285255,0.));
#9809 = VECTOR('',#9810,1.);
#9810 = DIRECTION('',(-0.,-0.,-1.));
#9811 = ADVANCED_FACE('',(#9812),#9823,.F.);
#9812 = FACE_BOUND('',#9813,.F.);
#9813 = EDGE_LOOP('',(#9814,#9820,#9821,#9822));
#9814 = ORIENTED_EDGE('',*,*,#9815,.T.);
#9815 = EDGE_CURVE('',#1401,#3859,#9816,.T.);
#9816 = LINE('',#9817,#9818);
#9817 = CARTESIAN_POINT('',(-16.89408621292,-1.166262531918,0.));
#9818 = VECTOR('',#9819,1.);
#9819 = DIRECTION('',(0.,0.,1.));
#9820 = ORIENTED_EDGE('',*,*,#3866,.T.);
#9821 = ORIENTED_EDGE('',*,*,#9778,.F.);
#9822 = ORIENTED_EDGE('',*,*,#1408,.F.);
#9823 = CYLINDRICAL_SURFACE('',#9824,0.493105882353);
#9824 = AXIS2_PLACEMENT_3D('',#9825,#9826,#9827);
#9825 = CARTESIAN_POINT('',(-16.85296738018,-1.657651026702,0.));
#9826 = DIRECTION('',(0.,0.,-1.));
#9827 = DIRECTION('',(-8.338743098338E-02,0.99651720324,0.));
#9828 = ADVANCED_FACE('',(#9829),#9840,.T.);
#9829 = FACE_BOUND('',#9830,.F.);
#9830 = EDGE_LOOP('',(#9831,#9832,#9833,#9839));
#9831 = ORIENTED_EDGE('',*,*,#9797,.T.);
#9832 = ORIENTED_EDGE('',*,*,#3743,.T.);
#9833 = ORIENTED_EDGE('',*,*,#9834,.F.);
#9834 = EDGE_CURVE('',#1286,#3744,#9835,.T.);
#9835 = LINE('',#9836,#9837);
#9836 = CARTESIAN_POINT('',(-18.9779721948,3.831552219129,0.));
#9837 = VECTOR('',#9838,1.);
#9838 = DIRECTION('',(0.,0.,1.));
#9839 = ORIENTED_EDGE('',*,*,#1285,.F.);
#9840 = CYLINDRICAL_SURFACE('',#9841,19.360894117658);
#9841 = AXIS2_PLACEMENT_3D('',#9842,#9843,#9844);
#9842 = CARTESIAN_POINT('',(4.724897863389E-03,2.347762385874E-02,0.));
#9843 = DIRECTION('',(-0.,-0.,-1.));
#9844 = DIRECTION('',(-0.969325727841,0.245779643878,0.));
#9845 = ADVANCED_FACE('',(#9846),#9857,.F.);
#9846 = FACE_BOUND('',#9847,.F.);
#9847 = EDGE_LOOP('',(#9848,#9854,#9855,#9856));
#9848 = ORIENTED_EDGE('',*,*,#9849,.T.);
#9849 = EDGE_CURVE('',#1392,#3850,#9850,.T.);
#9850 = LINE('',#9851,#9852);
#9851 = CARTESIAN_POINT('',(-17.05593198955,-1.176519344986,0.));
#9852 = VECTOR('',#9853,1.);
#9853 = DIRECTION('',(0.,0.,1.));
#9854 = ORIENTED_EDGE('',*,*,#3858,.T.);
#9855 = ORIENTED_EDGE('',*,*,#9815,.F.);
#9856 = ORIENTED_EDGE('',*,*,#1400,.F.);
#9857 = PLANE('',#9858);
#9858 = AXIS2_PLACEMENT_3D('',#9859,#9860,#9861);
#9859 = CARTESIAN_POINT('',(-17.05593198955,-1.176519344986,0.));
#9860 = DIRECTION('',(-6.32471114558E-02,0.997997897239,0.));
#9861 = DIRECTION('',(0.997997897239,6.32471114558E-02,0.));
#9862 = ADVANCED_FACE('',(#9863),#9874,.F.);
#9863 = FACE_BOUND('',#9864,.F.);
#9864 = EDGE_LOOP('',(#9865,#9866,#9867,#9873));
#9865 = ORIENTED_EDGE('',*,*,#9834,.T.);
#9866 = ORIENTED_EDGE('',*,*,#3752,.T.);
#9867 = ORIENTED_EDGE('',*,*,#9868,.F.);
#9868 = EDGE_CURVE('',#1295,#3753,#9869,.T.);
#9869 = LINE('',#9870,#9871);
#9870 = CARTESIAN_POINT('',(-17.45868831092,2.850928057417,0.));
#9871 = VECTOR('',#9872,1.);
#9872 = DIRECTION('',(0.,0.,1.));
#9873 = ORIENTED_EDGE('',*,*,#1294,.F.);
#9874 = SURFACE_OF_LINEAR_EXTRUSION('',#9875,#9880);
#9875 = B_SPLINE_CURVE_WITH_KNOTS('',3,(#9876,#9877,#9878,#9879),
  .UNSPECIFIED.,.F.,.F.,(4,4),(0.,1.),.PIECEWISE_BEZIER_KNOTS.);
#9876 = CARTESIAN_POINT('',(-18.9779721948,3.831552219129,0.));
#9877 = CARTESIAN_POINT('',(-18.35484823782,3.31760672868,0.));
#9878 = CARTESIAN_POINT('',(-17.82971801866,3.020043547323,0.));
#9879 = CARTESIAN_POINT('',(-17.45868831092,2.850928057417,0.));
#9880 = VECTOR('',#9881,1.);
#9881 = DIRECTION('',(-0.,-0.,-1.));
#9882 = ADVANCED_FACE('',(#9883),#9894,.F.);
#9883 = FACE_BOUND('',#9884,.F.);
#9884 = EDGE_LOOP('',(#9885,#9891,#9892,#9893));
#9885 = ORIENTED_EDGE('',*,*,#9886,.T.);
#9886 = EDGE_CURVE('',#1383,#3841,#9887,.T.);
#9887 = LINE('',#9888,#9889);
#9888 = CARTESIAN_POINT('',(-17.65535371837,-1.1054742898,0.));
#9889 = VECTOR('',#9890,1.);
#9890 = DIRECTION('',(0.,0.,1.));
#9891 = ORIENTED_EDGE('',*,*,#3849,.T.);
#9892 = ORIENTED_EDGE('',*,*,#9849,.F.);
#9893 = ORIENTED_EDGE('',*,*,#1391,.F.);
#9894 = SURFACE_OF_LINEAR_EXTRUSION('',#9895,#9900);
#9895 = B_SPLINE_CURVE_WITH_KNOTS('',3,(#9896,#9897,#9898,#9899),
  .UNSPECIFIED.,.F.,.F.,(4,4),(0.,1.),.PIECEWISE_BEZIER_KNOTS.);
#9896 = CARTESIAN_POINT('',(-17.65535371837,-1.1054742898,0.));
#9897 = CARTESIAN_POINT('',(-17.32231209593,-1.173366277804,0.));
#9898 = CARTESIAN_POINT('',(-17.12228223373,-1.177513866521,0.));
#9899 = CARTESIAN_POINT('',(-17.05593198955,-1.176519344986,0.));
#9900 = VECTOR('',#9901,1.);
#9901 = DIRECTION('',(-0.,-0.,-1.));
#9902 = ADVANCED_FACE('',(#9903),#9914,.F.);
#9903 = FACE_BOUND('',#9904,.F.);
#9904 = EDGE_LOOP('',(#9905,#9906,#9907,#9913));
#9905 = ORIENTED_EDGE('',*,*,#9868,.T.);
#9906 = ORIENTED_EDGE('',*,*,#3761,.T.);
#9907 = ORIENTED_EDGE('',*,*,#9908,.F.);
#9908 = EDGE_CURVE('',#1304,#3762,#9909,.T.);
#9909 = LINE('',#9910,#9911);
#9910 = CARTESIAN_POINT('',(-16.89010434835,2.648280367163,0.));
#9911 = VECTOR('',#9912,1.);
#9912 = DIRECTION('',(0.,0.,1.));
#9913 = ORIENTED_EDGE('',*,*,#1303,.F.);
#9914 = SURFACE_OF_LINEAR_EXTRUSION('',#9915,#9920);
#9915 = B_SPLINE_CURVE_WITH_KNOTS('',3,(#9916,#9917,#9918,#9919),
  .UNSPECIFIED.,.F.,.F.,(4,4),(0.,1.),.PIECEWISE_BEZIER_KNOTS.);
#9916 = CARTESIAN_POINT('',(-17.45868831092,2.850928057417,0.));
#9917 = CARTESIAN_POINT('',(-17.14910412586,2.710629530427,0.));
#9918 = CARTESIAN_POINT('',(-16.95501235524,2.662075098662,0.));
#9919 = CARTESIAN_POINT('',(-16.89010434835,2.648280367163,0.));
#9920 = VECTOR('',#9921,1.);
#9921 = DIRECTION('',(-0.,-0.,-1.));
#9922 = ADVANCED_FACE('',(#9923),#9934,.F.);
#9923 = FACE_BOUND('',#9924,.F.);
#9924 = EDGE_LOOP('',(#9925,#9931,#9932,#9933));
#9925 = ORIENTED_EDGE('',*,*,#9926,.T.);
#9926 = EDGE_CURVE('',#1374,#3832,#9927,.T.);
#9927 = LINE('',#9928,#9929);
#9928 = CARTESIAN_POINT('',(-19.35475538763,-0.487508891974,0.));
#9929 = VECTOR('',#9930,1.);
#9930 = DIRECTION('',(0.,0.,1.));
#9931 = ORIENTED_EDGE('',*,*,#3840,.T.);
#9932 = ORIENTED_EDGE('',*,*,#9886,.F.);
#9933 = ORIENTED_EDGE('',*,*,#1382,.F.);
#9934 = SURFACE_OF_LINEAR_EXTRUSION('',#9935,#9940);
#9935 = B_SPLINE_CURVE_WITH_KNOTS('',3,(#9936,#9937,#9938,#9939),
  .UNSPECIFIED.,.F.,.F.,(4,4),(0.,1.),.PIECEWISE_BEZIER_KNOTS.);
#9936 = CARTESIAN_POINT('',(-19.35475538763,-0.487508891974,0.));
#9937 = CARTESIAN_POINT('',(-18.63289081867,-0.849910571074,0.));
#9938 = CARTESIAN_POINT('',(-18.05471267346,-1.023160755402,0.));
#9939 = CARTESIAN_POINT('',(-17.65535371837,-1.1054742898,0.));
#9940 = VECTOR('',#9941,1.);
#9941 = DIRECTION('',(-0.,-0.,-1.));
#9942 = ADVANCED_FACE('',(#9943),#9954,.F.);
#9943 = FACE_BOUND('',#9944,.F.);
#9944 = EDGE_LOOP('',(#9945,#9946,#9947,#9953));
#9945 = ORIENTED_EDGE('',*,*,#9908,.T.);
#9946 = ORIENTED_EDGE('',*,*,#3770,.T.);
#9947 = ORIENTED_EDGE('',*,*,#9948,.F.);
#9948 = EDGE_CURVE('',#1313,#3771,#9949,.T.);
#9949 = LINE('',#9950,#9951);
#9950 = CARTESIAN_POINT('',(-16.73003402762,2.622265947139,0.));
#9951 = VECTOR('',#9952,1.);
#9952 = DIRECTION('',(0.,0.,1.));
#9953 = ORIENTED_EDGE('',*,*,#1312,.F.);
#9954 = PLANE('',#9955);
#9955 = AXIS2_PLACEMENT_3D('',#9956,#9957,#9958);
#9956 = CARTESIAN_POINT('',(-16.89010434835,2.648280367163,0.));
#9957 = DIRECTION('',(0.160414049857,0.987049812628,0.));
#9958 = DIRECTION('',(0.987049812628,-0.160414049857,0.));
#9959 = ADVANCED_FACE('',(#9960),#9971,.T.);
#9960 = FACE_BOUND('',#9961,.F.);
#9961 = EDGE_LOOP('',(#9962,#9968,#9969,#9970));
#9962 = ORIENTED_EDGE('',*,*,#9963,.T.);
#9963 = EDGE_CURVE('',#1365,#3823,#9964,.T.);
#9964 = LINE('',#9965,#9966);
#9965 = CARTESIAN_POINT('',(-19.35597132185,0.487094956612,0.));
#9966 = VECTOR('',#9967,1.);
#9967 = DIRECTION('',(0.,0.,1.));
#9968 = ORIENTED_EDGE('',*,*,#3831,.T.);
#9969 = ORIENTED_EDGE('',*,*,#9926,.F.);
#9970 = ORIENTED_EDGE('',*,*,#1373,.F.);
#9971 = CYLINDRICAL_SURFACE('',#9972,19.360894117645);
#9972 = AXIS2_PLACEMENT_3D('',#9973,#9974,#9975);
#9973 = CARTESIAN_POINT('',(-6.178279920341E-04,2.394037949699E-02,0.));
#9974 = DIRECTION('',(-0.,-0.,-1.));
#9975 = DIRECTION('',(-0.999713823972,2.392216879556E-02,0.));
#9976 = ADVANCED_FACE('',(#9977),#9988,.F.);
#9977 = FACE_BOUND('',#9978,.F.);
#9978 = EDGE_LOOP('',(#9979,#9980,#9981,#9987));
#9979 = ORIENTED_EDGE('',*,*,#9948,.T.);
#9980 = ORIENTED_EDGE('',*,*,#3778,.T.);
#9981 = ORIENTED_EDGE('',*,*,#9982,.F.);
#9982 = EDGE_CURVE('',#1321,#3779,#9983,.T.);
#9983 = LINE('',#9984,#9985);
#9984 = CARTESIAN_POINT('',(-16.31009646614,2.072057878899,0.));
#9985 = VECTOR('',#9986,1.);
#9986 = DIRECTION('',(0.,0.,1.));
#9987 = ORIENTED_EDGE('',*,*,#1320,.F.);
#9988 = CYLINDRICAL_SURFACE('',#9989,0.493105882353);
#9989 = AXIS2_PLACEMENT_3D('',#9990,#9991,#9992);
#9990 = CARTESIAN_POINT('',(-16.79929035667,2.134047786786,0.));
#9991 = DIRECTION('',(0.,0.,-1.));
#9992 = DIRECTION('',(0.140449204778,0.990087885431,0.));
#9993 = ADVANCED_FACE('',(#9994),#10005,.F.);
#9994 = FACE_BOUND('',#9995,.F.);
#9995 = EDGE_LOOP('',(#9996,#10002,#10003,#10004));
#9996 = ORIENTED_EDGE('',*,*,#9997,.T.);
#9997 = EDGE_CURVE('',#1356,#3814,#9998,.T.);
#9998 = LINE('',#9999,#10000);
#9999 = CARTESIAN_POINT('',(-17.65535371837,1.1054742898,0.));
#10000 = VECTOR('',#10001,1.);
#10001 = DIRECTION('',(0.,0.,1.));
#10002 = ORIENTED_EDGE('',*,*,#3822,.T.);
#10003 = ORIENTED_EDGE('',*,*,#9963,.F.);
#10004 = ORIENTED_EDGE('',*,*,#1364,.F.);
#10005 = SURFACE_OF_LINEAR_EXTRUSION('',#10006,#10011);
#10006 = B_SPLINE_CURVE_WITH_KNOTS('',3,(#10007,#10008,#10009,#10010),
  .UNSPECIFIED.,.F.,.F.,(4,4),(0.,1.),.PIECEWISE_BEZIER_KNOTS.);
#10007 = CARTESIAN_POINT('',(-17.65535371837,1.1054742898,0.));
#10008 = CARTESIAN_POINT('',(-18.05471267346,1.023160755402,0.));
#10009 = CARTESIAN_POINT('',(-18.63289081867,0.849910571074,0.));
#10010 = CARTESIAN_POINT('',(-19.35597132185,0.487094956612,0.));
#10011 = VECTOR('',#10012,1.);
#10012 = DIRECTION('',(-0.,-0.,-1.));
#10013 = ADVANCED_FACE('',(#10014),#10025,.T.);
#10014 = FACE_BOUND('',#10015,.F.);
#10015 = EDGE_LOOP('',(#10016,#10017,#10018,#10024));
#10016 = ORIENTED_EDGE('',*,*,#9982,.T.);
#10017 = ORIENTED_EDGE('',*,*,#3787,.T.);
#10018 = ORIENTED_EDGE('',*,*,#10019,.F.);
#10019 = EDGE_CURVE('',#1330,#3788,#10020,.T.);
#10020 = LINE('',#10021,#10022);
#10021 = CARTESIAN_POINT('',(-16.36224454964,1.609230836769,0.));
#10022 = VECTOR('',#10023,1.);
#10023 = DIRECTION('',(0.,0.,1.));
#10024 = ORIENTED_EDGE('',*,*,#1329,.F.);
#10025 = CYLINDRICAL_SURFACE('',#10026,16.441188235272);
#10026 = AXIS2_PLACEMENT_3D('',#10027,#10028,#10029);
#10027 = CARTESIAN_POINT('',(-2.184989E-11,2.48617E-12,0.));
#10028 = DIRECTION('',(-0.,-0.,-1.));
#10029 = DIRECTION('',(-0.992026624397,0.126028474904,0.));
#10030 = ADVANCED_FACE('',(#10031),#10042,.F.);
#10031 = FACE_BOUND('',#10032,.F.);
#10032 = EDGE_LOOP('',(#10033,#10039,#10040,#10041));
#10033 = ORIENTED_EDGE('',*,*,#10034,.T.);
#10034 = EDGE_CURVE('',#1348,#3806,#10035,.T.);
#10035 = LINE('',#10036,#10037);
#10036 = CARTESIAN_POINT('',(-17.05593198955,1.176519344986,0.));
#10037 = VECTOR('',#10038,1.);
#10038 = DIRECTION('',(0.,0.,1.));
#10039 = ORIENTED_EDGE('',*,*,#3813,.T.);
#10040 = ORIENTED_EDGE('',*,*,#9997,.F.);
#10041 = ORIENTED_EDGE('',*,*,#1355,.F.);
#10042 = SURFACE_OF_LINEAR_EXTRUSION('',#10043,#10048);
#10043 = B_SPLINE_CURVE_WITH_KNOTS('',3,(#10044,#10045,#10046,#10047),
  .UNSPECIFIED.,.F.,.F.,(4,4),(0.,1.),.PIECEWISE_BEZIER_KNOTS.);
#10044 = CARTESIAN_POINT('',(-17.05593198955,1.176519344986,0.));
#10045 = CARTESIAN_POINT('',(-17.12228223373,1.177513866521,0.));
#10046 = CARTESIAN_POINT('',(-17.32231209593,1.173366277804,0.));
#10047 = CARTESIAN_POINT('',(-17.65535371837,1.1054742898,0.));
#10048 = VECTOR('',#10049,1.);
#10049 = DIRECTION('',(-0.,-0.,-1.));
#10050 = ADVANCED_FACE('',(#10051),#10062,.F.);
#10051 = FACE_BOUND('',#10052,.F.);
#10052 = EDGE_LOOP('',(#10053,#10054,#10055,#10061));
#10053 = ORIENTED_EDGE('',*,*,#10019,.T.);
#10054 = ORIENTED_EDGE('',*,*,#3796,.T.);
#10055 = ORIENTED_EDGE('',*,*,#10056,.F.);
#10056 = EDGE_CURVE('',#1339,#3797,#10057,.T.);
#10057 = LINE('',#10058,#10059);
#10058 = CARTESIAN_POINT('',(-16.89408621292,1.166262531918,0.));
#10059 = VECTOR('',#10060,1.);
#10060 = DIRECTION('',(0.,0.,1.));
#10061 = ORIENTED_EDGE('',*,*,#1338,.F.);
#10062 = CYLINDRICAL_SURFACE('',#10063,0.493105882353);
#10063 = AXIS2_PLACEMENT_3D('',#10064,#10065,#10066);
#10064 = CARTESIAN_POINT('',(-16.85296738018,1.657651026702,0.));
#10065 = DIRECTION('',(0.,0.,-1.));
#10066 = DIRECTION('',(0.995167261447,-9.819430606289E-02,0.));
#10067 = ADVANCED_FACE('',(#10068),#10074,.F.);
#10068 = FACE_BOUND('',#10069,.F.);
#10069 = EDGE_LOOP('',(#10070,#10071,#10072,#10073));
#10070 = ORIENTED_EDGE('',*,*,#10056,.T.);
#10071 = ORIENTED_EDGE('',*,*,#3805,.T.);
#10072 = ORIENTED_EDGE('',*,*,#10034,.F.);
#10073 = ORIENTED_EDGE('',*,*,#1347,.F.);
#10074 = PLANE('',#10075);
#10075 = AXIS2_PLACEMENT_3D('',#10076,#10077,#10078);
#10076 = CARTESIAN_POINT('',(-16.89408621292,1.166262531918,0.));
#10077 = DIRECTION('',(-6.32471114558E-02,-0.997997897239,0.));
#10078 = DIRECTION('',(-0.997997897239,6.32471114558E-02,0.));
#10079 = ADVANCED_FACE('',(#10080),#10091,.F.);
#10080 = FACE_BOUND('',#10081,.F.);
#10081 = EDGE_LOOP('',(#10082,#10083,#10089,#10090));
#10082 = ORIENTED_EDGE('',*,*,#5029,.F.);
#10083 = ORIENTED_EDGE('',*,*,#10084,.F.);
#10084 = EDGE_CURVE('',#2572,#5030,#10085,.T.);
#10085 = LINE('',#10086,#10087);
#10086 = CARTESIAN_POINT('',(2.692617647059,-6.6E-16,-0.324411764706));
#10087 = VECTOR('',#10088,1.);
#10088 = DIRECTION('',(0.,0.,1.));
#10089 = ORIENTED_EDGE('',*,*,#2571,.T.);
#10090 = ORIENTED_EDGE('',*,*,#10084,.T.);
#10091 = CYLINDRICAL_SURFACE('',#10092,2.692617647059);
#10092 = AXIS2_PLACEMENT_3D('',#10093,#10094,#10095);
#10093 = CARTESIAN_POINT('',(0.,0.,-0.324411764706));
#10094 = DIRECTION('',(0.,0.,1.));
#10095 = DIRECTION('',(1.,0.,0.));
#10096 = ( GEOMETRIC_REPRESENTATION_CONTEXT(3) 
GLOBAL_UNCERTAINTY_ASSIGNED_CONTEXT((#10100)) 
GLOBAL_UNIT_ASSIGNED_CONTEXT((#10097,#10098,#10099)) 
REPRESENTATION_CONTEXT('Context #1',
  '3D Context with UNIT and UNCERTAINTY') );
#10097 = ( LENGTH_UNIT() NAMED_UNIT(*) SI_UNIT(.MILLI.,.METRE.) );
#10098 = ( NAMED_UNIT(*) PLANE_ANGLE_UNIT() SI_UNIT($,.RADIAN.) );
#10099 = ( NAMED_UNIT(*) SI_UNIT($,.STERADIAN.) SOLID_ANGLE_UNIT() );
#10100 = UNCERTAINTY_MEASURE_WITH_UNIT(LENGTH_MEASURE(1.E-07),#10097,
  'distance_accuracy_value','confusion accuracy');
#10101 = PRODUCT_RELATED_PRODUCT_CATEGORY('part',$,(#7));
ENDSEC;
END-ISO-10303-21;
