ISO-10303-21;
HEADER;
FILE_DESCRIPTION(('FreeCAD Model'),'2;1');
FILE_NAME('Open CASCADE Shape Model','2026-09-30T18:56:16',('Author'),(
    ''),'Open CASCADE STEP processor 7.9','FreeCAD','Unknown');
FILE_SCHEMA(('AUTOMOTIVE_DESIGN { 1 0 10303 214 1 1 1 1 }'));
ENDSEC;
DATA;
#1 = APPLICATION_PROTOCOL_DEFINITION('international standard',
  'automotive_design',2000,#2);
#2 = APPLICATION_CONTEXT(
  'core data for automotive mechanical design processes');
#3 = SHAPE_DEFINITION_REPRESENTATION(#4,#10);
#4 = PRODUCT_DEFINITION_SHAPE('','',#5);
#5 = PRODUCT_DEFINITION('design','',#6,#9);
#6 = PRODUCT_DEFINITION_FORMATION('','',#7);
#7 = PRODUCT('bed','bed','',(#8));
#8 = PRODUCT_CONTEXT('',#2,'mechanical');
#9 = PRODUCT_DEFINITION_CONTEXT('part definition',#2,'design');
#10 = SHAPE_REPRESENTATION('',(#11,#15,#19,#23),#27);
#11 = AXIS2_PLACEMENT_3D('',#12,#13,#14);
#12 = CARTESIAN_POINT('',(0.,0.,0.));
#13 = DIRECTION('',(0.,0.,1.));
#14 = DIRECTION('',(1.,0.,-0.));
#15 = AXIS2_PLACEMENT_3D('',#16,#17,#18);
#16 = CARTESIAN_POINT('',(100.45276728556,127.,0.));
#17 = DIRECTION('',(0.,0.,1.));
#18 = DIRECTION('',(-0.5,0.866025403784,0.));
#19 = AXIS2_PLACEMENT_3D('',#20,#21,#22);
#20 = CARTESIAN_POINT('',(126.94547885226,126.94547885226,0.));
#21 = DIRECTION('',(0.,0.,1.));
#22 = DIRECTION('',(-0.294755174411,0.955572805786,0.));
#23 = AXIS2_PLACEMENT_3D('',#24,#25,#26);
#24 = CARTESIAN_POINT('',(153.49271156669,126.94547885226,0.));
#25 = DIRECTION('',(0.,0.,1.));
#26 = DIRECTION('',(-0.294755174411,0.955572805786,0.));
#27 = ( GEOMETRIC_REPRESENTATION_CONTEXT(3) 
GLOBAL_UNCERTAINTY_ASSIGNED_CONTEXT((#31)) GLOBAL_UNIT_ASSIGNED_CONTEXT(
(#28,#29,#30)) REPRESENTATION_CONTEXT('Context #1',
  '3D Context with UNIT and UNCERTAINTY') );
#28 = ( LENGTH_UNIT() NAMED_UNIT(*) SI_UNIT(.MILLI.,.METRE.) );
#29 = ( NAMED_UNIT(*) PLANE_ANGLE_UNIT() SI_UNIT($,.RADIAN.) );
#30 = ( NAMED_UNIT(*) SI_UNIT($,.STERADIAN.) SOLID_ANGLE_UNIT() );
#31 = UNCERTAINTY_MEASURE_WITH_UNIT(LENGTH_MEASURE(1.E-07),#28,
  'distance_accuracy_value','confusion accuracy');
#32 = PRODUCT_RELATED_PRODUCT_CATEGORY('part',$,(#7));
#33 = SHAPE_DEFINITION_REPRESENTATION(#34,#40);
#34 = PRODUCT_DEFINITION_SHAPE('','',#35);
#35 = PRODUCT_DEFINITION('design','',#36,#39);
#36 = PRODUCT_DEFINITION_FORMATION('','',#37);
#37 = PRODUCT('FeedIdler','FeedIdler','',(#38));
#38 = PRODUCT_CONTEXT('',#2,'mechanical');
#39 = PRODUCT_DEFINITION_CONTEXT('part definition',#2,'design');
#40 = ADVANCED_BREP_SHAPE_REPRESENTATION('',(#11,#41),#5110);
#41 = MANIFOLD_SOLID_BREP('',#42);
#42 = CLOSED_SHELL('',(#43,#83,#116,#152,#1378,#2604,#2621,#2641,#2658,
    #2675,#2692,#2712,#2732,#2752,#2772,#2789,#2806,#2823,#2843,#2860,
    #2880,#2897,#2914,#2931,#2948,#2968,#2985,#3005,#3022,#3039,#3056,
    #3076,#3096,#3116,#3136,#3153,#3170,#3187,#3207,#3224,#3244,#3261,
    #3278,#3295,#3312,#3332,#3349,#3369,#3386,#3403,#3420,#3440,#3460,
    #3480,#3500,#3517,#3534,#3551,#3571,#3588,#3608,#3625,#3642,#3659,
    #3676,#3696,#3713,#3733,#3750,#3767,#3784,#3804,#3824,#3844,#3864,
    #3881,#3898,#3915,#3935,#3952,#3972,#3989,#4006,#4023,#4040,#4060,
    #4077,#4097,#4114,#4131,#4148,#4168,#4188,#4208,#4228,#4245,#4262,
    #4279,#4299,#4316,#4336,#4353,#4370,#4387,#4404,#4424,#4441,#4461,
    #4478,#4495,#4512,#4532,#4552,#4572,#4592,#4609,#4626,#4643,#4663,
    #4680,#4700,#4717,#4734,#4751,#4768,#4788,#4805,#4825,#4842,#4859,
    #4876,#4896,#4916,#4936,#4956,#4973,#4990,#5007,#5027,#5044,#5064,
    #5081,#5093));
#43 = ADVANCED_FACE('',(#44),#78,.F.);
#44 = FACE_BOUND('',#45,.F.);
#45 = EDGE_LOOP('',(#46,#56,#64,#72));
#46 = ORIENTED_EDGE('',*,*,#47,.T.);
#47 = EDGE_CURVE('',#48,#50,#52,.T.);
#48 = VERTEX_POINT('',#49);
#49 = CARTESIAN_POINT('',(7.791505913926,-0.962778302825,0.));
#50 = VERTEX_POINT('',#51);
#51 = CARTESIAN_POINT('',(7.791505913926,-0.962778302825,2.595294117647)
  );
#52 = LINE('',#53,#54);
#53 = CARTESIAN_POINT('',(7.791505913926,-0.962778302825,0.));
#54 = VECTOR('',#55,1.);
#55 = DIRECTION('',(0.,0.,1.));
#56 = ORIENTED_EDGE('',*,*,#57,.T.);
#57 = EDGE_CURVE('',#50,#58,#60,.T.);
#58 = VERTEX_POINT('',#59);
#59 = CARTESIAN_POINT('',(8.49116799836,-1.048303122925,2.595294117647)
  );
#60 = LINE('',#61,#62);
#61 = CARTESIAN_POINT('',(7.791505913926,-0.962778302825,2.595294117647)
  );
#62 = VECTOR('',#63,1.);
#63 = DIRECTION('',(0.992611712756,-0.121334198396,0.));
#64 = ORIENTED_EDGE('',*,*,#65,.F.);
#65 = EDGE_CURVE('',#66,#58,#68,.T.);
#66 = VERTEX_POINT('',#67);
#67 = CARTESIAN_POINT('',(8.49116799836,-1.048303122925,0.));
#68 = LINE('',#69,#70);
#69 = CARTESIAN_POINT('',(8.49116799836,-1.048303122925,0.));
#70 = VECTOR('',#71,1.);
#71 = DIRECTION('',(0.,0.,1.));
#72 = ORIENTED_EDGE('',*,*,#73,.F.);
#73 = EDGE_CURVE('',#48,#66,#74,.T.);
#74 = LINE('',#75,#76);
#75 = CARTESIAN_POINT('',(7.791505913926,-0.962778302825,0.));
#76 = VECTOR('',#77,1.);
#77 = DIRECTION('',(0.992611712756,-0.121334198396,0.));
#78 = PLANE('',#79);
#79 = AXIS2_PLACEMENT_3D('',#80,#81,#82);
#80 = CARTESIAN_POINT('',(7.791505913926,-0.962778302825,0.));
#81 = DIRECTION('',(0.121334198396,0.992611712756,0.));
#82 = DIRECTION('',(0.992611712756,-0.121334198396,0.));
#83 = ADVANCED_FACE('',(#84),#111,.F.);
#84 = FACE_BOUND('',#85,.F.);
#85 = EDGE_LOOP('',(#86,#96,#103,#104));
#86 = ORIENTED_EDGE('',*,*,#87,.T.);
#87 = EDGE_CURVE('',#88,#90,#92,.T.);
#88 = VERTEX_POINT('',#89);
#89 = CARTESIAN_POINT('',(7.231198480119,-1.358275341964,0.));
#90 = VERTEX_POINT('',#91);
#91 = CARTESIAN_POINT('',(7.231198480119,-1.358275341964,2.595294117647)
  );
#92 = LINE('',#93,#94);
#93 = CARTESIAN_POINT('',(7.231198480119,-1.358275341964,0.));
#94 = VECTOR('',#95,1.);
#95 = DIRECTION('',(0.,0.,1.));
#96 = ORIENTED_EDGE('',*,*,#97,.T.);
#97 = EDGE_CURVE('',#90,#50,#98,.T.);
#98 = CIRCLE('',#99,0.493105882353);
#99 = AXIS2_PLACEMENT_3D('',#100,#101,#102);
#100 = CARTESIAN_POINT('',(7.715694139281,-1.450021554226,2.595294117647
    ));
#101 = DIRECTION('',(0.,0.,-1.));
#102 = DIRECTION('',(-0.982538794406,0.186057833714,0.));
#103 = ORIENTED_EDGE('',*,*,#47,.F.);
#104 = ORIENTED_EDGE('',*,*,#105,.F.);
#105 = EDGE_CURVE('',#88,#48,#106,.T.);
#106 = CIRCLE('',#107,0.493105882353);
#107 = AXIS2_PLACEMENT_3D('',#108,#109,#110);
#108 = CARTESIAN_POINT('',(7.715694139281,-1.450021554226,0.));
#109 = DIRECTION('',(0.,0.,-1.));
#110 = DIRECTION('',(-0.982538794406,0.186057833714,0.));
#111 = CYLINDRICAL_SURFACE('',#112,0.493105882353);
#112 = AXIS2_PLACEMENT_3D('',#113,#114,#115);
#113 = CARTESIAN_POINT('',(7.715694139281,-1.450021554226,0.));
#114 = DIRECTION('',(0.,0.,-1.));
#115 = DIRECTION('',(-0.982538794406,0.186057833714,0.));
#116 = ADVANCED_FACE('',(#117),#144,.F.);
#117 = FACE_BOUND('',#118,.F.);
#118 = EDGE_LOOP('',(#119,#120,#129,#137));
#119 = ORIENTED_EDGE('',*,*,#65,.T.);
#120 = ORIENTED_EDGE('',*,*,#121,.T.);
#121 = EDGE_CURVE('',#58,#122,#124,.T.);
#122 = VERTEX_POINT('',#123);
#123 = CARTESIAN_POINT('',(8.962012942528,-0.995649651713,2.595294117647
    ));
#124 = B_SPLINE_CURVE_WITH_KNOTS('',3,(#125,#126,#127,#128),
  .UNSPECIFIED.,.F.,.F.,(4,4),(0.,1.),.PIECEWISE_BEZIER_KNOTS.);
#125 = CARTESIAN_POINT('',(8.49116799836,-1.048303122925,2.595294117647)
  );
#126 = CARTESIAN_POINT('',(8.54322286394,-1.051170132356,2.595294117647)
  );
#127 = CARTESIAN_POINT('',(8.699745303623,-1.052791900184,2.595294117647
    ));
#128 = CARTESIAN_POINT('',(8.962012942528,-0.995649651713,2.595294117647
    ));
#129 = ORIENTED_EDGE('',*,*,#130,.F.);
#130 = EDGE_CURVE('',#131,#122,#133,.T.);
#131 = VERTEX_POINT('',#132);
#132 = CARTESIAN_POINT('',(8.962012942528,-0.995649651713,0.));
#133 = LINE('',#134,#135);
#134 = CARTESIAN_POINT('',(8.962012942528,-0.995649651713,0.));
#135 = VECTOR('',#136,1.);
#136 = DIRECTION('',(0.,0.,1.));
#137 = ORIENTED_EDGE('',*,*,#138,.F.);
#138 = EDGE_CURVE('',#66,#131,#139,.T.);
#139 = B_SPLINE_CURVE_WITH_KNOTS('',3,(#140,#141,#142,#143),
  .UNSPECIFIED.,.F.,.F.,(4,4),(0.,1.),.PIECEWISE_BEZIER_KNOTS.);
#140 = CARTESIAN_POINT('',(8.49116799836,-1.048303122925,0.));
#141 = CARTESIAN_POINT('',(8.54322286394,-1.051170132356,0.));
#142 = CARTESIAN_POINT('',(8.699745303623,-1.052791900184,0.));
#143 = CARTESIAN_POINT('',(8.962012942528,-0.995649651713,0.));
#144 = SURFACE_OF_LINEAR_EXTRUSION('',#145,#150);
#145 = B_SPLINE_CURVE_WITH_KNOTS('',3,(#146,#147,#148,#149),
  .UNSPECIFIED.,.F.,.F.,(4,4),(0.,1.),.PIECEWISE_BEZIER_KNOTS.);
#146 = CARTESIAN_POINT('',(8.49116799836,-1.048303122925,0.));
#147 = CARTESIAN_POINT('',(8.54322286394,-1.051170132356,0.));
#148 = CARTESIAN_POINT('',(8.699745303623,-1.052791900184,0.));
#149 = CARTESIAN_POINT('',(8.962012942528,-0.995649651713,0.));
#150 = VECTOR('',#151,1.);
#151 = DIRECTION('',(-0.,-0.,-1.));
#152 = ADVANCED_FACE('',(#153,#1362),#1373,.F.);
#153 = FACE_BOUND('',#154,.F.);
#154 = EDGE_LOOP('',(#155,#156,#157,#166,#175,#184,#193,#201,#210,#219,
    #228,#236,#245,#254,#263,#272,#281,#289,#298,#307,#316,#324,#333,
    #342,#351,#360,#369,#377,#386,#395,#404,#412,#421,#430,#439,#448,
    #457,#465,#474,#483,#492,#500,#509,#518,#527,#536,#545,#553,#562,
    #571,#580,#588,#597,#606,#615,#624,#633,#641,#650,#659,#668,#676,
    #685,#694,#703,#712,#721,#729,#738,#747,#756,#764,#773,#782,#791,
    #800,#809,#817,#826,#835,#844,#852,#861,#870,#879,#888,#897,#905,
    #914,#923,#932,#940,#949,#958,#967,#976,#985,#993,#1002,#1011,#1020,
    #1028,#1037,#1046,#1055,#1064,#1073,#1081,#1090,#1099,#1108,#1116,
    #1125,#1134,#1143,#1152,#1161,#1169,#1178,#1187,#1196,#1204,#1213,
    #1222,#1231,#1240,#1249,#1257,#1266,#1275,#1284,#1292,#1301,#1310,
    #1319,#1328,#1337,#1345,#1354,#1361));
#155 = ORIENTED_EDGE('',*,*,#73,.T.);
#156 = ORIENTED_EDGE('',*,*,#138,.T.);
#157 = ORIENTED_EDGE('',*,*,#158,.T.);
#158 = EDGE_CURVE('',#131,#159,#161,.T.);
#159 = VERTEX_POINT('',#160);
#160 = CARTESIAN_POINT('',(10.269311598585,-0.441854614197,0.));
#161 = B_SPLINE_CURVE_WITH_KNOTS('',3,(#162,#163,#164,#165),
  .UNSPECIFIED.,.F.,.F.,(4,4),(0.,1.),.PIECEWISE_BEZIER_KNOTS.);
#162 = CARTESIAN_POINT('',(8.962012942528,-0.995649651713,0.));
#163 = CARTESIAN_POINT('',(9.275030861536,-0.926059367362,0.));
#164 = CARTESIAN_POINT('',(9.723454132717,-0.773308593677,0.));
#165 = CARTESIAN_POINT('',(10.269311598585,-0.441854614197,0.));
#166 = ORIENTED_EDGE('',*,*,#167,.T.);
#167 = EDGE_CURVE('',#159,#168,#170,.T.);
#168 = VERTEX_POINT('',#169);
#169 = CARTESIAN_POINT('',(10.267837014023,0.442434572771,0.));
#170 = CIRCLE('',#171,10.277364705883);
#171 = AXIS2_PLACEMENT_3D('',#172,#173,#174);
#172 = CARTESIAN_POINT('',(7.391035936635E-04,-1.683201145636E-02,0.));
#173 = DIRECTION('',(-0.,0.,1.));
#174 = DIRECTION('',(0.99914450726,-4.135521263513E-02,0.));
#175 = ORIENTED_EDGE('',*,*,#176,.T.);
#176 = EDGE_CURVE('',#168,#177,#179,.T.);
#177 = VERTEX_POINT('',#178);
#178 = CARTESIAN_POINT('',(8.962012942528,0.995649651713,0.));
#179 = B_SPLINE_CURVE_WITH_KNOTS('',3,(#180,#181,#182,#183),
  .UNSPECIFIED.,.F.,.F.,(4,4),(0.,1.),.PIECEWISE_BEZIER_KNOTS.);
#180 = CARTESIAN_POINT('',(10.267837014023,0.442434572771,0.));
#181 = CARTESIAN_POINT('',(9.723454132717,0.773308593677,0.));
#182 = CARTESIAN_POINT('',(9.275030861536,0.926059367362,0.));
#183 = CARTESIAN_POINT('',(8.962012942528,0.995649651713,0.));
#184 = ORIENTED_EDGE('',*,*,#185,.T.);
#185 = EDGE_CURVE('',#177,#186,#188,.T.);
#186 = VERTEX_POINT('',#187);
#187 = CARTESIAN_POINT('',(8.49116799836,1.048303122925,0.));
#188 = B_SPLINE_CURVE_WITH_KNOTS('',3,(#189,#190,#191,#192),
  .UNSPECIFIED.,.F.,.F.,(4,4),(0.,1.),.PIECEWISE_BEZIER_KNOTS.);
#189 = CARTESIAN_POINT('',(8.962012942528,0.995649651713,0.));
#190 = CARTESIAN_POINT('',(8.699745303623,1.052791900184,0.));
#191 = CARTESIAN_POINT('',(8.54322286394,1.051170132356,0.));
#192 = CARTESIAN_POINT('',(8.49116799836,1.048303122925,0.));
#193 = ORIENTED_EDGE('',*,*,#194,.T.);
#194 = EDGE_CURVE('',#186,#195,#197,.T.);
#195 = VERTEX_POINT('',#196);
#196 = CARTESIAN_POINT('',(7.791505913926,0.962778302825,0.));
#197 = LINE('',#198,#199);
#198 = CARTESIAN_POINT('',(8.49116799836,1.048303122925,0.));
#199 = VECTOR('',#200,1.);
#200 = DIRECTION('',(-0.992611712756,-0.121334198396,0.));
#201 = ORIENTED_EDGE('',*,*,#202,.T.);
#202 = EDGE_CURVE('',#195,#203,#205,.T.);
#203 = VERTEX_POINT('',#204);
#204 = CARTESIAN_POINT('',(7.231198480119,1.358275341964,0.));
#205 = CIRCLE('',#206,0.493105882353);
#206 = AXIS2_PLACEMENT_3D('',#207,#208,#209);
#207 = CARTESIAN_POINT('',(7.715694139281,1.450021554226,0.));
#208 = DIRECTION('',(0.,0.,-1.));
#209 = DIRECTION('',(0.153743399457,-0.988110807108,0.));
#210 = ORIENTED_EDGE('',*,*,#211,.T.);
#211 = EDGE_CURVE('',#203,#212,#214,.T.);
#212 = VERTEX_POINT('',#213);
#213 = CARTESIAN_POINT('',(7.104418292333,1.913735637706,0.));
#214 = CIRCLE('',#215,7.357658823528);
#215 = AXIS2_PLACEMENT_3D('',#216,#217,#218);
#216 = CARTESIAN_POINT('',(8.9322E-13,2.0515E-13,0.));
#217 = DIRECTION('',(0.,-0.,1.));
#218 = DIRECTION('',(0.982812420847,0.184607002654,0.));
#219 = ORIENTED_EDGE('',*,*,#220,.T.);
#220 = EDGE_CURVE('',#212,#221,#223,.T.);
#221 = VERTEX_POINT('',#222);
#222 = CARTESIAN_POINT('',(7.437638112495,2.513174441754,0.));
#223 = CIRCLE('',#224,0.493105882353);
#224 = AXIS2_PLACEMENT_3D('',#225,#226,#227);
#225 = CARTESIAN_POINT('',(7.580740987498,2.041289944893,0.));
#226 = DIRECTION('',(0.,0.,-1.));
#227 = DIRECTION('',(-0.96596433385,-0.25867529014,-0.));
#228 = ORIENTED_EDGE('',*,*,#229,.T.);
#229 = EDGE_CURVE('',#221,#230,#232,.T.);
#230 = VERTEX_POINT('',#231);
#231 = CARTESIAN_POINT('',(8.105119697355,2.739691242724,0.));
#232 = LINE('',#233,#234);
#233 = CARTESIAN_POINT('',(7.437638112495,2.513174441754,0.));
#234 = VECTOR('',#235,1.);
#235 = DIRECTION('',(0.946957186791,0.321359746056,0.));
#236 = ORIENTED_EDGE('',*,*,#237,.T.);
#237 = EDGE_CURVE('',#230,#238,#240,.T.);
#238 = VERTEX_POINT('',#239);
#239 = CARTESIAN_POINT('',(8.506490848693,2.991422345993,0.));
#240 = B_SPLINE_CURVE_WITH_KNOTS('',3,(#241,#242,#243,#244),
  .UNSPECIFIED.,.F.,.F.,(4,4),(0.,1.),.PIECEWISE_BEZIER_KNOTS.);
#241 = CARTESIAN_POINT('',(8.105119697355,2.739691242724,0.));
#242 = CARTESIAN_POINT('',(8.153263459438,2.759693916199,0.));
#243 = CARTESIAN_POINT('',(8.294988963409,2.826145295261,0.));
#244 = CARTESIAN_POINT('',(8.506490848693,2.991422345993,0.));
#245 = ORIENTED_EDGE('',*,*,#246,.T.);
#246 = EDGE_CURVE('',#238,#247,#249,.T.);
#247 = VERTEX_POINT('',#248);
#248 = CARTESIAN_POINT('',(9.444043577268,4.057590063027,0.));
#249 = B_SPLINE_CURVE_WITH_KNOTS('',3,(#250,#251,#252,#253),
  .UNSPECIFIED.,.F.,.F.,(4,4),(0.,1.),.PIECEWISE_BEZIER_KNOTS.);
#250 = CARTESIAN_POINT('',(8.506490848693,2.991422345993,0.));
#251 = CARTESIAN_POINT('',(8.758316156034,3.189934410812,0.));
#252 = CARTESIAN_POINT('',(9.096055486172,3.522121668057,0.));
#253 = CARTESIAN_POINT('',(9.444043577268,4.057590063027,0.));
#254 = ORIENTED_EDGE('',*,*,#255,.T.);
#255 = EDGE_CURVE('',#247,#256,#258,.T.);
#256 = VERTEX_POINT('',#257);
#257 = CARTESIAN_POINT('',(9.059036323582,4.853667292444,0.));
#258 = CIRCLE('',#259,10.277364705884);
#259 = AXIS2_PLACEMENT_3D('',#260,#261,#262);
#260 = CARTESIAN_POINT('',(7.969045394155E-03,-1.484443327623E-02,0.));
#261 = DIRECTION('',(0.,-0.,1.));
#262 = DIRECTION('',(0.918141449867,0.396252795619,0.));
#263 = ORIENTED_EDGE('',*,*,#264,.T.);
#264 = EDGE_CURVE('',#256,#265,#267,.T.);
#265 = VERTEX_POINT('',#266);
#266 = CARTESIAN_POINT('',(7.64249846122,4.785521025056,0.));
#267 = B_SPLINE_CURVE_WITH_KNOTS('',3,(#268,#269,#270,#271),
  .UNSPECIFIED.,.F.,.F.,(4,4),(0.,1.),.PIECEWISE_BEZIER_KNOTS.);
#268 = CARTESIAN_POINT('',(9.059036323582,4.853667292444,0.));
#269 = CARTESIAN_POINT('',(8.425003437939,4.915575604426,0.));
#270 = CARTESIAN_POINT('',(7.954711954122,4.858635730456,0.));
#271 = CARTESIAN_POINT('',(7.64249846122,4.785521025056,0.));
#272 = ORIENTED_EDGE('',*,*,#273,.T.);
#273 = EDGE_CURVE('',#265,#274,#276,.T.);
#274 = VERTEX_POINT('',#275);
#275 = CARTESIAN_POINT('',(7.195436339949,4.628668198484,0.));
#276 = B_SPLINE_CURVE_WITH_KNOTS('',3,(#277,#278,#279,#280),
  .UNSPECIFIED.,.F.,.F.,(4,4),(0.,1.),.PIECEWISE_BEZIER_KNOTS.);
#277 = CARTESIAN_POINT('',(7.64249846122,4.785521025056,0.));
#278 = CARTESIAN_POINT('',(7.38141039108,4.723210748152,0.));
#279 = CARTESIAN_POINT('',(7.241092204487,4.653837044443,0.));
#280 = CARTESIAN_POINT('',(7.195436339949,4.628668198484,0.));
#281 = ORIENTED_EDGE('',*,*,#282,.T.);
#282 = EDGE_CURVE('',#274,#283,#285,.T.);
#283 = VERTEX_POINT('',#284);
#284 = CARTESIAN_POINT('',(6.602170412554,4.248040996828,0.));
#285 = LINE('',#286,#287);
#286 = CARTESIAN_POINT('',(7.195436339949,4.628668198484,0.));
#287 = VECTOR('',#288,1.);
#288 = DIRECTION('',(-0.841667315425,-0.539996416789,0.));
#289 = ORIENTED_EDGE('',*,*,#290,.T.);
#290 = EDGE_CURVE('',#283,#291,#293,.T.);
#291 = VERTEX_POINT('',#292);
#292 = CARTESIAN_POINT('',(5.925751124088,4.361263232004,0.));
#293 = CIRCLE('',#294,0.493105882353);
#294 = AXIS2_PLACEMENT_3D('',#295,#296,#297);
#295 = CARTESIAN_POINT('',(6.32245944,4.654138501184,0.));
#296 = DIRECTION('',(0.,-0.,-1.));
#297 = DIRECTION('',(0.567243228206,-0.823550314221,0.));
#298 = ORIENTED_EDGE('',*,*,#299,.T.);
#299 = EDGE_CURVE('',#291,#300,#302,.T.);
#300 = VERTEX_POINT('',#301);
#301 = CARTESIAN_POINT('',(5.570520931778,4.806707803901,0.));
#302 = CIRCLE('',#303,7.357658823529);
#303 = AXIS2_PLACEMENT_3D('',#304,#305,#306);
#304 = CARTESIAN_POINT('',(-3.515E-14,-1.412E-14,0.));
#305 = DIRECTION('',(0.,-0.,1.));
#306 = DIRECTION('',(0.805385417592,0.592751490196,0.));
#307 = ORIENTED_EDGE('',*,*,#308,.T.);
#308 = EDGE_CURVE('',#300,#309,#311,.T.);
#309 = VERTEX_POINT('',#310);
#310 = CARTESIAN_POINT('',(5.61065486624,5.491362166081,0.));
#311 = CIRCLE('',#312,0.493105882353);
#312 = AXIS2_PLACEMENT_3D('',#313,#314,#315);
#313 = CARTESIAN_POINT('',(5.944329111454,5.128298935648,0.));
#314 = DIRECTION('',(0.,0.,-1.));
#315 = DIRECTION('',(-0.7580687902,-0.652174600337,-0.));
#316 = ORIENTED_EDGE('',*,*,#317,.T.);
#317 = EDGE_CURVE('',#309,#318,#320,.T.);
#318 = VERTEX_POINT('',#319);
#319 = CARTESIAN_POINT('',(6.113753037519,5.985056157643,0.));
#320 = LINE('',#321,#322);
#321 = CARTESIAN_POINT('',(5.61065486624,5.491362166081,0.));
#322 = VECTOR('',#323,1.);
#323 = DIRECTION('',(0.713746176315,0.700404451582,0.));
#324 = ORIENTED_EDGE('',*,*,#325,.T.);
#325 = EDGE_CURVE('',#318,#326,#328,.T.);
#326 = VERTEX_POINT('',#327);
#327 = CARTESIAN_POINT('',(6.36615391701,6.386006460687,0.));
#328 = B_SPLINE_CURVE_WITH_KNOTS('',3,(#329,#330,#331,#332),
  .UNSPECIFIED.,.F.,.F.,(4,4),(0.,1.),.PIECEWISE_BEZIER_KNOTS.);
#329 = CARTESIAN_POINT('',(6.113753037519,5.985056157643,0.));
#330 = CARTESIAN_POINT('',(6.148450233579,6.023966739227,0.));
#331 = CARTESIAN_POINT('',(6.247308327628,6.145329754582,0.));
#332 = CARTESIAN_POINT('',(6.36615391701,6.386006460687,0.));
#333 = ORIENTED_EDGE('',*,*,#334,.T.);
#334 = EDGE_CURVE('',#326,#335,#337,.T.);
#335 = VERTEX_POINT('',#336);
#336 = CARTESIAN_POINT('',(6.74826690188,7.753379265191,0.));
#337 = B_SPLINE_CURVE_WITH_KNOTS('',3,(#338,#339,#340,#341),
  .UNSPECIFIED.,.F.,.F.,(4,4),(0.,1.),.PIECEWISE_BEZIER_KNOTS.);
#338 = CARTESIAN_POINT('',(6.36615391701,6.386006460687,0.));
#339 = CARTESIAN_POINT('',(6.506909522131,6.674122556946,0.));
#340 = CARTESIAN_POINT('',(6.66707149479,7.119952537445,0.));
#341 = CARTESIAN_POINT('',(6.74826690188,7.753379265191,0.));
#342 = ORIENTED_EDGE('',*,*,#343,.T.);
#343 = EDGE_CURVE('',#335,#344,#346,.T.);
#344 = VERTEX_POINT('',#345);
#345 = CARTESIAN_POINT('',(6.055982387466,8.303571678526,0.));
#346 = CIRCLE('',#347,10.277364705881);
#347 = AXIS2_PLACEMENT_3D('',#348,#349,#350);
#348 = CARTESIAN_POINT('',(1.362062002376E-02,-9.916733028552E-03,0.));
#349 = DIRECTION('',(0.,-0.,1.));
#350 = DIRECTION('',(0.655289218062,0.755378077979,0.));
#351 = ORIENTED_EDGE('',*,*,#352,.T.);
#352 = EDGE_CURVE('',#344,#353,#355,.T.);
#353 = VERTEX_POINT('',#354);
#354 = CARTESIAN_POINT('',(4.809293430575,7.627561268822,0.));
#355 = B_SPLINE_CURVE_WITH_KNOTS('',3,(#356,#357,#358,#359),
  .UNSPECIFIED.,.F.,.F.,(4,4),(0.,1.),.PIECEWISE_BEZIER_KNOTS.);
#356 = CARTESIAN_POINT('',(6.055982387466,8.303571678526,0.));
#357 = CARTESIAN_POINT('',(5.457877486391,8.084252581139,0.));
#358 = CARTESIAN_POINT('',(5.058864786055,7.828899699877,0.));
#359 = CARTESIAN_POINT('',(4.809293430575,7.627561268822,0.));
#360 = ORIENTED_EDGE('',*,*,#361,.T.);
#361 = EDGE_CURVE('',#353,#362,#364,.T.);
#362 = VERTEX_POINT('',#363);
#363 = CARTESIAN_POINT('',(4.474560268175,7.292268770443,0.));
#364 = B_SPLINE_CURVE_WITH_KNOTS('',3,(#365,#366,#367,#368),
  .UNSPECIFIED.,.F.,.F.,(4,4),(0.,1.),.PIECEWISE_BEZIER_KNOTS.);
#365 = CARTESIAN_POINT('',(4.809293430575,7.627561268822,0.));
#366 = CARTESIAN_POINT('',(4.601096623526,7.45813978107,0.));
#367 = CARTESIAN_POINT('',(4.504774427767,7.334754454312,0.));
#368 = CARTESIAN_POINT('',(4.474560268175,7.292268770443,0.));
#369 = ORIENTED_EDGE('',*,*,#370,.T.);
#370 = EDGE_CURVE('',#362,#371,#373,.T.);
#371 = VERTEX_POINT('',#372);
#372 = CARTESIAN_POINT('',(4.105194090669,6.691927072605,0.));
#373 = LINE('',#374,#375);
#374 = CARTESIAN_POINT('',(4.474560268175,7.292268770443,0.));
#375 = VECTOR('',#376,1.);
#376 = DIRECTION('',(-0.524020383903,-0.851705722215,0.));
#377 = ORIENTED_EDGE('',*,*,#378,.T.);
#378 = EDGE_CURVE('',#371,#379,#381,.T.);
#379 = VERTEX_POINT('',#380);
#380 = CARTESIAN_POINT('',(3.446636083363,6.500449451563,0.));
#381 = CIRCLE('',#382,0.493105882353);
#382 = AXIS2_PLACEMENT_3D('',#383,#384,#385);
#383 = CARTESIAN_POINT('',(3.676984108752,6.936446238719,0.));
#384 = DIRECTION('',(0.,-0.,-1.));
#385 = DIRECTION('',(0.868393578828,-0.495875581421,0.));
#386 = ORIENTED_EDGE('',*,*,#387,.T.);
#387 = EDGE_CURVE('',#379,#388,#390,.T.);
#388 = VERTEX_POINT('',#389);
#389 = CARTESIAN_POINT('',(2.933313582728,6.747652539131,0.));
#390 = CIRCLE('',#391,7.357658823526);
#391 = AXIS2_PLACEMENT_3D('',#392,#393,#394);
#392 = CARTESIAN_POINT('',(1.34704E-12,2.78685E-12,0.));
#393 = DIRECTION('',(0.,-0.,1.));
#394 = DIRECTION('',(0.468441954979,0.883494275485,0.));
#395 = ORIENTED_EDGE('',*,*,#396,.T.);
#396 = EDGE_CURVE('',#388,#397,#399,.T.);
#397 = VERTEX_POINT('',#398);
#398 = CARTESIAN_POINT('',(2.67241261356,7.381918266278,0.));
#399 = CIRCLE('',#400,0.493105882353);
#400 = AXIS2_PLACEMENT_3D('',#401,#402,#403);
#401 = CARTESIAN_POINT('',(3.130569952474,7.199585427739,0.));
#402 = DIRECTION('',(0.,0.,-1.));
#403 = DIRECTION('',(-0.400028425547,-0.91650273254,-0.));
#404 = ORIENTED_EDGE('',*,*,#405,.T.);
#405 = EDGE_CURVE('',#397,#406,#408,.T.);
#406 = VERTEX_POINT('',#407);
#407 = CARTESIAN_POINT('',(2.911482608342,8.045007298644,0.));
#408 = LINE('',#409,#410);
#409 = CARTESIAN_POINT('',(2.67241261356,7.381918266278,0.));
#410 = VECTOR('',#411,1.);
#411 = DIRECTION('',(0.339168982097,0.940725465576,0.));
#412 = ORIENTED_EDGE('',*,*,#413,.T.);
#413 = EDGE_CURVE('',#406,#414,#416,.T.);
#414 = VERTEX_POINT('',#415);
#415 = CARTESIAN_POINT('',(2.964922126309,8.515763676613,0.));
#416 = B_SPLINE_CURVE_WITH_KNOTS('',3,(#417,#418,#419,#420),
  .UNSPECIFIED.,.F.,.F.,(4,4),(0.,1.),.PIECEWISE_BEZIER_KNOTS.);
#417 = CARTESIAN_POINT('',(2.911482608342,8.045007298644,0.));
#418 = CARTESIAN_POINT('',(2.925861033167,8.095119070446,0.));
#419 = CARTESIAN_POINT('',(2.962271659352,8.247356288484,0.));
#420 = CARTESIAN_POINT('',(2.964922126309,8.515763676613,0.));
#421 = ORIENTED_EDGE('',*,*,#422,.T.);
#422 = EDGE_CURVE('',#414,#423,#425,.T.);
#423 = VERTEX_POINT('',#424);
#424 = CARTESIAN_POINT('',(2.715913204512,9.913516614929,0.));
#425 = B_SPLINE_CURVE_WITH_KNOTS('',3,(#426,#427,#428,#429),
  .UNSPECIFIED.,.F.,.F.,(4,4),(0.,1.),.PIECEWISE_BEZIER_KNOTS.);
#426 = CARTESIAN_POINT('',(2.964922126309,8.515763676613,0.));
#427 = CARTESIAN_POINT('',(2.966729655361,8.836418877935,0.));
#428 = CARTESIAN_POINT('',(2.917592227599,9.307589486304,0.));
#429 = CARTESIAN_POINT('',(2.715913204512,9.913516614929,0.));
#430 = ORIENTED_EDGE('',*,*,#431,.T.);
#431 = EDGE_CURVE('',#423,#432,#434,.T.);
#432 = VERTEX_POINT('',#433);
#433 = CARTESIAN_POINT('',(1.853466867763,10.108851857052,0.));
#434 = CIRCLE('',#435,10.277364705882);
#435 = AXIS2_PLACEMENT_3D('',#436,#437,#438);
#436 = CARTESIAN_POINT('',(1.657446380896E-02,-3.024902185995E-03,0.));
#437 = DIRECTION('',(0.,-0.,1.));
#438 = DIRECTION('',(0.262648920025,0.964891467891,0.));
#439 = ORIENTED_EDGE('',*,*,#440,.T.);
#440 = EDGE_CURVE('',#432,#441,#443,.T.);
#441 = VERTEX_POINT('',#442);
#442 = CARTESIAN_POINT('',(1.023548853891,8.958869457398,0.));
#443 = B_SPLINE_CURVE_WITH_KNOTS('',3,(#444,#445,#446,#447),
  .UNSPECIFIED.,.F.,.F.,(4,4),(0.,1.),.PIECEWISE_BEZIER_KNOTS.);
#444 = CARTESIAN_POINT('',(1.853466867763,10.108851857052,0.));
#445 = CARTESIAN_POINT('',(1.409751962188,9.651744187307,0.));
#446 = CARTESIAN_POINT('',(1.161047404204,9.248554068584,0.));
#447 = CARTESIAN_POINT('',(1.023548853891,8.958869457398,0.));
#448 = ORIENTED_EDGE('',*,*,#449,.T.);
#449 = EDGE_CURVE('',#441,#450,#452,.T.);
#450 = VERTEX_POINT('',#451);
#451 = CARTESIAN_POINT('',(0.867442658408,8.511546078609,0.));
#452 = B_SPLINE_CURVE_WITH_KNOTS('',3,(#453,#454,#455,#456),
  .UNSPECIFIED.,.F.,.F.,(4,4),(0.,1.),.PIECEWISE_BEZIER_KNOTS.);
#453 = CARTESIAN_POINT('',(1.023548853891,8.958869457398,0.));
#454 = CARTESIAN_POINT('',(0.909479240936,8.715892762265,0.));
#455 = CARTESIAN_POINT('',(0.876230828195,8.562933789644,0.));
#456 = CARTESIAN_POINT('',(0.867442658408,8.511546078609,0.));
#457 = ORIENTED_EDGE('',*,*,#458,.T.);
#458 = EDGE_CURVE('',#450,#459,#461,.T.);
#459 = VERTEX_POINT('',#460);
#460 = CARTESIAN_POINT('',(0.795133732226,7.810394920553,0.));
#461 = LINE('',#462,#463);
#462 = CARTESIAN_POINT('',(0.867442658408,8.511546078609,0.));
#463 = VECTOR('',#464,1.);
#464 = DIRECTION('',(-0.10258478866,-0.994724263872,0.));
#465 = ORIENTED_EDGE('',*,*,#466,.T.);
#466 = EDGE_CURVE('',#459,#467,#469,.T.);
#467 = VERTEX_POINT('',#468);
#468 = CARTESIAN_POINT('',(0.284872496111,7.352141934458,0.));
#469 = CIRCLE('',#470,0.493105882353);
#470 = AXIS2_PLACEMENT_3D('',#471,#472,#473);
#471 = CARTESIAN_POINT('',(0.303236979514,7.844905728746,0.));
#472 = DIRECTION('',(0.,0.,-1.));
#473 = DIRECTION('',(0.997547931015,-6.9986608206E-02,0.));
#474 = ORIENTED_EDGE('',*,*,#475,.T.);
#475 = EDGE_CURVE('',#467,#476,#478,.T.);
#476 = VERTEX_POINT('',#477);
#477 = CARTESIAN_POINT('',(-0.284872496111,7.352141934458,0.));
#478 = CIRCLE('',#479,7.357658823529);
#479 = AXIS2_PLACEMENT_3D('',#480,#481,#482);
#480 = CARTESIAN_POINT('',(1.518E-14,4.178E-13,0.));
#481 = DIRECTION('',(0.,-0.,1.));
#482 = DIRECTION('',(3.871781811894E-02,0.999250184168,0.));
#483 = ORIENTED_EDGE('',*,*,#484,.T.);
#484 = EDGE_CURVE('',#476,#485,#487,.T.);
#485 = VERTEX_POINT('',#486);
#486 = CARTESIAN_POINT('',(-0.795133732226,7.810394920553,0.));
#487 = CIRCLE('',#488,0.493105882353);
#488 = AXIS2_PLACEMENT_3D('',#489,#490,#491);
#489 = CARTESIAN_POINT('',(-0.303236979514,7.844905728746,0.));
#490 = DIRECTION('',(0.,0.,-1.));
#491 = DIRECTION('',(3.724247481195E-02,-0.999306258396,0.));
#492 = ORIENTED_EDGE('',*,*,#493,.T.);
#493 = EDGE_CURVE('',#485,#494,#496,.T.);
#494 = VERTEX_POINT('',#495);
#495 = CARTESIAN_POINT('',(-0.867442658408,8.511546078609,0.));
#496 = LINE('',#497,#498);
#497 = CARTESIAN_POINT('',(-0.795133732226,7.810394920553,0.));
#498 = VECTOR('',#499,1.);
#499 = DIRECTION('',(-0.10258478866,0.994724263872,0.));
#500 = ORIENTED_EDGE('',*,*,#501,.T.);
#501 = EDGE_CURVE('',#494,#502,#504,.T.);
#502 = VERTEX_POINT('',#503);
#503 = CARTESIAN_POINT('',(-1.023548853891,8.958869457398,0.));
#504 = B_SPLINE_CURVE_WITH_KNOTS('',3,(#505,#506,#507,#508),
  .UNSPECIFIED.,.F.,.F.,(4,4),(0.,1.),.PIECEWISE_BEZIER_KNOTS.);
#505 = CARTESIAN_POINT('',(-0.867442658408,8.511546078609,0.));
#506 = CARTESIAN_POINT('',(-0.876230828195,8.562933789644,0.));
#507 = CARTESIAN_POINT('',(-0.909479240936,8.715892762265,0.));
#508 = CARTESIAN_POINT('',(-1.023548853891,8.958869457398,0.));
#509 = ORIENTED_EDGE('',*,*,#510,.T.);
#510 = EDGE_CURVE('',#502,#511,#513,.T.);
#511 = VERTEX_POINT('',#512);
#512 = CARTESIAN_POINT('',(-1.854360411498,10.110160417777,0.));
#513 = B_SPLINE_CURVE_WITH_KNOTS('',3,(#514,#515,#516,#517),
  .UNSPECIFIED.,.F.,.F.,(4,4),(0.,1.),.PIECEWISE_BEZIER_KNOTS.);
#514 = CARTESIAN_POINT('',(-1.023548853891,8.958869457398,0.));
#515 = CARTESIAN_POINT('',(-1.161047404204,9.248554068584,0.));
#516 = CARTESIAN_POINT('',(-1.409751962188,9.651744187307,0.));
#517 = CARTESIAN_POINT('',(-1.854360411499,10.110160417777,0.));
#518 = ORIENTED_EDGE('',*,*,#519,.T.);
#519 = EDGE_CURVE('',#511,#520,#522,.T.);
#520 = VERTEX_POINT('',#521);
#521 = CARTESIAN_POINT('',(-2.71615049638,9.911949948357,0.));
#522 = CIRCLE('',#523,10.277364705883);
#523 = AXIS2_PLACEMENT_3D('',#524,#525,#526);
#524 = CARTESIAN_POINT('',(1.624553176504E-02,4.466047632884E-03,0.));
#525 = DIRECTION('',(0.,0.,1.));
#526 = DIRECTION('',(-0.182012217801,0.98329626897,0.));
#527 = ORIENTED_EDGE('',*,*,#528,.T.);
#528 = EDGE_CURVE('',#520,#529,#531,.T.);
#529 = VERTEX_POINT('',#530);
#530 = CARTESIAN_POINT('',(-2.964922126309,8.515763676613,0.));
#531 = B_SPLINE_CURVE_WITH_KNOTS('',3,(#532,#533,#534,#535),
  .UNSPECIFIED.,.F.,.F.,(4,4),(0.,1.),.PIECEWISE_BEZIER_KNOTS.);
#532 = CARTESIAN_POINT('',(-2.71615049638,9.911949948357,0.));
#533 = CARTESIAN_POINT('',(-2.917592227599,9.307589486304,0.));
#534 = CARTESIAN_POINT('',(-2.966729655361,8.836418877935,0.));
#535 = CARTESIAN_POINT('',(-2.964922126309,8.515763676613,0.));
#536 = ORIENTED_EDGE('',*,*,#537,.T.);
#537 = EDGE_CURVE('',#529,#538,#540,.T.);
#538 = VERTEX_POINT('',#539);
#539 = CARTESIAN_POINT('',(-2.911482608342,8.045007298644,0.));
#540 = B_SPLINE_CURVE_WITH_KNOTS('',3,(#541,#542,#543,#544),
  .UNSPECIFIED.,.F.,.F.,(4,4),(0.,1.),.PIECEWISE_BEZIER_KNOTS.);
#541 = CARTESIAN_POINT('',(-2.964922126309,8.515763676613,0.));
#542 = CARTESIAN_POINT('',(-2.962271659352,8.247356288484,0.));
#543 = CARTESIAN_POINT('',(-2.925861033167,8.095119070446,0.));
#544 = CARTESIAN_POINT('',(-2.911482608342,8.045007298644,0.));
#545 = ORIENTED_EDGE('',*,*,#546,.T.);
#546 = EDGE_CURVE('',#538,#547,#549,.T.);
#547 = VERTEX_POINT('',#548);
#548 = CARTESIAN_POINT('',(-2.67241261356,7.381918266278,0.));
#549 = LINE('',#550,#551);
#550 = CARTESIAN_POINT('',(-2.911482608342,8.045007298644,0.));
#551 = VECTOR('',#552,1.);
#552 = DIRECTION('',(0.339168982097,-0.940725465576,0.));
#553 = ORIENTED_EDGE('',*,*,#554,.T.);
#554 = EDGE_CURVE('',#547,#555,#557,.T.);
#555 = VERTEX_POINT('',#556);
#556 = CARTESIAN_POINT('',(-2.933313582728,6.747652539131,0.));
#557 = CIRCLE('',#558,0.493105882353);
#558 = AXIS2_PLACEMENT_3D('',#559,#560,#561);
#559 = CARTESIAN_POINT('',(-3.130569952474,7.199585427739,0.));
#560 = DIRECTION('',(0.,0.,-1.));
#561 = DIRECTION('',(0.929125681341,0.369764071094,0.));
#562 = ORIENTED_EDGE('',*,*,#563,.T.);
#563 = EDGE_CURVE('',#555,#564,#566,.T.);
#564 = VERTEX_POINT('',#565);
#565 = CARTESIAN_POINT('',(-3.446636083363,6.500449451563,0.));
#566 = CIRCLE('',#567,7.357658823528);
#567 = AXIS2_PLACEMENT_3D('',#568,#569,#570);
#568 = CARTESIAN_POINT('',(-5.2066E-13,1.07417E-12,0.));
#569 = DIRECTION('',(0.,0.,1.));
#570 = DIRECTION('',(-0.398674857463,0.917092338877,0.));
#571 = ORIENTED_EDGE('',*,*,#572,.T.);
#572 = EDGE_CURVE('',#564,#573,#575,.T.);
#573 = VERTEX_POINT('',#574);
#574 = CARTESIAN_POINT('',(-4.105194090669,6.691927072605,0.));
#575 = CIRCLE('',#576,0.493105882353);
#576 = AXIS2_PLACEMENT_3D('',#577,#578,#579);
#577 = CARTESIAN_POINT('',(-3.676984108752,6.936446238719,0.));
#578 = DIRECTION('',(0.,-0.,-1.));
#579 = DIRECTION('',(0.467137046286,-0.88418492409,0.));
#580 = ORIENTED_EDGE('',*,*,#581,.T.);
#581 = EDGE_CURVE('',#573,#582,#584,.T.);
#582 = VERTEX_POINT('',#583);
#583 = CARTESIAN_POINT('',(-4.474560268175,7.292268770443,0.));
#584 = LINE('',#585,#586);
#585 = CARTESIAN_POINT('',(-4.105194090669,6.691927072605,0.));
#586 = VECTOR('',#587,1.);
#587 = DIRECTION('',(-0.524020383903,0.851705722215,0.));
#588 = ORIENTED_EDGE('',*,*,#589,.T.);
#589 = EDGE_CURVE('',#582,#590,#592,.T.);
#590 = VERTEX_POINT('',#591);
#591 = CARTESIAN_POINT('',(-4.809293430575,7.627561268822,0.));
#592 = B_SPLINE_CURVE_WITH_KNOTS('',3,(#593,#594,#595,#596),
  .UNSPECIFIED.,.F.,.F.,(4,4),(0.,1.),.PIECEWISE_BEZIER_KNOTS.);
#593 = CARTESIAN_POINT('',(-4.474560268175,7.292268770443,0.));
#594 = CARTESIAN_POINT('',(-4.504774427767,7.334754454312,0.));
#595 = CARTESIAN_POINT('',(-4.601096623526,7.45813978107,0.));
#596 = CARTESIAN_POINT('',(-4.809293430575,7.627561268822,0.));
#597 = ORIENTED_EDGE('',*,*,#598,.T.);
#598 = EDGE_CURVE('',#590,#599,#601,.T.);
#599 = VERTEX_POINT('',#600);
#600 = CARTESIAN_POINT('',(-6.057355205774,8.304362956903,0.));
#601 = B_SPLINE_CURVE_WITH_KNOTS('',3,(#602,#603,#604,#605),
  .UNSPECIFIED.,.F.,.F.,(4,4),(0.,1.),.PIECEWISE_BEZIER_KNOTS.);
#602 = CARTESIAN_POINT('',(-4.809293430575,7.627561268822,0.));
#603 = CARTESIAN_POINT('',(-5.058864786055,7.828899699877,0.));
#604 = CARTESIAN_POINT('',(-5.457877486391,8.084252581139,0.));
#605 = CARTESIAN_POINT('',(-6.057355205774,8.304362956903,0.));
#606 = ORIENTED_EDGE('',*,*,#607,.T.);
#607 = EDGE_CURVE('',#599,#608,#610,.T.);
#608 = VERTEX_POINT('',#609);
#609 = CARTESIAN_POINT('',(-6.747800943316,7.751864790301,0.));
#610 = CIRCLE('',#611,10.277364705884);
#611 = AXIS2_PLACEMENT_3D('',#612,#613,#614);
#612 = CARTESIAN_POINT('',(1.269897291773E-02,1.107244194481E-02,0.));
#613 = DIRECTION('',(0.,0.,1.));
#614 = DIRECTION('',(-0.590623603658,0.806947184643,0.));
#615 = ORIENTED_EDGE('',*,*,#616,.T.);
#616 = EDGE_CURVE('',#608,#617,#619,.T.);
#617 = VERTEX_POINT('',#618);
#618 = CARTESIAN_POINT('',(-6.36615391701,6.386006460687,0.));
#619 = B_SPLINE_CURVE_WITH_KNOTS('',3,(#620,#621,#622,#623),
  .UNSPECIFIED.,.F.,.F.,(4,4),(0.,1.),.PIECEWISE_BEZIER_KNOTS.);
#620 = CARTESIAN_POINT('',(-6.747800943316,7.751864790301,0.));
#621 = CARTESIAN_POINT('',(-6.66707149479,7.119952537445,0.));
#622 = CARTESIAN_POINT('',(-6.506909522131,6.674122556946,0.));
#623 = CARTESIAN_POINT('',(-6.36615391701,6.386006460687,0.));
#624 = ORIENTED_EDGE('',*,*,#625,.T.);
#625 = EDGE_CURVE('',#617,#626,#628,.T.);
#626 = VERTEX_POINT('',#627);
#627 = CARTESIAN_POINT('',(-6.113753037519,5.985056157643,0.));
#628 = B_SPLINE_CURVE_WITH_KNOTS('',3,(#629,#630,#631,#632),
  .UNSPECIFIED.,.F.,.F.,(4,4),(0.,1.),.PIECEWISE_BEZIER_KNOTS.);
#629 = CARTESIAN_POINT('',(-6.36615391701,6.386006460687,0.));
#630 = CARTESIAN_POINT('',(-6.247308327628,6.145329754582,0.));
#631 = CARTESIAN_POINT('',(-6.148450233579,6.023966739227,0.));
#632 = CARTESIAN_POINT('',(-6.113753037519,5.985056157643,0.));
#633 = ORIENTED_EDGE('',*,*,#634,.T.);
#634 = EDGE_CURVE('',#626,#635,#637,.T.);
#635 = VERTEX_POINT('',#636);
#636 = CARTESIAN_POINT('',(-5.61065486624,5.491362166081,0.));
#637 = LINE('',#638,#639);
#638 = CARTESIAN_POINT('',(-6.113753037519,5.985056157643,0.));
#639 = VECTOR('',#640,1.);
#640 = DIRECTION('',(0.713746176315,-0.700404451582,0.));
#641 = ORIENTED_EDGE('',*,*,#642,.T.);
#642 = EDGE_CURVE('',#635,#643,#645,.T.);
#643 = VERTEX_POINT('',#644);
#644 = CARTESIAN_POINT('',(-5.570520931778,4.806707803901,0.));
#645 = CIRCLE('',#646,0.493105882353);
#646 = AXIS2_PLACEMENT_3D('',#647,#648,#649);
#647 = CARTESIAN_POINT('',(-5.944329111454,5.128298935648,0.));
#648 = DIRECTION('',(0.,0.,-1.));
#649 = DIRECTION('',(0.6766786955,0.736278441255,0.));
#650 = ORIENTED_EDGE('',*,*,#651,.T.);
#651 = EDGE_CURVE('',#643,#652,#654,.T.);
#652 = VERTEX_POINT('',#653);
#653 = CARTESIAN_POINT('',(-5.925751124088,4.361263232004,0.));
#654 = CIRCLE('',#655,7.357658823529);
#655 = AXIS2_PLACEMENT_3D('',#656,#657,#658);
#656 = CARTESIAN_POINT('',(-3.9302E-13,3.1349E-13,0.));
#657 = DIRECTION('',(0.,0.,1.));
#658 = DIRECTION('',(-0.757105088097,0.653293108472,0.));
#659 = ORIENTED_EDGE('',*,*,#660,.T.);
#660 = EDGE_CURVE('',#652,#661,#663,.T.);
#661 = VERTEX_POINT('',#662);
#662 = CARTESIAN_POINT('',(-6.602170412554,4.248040996828,0.));
#663 = CIRCLE('',#664,0.493105882353);
#664 = AXIS2_PLACEMENT_3D('',#665,#666,#667);
#665 = CARTESIAN_POINT('',(-6.32245944,4.654138501184,0.));
#666 = DIRECTION('',(0.,-0.,-1.));
#667 = DIRECTION('',(0.804509396683,-0.593939921751,0.));
#668 = ORIENTED_EDGE('',*,*,#669,.T.);
#669 = EDGE_CURVE('',#661,#670,#672,.T.);
#670 = VERTEX_POINT('',#671);
#671 = CARTESIAN_POINT('',(-7.195436339949,4.628668198484,0.));
#672 = LINE('',#673,#674);
#673 = CARTESIAN_POINT('',(-6.602170412554,4.248040996828,0.));
#674 = VECTOR('',#675,1.);
#675 = DIRECTION('',(-0.841667315425,0.539996416789,0.));
#676 = ORIENTED_EDGE('',*,*,#677,.T.);
#677 = EDGE_CURVE('',#670,#678,#680,.T.);
#678 = VERTEX_POINT('',#679);
#679 = CARTESIAN_POINT('',(-7.64249846122,4.785521025056,0.));
#680 = B_SPLINE_CURVE_WITH_KNOTS('',3,(#681,#682,#683,#684),
  .UNSPECIFIED.,.F.,.F.,(4,4),(0.,1.),.PIECEWISE_BEZIER_KNOTS.);
#681 = CARTESIAN_POINT('',(-7.195436339949,4.628668198484,0.));
#682 = CARTESIAN_POINT('',(-7.241092204487,4.653837044443,0.));
#683 = CARTESIAN_POINT('',(-7.38141039108,4.723210748152,0.));
#684 = CARTESIAN_POINT('',(-7.64249846122,4.785521025056,0.));
#685 = ORIENTED_EDGE('',*,*,#686,.T.);
#686 = EDGE_CURVE('',#678,#687,#689,.T.);
#687 = VERTEX_POINT('',#688);
#688 = CARTESIAN_POINT('',(-9.06061651296,4.853784566088,0.));
#689 = B_SPLINE_CURVE_WITH_KNOTS('',3,(#690,#691,#692,#693),
  .UNSPECIFIED.,.F.,.F.,(4,4),(0.,1.),.PIECEWISE_BEZIER_KNOTS.);
#690 = CARTESIAN_POINT('',(-7.64249846122,4.785521025056,0.));
#691 = CARTESIAN_POINT('',(-7.954711954122,4.858635730456,0.));
#692 = CARTESIAN_POINT('',(-8.425003437939,4.915575604426,0.));
#693 = CARTESIAN_POINT('',(-9.06061651296,4.853784566088,0.));
#694 = ORIENTED_EDGE('',*,*,#695,.T.);
#695 = EDGE_CURVE('',#687,#696,#698,.T.);
#696 = VERTEX_POINT('',#697);
#697 = CARTESIAN_POINT('',(-9.442966657079,4.056427740143,0.));
#698 = CIRCLE('',#699,10.277364705884);
#699 = AXIS2_PLACEMENT_3D('',#700,#701,#702);
#700 = CARTESIAN_POINT('',(6.637226740383E-03,1.548580333675E-02,0.));
#701 = DIRECTION('',(0.,0.,1.));
#702 = DIRECTION('',(-0.882254741287,0.470772313838,0.));
#703 = ORIENTED_EDGE('',*,*,#704,.T.);
#704 = EDGE_CURVE('',#696,#705,#707,.T.);
#705 = VERTEX_POINT('',#706);
#706 = CARTESIAN_POINT('',(-8.506490848693,2.991422345993,0.));
#707 = B_SPLINE_CURVE_WITH_KNOTS('',3,(#708,#709,#710,#711),
  .UNSPECIFIED.,.F.,.F.,(4,4),(0.,1.),.PIECEWISE_BEZIER_KNOTS.);
#708 = CARTESIAN_POINT('',(-9.442966657079,4.056427740143,0.));
#709 = CARTESIAN_POINT('',(-9.096055486172,3.522121668057,0.));
#710 = CARTESIAN_POINT('',(-8.758316156034,3.189934410812,0.));
#711 = CARTESIAN_POINT('',(-8.506490848693,2.991422345993,0.));
#712 = ORIENTED_EDGE('',*,*,#713,.T.);
#713 = EDGE_CURVE('',#705,#714,#716,.T.);
#714 = VERTEX_POINT('',#715);
#715 = CARTESIAN_POINT('',(-8.105119697355,2.739691242724,0.));
#716 = B_SPLINE_CURVE_WITH_KNOTS('',3,(#717,#718,#719,#720),
  .UNSPECIFIED.,.F.,.F.,(4,4),(0.,1.),.PIECEWISE_BEZIER_KNOTS.);
#717 = CARTESIAN_POINT('',(-8.506490848693,2.991422345993,0.));
#718 = CARTESIAN_POINT('',(-8.294988963409,2.826145295261,0.));
#719 = CARTESIAN_POINT('',(-8.153263459438,2.759693916199,0.));
#720 = CARTESIAN_POINT('',(-8.105119697355,2.739691242724,0.));
#721 = ORIENTED_EDGE('',*,*,#722,.T.);
#722 = EDGE_CURVE('',#714,#723,#725,.T.);
#723 = VERTEX_POINT('',#724);
#724 = CARTESIAN_POINT('',(-7.437638112495,2.513174441754,0.));
#725 = LINE('',#726,#727);
#726 = CARTESIAN_POINT('',(-8.105119697355,2.739691242724,0.));
#727 = VECTOR('',#728,1.);
#728 = DIRECTION('',(0.946957186791,-0.321359746056,0.));
#729 = ORIENTED_EDGE('',*,*,#730,.T.);
#730 = EDGE_CURVE('',#723,#731,#733,.T.);
#731 = VERTEX_POINT('',#732);
#732 = CARTESIAN_POINT('',(-7.104418292333,1.913735637706,0.));
#733 = CIRCLE('',#734,0.493105882353);
#734 = AXIS2_PLACEMENT_3D('',#735,#736,#737);
#735 = CARTESIAN_POINT('',(-7.580740987498,2.041289944893,0.));
#736 = DIRECTION('',(0.,0.,-1.));
#737 = DIRECTION('',(0.290207195095,0.956963836263,0.));
#738 = ORIENTED_EDGE('',*,*,#739,.T.);
#739 = EDGE_CURVE('',#731,#740,#742,.T.);
#740 = VERTEX_POINT('',#741);
#741 = CARTESIAN_POINT('',(-7.231198480119,1.358275341964,0.));
#742 = CIRCLE('',#743,7.357658823528);
#743 = AXIS2_PLACEMENT_3D('',#744,#745,#746);
#744 = CARTESIAN_POINT('',(-1.84983E-12,4.3869E-13,0.));
#745 = DIRECTION('',(0.,0.,1.));
#746 = DIRECTION('',(-0.96558137075,0.26010116582,0.));
#747 = ORIENTED_EDGE('',*,*,#748,.T.);
#748 = EDGE_CURVE('',#740,#749,#751,.T.);
#749 = VERTEX_POINT('',#750);
#750 = CARTESIAN_POINT('',(-7.791505913926,0.962778302825,0.));
#751 = CIRCLE('',#752,0.493105882353);
#752 = AXIS2_PLACEMENT_3D('',#753,#754,#755);
#753 = CARTESIAN_POINT('',(-7.715694139281,1.450021554226,0.));
#754 = DIRECTION('',(0.,0.,-1.));
#755 = DIRECTION('',(0.982538794406,-0.186057833714,0.));
#756 = ORIENTED_EDGE('',*,*,#757,.T.);
#757 = EDGE_CURVE('',#749,#758,#760,.T.);
#758 = VERTEX_POINT('',#759);
#759 = CARTESIAN_POINT('',(-8.49116799836,1.048303122925,0.));
#760 = LINE('',#761,#762);
#761 = CARTESIAN_POINT('',(-7.791505913926,0.962778302825,0.));
#762 = VECTOR('',#763,1.);
#763 = DIRECTION('',(-0.992611712756,0.121334198396,0.));
#764 = ORIENTED_EDGE('',*,*,#765,.T.);
#765 = EDGE_CURVE('',#758,#766,#768,.T.);
#766 = VERTEX_POINT('',#767);
#767 = CARTESIAN_POINT('',(-8.962012942528,0.995649651713,0.));
#768 = B_SPLINE_CURVE_WITH_KNOTS('',3,(#769,#770,#771,#772),
  .UNSPECIFIED.,.F.,.F.,(4,4),(0.,1.),.PIECEWISE_BEZIER_KNOTS.);
#769 = CARTESIAN_POINT('',(-8.49116799836,1.048303122925,0.));
#770 = CARTESIAN_POINT('',(-8.54322286394,1.051170132356,0.));
#771 = CARTESIAN_POINT('',(-8.699745303623,1.052791900184,0.));
#772 = CARTESIAN_POINT('',(-8.962012942528,0.995649651713,0.));
#773 = ORIENTED_EDGE('',*,*,#774,.T.);
#774 = EDGE_CURVE('',#766,#775,#777,.T.);
#775 = VERTEX_POINT('',#776);
#776 = CARTESIAN_POINT('',(-10.26931159858,0.441854614197,0.));
#777 = B_SPLINE_CURVE_WITH_KNOTS('',3,(#778,#779,#780,#781),
  .UNSPECIFIED.,.F.,.F.,(4,4),(0.,1.),.PIECEWISE_BEZIER_KNOTS.);
#778 = CARTESIAN_POINT('',(-8.962012942528,0.995649651713,0.));
#779 = CARTESIAN_POINT('',(-9.275030861536,0.926059367362,0.));
#780 = CARTESIAN_POINT('',(-9.723454132717,0.773308593677,0.));
#781 = CARTESIAN_POINT('',(-10.26931159858,0.441854614197,0.));
#782 = ORIENTED_EDGE('',*,*,#783,.T.);
#783 = EDGE_CURVE('',#775,#784,#786,.T.);
#784 = VERTEX_POINT('',#785);
#785 = CARTESIAN_POINT('',(-10.26783701402,-0.442434572771,0.));
#786 = CIRCLE('',#787,10.277364705883);
#787 = AXIS2_PLACEMENT_3D('',#788,#789,#790);
#788 = CARTESIAN_POINT('',(-7.391035936635E-04,1.683201145636E-02,0.));
#789 = DIRECTION('',(0.,0.,1.));
#790 = DIRECTION('',(-0.99914450726,4.135521263513E-02,0.));
#791 = ORIENTED_EDGE('',*,*,#792,.T.);
#792 = EDGE_CURVE('',#784,#793,#795,.T.);
#793 = VERTEX_POINT('',#794);
#794 = CARTESIAN_POINT('',(-8.962012942528,-0.995649651713,0.));
#795 = B_SPLINE_CURVE_WITH_KNOTS('',3,(#796,#797,#798,#799),
  .UNSPECIFIED.,.F.,.F.,(4,4),(0.,1.),.PIECEWISE_BEZIER_KNOTS.);
#796 = CARTESIAN_POINT('',(-10.26783701402,-0.442434572771,0.));
#797 = CARTESIAN_POINT('',(-9.723454132717,-0.773308593677,0.));
#798 = CARTESIAN_POINT('',(-9.275030861536,-0.926059367362,0.));
#799 = CARTESIAN_POINT('',(-8.962012942528,-0.995649651713,0.));
#800 = ORIENTED_EDGE('',*,*,#801,.T.);
#801 = EDGE_CURVE('',#793,#802,#804,.T.);
#802 = VERTEX_POINT('',#803);
#803 = CARTESIAN_POINT('',(-8.49116799836,-1.048303122925,0.));
#804 = B_SPLINE_CURVE_WITH_KNOTS('',3,(#805,#806,#807,#808),
  .UNSPECIFIED.,.F.,.F.,(4,4),(0.,1.),.PIECEWISE_BEZIER_KNOTS.);
#805 = CARTESIAN_POINT('',(-8.962012942528,-0.995649651713,0.));
#806 = CARTESIAN_POINT('',(-8.699745303623,-1.052791900184,0.));
#807 = CARTESIAN_POINT('',(-8.54322286394,-1.051170132356,0.));
#808 = CARTESIAN_POINT('',(-8.49116799836,-1.048303122925,0.));
#809 = ORIENTED_EDGE('',*,*,#810,.T.);
#810 = EDGE_CURVE('',#802,#811,#813,.T.);
#811 = VERTEX_POINT('',#812);
#812 = CARTESIAN_POINT('',(-7.791505913926,-0.962778302825,0.));
#813 = LINE('',#814,#815);
#814 = CARTESIAN_POINT('',(-8.49116799836,-1.048303122925,0.));
#815 = VECTOR('',#816,1.);
#816 = DIRECTION('',(0.992611712756,0.121334198396,0.));
#817 = ORIENTED_EDGE('',*,*,#818,.T.);
#818 = EDGE_CURVE('',#811,#819,#821,.T.);
#819 = VERTEX_POINT('',#820);
#820 = CARTESIAN_POINT('',(-7.231198480119,-1.358275341964,0.));
#821 = CIRCLE('',#822,0.493105882353);
#822 = AXIS2_PLACEMENT_3D('',#823,#824,#825);
#823 = CARTESIAN_POINT('',(-7.715694139281,-1.450021554226,0.));
#824 = DIRECTION('',(0.,0.,-1.));
#825 = DIRECTION('',(-0.153743399457,0.988110807108,0.));
#826 = ORIENTED_EDGE('',*,*,#827,.T.);
#827 = EDGE_CURVE('',#819,#828,#830,.T.);
#828 = VERTEX_POINT('',#829);
#829 = CARTESIAN_POINT('',(-7.104418292333,-1.913735637706,0.));
#830 = CIRCLE('',#831,7.357658823531);
#831 = AXIS2_PLACEMENT_3D('',#832,#833,#834);
#832 = CARTESIAN_POINT('',(1.13353E-12,2.5817E-13,0.));
#833 = DIRECTION('',(0.,0.,1.));
#834 = DIRECTION('',(-0.982812420847,-0.184607002654,0.));
#835 = ORIENTED_EDGE('',*,*,#836,.T.);
#836 = EDGE_CURVE('',#828,#837,#839,.T.);
#837 = VERTEX_POINT('',#838);
#838 = CARTESIAN_POINT('',(-7.437638112495,-2.513174441754,0.));
#839 = CIRCLE('',#840,0.493105882353);
#840 = AXIS2_PLACEMENT_3D('',#841,#842,#843);
#841 = CARTESIAN_POINT('',(-7.580740987498,-2.041289944893,0.));
#842 = DIRECTION('',(0.,0.,-1.));
#843 = DIRECTION('',(0.96596433385,0.25867529014,0.));
#844 = ORIENTED_EDGE('',*,*,#845,.T.);
#845 = EDGE_CURVE('',#837,#846,#848,.T.);
#846 = VERTEX_POINT('',#847);
#847 = CARTESIAN_POINT('',(-8.105119697355,-2.739691242724,0.));
#848 = LINE('',#849,#850);
#849 = CARTESIAN_POINT('',(-7.437638112495,-2.513174441754,0.));
#850 = VECTOR('',#851,1.);
#851 = DIRECTION('',(-0.946957186791,-0.321359746056,0.));
#852 = ORIENTED_EDGE('',*,*,#853,.T.);
#853 = EDGE_CURVE('',#846,#854,#856,.T.);
#854 = VERTEX_POINT('',#855);
#855 = CARTESIAN_POINT('',(-8.506490848693,-2.991422345993,0.));
#856 = B_SPLINE_CURVE_WITH_KNOTS('',3,(#857,#858,#859,#860),
  .UNSPECIFIED.,.F.,.F.,(4,4),(0.,1.),.PIECEWISE_BEZIER_KNOTS.);
#857 = CARTESIAN_POINT('',(-8.105119697355,-2.739691242724,0.));
#858 = CARTESIAN_POINT('',(-8.153263459438,-2.759693916199,0.));
#859 = CARTESIAN_POINT('',(-8.294988963409,-2.826145295261,0.));
#860 = CARTESIAN_POINT('',(-8.506490848693,-2.991422345993,0.));
#861 = ORIENTED_EDGE('',*,*,#862,.T.);
#862 = EDGE_CURVE('',#854,#863,#865,.T.);
#863 = VERTEX_POINT('',#864);
#864 = CARTESIAN_POINT('',(-9.444043577268,-4.057590063027,0.));
#865 = B_SPLINE_CURVE_WITH_KNOTS('',3,(#866,#867,#868,#869),
  .UNSPECIFIED.,.F.,.F.,(4,4),(0.,1.),.PIECEWISE_BEZIER_KNOTS.);
#866 = CARTESIAN_POINT('',(-8.506490848693,-2.991422345993,0.));
#867 = CARTESIAN_POINT('',(-8.758316156034,-3.189934410811,0.));
#868 = CARTESIAN_POINT('',(-9.096055486172,-3.522121668057,0.));
#869 = CARTESIAN_POINT('',(-9.444043577268,-4.057590063027,0.));
#870 = ORIENTED_EDGE('',*,*,#871,.T.);
#871 = EDGE_CURVE('',#863,#872,#874,.T.);
#872 = VERTEX_POINT('',#873);
#873 = CARTESIAN_POINT('',(-9.059036323582,-4.853667292444,0.));
#874 = CIRCLE('',#875,10.277364705884);
#875 = AXIS2_PLACEMENT_3D('',#876,#877,#878);
#876 = CARTESIAN_POINT('',(-7.969045394155E-03,1.484443327624E-02,0.));
#877 = DIRECTION('',(0.,0.,1.));
#878 = DIRECTION('',(-0.918141449867,-0.396252795619,0.));
#879 = ORIENTED_EDGE('',*,*,#880,.T.);
#880 = EDGE_CURVE('',#872,#881,#883,.T.);
#881 = VERTEX_POINT('',#882);
#882 = CARTESIAN_POINT('',(-7.64249846122,-4.785521025056,0.));
#883 = B_SPLINE_CURVE_WITH_KNOTS('',3,(#884,#885,#886,#887),
  .UNSPECIFIED.,.F.,.F.,(4,4),(0.,1.),.PIECEWISE_BEZIER_KNOTS.);
#884 = CARTESIAN_POINT('',(-9.059036323582,-4.853667292444,0.));
#885 = CARTESIAN_POINT('',(-8.425003437939,-4.915575604426,0.));
#886 = CARTESIAN_POINT('',(-7.954711954122,-4.858635730456,0.));
#887 = CARTESIAN_POINT('',(-7.64249846122,-4.785521025056,0.));
#888 = ORIENTED_EDGE('',*,*,#889,.T.);
#889 = EDGE_CURVE('',#881,#890,#892,.T.);
#890 = VERTEX_POINT('',#891);
#891 = CARTESIAN_POINT('',(-7.195436339949,-4.628668198484,0.));
#892 = B_SPLINE_CURVE_WITH_KNOTS('',3,(#893,#894,#895,#896),
  .UNSPECIFIED.,.F.,.F.,(4,4),(0.,1.),.PIECEWISE_BEZIER_KNOTS.);
#893 = CARTESIAN_POINT('',(-7.64249846122,-4.785521025056,0.));
#894 = CARTESIAN_POINT('',(-7.38141039108,-4.723210748152,0.));
#895 = CARTESIAN_POINT('',(-7.241092204487,-4.653837044443,0.));
#896 = CARTESIAN_POINT('',(-7.195436339949,-4.628668198484,0.));
#897 = ORIENTED_EDGE('',*,*,#898,.T.);
#898 = EDGE_CURVE('',#890,#899,#901,.T.);
#899 = VERTEX_POINT('',#900);
#900 = CARTESIAN_POINT('',(-6.602170412554,-4.248040996828,0.));
#901 = LINE('',#902,#903);
#902 = CARTESIAN_POINT('',(-7.195436339949,-4.628668198484,0.));
#903 = VECTOR('',#904,1.);
#904 = DIRECTION('',(0.841667315425,0.539996416789,0.));
#905 = ORIENTED_EDGE('',*,*,#906,.T.);
#906 = EDGE_CURVE('',#899,#907,#909,.T.);
#907 = VERTEX_POINT('',#908);
#908 = CARTESIAN_POINT('',(-5.925751124088,-4.361263232004,0.));
#909 = CIRCLE('',#910,0.493105882353);
#910 = AXIS2_PLACEMENT_3D('',#911,#912,#913);
#911 = CARTESIAN_POINT('',(-6.32245944,-4.654138501184,0.));
#912 = DIRECTION('',(0.,0.,-1.));
#913 = DIRECTION('',(-0.567243228206,0.823550314221,0.));
#914 = ORIENTED_EDGE('',*,*,#915,.T.);
#915 = EDGE_CURVE('',#907,#916,#918,.T.);
#916 = VERTEX_POINT('',#917);
#917 = CARTESIAN_POINT('',(-5.570520931778,-4.806707803901,0.));
#918 = CIRCLE('',#919,7.357658823528);
#919 = AXIS2_PLACEMENT_3D('',#920,#921,#922);
#920 = CARTESIAN_POINT('',(-7.4051E-13,-5.8866E-13,0.));
#921 = DIRECTION('',(0.,0.,1.));
#922 = DIRECTION('',(-0.805385417592,-0.592751490196,0.));
#923 = ORIENTED_EDGE('',*,*,#924,.T.);
#924 = EDGE_CURVE('',#916,#925,#927,.T.);
#925 = VERTEX_POINT('',#926);
#926 = CARTESIAN_POINT('',(-5.61065486624,-5.491362166081,0.));
#927 = CIRCLE('',#928,0.493105882353);
#928 = AXIS2_PLACEMENT_3D('',#929,#930,#931);
#929 = CARTESIAN_POINT('',(-5.944329111454,-5.128298935648,0.));
#930 = DIRECTION('',(0.,0.,-1.));
#931 = DIRECTION('',(0.7580687902,0.652174600337,0.));
#932 = ORIENTED_EDGE('',*,*,#933,.T.);
#933 = EDGE_CURVE('',#925,#934,#936,.T.);
#934 = VERTEX_POINT('',#935);
#935 = CARTESIAN_POINT('',(-6.113753037519,-5.985056157643,0.));
#936 = LINE('',#937,#938);
#937 = CARTESIAN_POINT('',(-5.61065486624,-5.491362166081,0.));
#938 = VECTOR('',#939,1.);
#939 = DIRECTION('',(-0.713746176315,-0.700404451582,0.));
#940 = ORIENTED_EDGE('',*,*,#941,.T.);
#941 = EDGE_CURVE('',#934,#942,#944,.T.);
#942 = VERTEX_POINT('',#943);
#943 = CARTESIAN_POINT('',(-6.36615391701,-6.386006460687,0.));
#944 = B_SPLINE_CURVE_WITH_KNOTS('',3,(#945,#946,#947,#948),
  .UNSPECIFIED.,.F.,.F.,(4,4),(0.,1.),.PIECEWISE_BEZIER_KNOTS.);
#945 = CARTESIAN_POINT('',(-6.113753037519,-5.985056157643,0.));
#946 = CARTESIAN_POINT('',(-6.148450233579,-6.023966739227,0.));
#947 = CARTESIAN_POINT('',(-6.247308327628,-6.145329754582,0.));
#948 = CARTESIAN_POINT('',(-6.36615391701,-6.386006460687,0.));
#949 = ORIENTED_EDGE('',*,*,#950,.T.);
#950 = EDGE_CURVE('',#942,#951,#953,.T.);
#951 = VERTEX_POINT('',#952);
#952 = CARTESIAN_POINT('',(-6.74826690188,-7.753379265191,0.));
#953 = B_SPLINE_CURVE_WITH_KNOTS('',3,(#954,#955,#956,#957),
  .UNSPECIFIED.,.F.,.F.,(4,4),(0.,1.),.PIECEWISE_BEZIER_KNOTS.);
#954 = CARTESIAN_POINT('',(-6.36615391701,-6.386006460687,0.));
#955 = CARTESIAN_POINT('',(-6.506909522131,-6.674122556946,0.));
#956 = CARTESIAN_POINT('',(-6.66707149479,-7.119952537445,0.));
#957 = CARTESIAN_POINT('',(-6.74826690188,-7.753379265191,0.));
#958 = ORIENTED_EDGE('',*,*,#959,.T.);
#959 = EDGE_CURVE('',#951,#960,#962,.T.);
#960 = VERTEX_POINT('',#961);
#961 = CARTESIAN_POINT('',(-6.055982387466,-8.303571678526,0.));
#962 = CIRCLE('',#963,10.277364705879);
#963 = AXIS2_PLACEMENT_3D('',#964,#965,#966);
#964 = CARTESIAN_POINT('',(-1.36206200251E-02,9.916733026859E-03,0.));
#965 = DIRECTION('',(0.,0.,1.));
#966 = DIRECTION('',(-0.655289218062,-0.755378077979,0.));
#967 = ORIENTED_EDGE('',*,*,#968,.T.);
#968 = EDGE_CURVE('',#960,#969,#971,.T.);
#969 = VERTEX_POINT('',#970);
#970 = CARTESIAN_POINT('',(-4.809293430575,-7.627561268822,0.));
#971 = B_SPLINE_CURVE_WITH_KNOTS('',3,(#972,#973,#974,#975),
  .UNSPECIFIED.,.F.,.F.,(4,4),(0.,1.),.PIECEWISE_BEZIER_KNOTS.);
#972 = CARTESIAN_POINT('',(-6.055982387466,-8.303571678526,0.));
#973 = CARTESIAN_POINT('',(-5.457877486391,-8.084252581139,0.));
#974 = CARTESIAN_POINT('',(-5.058864786055,-7.828899699877,0.));
#975 = CARTESIAN_POINT('',(-4.809293430575,-7.627561268822,0.));
#976 = ORIENTED_EDGE('',*,*,#977,.T.);
#977 = EDGE_CURVE('',#969,#978,#980,.T.);
#978 = VERTEX_POINT('',#979);
#979 = CARTESIAN_POINT('',(-4.474560268175,-7.292268770443,0.));
#980 = B_SPLINE_CURVE_WITH_KNOTS('',3,(#981,#982,#983,#984),
  .UNSPECIFIED.,.F.,.F.,(4,4),(0.,1.),.PIECEWISE_BEZIER_KNOTS.);
#981 = CARTESIAN_POINT('',(-4.809293430575,-7.627561268822,0.));
#982 = CARTESIAN_POINT('',(-4.601096623526,-7.45813978107,0.));
#983 = CARTESIAN_POINT('',(-4.504774427767,-7.334754454312,0.));
#984 = CARTESIAN_POINT('',(-4.474560268175,-7.292268770443,0.));
#985 = ORIENTED_EDGE('',*,*,#986,.T.);
#986 = EDGE_CURVE('',#978,#987,#989,.T.);
#987 = VERTEX_POINT('',#988);
#988 = CARTESIAN_POINT('',(-4.105194090669,-6.691927072605,0.));
#989 = LINE('',#990,#991);
#990 = CARTESIAN_POINT('',(-4.474560268175,-7.292268770443,0.));
#991 = VECTOR('',#992,1.);
#992 = DIRECTION('',(0.524020383903,0.851705722215,0.));
#993 = ORIENTED_EDGE('',*,*,#994,.T.);
#994 = EDGE_CURVE('',#987,#995,#997,.T.);
#995 = VERTEX_POINT('',#996);
#996 = CARTESIAN_POINT('',(-3.446636083363,-6.500449451563,0.));
#997 = CIRCLE('',#998,0.493105882353);
#998 = AXIS2_PLACEMENT_3D('',#999,#1000,#1001);
#999 = CARTESIAN_POINT('',(-3.676984108752,-6.936446238719,0.));
#1000 = DIRECTION('',(0.,0.,-1.));
#1001 = DIRECTION('',(-0.868393578828,0.495875581421,0.));
#1002 = ORIENTED_EDGE('',*,*,#1003,.T.);
#1003 = EDGE_CURVE('',#995,#1004,#1006,.T.);
#1004 = VERTEX_POINT('',#1005);
#1005 = CARTESIAN_POINT('',(-2.933313582728,-6.747652539131,0.));
#1006 = CIRCLE('',#1007,7.35765882353);
#1007 = AXIS2_PLACEMENT_3D('',#1008,#1009,#1010);
#1008 = CARTESIAN_POINT('',(8.644E-14,1.8383E-13,0.));
#1009 = DIRECTION('',(0.,0.,1.));
#1010 = DIRECTION('',(-0.468441954979,-0.883494275485,0.));
#1011 = ORIENTED_EDGE('',*,*,#1012,.T.);
#1012 = EDGE_CURVE('',#1004,#1013,#1015,.T.);
#1013 = VERTEX_POINT('',#1014);
#1014 = CARTESIAN_POINT('',(-2.67241261356,-7.381918266278,0.));
#1015 = CIRCLE('',#1016,0.493105882353);
#1016 = AXIS2_PLACEMENT_3D('',#1017,#1018,#1019);
#1017 = CARTESIAN_POINT('',(-3.130569952474,-7.199585427739,0.));
#1018 = DIRECTION('',(0.,0.,-1.));
#1019 = DIRECTION('',(0.400028425547,0.91650273254,0.));
#1020 = ORIENTED_EDGE('',*,*,#1021,.T.);
#1021 = EDGE_CURVE('',#1013,#1022,#1024,.T.);
#1022 = VERTEX_POINT('',#1023);
#1023 = CARTESIAN_POINT('',(-2.911482608342,-8.045007298644,0.));
#1024 = LINE('',#1025,#1026);
#1025 = CARTESIAN_POINT('',(-2.67241261356,-7.381918266278,0.));
#1026 = VECTOR('',#1027,1.);
#1027 = DIRECTION('',(-0.339168982097,-0.940725465576,0.));
#1028 = ORIENTED_EDGE('',*,*,#1029,.T.);
#1029 = EDGE_CURVE('',#1022,#1030,#1032,.T.);
#1030 = VERTEX_POINT('',#1031);
#1031 = CARTESIAN_POINT('',(-2.964922126309,-8.515763676613,0.));
#1032 = B_SPLINE_CURVE_WITH_KNOTS('',3,(#1033,#1034,#1035,#1036),
  .UNSPECIFIED.,.F.,.F.,(4,4),(0.,1.),.PIECEWISE_BEZIER_KNOTS.);
#1033 = CARTESIAN_POINT('',(-2.911482608342,-8.045007298644,0.));
#1034 = CARTESIAN_POINT('',(-2.925861033167,-8.095119070446,0.));
#1035 = CARTESIAN_POINT('',(-2.962271659352,-8.247356288484,0.));
#1036 = CARTESIAN_POINT('',(-2.964922126309,-8.515763676613,0.));
#1037 = ORIENTED_EDGE('',*,*,#1038,.T.);
#1038 = EDGE_CURVE('',#1030,#1039,#1041,.T.);
#1039 = VERTEX_POINT('',#1040);
#1040 = CARTESIAN_POINT('',(-2.715913204512,-9.913516614929,0.));
#1041 = B_SPLINE_CURVE_WITH_KNOTS('',3,(#1042,#1043,#1044,#1045),
  .UNSPECIFIED.,.F.,.F.,(4,4),(0.,1.),.PIECEWISE_BEZIER_KNOTS.);
#1042 = CARTESIAN_POINT('',(-2.964922126309,-8.515763676613,0.));
#1043 = CARTESIAN_POINT('',(-2.966729655361,-8.836418877935,0.));
#1044 = CARTESIAN_POINT('',(-2.917592227599,-9.307589486304,0.));
#1045 = CARTESIAN_POINT('',(-2.715913204512,-9.913516614929,0.));
#1046 = ORIENTED_EDGE('',*,*,#1047,.T.);
#1047 = EDGE_CURVE('',#1039,#1048,#1050,.T.);
#1048 = VERTEX_POINT('',#1049);
#1049 = CARTESIAN_POINT('',(-1.853466867763,-10.10885185705,0.));
#1050 = CIRCLE('',#1051,10.277364705884);
#1051 = AXIS2_PLACEMENT_3D('',#1052,#1053,#1054);
#1052 = CARTESIAN_POINT('',(-1.657446380869E-02,3.02490218716E-03,0.));
#1053 = DIRECTION('',(0.,0.,1.));
#1054 = DIRECTION('',(-0.262648920025,-0.964891467891,0.));
#1055 = ORIENTED_EDGE('',*,*,#1056,.T.);
#1056 = EDGE_CURVE('',#1048,#1057,#1059,.T.);
#1057 = VERTEX_POINT('',#1058);
#1058 = CARTESIAN_POINT('',(-1.023548853891,-8.958869457398,0.));
#1059 = B_SPLINE_CURVE_WITH_KNOTS('',3,(#1060,#1061,#1062,#1063),
  .UNSPECIFIED.,.F.,.F.,(4,4),(0.,1.),.PIECEWISE_BEZIER_KNOTS.);
#1060 = CARTESIAN_POINT('',(-1.853466867763,-10.10885185705,0.));
#1061 = CARTESIAN_POINT('',(-1.409751962188,-9.651744187307,0.));
#1062 = CARTESIAN_POINT('',(-1.161047404204,-9.248554068584,0.));
#1063 = CARTESIAN_POINT('',(-1.023548853891,-8.958869457398,0.));
#1064 = ORIENTED_EDGE('',*,*,#1065,.T.);
#1065 = EDGE_CURVE('',#1057,#1066,#1068,.T.);
#1066 = VERTEX_POINT('',#1067);
#1067 = CARTESIAN_POINT('',(-0.867442658408,-8.511546078609,0.));
#1068 = B_SPLINE_CURVE_WITH_KNOTS('',3,(#1069,#1070,#1071,#1072),
  .UNSPECIFIED.,.F.,.F.,(4,4),(0.,1.),.PIECEWISE_BEZIER_KNOTS.);
#1069 = CARTESIAN_POINT('',(-1.023548853891,-8.958869457398,0.));
#1070 = CARTESIAN_POINT('',(-0.909479240936,-8.715892762265,0.));
#1071 = CARTESIAN_POINT('',(-0.876230828195,-8.562933789644,0.));
#1072 = CARTESIAN_POINT('',(-0.867442658408,-8.511546078609,0.));
#1073 = ORIENTED_EDGE('',*,*,#1074,.T.);
#1074 = EDGE_CURVE('',#1066,#1075,#1077,.T.);
#1075 = VERTEX_POINT('',#1076);
#1076 = CARTESIAN_POINT('',(-0.795133732226,-7.810394920553,0.));
#1077 = LINE('',#1078,#1079);
#1078 = CARTESIAN_POINT('',(-0.867442658408,-8.511546078609,0.));
#1079 = VECTOR('',#1080,1.);
#1080 = DIRECTION('',(0.10258478866,0.994724263872,0.));
#1081 = ORIENTED_EDGE('',*,*,#1082,.T.);
#1082 = EDGE_CURVE('',#1075,#1083,#1085,.T.);
#1083 = VERTEX_POINT('',#1084);
#1084 = CARTESIAN_POINT('',(-0.284872496111,-7.352141934458,0.));
#1085 = CIRCLE('',#1086,0.493105882353);
#1086 = AXIS2_PLACEMENT_3D('',#1087,#1088,#1089);
#1087 = CARTESIAN_POINT('',(-0.303236979514,-7.844905728746,0.));
#1088 = DIRECTION('',(0.,0.,-1.));
#1089 = DIRECTION('',(-0.997547931015,6.9986608206E-02,0.));
#1090 = ORIENTED_EDGE('',*,*,#1091,.T.);
#1091 = EDGE_CURVE('',#1083,#1092,#1094,.T.);
#1092 = VERTEX_POINT('',#1093);
#1093 = CARTESIAN_POINT('',(0.284872496111,-7.352141934458,0.));
#1094 = CIRCLE('',#1095,7.357658823529);
#1095 = AXIS2_PLACEMENT_3D('',#1096,#1097,#1098);
#1096 = CARTESIAN_POINT('',(-1.619E-14,-4.178E-13,0.));
#1097 = DIRECTION('',(0.,0.,1.));
#1098 = DIRECTION('',(-3.871781811894E-02,-0.999250184168,0.));
#1099 = ORIENTED_EDGE('',*,*,#1100,.T.);
#1100 = EDGE_CURVE('',#1092,#1101,#1103,.T.);
#1101 = VERTEX_POINT('',#1102);
#1102 = CARTESIAN_POINT('',(0.795133732226,-7.810394920553,0.));
#1103 = CIRCLE('',#1104,0.493105882353);
#1104 = AXIS2_PLACEMENT_3D('',#1105,#1106,#1107);
#1105 = CARTESIAN_POINT('',(0.303236979514,-7.844905728746,0.));
#1106 = DIRECTION('',(0.,0.,-1.));
#1107 = DIRECTION('',(-3.724247481195E-02,0.999306258396,0.));
#1108 = ORIENTED_EDGE('',*,*,#1109,.T.);
#1109 = EDGE_CURVE('',#1101,#1110,#1112,.T.);
#1110 = VERTEX_POINT('',#1111);
#1111 = CARTESIAN_POINT('',(0.867442658408,-8.511546078609,0.));
#1112 = LINE('',#1113,#1114);
#1113 = CARTESIAN_POINT('',(0.795133732226,-7.810394920553,0.));
#1114 = VECTOR('',#1115,1.);
#1115 = DIRECTION('',(0.10258478866,-0.994724263872,0.));
#1116 = ORIENTED_EDGE('',*,*,#1117,.T.);
#1117 = EDGE_CURVE('',#1110,#1118,#1120,.T.);
#1118 = VERTEX_POINT('',#1119);
#1119 = CARTESIAN_POINT('',(1.023548853891,-8.958869457398,0.));
#1120 = B_SPLINE_CURVE_WITH_KNOTS('',3,(#1121,#1122,#1123,#1124),
  .UNSPECIFIED.,.F.,.F.,(4,4),(0.,1.),.PIECEWISE_BEZIER_KNOTS.);
#1121 = CARTESIAN_POINT('',(0.867442658408,-8.511546078609,0.));
#1122 = CARTESIAN_POINT('',(0.876230828195,-8.562933789644,0.));
#1123 = CARTESIAN_POINT('',(0.909479240936,-8.715892762265,0.));
#1124 = CARTESIAN_POINT('',(1.023548853891,-8.958869457398,0.));
#1125 = ORIENTED_EDGE('',*,*,#1126,.T.);
#1126 = EDGE_CURVE('',#1118,#1127,#1129,.T.);
#1127 = VERTEX_POINT('',#1128);
#1128 = CARTESIAN_POINT('',(1.854360411498,-10.11016041777,0.));
#1129 = B_SPLINE_CURVE_WITH_KNOTS('',3,(#1130,#1131,#1132,#1133),
  .UNSPECIFIED.,.F.,.F.,(4,4),(0.,1.),.PIECEWISE_BEZIER_KNOTS.);
#1130 = CARTESIAN_POINT('',(1.023548853891,-8.958869457398,0.));
#1131 = CARTESIAN_POINT('',(1.161047404204,-9.248554068584,0.));
#1132 = CARTESIAN_POINT('',(1.409751962188,-9.651744187307,0.));
#1133 = CARTESIAN_POINT('',(1.854360411498,-10.11016041777,0.));
#1134 = ORIENTED_EDGE('',*,*,#1135,.T.);
#1135 = EDGE_CURVE('',#1127,#1136,#1138,.T.);
#1136 = VERTEX_POINT('',#1137);
#1137 = CARTESIAN_POINT('',(2.716150496381,-9.911949948357,0.));
#1138 = CIRCLE('',#1139,10.277364705883);
#1139 = AXIS2_PLACEMENT_3D('',#1140,#1141,#1142);
#1140 = CARTESIAN_POINT('',(-1.624553176504E-02,-4.466047632884E-03,0.)
  );
#1141 = DIRECTION('',(-0.,0.,1.));
#1142 = DIRECTION('',(0.182012217801,-0.98329626897,0.));
#1143 = ORIENTED_EDGE('',*,*,#1144,.T.);
#1144 = EDGE_CURVE('',#1136,#1145,#1147,.T.);
#1145 = VERTEX_POINT('',#1146);
#1146 = CARTESIAN_POINT('',(2.964922126309,-8.515763676613,0.));
#1147 = B_SPLINE_CURVE_WITH_KNOTS('',3,(#1148,#1149,#1150,#1151),
  .UNSPECIFIED.,.F.,.F.,(4,4),(0.,1.),.PIECEWISE_BEZIER_KNOTS.);
#1148 = CARTESIAN_POINT('',(2.71615049638,-9.911949948357,0.));
#1149 = CARTESIAN_POINT('',(2.917592227599,-9.307589486304,0.));
#1150 = CARTESIAN_POINT('',(2.966729655361,-8.836418877935,0.));
#1151 = CARTESIAN_POINT('',(2.964922126309,-8.515763676613,0.));
#1152 = ORIENTED_EDGE('',*,*,#1153,.T.);
#1153 = EDGE_CURVE('',#1145,#1154,#1156,.T.);
#1154 = VERTEX_POINT('',#1155);
#1155 = CARTESIAN_POINT('',(2.911482608342,-8.045007298644,0.));
#1156 = B_SPLINE_CURVE_WITH_KNOTS('',3,(#1157,#1158,#1159,#1160),
  .UNSPECIFIED.,.F.,.F.,(4,4),(0.,1.),.PIECEWISE_BEZIER_KNOTS.);
#1157 = CARTESIAN_POINT('',(2.964922126309,-8.515763676613,0.));
#1158 = CARTESIAN_POINT('',(2.962271659352,-8.247356288484,0.));
#1159 = CARTESIAN_POINT('',(2.925861033167,-8.095119070446,0.));
#1160 = CARTESIAN_POINT('',(2.911482608342,-8.045007298644,0.));
#1161 = ORIENTED_EDGE('',*,*,#1162,.T.);
#1162 = EDGE_CURVE('',#1154,#1163,#1165,.T.);
#1163 = VERTEX_POINT('',#1164);
#1164 = CARTESIAN_POINT('',(2.67241261356,-7.381918266278,0.));
#1165 = LINE('',#1166,#1167);
#1166 = CARTESIAN_POINT('',(2.911482608342,-8.045007298644,0.));
#1167 = VECTOR('',#1168,1.);
#1168 = DIRECTION('',(-0.339168982097,0.940725465576,0.));
#1169 = ORIENTED_EDGE('',*,*,#1170,.T.);
#1170 = EDGE_CURVE('',#1163,#1171,#1173,.T.);
#1171 = VERTEX_POINT('',#1172);
#1172 = CARTESIAN_POINT('',(2.933313582728,-6.747652539131,0.));
#1173 = CIRCLE('',#1174,0.493105882353);
#1174 = AXIS2_PLACEMENT_3D('',#1175,#1176,#1177);
#1175 = CARTESIAN_POINT('',(3.130569952474,-7.199585427739,0.));
#1176 = DIRECTION('',(0.,0.,-1.));
#1177 = DIRECTION('',(-0.929125681341,-0.369764071094,-0.));
#1178 = ORIENTED_EDGE('',*,*,#1179,.T.);
#1179 = EDGE_CURVE('',#1171,#1180,#1182,.T.);
#1180 = VERTEX_POINT('',#1181);
#1181 = CARTESIAN_POINT('',(3.446636083363,-6.500449451563,0.));
#1182 = CIRCLE('',#1183,7.357658823529);
#1183 = AXIS2_PLACEMENT_3D('',#1184,#1185,#1186);
#1184 = CARTESIAN_POINT('',(2.5529E-13,-5.6302E-13,0.));
#1185 = DIRECTION('',(-0.,0.,1.));
#1186 = DIRECTION('',(0.398674857463,-0.917092338877,0.));
#1187 = ORIENTED_EDGE('',*,*,#1188,.T.);
#1188 = EDGE_CURVE('',#1180,#1189,#1191,.T.);
#1189 = VERTEX_POINT('',#1190);
#1190 = CARTESIAN_POINT('',(4.105194090669,-6.691927072605,0.));
#1191 = CIRCLE('',#1192,0.493105882353);
#1192 = AXIS2_PLACEMENT_3D('',#1193,#1194,#1195);
#1193 = CARTESIAN_POINT('',(3.676984108752,-6.936446238719,0.));
#1194 = DIRECTION('',(0.,0.,-1.));
#1195 = DIRECTION('',(-0.467137046286,0.88418492409,0.));
#1196 = ORIENTED_EDGE('',*,*,#1197,.T.);
#1197 = EDGE_CURVE('',#1189,#1198,#1200,.T.);
#1198 = VERTEX_POINT('',#1199);
#1199 = CARTESIAN_POINT('',(4.474560268175,-7.292268770443,0.));
#1200 = LINE('',#1201,#1202);
#1201 = CARTESIAN_POINT('',(4.105194090669,-6.691927072605,0.));
#1202 = VECTOR('',#1203,1.);
#1203 = DIRECTION('',(0.524020383903,-0.851705722215,0.));
#1204 = ORIENTED_EDGE('',*,*,#1205,.T.);
#1205 = EDGE_CURVE('',#1198,#1206,#1208,.T.);
#1206 = VERTEX_POINT('',#1207);
#1207 = CARTESIAN_POINT('',(4.809293430575,-7.627561268822,0.));
#1208 = B_SPLINE_CURVE_WITH_KNOTS('',3,(#1209,#1210,#1211,#1212),
  .UNSPECIFIED.,.F.,.F.,(4,4),(0.,1.),.PIECEWISE_BEZIER_KNOTS.);
#1209 = CARTESIAN_POINT('',(4.474560268175,-7.292268770443,0.));
#1210 = CARTESIAN_POINT('',(4.504774427767,-7.334754454312,0.));
#1211 = CARTESIAN_POINT('',(4.601096623526,-7.45813978107,0.));
#1212 = CARTESIAN_POINT('',(4.809293430575,-7.627561268822,0.));
#1213 = ORIENTED_EDGE('',*,*,#1214,.T.);
#1214 = EDGE_CURVE('',#1206,#1215,#1217,.T.);
#1215 = VERTEX_POINT('',#1216);
#1216 = CARTESIAN_POINT('',(6.057355205774,-8.304362956903,0.));
#1217 = B_SPLINE_CURVE_WITH_KNOTS('',3,(#1218,#1219,#1220,#1221),
  .UNSPECIFIED.,.F.,.F.,(4,4),(0.,1.),.PIECEWISE_BEZIER_KNOTS.);
#1218 = CARTESIAN_POINT('',(4.809293430575,-7.627561268822,0.));
#1219 = CARTESIAN_POINT('',(5.058864786055,-7.828899699877,0.));
#1220 = CARTESIAN_POINT('',(5.457877486391,-8.084252581139,0.));
#1221 = CARTESIAN_POINT('',(6.057355205774,-8.304362956903,0.));
#1222 = ORIENTED_EDGE('',*,*,#1223,.T.);
#1223 = EDGE_CURVE('',#1215,#1224,#1226,.T.);
#1224 = VERTEX_POINT('',#1225);
#1225 = CARTESIAN_POINT('',(6.747800943316,-7.751864790301,0.));
#1226 = CIRCLE('',#1227,10.277364705881);
#1227 = AXIS2_PLACEMENT_3D('',#1228,#1229,#1230);
#1228 = CARTESIAN_POINT('',(-1.269897291591E-02,-1.107244194709E-02,0.)
  );
#1229 = DIRECTION('',(-0.,0.,1.));
#1230 = DIRECTION('',(0.590623603657,-0.806947184643,0.));
#1231 = ORIENTED_EDGE('',*,*,#1232,.T.);
#1232 = EDGE_CURVE('',#1224,#1233,#1235,.T.);
#1233 = VERTEX_POINT('',#1234);
#1234 = CARTESIAN_POINT('',(6.36615391701,-6.386006460687,0.));
#1235 = B_SPLINE_CURVE_WITH_KNOTS('',3,(#1236,#1237,#1238,#1239),
  .UNSPECIFIED.,.F.,.F.,(4,4),(0.,1.),.PIECEWISE_BEZIER_KNOTS.);
#1236 = CARTESIAN_POINT('',(6.747800943316,-7.751864790301,0.));
#1237 = CARTESIAN_POINT('',(6.66707149479,-7.119952537445,0.));
#1238 = CARTESIAN_POINT('',(6.506909522131,-6.674122556946,0.));
#1239 = CARTESIAN_POINT('',(6.36615391701,-6.386006460687,0.));
#1240 = ORIENTED_EDGE('',*,*,#1241,.T.);
#1241 = EDGE_CURVE('',#1233,#1242,#1244,.T.);
#1242 = VERTEX_POINT('',#1243);
#1243 = CARTESIAN_POINT('',(6.113753037519,-5.985056157643,0.));
#1244 = B_SPLINE_CURVE_WITH_KNOTS('',3,(#1245,#1246,#1247,#1248),
  .UNSPECIFIED.,.F.,.F.,(4,4),(0.,1.),.PIECEWISE_BEZIER_KNOTS.);
#1245 = CARTESIAN_POINT('',(6.36615391701,-6.386006460687,0.));
#1246 = CARTESIAN_POINT('',(6.247308327628,-6.145329754582,0.));
#1247 = CARTESIAN_POINT('',(6.148450233579,-6.023966739227,0.));
#1248 = CARTESIAN_POINT('',(6.113753037519,-5.985056157643,0.));
#1249 = ORIENTED_EDGE('',*,*,#1250,.T.);
#1250 = EDGE_CURVE('',#1242,#1251,#1253,.T.);
#1251 = VERTEX_POINT('',#1252);
#1252 = CARTESIAN_POINT('',(5.61065486624,-5.491362166081,0.));
#1253 = LINE('',#1254,#1255);
#1254 = CARTESIAN_POINT('',(6.113753037519,-5.985056157643,0.));
#1255 = VECTOR('',#1256,1.);
#1256 = DIRECTION('',(-0.713746176315,0.700404451582,0.));
#1257 = ORIENTED_EDGE('',*,*,#1258,.T.);
#1258 = EDGE_CURVE('',#1251,#1259,#1261,.T.);
#1259 = VERTEX_POINT('',#1260);
#1260 = CARTESIAN_POINT('',(5.570520931778,-4.806707803901,0.));
#1261 = CIRCLE('',#1262,0.493105882353);
#1262 = AXIS2_PLACEMENT_3D('',#1263,#1264,#1265);
#1263 = CARTESIAN_POINT('',(5.944329111454,-5.128298935648,0.));
#1264 = DIRECTION('',(0.,0.,-1.));
#1265 = DIRECTION('',(-0.6766786955,-0.736278441255,-0.));
#1266 = ORIENTED_EDGE('',*,*,#1267,.T.);
#1267 = EDGE_CURVE('',#1259,#1268,#1270,.T.);
#1268 = VERTEX_POINT('',#1269);
#1269 = CARTESIAN_POINT('',(5.925751124088,-4.361263232004,0.));
#1270 = CIRCLE('',#1271,7.357658823528);
#1271 = AXIS2_PLACEMENT_3D('',#1272,#1273,#1274);
#1272 = CARTESIAN_POINT('',(7.3935E-13,-5.9097E-13,0.));
#1273 = DIRECTION('',(-0.,0.,1.));
#1274 = DIRECTION('',(0.757105088097,-0.653293108472,0.));
#1275 = ORIENTED_EDGE('',*,*,#1276,.T.);
#1276 = EDGE_CURVE('',#1268,#1277,#1279,.T.);
#1277 = VERTEX_POINT('',#1278);
#1278 = CARTESIAN_POINT('',(6.602170412554,-4.248040996828,0.));
#1279 = CIRCLE('',#1280,0.493105882353);
#1280 = AXIS2_PLACEMENT_3D('',#1281,#1282,#1283);
#1281 = CARTESIAN_POINT('',(6.32245944,-4.654138501184,0.));
#1282 = DIRECTION('',(0.,0.,-1.));
#1283 = DIRECTION('',(-0.804509396683,0.593939921751,0.));
#1284 = ORIENTED_EDGE('',*,*,#1285,.T.);
#1285 = EDGE_CURVE('',#1277,#1286,#1288,.T.);
#1286 = VERTEX_POINT('',#1287);
#1287 = CARTESIAN_POINT('',(7.195436339949,-4.628668198484,0.));
#1288 = LINE('',#1289,#1290);
#1289 = CARTESIAN_POINT('',(6.602170412554,-4.248040996828,0.));
#1290 = VECTOR('',#1291,1.);
#1291 = DIRECTION('',(0.841667315425,-0.539996416789,0.));
#1292 = ORIENTED_EDGE('',*,*,#1293,.T.);
#1293 = EDGE_CURVE('',#1286,#1294,#1296,.T.);
#1294 = VERTEX_POINT('',#1295);
#1295 = CARTESIAN_POINT('',(7.64249846122,-4.785521025056,0.));
#1296 = B_SPLINE_CURVE_WITH_KNOTS('',3,(#1297,#1298,#1299,#1300),
  .UNSPECIFIED.,.F.,.F.,(4,4),(0.,1.),.PIECEWISE_BEZIER_KNOTS.);
#1297 = CARTESIAN_POINT('',(7.195436339949,-4.628668198484,0.));
#1298 = CARTESIAN_POINT('',(7.241092204487,-4.653837044443,0.));
#1299 = CARTESIAN_POINT('',(7.38141039108,-4.723210748152,0.));
#1300 = CARTESIAN_POINT('',(7.64249846122,-4.785521025056,0.));
#1301 = ORIENTED_EDGE('',*,*,#1302,.T.);
#1302 = EDGE_CURVE('',#1294,#1303,#1305,.T.);
#1303 = VERTEX_POINT('',#1304);
#1304 = CARTESIAN_POINT('',(9.06061651296,-4.853784566088,0.));
#1305 = B_SPLINE_CURVE_WITH_KNOTS('',3,(#1306,#1307,#1308,#1309),
  .UNSPECIFIED.,.F.,.F.,(4,4),(0.,1.),.PIECEWISE_BEZIER_KNOTS.);
#1306 = CARTESIAN_POINT('',(7.64249846122,-4.785521025056,0.));
#1307 = CARTESIAN_POINT('',(7.954711954122,-4.858635730456,0.));
#1308 = CARTESIAN_POINT('',(8.425003437939,-4.915575604426,0.));
#1309 = CARTESIAN_POINT('',(9.06061651296,-4.853784566088,0.));
#1310 = ORIENTED_EDGE('',*,*,#1311,.T.);
#1311 = EDGE_CURVE('',#1303,#1312,#1314,.T.);
#1312 = VERTEX_POINT('',#1313);
#1313 = CARTESIAN_POINT('',(9.442966657079,-4.056427740143,0.));
#1314 = CIRCLE('',#1315,10.277364705884);
#1315 = AXIS2_PLACEMENT_3D('',#1316,#1317,#1318);
#1316 = CARTESIAN_POINT('',(-6.637226740383E-03,-1.548580333675E-02,0.)
  );
#1317 = DIRECTION('',(-0.,0.,1.));
#1318 = DIRECTION('',(0.882254741287,-0.470772313838,0.));
#1319 = ORIENTED_EDGE('',*,*,#1320,.T.);
#1320 = EDGE_CURVE('',#1312,#1321,#1323,.T.);
#1321 = VERTEX_POINT('',#1322);
#1322 = CARTESIAN_POINT('',(8.506490848693,-2.991422345993,0.));
#1323 = B_SPLINE_CURVE_WITH_KNOTS('',3,(#1324,#1325,#1326,#1327),
  .UNSPECIFIED.,.F.,.F.,(4,4),(0.,1.),.PIECEWISE_BEZIER_KNOTS.);
#1324 = CARTESIAN_POINT('',(9.442966657079,-4.056427740143,0.));
#1325 = CARTESIAN_POINT('',(9.096055486172,-3.522121668057,0.));
#1326 = CARTESIAN_POINT('',(8.758316156034,-3.189934410812,0.));
#1327 = CARTESIAN_POINT('',(8.506490848693,-2.991422345993,0.));
#1328 = ORIENTED_EDGE('',*,*,#1329,.T.);
#1329 = EDGE_CURVE('',#1321,#1330,#1332,.T.);
#1330 = VERTEX_POINT('',#1331);
#1331 = CARTESIAN_POINT('',(8.105119697355,-2.739691242724,0.));
#1332 = B_SPLINE_CURVE_WITH_KNOTS('',3,(#1333,#1334,#1335,#1336),
  .UNSPECIFIED.,.F.,.F.,(4,4),(0.,1.),.PIECEWISE_BEZIER_KNOTS.);
#1333 = CARTESIAN_POINT('',(8.506490848693,-2.991422345993,0.));
#1334 = CARTESIAN_POINT('',(8.294988963409,-2.826145295261,0.));
#1335 = CARTESIAN_POINT('',(8.153263459438,-2.759693916199,0.));
#1336 = CARTESIAN_POINT('',(8.105119697355,-2.739691242724,0.));
#1337 = ORIENTED_EDGE('',*,*,#1338,.T.);
#1338 = EDGE_CURVE('',#1330,#1339,#1341,.T.);
#1339 = VERTEX_POINT('',#1340);
#1340 = CARTESIAN_POINT('',(7.437638112495,-2.513174441754,0.));
#1341 = LINE('',#1342,#1343);
#1342 = CARTESIAN_POINT('',(8.105119697355,-2.739691242724,0.));
#1343 = VECTOR('',#1344,1.);
#1344 = DIRECTION('',(-0.946957186791,0.321359746056,0.));
#1345 = ORIENTED_EDGE('',*,*,#1346,.T.);
#1346 = EDGE_CURVE('',#1339,#1347,#1349,.T.);
#1347 = VERTEX_POINT('',#1348);
#1348 = CARTESIAN_POINT('',(7.104418292333,-1.913735637706,0.));
#1349 = CIRCLE('',#1350,0.493105882353);
#1350 = AXIS2_PLACEMENT_3D('',#1351,#1352,#1353);
#1351 = CARTESIAN_POINT('',(7.580740987498,-2.041289944893,0.));
#1352 = DIRECTION('',(0.,0.,-1.));
#1353 = DIRECTION('',(-0.290207195095,-0.956963836263,-0.));
#1354 = ORIENTED_EDGE('',*,*,#1355,.T.);
#1355 = EDGE_CURVE('',#1347,#88,#1356,.T.);
#1356 = CIRCLE('',#1357,7.357658823528);
#1357 = AXIS2_PLACEMENT_3D('',#1358,#1359,#1360);
#1358 = CARTESIAN_POINT('',(1.84983E-12,-4.3926E-13,0.));
#1359 = DIRECTION('',(-0.,0.,1.));
#1360 = DIRECTION('',(0.96558137075,-0.26010116582,0.));
#1361 = ORIENTED_EDGE('',*,*,#105,.T.);
#1362 = FACE_BOUND('',#1363,.F.);
#1363 = EDGE_LOOP('',(#1364));
#1364 = ORIENTED_EDGE('',*,*,#1365,.F.);
#1365 = EDGE_CURVE('',#1366,#1366,#1368,.T.);
#1366 = VERTEX_POINT('',#1367);
#1367 = CARTESIAN_POINT('',(1.881588235294,0.,0.));
#1368 = CIRCLE('',#1369,1.881588235294);
#1369 = AXIS2_PLACEMENT_3D('',#1370,#1371,#1372);
#1370 = CARTESIAN_POINT('',(0.,0.,0.));
#1371 = DIRECTION('',(0.,0.,1.));
#1372 = DIRECTION('',(1.,0.,0.));
#1373 = PLANE('',#1374);
#1374 = AXIS2_PLACEMENT_3D('',#1375,#1376,#1377);
#1375 = CARTESIAN_POINT('',(2.5E-16,3.6E-16,0.));
#1376 = DIRECTION('',(0.,0.,1.));
#1377 = DIRECTION('',(1.,0.,0.));
#1378 = ADVANCED_FACE('',(#1379,#2588),#2599,.T.);
#1379 = FACE_BOUND('',#1380,.T.);
#1380 = EDGE_LOOP('',(#1381,#1382,#1383,#1392,#1401,#1410,#1419,#1427,
    #1436,#1445,#1454,#1462,#1471,#1480,#1489,#1498,#1507,#1515,#1524,
    #1533,#1542,#1550,#1559,#1568,#1577,#1586,#1595,#1603,#1612,#1621,
    #1630,#1638,#1647,#1656,#1665,#1674,#1683,#1691,#1700,#1709,#1718,
    #1726,#1735,#1744,#1753,#1762,#1771,#1779,#1788,#1797,#1806,#1814,
    #1823,#1832,#1841,#1850,#1859,#1867,#1876,#1885,#1894,#1902,#1911,
    #1920,#1929,#1938,#1947,#1955,#1964,#1973,#1982,#1990,#1999,#2008,
    #2017,#2026,#2035,#2043,#2052,#2061,#2070,#2078,#2087,#2096,#2105,
    #2114,#2123,#2131,#2140,#2149,#2158,#2166,#2175,#2184,#2193,#2202,
    #2211,#2219,#2228,#2237,#2246,#2254,#2263,#2272,#2281,#2290,#2299,
    #2307,#2316,#2325,#2334,#2342,#2351,#2360,#2369,#2378,#2387,#2395,
    #2404,#2413,#2422,#2430,#2439,#2448,#2457,#2466,#2475,#2483,#2492,
    #2501,#2510,#2518,#2527,#2536,#2545,#2554,#2563,#2571,#2580,#2587));
#1381 = ORIENTED_EDGE('',*,*,#57,.T.);
#1382 = ORIENTED_EDGE('',*,*,#121,.T.);
#1383 = ORIENTED_EDGE('',*,*,#1384,.T.);
#1384 = EDGE_CURVE('',#122,#1385,#1387,.T.);
#1385 = VERTEX_POINT('',#1386);
#1386 = CARTESIAN_POINT('',(10.269311598585,-0.441854614197,
    2.595294117647));
#1387 = B_SPLINE_CURVE_WITH_KNOTS('',3,(#1388,#1389,#1390,#1391),
  .UNSPECIFIED.,.F.,.F.,(4,4),(0.,1.),.PIECEWISE_BEZIER_KNOTS.);
#1388 = CARTESIAN_POINT('',(8.962012942528,-0.995649651713,
    2.595294117647));
#1389 = CARTESIAN_POINT('',(9.275030861536,-0.926059367362,
    2.595294117647));
#1390 = CARTESIAN_POINT('',(9.723454132717,-0.773308593677,
    2.595294117647));
#1391 = CARTESIAN_POINT('',(10.269311598585,-0.441854614197,
    2.595294117647));
#1392 = ORIENTED_EDGE('',*,*,#1393,.T.);
#1393 = EDGE_CURVE('',#1385,#1394,#1396,.T.);
#1394 = VERTEX_POINT('',#1395);
#1395 = CARTESIAN_POINT('',(10.267837014023,0.442434572771,
    2.595294117647));
#1396 = CIRCLE('',#1397,10.277364705883);
#1397 = AXIS2_PLACEMENT_3D('',#1398,#1399,#1400);
#1398 = CARTESIAN_POINT('',(7.391035936635E-04,-1.683201145636E-02,
    2.595294117647));
#1399 = DIRECTION('',(-0.,0.,1.));
#1400 = DIRECTION('',(0.99914450726,-4.135521263513E-02,0.));
#1401 = ORIENTED_EDGE('',*,*,#1402,.T.);
#1402 = EDGE_CURVE('',#1394,#1403,#1405,.T.);
#1403 = VERTEX_POINT('',#1404);
#1404 = CARTESIAN_POINT('',(8.962012942528,0.995649651713,2.595294117647
    ));
#1405 = B_SPLINE_CURVE_WITH_KNOTS('',3,(#1406,#1407,#1408,#1409),
  .UNSPECIFIED.,.F.,.F.,(4,4),(0.,1.),.PIECEWISE_BEZIER_KNOTS.);
#1406 = CARTESIAN_POINT('',(10.267837014023,0.442434572771,
    2.595294117647));
#1407 = CARTESIAN_POINT('',(9.723454132717,0.773308593677,2.595294117647
    ));
#1408 = CARTESIAN_POINT('',(9.275030861536,0.926059367362,2.595294117647
    ));
#1409 = CARTESIAN_POINT('',(8.962012942528,0.995649651713,2.595294117647
    ));
#1410 = ORIENTED_EDGE('',*,*,#1411,.T.);
#1411 = EDGE_CURVE('',#1403,#1412,#1414,.T.);
#1412 = VERTEX_POINT('',#1413);
#1413 = CARTESIAN_POINT('',(8.49116799836,1.048303122925,2.595294117647)
  );
#1414 = B_SPLINE_CURVE_WITH_KNOTS('',3,(#1415,#1416,#1417,#1418),
  .UNSPECIFIED.,.F.,.F.,(4,4),(0.,1.),.PIECEWISE_BEZIER_KNOTS.);
#1415 = CARTESIAN_POINT('',(8.962012942528,0.995649651713,2.595294117647
    ));
#1416 = CARTESIAN_POINT('',(8.699745303623,1.052791900184,2.595294117647
    ));
#1417 = CARTESIAN_POINT('',(8.54322286394,1.051170132356,2.595294117647)
  );
#1418 = CARTESIAN_POINT('',(8.49116799836,1.048303122925,2.595294117647)
  );
#1419 = ORIENTED_EDGE('',*,*,#1420,.T.);
#1420 = EDGE_CURVE('',#1412,#1421,#1423,.T.);
#1421 = VERTEX_POINT('',#1422);
#1422 = CARTESIAN_POINT('',(7.791505913926,0.962778302825,2.595294117647
    ));
#1423 = LINE('',#1424,#1425);
#1424 = CARTESIAN_POINT('',(8.49116799836,1.048303122925,2.595294117647)
  );
#1425 = VECTOR('',#1426,1.);
#1426 = DIRECTION('',(-0.992611712756,-0.121334198396,0.));
#1427 = ORIENTED_EDGE('',*,*,#1428,.T.);
#1428 = EDGE_CURVE('',#1421,#1429,#1431,.T.);
#1429 = VERTEX_POINT('',#1430);
#1430 = CARTESIAN_POINT('',(7.231198480119,1.358275341964,2.595294117647
    ));
#1431 = CIRCLE('',#1432,0.493105882353);
#1432 = AXIS2_PLACEMENT_3D('',#1433,#1434,#1435);
#1433 = CARTESIAN_POINT('',(7.715694139281,1.450021554226,2.595294117647
    ));
#1434 = DIRECTION('',(0.,0.,-1.));
#1435 = DIRECTION('',(0.153743399457,-0.988110807108,0.));
#1436 = ORIENTED_EDGE('',*,*,#1437,.T.);
#1437 = EDGE_CURVE('',#1429,#1438,#1440,.T.);
#1438 = VERTEX_POINT('',#1439);
#1439 = CARTESIAN_POINT('',(7.104418292333,1.913735637706,2.595294117647
    ));
#1440 = CIRCLE('',#1441,7.357658823528);
#1441 = AXIS2_PLACEMENT_3D('',#1442,#1443,#1444);
#1442 = CARTESIAN_POINT('',(8.9322E-13,2.0515E-13,2.595294117647));
#1443 = DIRECTION('',(0.,-0.,1.));
#1444 = DIRECTION('',(0.982812420847,0.184607002654,0.));
#1445 = ORIENTED_EDGE('',*,*,#1446,.T.);
#1446 = EDGE_CURVE('',#1438,#1447,#1449,.T.);
#1447 = VERTEX_POINT('',#1448);
#1448 = CARTESIAN_POINT('',(7.437638112495,2.513174441754,2.595294117647
    ));
#1449 = CIRCLE('',#1450,0.493105882353);
#1450 = AXIS2_PLACEMENT_3D('',#1451,#1452,#1453);
#1451 = CARTESIAN_POINT('',(7.580740987498,2.041289944893,2.595294117647
    ));
#1452 = DIRECTION('',(0.,0.,-1.));
#1453 = DIRECTION('',(-0.96596433385,-0.25867529014,-0.));
#1454 = ORIENTED_EDGE('',*,*,#1455,.T.);
#1455 = EDGE_CURVE('',#1447,#1456,#1458,.T.);
#1456 = VERTEX_POINT('',#1457);
#1457 = CARTESIAN_POINT('',(8.105119697355,2.739691242724,2.595294117647
    ));
#1458 = LINE('',#1459,#1460);
#1459 = CARTESIAN_POINT('',(7.437638112495,2.513174441754,2.595294117647
    ));
#1460 = VECTOR('',#1461,1.);
#1461 = DIRECTION('',(0.946957186791,0.321359746056,0.));
#1462 = ORIENTED_EDGE('',*,*,#1463,.T.);
#1463 = EDGE_CURVE('',#1456,#1464,#1466,.T.);
#1464 = VERTEX_POINT('',#1465);
#1465 = CARTESIAN_POINT('',(8.506490848693,2.991422345993,2.595294117647
    ));
#1466 = B_SPLINE_CURVE_WITH_KNOTS('',3,(#1467,#1468,#1469,#1470),
  .UNSPECIFIED.,.F.,.F.,(4,4),(0.,1.),.PIECEWISE_BEZIER_KNOTS.);
#1467 = CARTESIAN_POINT('',(8.105119697355,2.739691242724,2.595294117647
    ));
#1468 = CARTESIAN_POINT('',(8.153263459438,2.759693916199,2.595294117647
    ));
#1469 = CARTESIAN_POINT('',(8.294988963409,2.826145295261,2.595294117647
    ));
#1470 = CARTESIAN_POINT('',(8.506490848693,2.991422345993,2.595294117647
    ));
#1471 = ORIENTED_EDGE('',*,*,#1472,.T.);
#1472 = EDGE_CURVE('',#1464,#1473,#1475,.T.);
#1473 = VERTEX_POINT('',#1474);
#1474 = CARTESIAN_POINT('',(9.444043577268,4.057590063027,2.595294117647
    ));
#1475 = B_SPLINE_CURVE_WITH_KNOTS('',3,(#1476,#1477,#1478,#1479),
  .UNSPECIFIED.,.F.,.F.,(4,4),(0.,1.),.PIECEWISE_BEZIER_KNOTS.);
#1476 = CARTESIAN_POINT('',(8.506490848693,2.991422345993,2.595294117647
    ));
#1477 = CARTESIAN_POINT('',(8.758316156034,3.189934410812,2.595294117647
    ));
#1478 = CARTESIAN_POINT('',(9.096055486172,3.522121668057,2.595294117647
    ));
#1479 = CARTESIAN_POINT('',(9.444043577268,4.057590063027,2.595294117647
    ));
#1480 = ORIENTED_EDGE('',*,*,#1481,.T.);
#1481 = EDGE_CURVE('',#1473,#1482,#1484,.T.);
#1482 = VERTEX_POINT('',#1483);
#1483 = CARTESIAN_POINT('',(9.059036323582,4.853667292444,2.595294117647
    ));
#1484 = CIRCLE('',#1485,10.277364705884);
#1485 = AXIS2_PLACEMENT_3D('',#1486,#1487,#1488);
#1486 = CARTESIAN_POINT('',(7.969045394155E-03,-1.484443327623E-02,
    2.595294117647));
#1487 = DIRECTION('',(0.,-0.,1.));
#1488 = DIRECTION('',(0.918141449867,0.396252795619,0.));
#1489 = ORIENTED_EDGE('',*,*,#1490,.T.);
#1490 = EDGE_CURVE('',#1482,#1491,#1493,.T.);
#1491 = VERTEX_POINT('',#1492);
#1492 = CARTESIAN_POINT('',(7.64249846122,4.785521025056,2.595294117647)
  );
#1493 = B_SPLINE_CURVE_WITH_KNOTS('',3,(#1494,#1495,#1496,#1497),
  .UNSPECIFIED.,.F.,.F.,(4,4),(0.,1.),.PIECEWISE_BEZIER_KNOTS.);
#1494 = CARTESIAN_POINT('',(9.059036323582,4.853667292444,2.595294117647
    ));
#1495 = CARTESIAN_POINT('',(8.425003437939,4.915575604426,2.595294117647
    ));
#1496 = CARTESIAN_POINT('',(7.954711954122,4.858635730456,2.595294117647
    ));
#1497 = CARTESIAN_POINT('',(7.64249846122,4.785521025056,2.595294117647)
  );
#1498 = ORIENTED_EDGE('',*,*,#1499,.T.);
#1499 = EDGE_CURVE('',#1491,#1500,#1502,.T.);
#1500 = VERTEX_POINT('',#1501);
#1501 = CARTESIAN_POINT('',(7.195436339949,4.628668198484,2.595294117647
    ));
#1502 = B_SPLINE_CURVE_WITH_KNOTS('',3,(#1503,#1504,#1505,#1506),
  .UNSPECIFIED.,.F.,.F.,(4,4),(0.,1.),.PIECEWISE_BEZIER_KNOTS.);
#1503 = CARTESIAN_POINT('',(7.64249846122,4.785521025056,2.595294117647)
  );
#1504 = CARTESIAN_POINT('',(7.38141039108,4.723210748152,2.595294117647)
  );
#1505 = CARTESIAN_POINT('',(7.241092204487,4.653837044443,2.595294117647
    ));
#1506 = CARTESIAN_POINT('',(7.195436339949,4.628668198484,2.595294117647
    ));
#1507 = ORIENTED_EDGE('',*,*,#1508,.T.);
#1508 = EDGE_CURVE('',#1500,#1509,#1511,.T.);
#1509 = VERTEX_POINT('',#1510);
#1510 = CARTESIAN_POINT('',(6.602170412554,4.248040996828,2.595294117647
    ));
#1511 = LINE('',#1512,#1513);
#1512 = CARTESIAN_POINT('',(7.195436339949,4.628668198484,2.595294117647
    ));
#1513 = VECTOR('',#1514,1.);
#1514 = DIRECTION('',(-0.841667315425,-0.539996416789,0.));
#1515 = ORIENTED_EDGE('',*,*,#1516,.T.);
#1516 = EDGE_CURVE('',#1509,#1517,#1519,.T.);
#1517 = VERTEX_POINT('',#1518);
#1518 = CARTESIAN_POINT('',(5.925751124088,4.361263232004,2.595294117647
    ));
#1519 = CIRCLE('',#1520,0.493105882353);
#1520 = AXIS2_PLACEMENT_3D('',#1521,#1522,#1523);
#1521 = CARTESIAN_POINT('',(6.32245944,4.654138501184,2.595294117647));
#1522 = DIRECTION('',(0.,-0.,-1.));
#1523 = DIRECTION('',(0.567243228206,-0.823550314221,0.));
#1524 = ORIENTED_EDGE('',*,*,#1525,.T.);
#1525 = EDGE_CURVE('',#1517,#1526,#1528,.T.);
#1526 = VERTEX_POINT('',#1527);
#1527 = CARTESIAN_POINT('',(5.570520931778,4.806707803901,2.595294117647
    ));
#1528 = CIRCLE('',#1529,7.357658823529);
#1529 = AXIS2_PLACEMENT_3D('',#1530,#1531,#1532);
#1530 = CARTESIAN_POINT('',(-3.515E-14,-1.412E-14,2.595294117647));
#1531 = DIRECTION('',(0.,-0.,1.));
#1532 = DIRECTION('',(0.805385417592,0.592751490196,0.));
#1533 = ORIENTED_EDGE('',*,*,#1534,.T.);
#1534 = EDGE_CURVE('',#1526,#1535,#1537,.T.);
#1535 = VERTEX_POINT('',#1536);
#1536 = CARTESIAN_POINT('',(5.61065486624,5.491362166081,2.595294117647)
  );
#1537 = CIRCLE('',#1538,0.493105882353);
#1538 = AXIS2_PLACEMENT_3D('',#1539,#1540,#1541);
#1539 = CARTESIAN_POINT('',(5.944329111454,5.128298935648,2.595294117647
    ));
#1540 = DIRECTION('',(0.,0.,-1.));
#1541 = DIRECTION('',(-0.7580687902,-0.652174600337,-0.));
#1542 = ORIENTED_EDGE('',*,*,#1543,.T.);
#1543 = EDGE_CURVE('',#1535,#1544,#1546,.T.);
#1544 = VERTEX_POINT('',#1545);
#1545 = CARTESIAN_POINT('',(6.113753037519,5.985056157643,2.595294117647
    ));
#1546 = LINE('',#1547,#1548);
#1547 = CARTESIAN_POINT('',(5.61065486624,5.491362166081,2.595294117647)
  );
#1548 = VECTOR('',#1549,1.);
#1549 = DIRECTION('',(0.713746176315,0.700404451582,0.));
#1550 = ORIENTED_EDGE('',*,*,#1551,.T.);
#1551 = EDGE_CURVE('',#1544,#1552,#1554,.T.);
#1552 = VERTEX_POINT('',#1553);
#1553 = CARTESIAN_POINT('',(6.36615391701,6.386006460687,2.595294117647)
  );
#1554 = B_SPLINE_CURVE_WITH_KNOTS('',3,(#1555,#1556,#1557,#1558),
  .UNSPECIFIED.,.F.,.F.,(4,4),(0.,1.),.PIECEWISE_BEZIER_KNOTS.);
#1555 = CARTESIAN_POINT('',(6.113753037519,5.985056157643,2.595294117647
    ));
#1556 = CARTESIAN_POINT('',(6.148450233579,6.023966739227,2.595294117647
    ));
#1557 = CARTESIAN_POINT('',(6.247308327628,6.145329754582,2.595294117647
    ));
#1558 = CARTESIAN_POINT('',(6.36615391701,6.386006460687,2.595294117647)
  );
#1559 = ORIENTED_EDGE('',*,*,#1560,.T.);
#1560 = EDGE_CURVE('',#1552,#1561,#1563,.T.);
#1561 = VERTEX_POINT('',#1562);
#1562 = CARTESIAN_POINT('',(6.74826690188,7.753379265191,2.595294117647)
  );
#1563 = B_SPLINE_CURVE_WITH_KNOTS('',3,(#1564,#1565,#1566,#1567),
  .UNSPECIFIED.,.F.,.F.,(4,4),(0.,1.),.PIECEWISE_BEZIER_KNOTS.);
#1564 = CARTESIAN_POINT('',(6.36615391701,6.386006460687,2.595294117647)
  );
#1565 = CARTESIAN_POINT('',(6.506909522131,6.674122556946,2.595294117647
    ));
#1566 = CARTESIAN_POINT('',(6.66707149479,7.119952537445,2.595294117647)
  );
#1567 = CARTESIAN_POINT('',(6.74826690188,7.753379265191,2.595294117647)
  );
#1568 = ORIENTED_EDGE('',*,*,#1569,.T.);
#1569 = EDGE_CURVE('',#1561,#1570,#1572,.T.);
#1570 = VERTEX_POINT('',#1571);
#1571 = CARTESIAN_POINT('',(6.055982387466,8.303571678526,2.595294117647
    ));
#1572 = CIRCLE('',#1573,10.277364705881);
#1573 = AXIS2_PLACEMENT_3D('',#1574,#1575,#1576);
#1574 = CARTESIAN_POINT('',(1.362062002376E-02,-9.916733028552E-03,
    2.595294117647));
#1575 = DIRECTION('',(0.,-0.,1.));
#1576 = DIRECTION('',(0.655289218062,0.755378077979,0.));
#1577 = ORIENTED_EDGE('',*,*,#1578,.T.);
#1578 = EDGE_CURVE('',#1570,#1579,#1581,.T.);
#1579 = VERTEX_POINT('',#1580);
#1580 = CARTESIAN_POINT('',(4.809293430575,7.627561268822,2.595294117647
    ));
#1581 = B_SPLINE_CURVE_WITH_KNOTS('',3,(#1582,#1583,#1584,#1585),
  .UNSPECIFIED.,.F.,.F.,(4,4),(0.,1.),.PIECEWISE_BEZIER_KNOTS.);
#1582 = CARTESIAN_POINT('',(6.055982387466,8.303571678526,2.595294117647
    ));
#1583 = CARTESIAN_POINT('',(5.457877486391,8.084252581139,2.595294117647
    ));
#1584 = CARTESIAN_POINT('',(5.058864786055,7.828899699877,2.595294117647
    ));
#1585 = CARTESIAN_POINT('',(4.809293430575,7.627561268822,2.595294117647
    ));
#1586 = ORIENTED_EDGE('',*,*,#1587,.T.);
#1587 = EDGE_CURVE('',#1579,#1588,#1590,.T.);
#1588 = VERTEX_POINT('',#1589);
#1589 = CARTESIAN_POINT('',(4.474560268175,7.292268770443,2.595294117647
    ));
#1590 = B_SPLINE_CURVE_WITH_KNOTS('',3,(#1591,#1592,#1593,#1594),
  .UNSPECIFIED.,.F.,.F.,(4,4),(0.,1.),.PIECEWISE_BEZIER_KNOTS.);
#1591 = CARTESIAN_POINT('',(4.809293430575,7.627561268822,2.595294117647
    ));
#1592 = CARTESIAN_POINT('',(4.601096623526,7.45813978107,2.595294117647)
  );
#1593 = CARTESIAN_POINT('',(4.504774427767,7.334754454312,2.595294117647
    ));
#1594 = CARTESIAN_POINT('',(4.474560268175,7.292268770443,2.595294117647
    ));
#1595 = ORIENTED_EDGE('',*,*,#1596,.T.);
#1596 = EDGE_CURVE('',#1588,#1597,#1599,.T.);
#1597 = VERTEX_POINT('',#1598);
#1598 = CARTESIAN_POINT('',(4.105194090669,6.691927072605,2.595294117647
    ));
#1599 = LINE('',#1600,#1601);
#1600 = CARTESIAN_POINT('',(4.474560268175,7.292268770443,2.595294117647
    ));
#1601 = VECTOR('',#1602,1.);
#1602 = DIRECTION('',(-0.524020383903,-0.851705722215,0.));
#1603 = ORIENTED_EDGE('',*,*,#1604,.T.);
#1604 = EDGE_CURVE('',#1597,#1605,#1607,.T.);
#1605 = VERTEX_POINT('',#1606);
#1606 = CARTESIAN_POINT('',(3.446636083363,6.500449451563,2.595294117647
    ));
#1607 = CIRCLE('',#1608,0.493105882353);
#1608 = AXIS2_PLACEMENT_3D('',#1609,#1610,#1611);
#1609 = CARTESIAN_POINT('',(3.676984108752,6.936446238719,2.595294117647
    ));
#1610 = DIRECTION('',(0.,-0.,-1.));
#1611 = DIRECTION('',(0.868393578828,-0.495875581421,0.));
#1612 = ORIENTED_EDGE('',*,*,#1613,.T.);
#1613 = EDGE_CURVE('',#1605,#1614,#1616,.T.);
#1614 = VERTEX_POINT('',#1615);
#1615 = CARTESIAN_POINT('',(2.933313582728,6.747652539131,2.595294117647
    ));
#1616 = CIRCLE('',#1617,7.357658823526);
#1617 = AXIS2_PLACEMENT_3D('',#1618,#1619,#1620);
#1618 = CARTESIAN_POINT('',(1.34704E-12,2.78685E-12,2.595294117647));
#1619 = DIRECTION('',(0.,-0.,1.));
#1620 = DIRECTION('',(0.468441954979,0.883494275485,0.));
#1621 = ORIENTED_EDGE('',*,*,#1622,.T.);
#1622 = EDGE_CURVE('',#1614,#1623,#1625,.T.);
#1623 = VERTEX_POINT('',#1624);
#1624 = CARTESIAN_POINT('',(2.67241261356,7.381918266278,2.595294117647)
  );
#1625 = CIRCLE('',#1626,0.493105882353);
#1626 = AXIS2_PLACEMENT_3D('',#1627,#1628,#1629);
#1627 = CARTESIAN_POINT('',(3.130569952474,7.199585427739,2.595294117647
    ));
#1628 = DIRECTION('',(0.,0.,-1.));
#1629 = DIRECTION('',(-0.400028425547,-0.91650273254,-0.));
#1630 = ORIENTED_EDGE('',*,*,#1631,.T.);
#1631 = EDGE_CURVE('',#1623,#1632,#1634,.T.);
#1632 = VERTEX_POINT('',#1633);
#1633 = CARTESIAN_POINT('',(2.911482608342,8.045007298644,2.595294117647
    ));
#1634 = LINE('',#1635,#1636);
#1635 = CARTESIAN_POINT('',(2.67241261356,7.381918266278,2.595294117647)
  );
#1636 = VECTOR('',#1637,1.);
#1637 = DIRECTION('',(0.339168982097,0.940725465576,0.));
#1638 = ORIENTED_EDGE('',*,*,#1639,.T.);
#1639 = EDGE_CURVE('',#1632,#1640,#1642,.T.);
#1640 = VERTEX_POINT('',#1641);
#1641 = CARTESIAN_POINT('',(2.964922126309,8.515763676613,2.595294117647
    ));
#1642 = B_SPLINE_CURVE_WITH_KNOTS('',3,(#1643,#1644,#1645,#1646),
  .UNSPECIFIED.,.F.,.F.,(4,4),(0.,1.),.PIECEWISE_BEZIER_KNOTS.);
#1643 = CARTESIAN_POINT('',(2.911482608342,8.045007298644,2.595294117647
    ));
#1644 = CARTESIAN_POINT('',(2.925861033167,8.095119070446,2.595294117647
    ));
#1645 = CARTESIAN_POINT('',(2.962271659352,8.247356288484,2.595294117647
    ));
#1646 = CARTESIAN_POINT('',(2.964922126309,8.515763676613,2.595294117647
    ));
#1647 = ORIENTED_EDGE('',*,*,#1648,.T.);
#1648 = EDGE_CURVE('',#1640,#1649,#1651,.T.);
#1649 = VERTEX_POINT('',#1650);
#1650 = CARTESIAN_POINT('',(2.715913204512,9.913516614929,2.595294117647
    ));
#1651 = B_SPLINE_CURVE_WITH_KNOTS('',3,(#1652,#1653,#1654,#1655),
  .UNSPECIFIED.,.F.,.F.,(4,4),(0.,1.),.PIECEWISE_BEZIER_KNOTS.);
#1652 = CARTESIAN_POINT('',(2.964922126309,8.515763676613,2.595294117647
    ));
#1653 = CARTESIAN_POINT('',(2.966729655361,8.836418877935,2.595294117647
    ));
#1654 = CARTESIAN_POINT('',(2.917592227599,9.307589486304,2.595294117647
    ));
#1655 = CARTESIAN_POINT('',(2.715913204512,9.913516614929,2.595294117647
    ));
#1656 = ORIENTED_EDGE('',*,*,#1657,.T.);
#1657 = EDGE_CURVE('',#1649,#1658,#1660,.T.);
#1658 = VERTEX_POINT('',#1659);
#1659 = CARTESIAN_POINT('',(1.853466867763,10.108851857052,
    2.595294117647));
#1660 = CIRCLE('',#1661,10.277364705882);
#1661 = AXIS2_PLACEMENT_3D('',#1662,#1663,#1664);
#1662 = CARTESIAN_POINT('',(1.657446380896E-02,-3.024902185995E-03,
    2.595294117647));
#1663 = DIRECTION('',(0.,-0.,1.));
#1664 = DIRECTION('',(0.262648920025,0.964891467891,0.));
#1665 = ORIENTED_EDGE('',*,*,#1666,.T.);
#1666 = EDGE_CURVE('',#1658,#1667,#1669,.T.);
#1667 = VERTEX_POINT('',#1668);
#1668 = CARTESIAN_POINT('',(1.023548853891,8.958869457398,2.595294117647
    ));
#1669 = B_SPLINE_CURVE_WITH_KNOTS('',3,(#1670,#1671,#1672,#1673),
  .UNSPECIFIED.,.F.,.F.,(4,4),(0.,1.),.PIECEWISE_BEZIER_KNOTS.);
#1670 = CARTESIAN_POINT('',(1.853466867763,10.108851857052,
    2.595294117647));
#1671 = CARTESIAN_POINT('',(1.409751962188,9.651744187307,2.595294117647
    ));
#1672 = CARTESIAN_POINT('',(1.161047404204,9.248554068584,2.595294117647
    ));
#1673 = CARTESIAN_POINT('',(1.023548853891,8.958869457398,2.595294117647
    ));
#1674 = ORIENTED_EDGE('',*,*,#1675,.T.);
#1675 = EDGE_CURVE('',#1667,#1676,#1678,.T.);
#1676 = VERTEX_POINT('',#1677);
#1677 = CARTESIAN_POINT('',(0.867442658408,8.511546078609,2.595294117647
    ));
#1678 = B_SPLINE_CURVE_WITH_KNOTS('',3,(#1679,#1680,#1681,#1682),
  .UNSPECIFIED.,.F.,.F.,(4,4),(0.,1.),.PIECEWISE_BEZIER_KNOTS.);
#1679 = CARTESIAN_POINT('',(1.023548853891,8.958869457398,2.595294117647
    ));
#1680 = CARTESIAN_POINT('',(0.909479240936,8.715892762265,2.595294117647
    ));
#1681 = CARTESIAN_POINT('',(0.876230828195,8.562933789644,2.595294117647
    ));
#1682 = CARTESIAN_POINT('',(0.867442658408,8.511546078609,2.595294117647
    ));
#1683 = ORIENTED_EDGE('',*,*,#1684,.T.);
#1684 = EDGE_CURVE('',#1676,#1685,#1687,.T.);
#1685 = VERTEX_POINT('',#1686);
#1686 = CARTESIAN_POINT('',(0.795133732226,7.810394920553,2.595294117647
    ));
#1687 = LINE('',#1688,#1689);
#1688 = CARTESIAN_POINT('',(0.867442658408,8.511546078609,2.595294117647
    ));
#1689 = VECTOR('',#1690,1.);
#1690 = DIRECTION('',(-0.10258478866,-0.994724263872,0.));
#1691 = ORIENTED_EDGE('',*,*,#1692,.T.);
#1692 = EDGE_CURVE('',#1685,#1693,#1695,.T.);
#1693 = VERTEX_POINT('',#1694);
#1694 = CARTESIAN_POINT('',(0.284872496111,7.352141934458,2.595294117647
    ));
#1695 = CIRCLE('',#1696,0.493105882353);
#1696 = AXIS2_PLACEMENT_3D('',#1697,#1698,#1699);
#1697 = CARTESIAN_POINT('',(0.303236979514,7.844905728746,2.595294117647
    ));
#1698 = DIRECTION('',(0.,0.,-1.));
#1699 = DIRECTION('',(0.997547931015,-6.9986608206E-02,0.));
#1700 = ORIENTED_EDGE('',*,*,#1701,.T.);
#1701 = EDGE_CURVE('',#1693,#1702,#1704,.T.);
#1702 = VERTEX_POINT('',#1703);
#1703 = CARTESIAN_POINT('',(-0.284872496111,7.352141934458,
    2.595294117647));
#1704 = CIRCLE('',#1705,7.357658823529);
#1705 = AXIS2_PLACEMENT_3D('',#1706,#1707,#1708);
#1706 = CARTESIAN_POINT('',(1.518E-14,4.178E-13,2.595294117647));
#1707 = DIRECTION('',(0.,-0.,1.));
#1708 = DIRECTION('',(3.871781811894E-02,0.999250184168,0.));
#1709 = ORIENTED_EDGE('',*,*,#1710,.T.);
#1710 = EDGE_CURVE('',#1702,#1711,#1713,.T.);
#1711 = VERTEX_POINT('',#1712);
#1712 = CARTESIAN_POINT('',(-0.795133732226,7.810394920553,
    2.595294117647));
#1713 = CIRCLE('',#1714,0.493105882353);
#1714 = AXIS2_PLACEMENT_3D('',#1715,#1716,#1717);
#1715 = CARTESIAN_POINT('',(-0.303236979514,7.844905728746,
    2.595294117647));
#1716 = DIRECTION('',(0.,0.,-1.));
#1717 = DIRECTION('',(3.724247481195E-02,-0.999306258396,0.));
#1718 = ORIENTED_EDGE('',*,*,#1719,.T.);
#1719 = EDGE_CURVE('',#1711,#1720,#1722,.T.);
#1720 = VERTEX_POINT('',#1721);
#1721 = CARTESIAN_POINT('',(-0.867442658408,8.511546078609,
    2.595294117647));
#1722 = LINE('',#1723,#1724);
#1723 = CARTESIAN_POINT('',(-0.795133732226,7.810394920553,
    2.595294117647));
#1724 = VECTOR('',#1725,1.);
#1725 = DIRECTION('',(-0.10258478866,0.994724263872,0.));
#1726 = ORIENTED_EDGE('',*,*,#1727,.T.);
#1727 = EDGE_CURVE('',#1720,#1728,#1730,.T.);
#1728 = VERTEX_POINT('',#1729);
#1729 = CARTESIAN_POINT('',(-1.023548853891,8.958869457398,
    2.595294117647));
#1730 = B_SPLINE_CURVE_WITH_KNOTS('',3,(#1731,#1732,#1733,#1734),
  .UNSPECIFIED.,.F.,.F.,(4,4),(0.,1.),.PIECEWISE_BEZIER_KNOTS.);
#1731 = CARTESIAN_POINT('',(-0.867442658408,8.511546078609,
    2.595294117647));
#1732 = CARTESIAN_POINT('',(-0.876230828195,8.562933789644,
    2.595294117647));
#1733 = CARTESIAN_POINT('',(-0.909479240936,8.715892762265,
    2.595294117647));
#1734 = CARTESIAN_POINT('',(-1.023548853891,8.958869457398,
    2.595294117647));
#1735 = ORIENTED_EDGE('',*,*,#1736,.T.);
#1736 = EDGE_CURVE('',#1728,#1737,#1739,.T.);
#1737 = VERTEX_POINT('',#1738);
#1738 = CARTESIAN_POINT('',(-1.854360411498,10.110160417777,
    2.595294117647));
#1739 = B_SPLINE_CURVE_WITH_KNOTS('',3,(#1740,#1741,#1742,#1743),
  .UNSPECIFIED.,.F.,.F.,(4,4),(0.,1.),.PIECEWISE_BEZIER_KNOTS.);
#1740 = CARTESIAN_POINT('',(-1.023548853891,8.958869457398,
    2.595294117647));
#1741 = CARTESIAN_POINT('',(-1.161047404204,9.248554068584,
    2.595294117647));
#1742 = CARTESIAN_POINT('',(-1.409751962188,9.651744187307,
    2.595294117647));
#1743 = CARTESIAN_POINT('',(-1.854360411499,10.110160417777,
    2.595294117647));
#1744 = ORIENTED_EDGE('',*,*,#1745,.T.);
#1745 = EDGE_CURVE('',#1737,#1746,#1748,.T.);
#1746 = VERTEX_POINT('',#1747);
#1747 = CARTESIAN_POINT('',(-2.71615049638,9.911949948357,2.595294117647
    ));
#1748 = CIRCLE('',#1749,10.277364705883);
#1749 = AXIS2_PLACEMENT_3D('',#1750,#1751,#1752);
#1750 = CARTESIAN_POINT('',(1.624553176504E-02,4.466047632884E-03,
    2.595294117647));
#1751 = DIRECTION('',(0.,0.,1.));
#1752 = DIRECTION('',(-0.182012217801,0.98329626897,0.));
#1753 = ORIENTED_EDGE('',*,*,#1754,.T.);
#1754 = EDGE_CURVE('',#1746,#1755,#1757,.T.);
#1755 = VERTEX_POINT('',#1756);
#1756 = CARTESIAN_POINT('',(-2.964922126309,8.515763676613,
    2.595294117647));
#1757 = B_SPLINE_CURVE_WITH_KNOTS('',3,(#1758,#1759,#1760,#1761),
  .UNSPECIFIED.,.F.,.F.,(4,4),(0.,1.),.PIECEWISE_BEZIER_KNOTS.);
#1758 = CARTESIAN_POINT('',(-2.71615049638,9.911949948357,2.595294117647
    ));
#1759 = CARTESIAN_POINT('',(-2.917592227599,9.307589486304,
    2.595294117647));
#1760 = CARTESIAN_POINT('',(-2.966729655361,8.836418877935,
    2.595294117647));
#1761 = CARTESIAN_POINT('',(-2.964922126309,8.515763676613,
    2.595294117647));
#1762 = ORIENTED_EDGE('',*,*,#1763,.T.);
#1763 = EDGE_CURVE('',#1755,#1764,#1766,.T.);
#1764 = VERTEX_POINT('',#1765);
#1765 = CARTESIAN_POINT('',(-2.911482608342,8.045007298644,
    2.595294117647));
#1766 = B_SPLINE_CURVE_WITH_KNOTS('',3,(#1767,#1768,#1769,#1770),
  .UNSPECIFIED.,.F.,.F.,(4,4),(0.,1.),.PIECEWISE_BEZIER_KNOTS.);
#1767 = CARTESIAN_POINT('',(-2.964922126309,8.515763676613,
    2.595294117647));
#1768 = CARTESIAN_POINT('',(-2.962271659352,8.247356288484,
    2.595294117647));
#1769 = CARTESIAN_POINT('',(-2.925861033167,8.095119070446,
    2.595294117647));
#1770 = CARTESIAN_POINT('',(-2.911482608342,8.045007298644,
    2.595294117647));
#1771 = ORIENTED_EDGE('',*,*,#1772,.T.);
#1772 = EDGE_CURVE('',#1764,#1773,#1775,.T.);
#1773 = VERTEX_POINT('',#1774);
#1774 = CARTESIAN_POINT('',(-2.67241261356,7.381918266278,2.595294117647
    ));
#1775 = LINE('',#1776,#1777);
#1776 = CARTESIAN_POINT('',(-2.911482608342,8.045007298644,
    2.595294117647));
#1777 = VECTOR('',#1778,1.);
#1778 = DIRECTION('',(0.339168982097,-0.940725465576,0.));
#1779 = ORIENTED_EDGE('',*,*,#1780,.T.);
#1780 = EDGE_CURVE('',#1773,#1781,#1783,.T.);
#1781 = VERTEX_POINT('',#1782);
#1782 = CARTESIAN_POINT('',(-2.933313582728,6.747652539131,
    2.595294117647));
#1783 = CIRCLE('',#1784,0.493105882353);
#1784 = AXIS2_PLACEMENT_3D('',#1785,#1786,#1787);
#1785 = CARTESIAN_POINT('',(-3.130569952474,7.199585427739,
    2.595294117647));
#1786 = DIRECTION('',(0.,0.,-1.));
#1787 = DIRECTION('',(0.929125681341,0.369764071094,0.));
#1788 = ORIENTED_EDGE('',*,*,#1789,.T.);
#1789 = EDGE_CURVE('',#1781,#1790,#1792,.T.);
#1790 = VERTEX_POINT('',#1791);
#1791 = CARTESIAN_POINT('',(-3.446636083363,6.500449451563,
    2.595294117647));
#1792 = CIRCLE('',#1793,7.357658823528);
#1793 = AXIS2_PLACEMENT_3D('',#1794,#1795,#1796);
#1794 = CARTESIAN_POINT('',(-5.2066E-13,1.07417E-12,2.595294117647));
#1795 = DIRECTION('',(0.,0.,1.));
#1796 = DIRECTION('',(-0.398674857463,0.917092338877,0.));
#1797 = ORIENTED_EDGE('',*,*,#1798,.T.);
#1798 = EDGE_CURVE('',#1790,#1799,#1801,.T.);
#1799 = VERTEX_POINT('',#1800);
#1800 = CARTESIAN_POINT('',(-4.105194090669,6.691927072605,
    2.595294117647));
#1801 = CIRCLE('',#1802,0.493105882353);
#1802 = AXIS2_PLACEMENT_3D('',#1803,#1804,#1805);
#1803 = CARTESIAN_POINT('',(-3.676984108752,6.936446238719,
    2.595294117647));
#1804 = DIRECTION('',(0.,-0.,-1.));
#1805 = DIRECTION('',(0.467137046286,-0.88418492409,0.));
#1806 = ORIENTED_EDGE('',*,*,#1807,.T.);
#1807 = EDGE_CURVE('',#1799,#1808,#1810,.T.);
#1808 = VERTEX_POINT('',#1809);
#1809 = CARTESIAN_POINT('',(-4.474560268175,7.292268770443,
    2.595294117647));
#1810 = LINE('',#1811,#1812);
#1811 = CARTESIAN_POINT('',(-4.105194090669,6.691927072605,
    2.595294117647));
#1812 = VECTOR('',#1813,1.);
#1813 = DIRECTION('',(-0.524020383903,0.851705722215,0.));
#1814 = ORIENTED_EDGE('',*,*,#1815,.T.);
#1815 = EDGE_CURVE('',#1808,#1816,#1818,.T.);
#1816 = VERTEX_POINT('',#1817);
#1817 = CARTESIAN_POINT('',(-4.809293430575,7.627561268822,
    2.595294117647));
#1818 = B_SPLINE_CURVE_WITH_KNOTS('',3,(#1819,#1820,#1821,#1822),
  .UNSPECIFIED.,.F.,.F.,(4,4),(0.,1.),.PIECEWISE_BEZIER_KNOTS.);
#1819 = CARTESIAN_POINT('',(-4.474560268175,7.292268770443,
    2.595294117647));
#1820 = CARTESIAN_POINT('',(-4.504774427767,7.334754454312,
    2.595294117647));
#1821 = CARTESIAN_POINT('',(-4.601096623526,7.45813978107,2.595294117647
    ));
#1822 = CARTESIAN_POINT('',(-4.809293430575,7.627561268822,
    2.595294117647));
#1823 = ORIENTED_EDGE('',*,*,#1824,.T.);
#1824 = EDGE_CURVE('',#1816,#1825,#1827,.T.);
#1825 = VERTEX_POINT('',#1826);
#1826 = CARTESIAN_POINT('',(-6.057355205774,8.304362956903,
    2.595294117647));
#1827 = B_SPLINE_CURVE_WITH_KNOTS('',3,(#1828,#1829,#1830,#1831),
  .UNSPECIFIED.,.F.,.F.,(4,4),(0.,1.),.PIECEWISE_BEZIER_KNOTS.);
#1828 = CARTESIAN_POINT('',(-4.809293430575,7.627561268822,
    2.595294117647));
#1829 = CARTESIAN_POINT('',(-5.058864786055,7.828899699877,
    2.595294117647));
#1830 = CARTESIAN_POINT('',(-5.457877486391,8.084252581139,
    2.595294117647));
#1831 = CARTESIAN_POINT('',(-6.057355205774,8.304362956903,
    2.595294117647));
#1832 = ORIENTED_EDGE('',*,*,#1833,.T.);
#1833 = EDGE_CURVE('',#1825,#1834,#1836,.T.);
#1834 = VERTEX_POINT('',#1835);
#1835 = CARTESIAN_POINT('',(-6.747800943316,7.751864790301,
    2.595294117647));
#1836 = CIRCLE('',#1837,10.277364705884);
#1837 = AXIS2_PLACEMENT_3D('',#1838,#1839,#1840);
#1838 = CARTESIAN_POINT('',(1.269897291773E-02,1.107244194481E-02,
    2.595294117647));
#1839 = DIRECTION('',(0.,0.,1.));
#1840 = DIRECTION('',(-0.590623603658,0.806947184643,0.));
#1841 = ORIENTED_EDGE('',*,*,#1842,.T.);
#1842 = EDGE_CURVE('',#1834,#1843,#1845,.T.);
#1843 = VERTEX_POINT('',#1844);
#1844 = CARTESIAN_POINT('',(-6.36615391701,6.386006460687,2.595294117647
    ));
#1845 = B_SPLINE_CURVE_WITH_KNOTS('',3,(#1846,#1847,#1848,#1849),
  .UNSPECIFIED.,.F.,.F.,(4,4),(0.,1.),.PIECEWISE_BEZIER_KNOTS.);
#1846 = CARTESIAN_POINT('',(-6.747800943316,7.751864790301,
    2.595294117647));
#1847 = CARTESIAN_POINT('',(-6.66707149479,7.119952537445,2.595294117647
    ));
#1848 = CARTESIAN_POINT('',(-6.506909522131,6.674122556946,
    2.595294117647));
#1849 = CARTESIAN_POINT('',(-6.36615391701,6.386006460687,2.595294117647
    ));
#1850 = ORIENTED_EDGE('',*,*,#1851,.T.);
#1851 = EDGE_CURVE('',#1843,#1852,#1854,.T.);
#1852 = VERTEX_POINT('',#1853);
#1853 = CARTESIAN_POINT('',(-6.113753037519,5.985056157643,
    2.595294117647));
#1854 = B_SPLINE_CURVE_WITH_KNOTS('',3,(#1855,#1856,#1857,#1858),
  .UNSPECIFIED.,.F.,.F.,(4,4),(0.,1.),.PIECEWISE_BEZIER_KNOTS.);
#1855 = CARTESIAN_POINT('',(-6.36615391701,6.386006460687,2.595294117647
    ));
#1856 = CARTESIAN_POINT('',(-6.247308327628,6.145329754582,
    2.595294117647));
#1857 = CARTESIAN_POINT('',(-6.148450233579,6.023966739227,
    2.595294117647));
#1858 = CARTESIAN_POINT('',(-6.113753037519,5.985056157643,
    2.595294117647));
#1859 = ORIENTED_EDGE('',*,*,#1860,.T.);
#1860 = EDGE_CURVE('',#1852,#1861,#1863,.T.);
#1861 = VERTEX_POINT('',#1862);
#1862 = CARTESIAN_POINT('',(-5.61065486624,5.491362166081,2.595294117647
    ));
#1863 = LINE('',#1864,#1865);
#1864 = CARTESIAN_POINT('',(-6.113753037519,5.985056157643,
    2.595294117647));
#1865 = VECTOR('',#1866,1.);
#1866 = DIRECTION('',(0.713746176315,-0.700404451582,0.));
#1867 = ORIENTED_EDGE('',*,*,#1868,.T.);
#1868 = EDGE_CURVE('',#1861,#1869,#1871,.T.);
#1869 = VERTEX_POINT('',#1870);
#1870 = CARTESIAN_POINT('',(-5.570520931778,4.806707803901,
    2.595294117647));
#1871 = CIRCLE('',#1872,0.493105882353);
#1872 = AXIS2_PLACEMENT_3D('',#1873,#1874,#1875);
#1873 = CARTESIAN_POINT('',(-5.944329111454,5.128298935648,
    2.595294117647));
#1874 = DIRECTION('',(0.,0.,-1.));
#1875 = DIRECTION('',(0.6766786955,0.736278441255,0.));
#1876 = ORIENTED_EDGE('',*,*,#1877,.T.);
#1877 = EDGE_CURVE('',#1869,#1878,#1880,.T.);
#1878 = VERTEX_POINT('',#1879);
#1879 = CARTESIAN_POINT('',(-5.925751124088,4.361263232004,
    2.595294117647));
#1880 = CIRCLE('',#1881,7.357658823529);
#1881 = AXIS2_PLACEMENT_3D('',#1882,#1883,#1884);
#1882 = CARTESIAN_POINT('',(-3.9302E-13,3.1349E-13,2.595294117647));
#1883 = DIRECTION('',(0.,0.,1.));
#1884 = DIRECTION('',(-0.757105088097,0.653293108472,0.));
#1885 = ORIENTED_EDGE('',*,*,#1886,.T.);
#1886 = EDGE_CURVE('',#1878,#1887,#1889,.T.);
#1887 = VERTEX_POINT('',#1888);
#1888 = CARTESIAN_POINT('',(-6.602170412554,4.248040996828,
    2.595294117647));
#1889 = CIRCLE('',#1890,0.493105882353);
#1890 = AXIS2_PLACEMENT_3D('',#1891,#1892,#1893);
#1891 = CARTESIAN_POINT('',(-6.32245944,4.654138501184,2.595294117647));
#1892 = DIRECTION('',(0.,-0.,-1.));
#1893 = DIRECTION('',(0.804509396683,-0.593939921751,0.));
#1894 = ORIENTED_EDGE('',*,*,#1895,.T.);
#1895 = EDGE_CURVE('',#1887,#1896,#1898,.T.);
#1896 = VERTEX_POINT('',#1897);
#1897 = CARTESIAN_POINT('',(-7.195436339949,4.628668198484,
    2.595294117647));
#1898 = LINE('',#1899,#1900);
#1899 = CARTESIAN_POINT('',(-6.602170412554,4.248040996828,
    2.595294117647));
#1900 = VECTOR('',#1901,1.);
#1901 = DIRECTION('',(-0.841667315425,0.539996416789,0.));
#1902 = ORIENTED_EDGE('',*,*,#1903,.T.);
#1903 = EDGE_CURVE('',#1896,#1904,#1906,.T.);
#1904 = VERTEX_POINT('',#1905);
#1905 = CARTESIAN_POINT('',(-7.64249846122,4.785521025056,2.595294117647
    ));
#1906 = B_SPLINE_CURVE_WITH_KNOTS('',3,(#1907,#1908,#1909,#1910),
  .UNSPECIFIED.,.F.,.F.,(4,4),(0.,1.),.PIECEWISE_BEZIER_KNOTS.);
#1907 = CARTESIAN_POINT('',(-7.195436339949,4.628668198484,
    2.595294117647));
#1908 = CARTESIAN_POINT('',(-7.241092204487,4.653837044443,
    2.595294117647));
#1909 = CARTESIAN_POINT('',(-7.38141039108,4.723210748152,2.595294117647
    ));
#1910 = CARTESIAN_POINT('',(-7.64249846122,4.785521025056,2.595294117647
    ));
#1911 = ORIENTED_EDGE('',*,*,#1912,.T.);
#1912 = EDGE_CURVE('',#1904,#1913,#1915,.T.);
#1913 = VERTEX_POINT('',#1914);
#1914 = CARTESIAN_POINT('',(-9.06061651296,4.853784566088,2.595294117647
    ));
#1915 = B_SPLINE_CURVE_WITH_KNOTS('',3,(#1916,#1917,#1918,#1919),
  .UNSPECIFIED.,.F.,.F.,(4,4),(0.,1.),.PIECEWISE_BEZIER_KNOTS.);
#1916 = CARTESIAN_POINT('',(-7.64249846122,4.785521025056,2.595294117647
    ));
#1917 = CARTESIAN_POINT('',(-7.954711954122,4.858635730456,
    2.595294117647));
#1918 = CARTESIAN_POINT('',(-8.425003437939,4.915575604426,
    2.595294117647));
#1919 = CARTESIAN_POINT('',(-9.06061651296,4.853784566088,2.595294117647
    ));
#1920 = ORIENTED_EDGE('',*,*,#1921,.T.);
#1921 = EDGE_CURVE('',#1913,#1922,#1924,.T.);
#1922 = VERTEX_POINT('',#1923);
#1923 = CARTESIAN_POINT('',(-9.442966657079,4.056427740143,
    2.595294117647));
#1924 = CIRCLE('',#1925,10.277364705884);
#1925 = AXIS2_PLACEMENT_3D('',#1926,#1927,#1928);
#1926 = CARTESIAN_POINT('',(6.637226740383E-03,1.548580333675E-02,
    2.595294117647));
#1927 = DIRECTION('',(0.,0.,1.));
#1928 = DIRECTION('',(-0.882254741287,0.470772313838,0.));
#1929 = ORIENTED_EDGE('',*,*,#1930,.T.);
#1930 = EDGE_CURVE('',#1922,#1931,#1933,.T.);
#1931 = VERTEX_POINT('',#1932);
#1932 = CARTESIAN_POINT('',(-8.506490848693,2.991422345993,
    2.595294117647));
#1933 = B_SPLINE_CURVE_WITH_KNOTS('',3,(#1934,#1935,#1936,#1937),
  .UNSPECIFIED.,.F.,.F.,(4,4),(0.,1.),.PIECEWISE_BEZIER_KNOTS.);
#1934 = CARTESIAN_POINT('',(-9.442966657079,4.056427740143,
    2.595294117647));
#1935 = CARTESIAN_POINT('',(-9.096055486172,3.522121668057,
    2.595294117647));
#1936 = CARTESIAN_POINT('',(-8.758316156034,3.189934410812,
    2.595294117647));
#1937 = CARTESIAN_POINT('',(-8.506490848693,2.991422345993,
    2.595294117647));
#1938 = ORIENTED_EDGE('',*,*,#1939,.T.);
#1939 = EDGE_CURVE('',#1931,#1940,#1942,.T.);
#1940 = VERTEX_POINT('',#1941);
#1941 = CARTESIAN_POINT('',(-8.105119697355,2.739691242724,
    2.595294117647));
#1942 = B_SPLINE_CURVE_WITH_KNOTS('',3,(#1943,#1944,#1945,#1946),
  .UNSPECIFIED.,.F.,.F.,(4,4),(0.,1.),.PIECEWISE_BEZIER_KNOTS.);
#1943 = CARTESIAN_POINT('',(-8.506490848693,2.991422345993,
    2.595294117647));
#1944 = CARTESIAN_POINT('',(-8.294988963409,2.826145295261,
    2.595294117647));
#1945 = CARTESIAN_POINT('',(-8.153263459438,2.759693916199,
    2.595294117647));
#1946 = CARTESIAN_POINT('',(-8.105119697355,2.739691242724,
    2.595294117647));
#1947 = ORIENTED_EDGE('',*,*,#1948,.T.);
#1948 = EDGE_CURVE('',#1940,#1949,#1951,.T.);
#1949 = VERTEX_POINT('',#1950);
#1950 = CARTESIAN_POINT('',(-7.437638112495,2.513174441754,
    2.595294117647));
#1951 = LINE('',#1952,#1953);
#1952 = CARTESIAN_POINT('',(-8.105119697355,2.739691242724,
    2.595294117647));
#1953 = VECTOR('',#1954,1.);
#1954 = DIRECTION('',(0.946957186791,-0.321359746056,0.));
#1955 = ORIENTED_EDGE('',*,*,#1956,.T.);
#1956 = EDGE_CURVE('',#1949,#1957,#1959,.T.);
#1957 = VERTEX_POINT('',#1958);
#1958 = CARTESIAN_POINT('',(-7.104418292333,1.913735637706,
    2.595294117647));
#1959 = CIRCLE('',#1960,0.493105882353);
#1960 = AXIS2_PLACEMENT_3D('',#1961,#1962,#1963);
#1961 = CARTESIAN_POINT('',(-7.580740987498,2.041289944893,
    2.595294117647));
#1962 = DIRECTION('',(0.,0.,-1.));
#1963 = DIRECTION('',(0.290207195095,0.956963836263,0.));
#1964 = ORIENTED_EDGE('',*,*,#1965,.T.);
#1965 = EDGE_CURVE('',#1957,#1966,#1968,.T.);
#1966 = VERTEX_POINT('',#1967);
#1967 = CARTESIAN_POINT('',(-7.231198480119,1.358275341964,
    2.595294117647));
#1968 = CIRCLE('',#1969,7.357658823528);
#1969 = AXIS2_PLACEMENT_3D('',#1970,#1971,#1972);
#1970 = CARTESIAN_POINT('',(-1.84983E-12,4.3869E-13,2.595294117647));
#1971 = DIRECTION('',(0.,0.,1.));
#1972 = DIRECTION('',(-0.96558137075,0.26010116582,0.));
#1973 = ORIENTED_EDGE('',*,*,#1974,.T.);
#1974 = EDGE_CURVE('',#1966,#1975,#1977,.T.);
#1975 = VERTEX_POINT('',#1976);
#1976 = CARTESIAN_POINT('',(-7.791505913926,0.962778302825,
    2.595294117647));
#1977 = CIRCLE('',#1978,0.493105882353);
#1978 = AXIS2_PLACEMENT_3D('',#1979,#1980,#1981);
#1979 = CARTESIAN_POINT('',(-7.715694139281,1.450021554226,
    2.595294117647));
#1980 = DIRECTION('',(0.,0.,-1.));
#1981 = DIRECTION('',(0.982538794406,-0.186057833714,0.));
#1982 = ORIENTED_EDGE('',*,*,#1983,.T.);
#1983 = EDGE_CURVE('',#1975,#1984,#1986,.T.);
#1984 = VERTEX_POINT('',#1985);
#1985 = CARTESIAN_POINT('',(-8.49116799836,1.048303122925,2.595294117647
    ));
#1986 = LINE('',#1987,#1988);
#1987 = CARTESIAN_POINT('',(-7.791505913926,0.962778302825,
    2.595294117647));
#1988 = VECTOR('',#1989,1.);
#1989 = DIRECTION('',(-0.992611712756,0.121334198396,0.));
#1990 = ORIENTED_EDGE('',*,*,#1991,.T.);
#1991 = EDGE_CURVE('',#1984,#1992,#1994,.T.);
#1992 = VERTEX_POINT('',#1993);
#1993 = CARTESIAN_POINT('',(-8.962012942528,0.995649651713,
    2.595294117647));
#1994 = B_SPLINE_CURVE_WITH_KNOTS('',3,(#1995,#1996,#1997,#1998),
  .UNSPECIFIED.,.F.,.F.,(4,4),(0.,1.),.PIECEWISE_BEZIER_KNOTS.);
#1995 = CARTESIAN_POINT('',(-8.49116799836,1.048303122925,2.595294117647
    ));
#1996 = CARTESIAN_POINT('',(-8.54322286394,1.051170132356,2.595294117647
    ));
#1997 = CARTESIAN_POINT('',(-8.699745303623,1.052791900184,
    2.595294117647));
#1998 = CARTESIAN_POINT('',(-8.962012942528,0.995649651713,
    2.595294117647));
#1999 = ORIENTED_EDGE('',*,*,#2000,.T.);
#2000 = EDGE_CURVE('',#1992,#2001,#2003,.T.);
#2001 = VERTEX_POINT('',#2002);
#2002 = CARTESIAN_POINT('',(-10.26931159858,0.441854614197,
    2.595294117647));
#2003 = B_SPLINE_CURVE_WITH_KNOTS('',3,(#2004,#2005,#2006,#2007),
  .UNSPECIFIED.,.F.,.F.,(4,4),(0.,1.),.PIECEWISE_BEZIER_KNOTS.);
#2004 = CARTESIAN_POINT('',(-8.962012942528,0.995649651713,
    2.595294117647));
#2005 = CARTESIAN_POINT('',(-9.275030861536,0.926059367362,
    2.595294117647));
#2006 = CARTESIAN_POINT('',(-9.723454132717,0.773308593677,
    2.595294117647));
#2007 = CARTESIAN_POINT('',(-10.26931159858,0.441854614197,
    2.595294117647));
#2008 = ORIENTED_EDGE('',*,*,#2009,.T.);
#2009 = EDGE_CURVE('',#2001,#2010,#2012,.T.);
#2010 = VERTEX_POINT('',#2011);
#2011 = CARTESIAN_POINT('',(-10.26783701402,-0.442434572771,
    2.595294117647));
#2012 = CIRCLE('',#2013,10.277364705883);
#2013 = AXIS2_PLACEMENT_3D('',#2014,#2015,#2016);
#2014 = CARTESIAN_POINT('',(-7.391035936635E-04,1.683201145636E-02,
    2.595294117647));
#2015 = DIRECTION('',(0.,0.,1.));
#2016 = DIRECTION('',(-0.99914450726,4.135521263513E-02,0.));
#2017 = ORIENTED_EDGE('',*,*,#2018,.T.);
#2018 = EDGE_CURVE('',#2010,#2019,#2021,.T.);
#2019 = VERTEX_POINT('',#2020);
#2020 = CARTESIAN_POINT('',(-8.962012942528,-0.995649651713,
    2.595294117647));
#2021 = B_SPLINE_CURVE_WITH_KNOTS('',3,(#2022,#2023,#2024,#2025),
  .UNSPECIFIED.,.F.,.F.,(4,4),(0.,1.),.PIECEWISE_BEZIER_KNOTS.);
#2022 = CARTESIAN_POINT('',(-10.26783701402,-0.442434572771,
    2.595294117647));
#2023 = CARTESIAN_POINT('',(-9.723454132717,-0.773308593677,
    2.595294117647));
#2024 = CARTESIAN_POINT('',(-9.275030861536,-0.926059367362,
    2.595294117647));
#2025 = CARTESIAN_POINT('',(-8.962012942528,-0.995649651713,
    2.595294117647));
#2026 = ORIENTED_EDGE('',*,*,#2027,.T.);
#2027 = EDGE_CURVE('',#2019,#2028,#2030,.T.);
#2028 = VERTEX_POINT('',#2029);
#2029 = CARTESIAN_POINT('',(-8.49116799836,-1.048303122925,
    2.595294117647));
#2030 = B_SPLINE_CURVE_WITH_KNOTS('',3,(#2031,#2032,#2033,#2034),
  .UNSPECIFIED.,.F.,.F.,(4,4),(0.,1.),.PIECEWISE_BEZIER_KNOTS.);
#2031 = CARTESIAN_POINT('',(-8.962012942528,-0.995649651713,
    2.595294117647));
#2032 = CARTESIAN_POINT('',(-8.699745303623,-1.052791900184,
    2.595294117647));
#2033 = CARTESIAN_POINT('',(-8.54322286394,-1.051170132356,
    2.595294117647));
#2034 = CARTESIAN_POINT('',(-8.49116799836,-1.048303122925,
    2.595294117647));
#2035 = ORIENTED_EDGE('',*,*,#2036,.T.);
#2036 = EDGE_CURVE('',#2028,#2037,#2039,.T.);
#2037 = VERTEX_POINT('',#2038);
#2038 = CARTESIAN_POINT('',(-7.791505913926,-0.962778302825,
    2.595294117647));
#2039 = LINE('',#2040,#2041);
#2040 = CARTESIAN_POINT('',(-8.49116799836,-1.048303122925,
    2.595294117647));
#2041 = VECTOR('',#2042,1.);
#2042 = DIRECTION('',(0.992611712756,0.121334198396,0.));
#2043 = ORIENTED_EDGE('',*,*,#2044,.T.);
#2044 = EDGE_CURVE('',#2037,#2045,#2047,.T.);
#2045 = VERTEX_POINT('',#2046);
#2046 = CARTESIAN_POINT('',(-7.231198480119,-1.358275341964,
    2.595294117647));
#2047 = CIRCLE('',#2048,0.493105882353);
#2048 = AXIS2_PLACEMENT_3D('',#2049,#2050,#2051);
#2049 = CARTESIAN_POINT('',(-7.715694139281,-1.450021554226,
    2.595294117647));
#2050 = DIRECTION('',(0.,0.,-1.));
#2051 = DIRECTION('',(-0.153743399457,0.988110807108,0.));
#2052 = ORIENTED_EDGE('',*,*,#2053,.T.);
#2053 = EDGE_CURVE('',#2045,#2054,#2056,.T.);
#2054 = VERTEX_POINT('',#2055);
#2055 = CARTESIAN_POINT('',(-7.104418292333,-1.913735637706,
    2.595294117647));
#2056 = CIRCLE('',#2057,7.357658823531);
#2057 = AXIS2_PLACEMENT_3D('',#2058,#2059,#2060);
#2058 = CARTESIAN_POINT('',(1.13353E-12,2.5817E-13,2.595294117647));
#2059 = DIRECTION('',(0.,0.,1.));
#2060 = DIRECTION('',(-0.982812420847,-0.184607002654,0.));
#2061 = ORIENTED_EDGE('',*,*,#2062,.T.);
#2062 = EDGE_CURVE('',#2054,#2063,#2065,.T.);
#2063 = VERTEX_POINT('',#2064);
#2064 = CARTESIAN_POINT('',(-7.437638112495,-2.513174441754,
    2.595294117647));
#2065 = CIRCLE('',#2066,0.493105882353);
#2066 = AXIS2_PLACEMENT_3D('',#2067,#2068,#2069);
#2067 = CARTESIAN_POINT('',(-7.580740987498,-2.041289944893,
    2.595294117647));
#2068 = DIRECTION('',(0.,0.,-1.));
#2069 = DIRECTION('',(0.96596433385,0.25867529014,0.));
#2070 = ORIENTED_EDGE('',*,*,#2071,.T.);
#2071 = EDGE_CURVE('',#2063,#2072,#2074,.T.);
#2072 = VERTEX_POINT('',#2073);
#2073 = CARTESIAN_POINT('',(-8.105119697355,-2.739691242724,
    2.595294117647));
#2074 = LINE('',#2075,#2076);
#2075 = CARTESIAN_POINT('',(-7.437638112495,-2.513174441754,
    2.595294117647));
#2076 = VECTOR('',#2077,1.);
#2077 = DIRECTION('',(-0.946957186791,-0.321359746056,0.));
#2078 = ORIENTED_EDGE('',*,*,#2079,.T.);
#2079 = EDGE_CURVE('',#2072,#2080,#2082,.T.);
#2080 = VERTEX_POINT('',#2081);
#2081 = CARTESIAN_POINT('',(-8.506490848693,-2.991422345993,
    2.595294117647));
#2082 = B_SPLINE_CURVE_WITH_KNOTS('',3,(#2083,#2084,#2085,#2086),
  .UNSPECIFIED.,.F.,.F.,(4,4),(0.,1.),.PIECEWISE_BEZIER_KNOTS.);
#2083 = CARTESIAN_POINT('',(-8.105119697355,-2.739691242724,
    2.595294117647));
#2084 = CARTESIAN_POINT('',(-8.153263459438,-2.759693916199,
    2.595294117647));
#2085 = CARTESIAN_POINT('',(-8.294988963409,-2.826145295261,
    2.595294117647));
#2086 = CARTESIAN_POINT('',(-8.506490848693,-2.991422345993,
    2.595294117647));
#2087 = ORIENTED_EDGE('',*,*,#2088,.T.);
#2088 = EDGE_CURVE('',#2080,#2089,#2091,.T.);
#2089 = VERTEX_POINT('',#2090);
#2090 = CARTESIAN_POINT('',(-9.444043577268,-4.057590063027,
    2.595294117647));
#2091 = B_SPLINE_CURVE_WITH_KNOTS('',3,(#2092,#2093,#2094,#2095),
  .UNSPECIFIED.,.F.,.F.,(4,4),(0.,1.),.PIECEWISE_BEZIER_KNOTS.);
#2092 = CARTESIAN_POINT('',(-8.506490848693,-2.991422345993,
    2.595294117647));
#2093 = CARTESIAN_POINT('',(-8.758316156034,-3.189934410811,
    2.595294117647));
#2094 = CARTESIAN_POINT('',(-9.096055486172,-3.522121668057,
    2.595294117647));
#2095 = CARTESIAN_POINT('',(-9.444043577268,-4.057590063027,
    2.595294117647));
#2096 = ORIENTED_EDGE('',*,*,#2097,.T.);
#2097 = EDGE_CURVE('',#2089,#2098,#2100,.T.);
#2098 = VERTEX_POINT('',#2099);
#2099 = CARTESIAN_POINT('',(-9.059036323582,-4.853667292444,
    2.595294117647));
#2100 = CIRCLE('',#2101,10.277364705884);
#2101 = AXIS2_PLACEMENT_3D('',#2102,#2103,#2104);
#2102 = CARTESIAN_POINT('',(-7.969045394155E-03,1.484443327624E-02,
    2.595294117647));
#2103 = DIRECTION('',(0.,0.,1.));
#2104 = DIRECTION('',(-0.918141449867,-0.396252795619,0.));
#2105 = ORIENTED_EDGE('',*,*,#2106,.T.);
#2106 = EDGE_CURVE('',#2098,#2107,#2109,.T.);
#2107 = VERTEX_POINT('',#2108);
#2108 = CARTESIAN_POINT('',(-7.64249846122,-4.785521025056,
    2.595294117647));
#2109 = B_SPLINE_CURVE_WITH_KNOTS('',3,(#2110,#2111,#2112,#2113),
  .UNSPECIFIED.,.F.,.F.,(4,4),(0.,1.),.PIECEWISE_BEZIER_KNOTS.);
#2110 = CARTESIAN_POINT('',(-9.059036323582,-4.853667292444,
    2.595294117647));
#2111 = CARTESIAN_POINT('',(-8.425003437939,-4.915575604426,
    2.595294117647));
#2112 = CARTESIAN_POINT('',(-7.954711954122,-4.858635730456,
    2.595294117647));
#2113 = CARTESIAN_POINT('',(-7.64249846122,-4.785521025056,
    2.595294117647));
#2114 = ORIENTED_EDGE('',*,*,#2115,.T.);
#2115 = EDGE_CURVE('',#2107,#2116,#2118,.T.);
#2116 = VERTEX_POINT('',#2117);
#2117 = CARTESIAN_POINT('',(-7.195436339949,-4.628668198484,
    2.595294117647));
#2118 = B_SPLINE_CURVE_WITH_KNOTS('',3,(#2119,#2120,#2121,#2122),
  .UNSPECIFIED.,.F.,.F.,(4,4),(0.,1.),.PIECEWISE_BEZIER_KNOTS.);
#2119 = CARTESIAN_POINT('',(-7.64249846122,-4.785521025056,
    2.595294117647));
#2120 = CARTESIAN_POINT('',(-7.38141039108,-4.723210748152,
    2.595294117647));
#2121 = CARTESIAN_POINT('',(-7.241092204487,-4.653837044443,
    2.595294117647));
#2122 = CARTESIAN_POINT('',(-7.195436339949,-4.628668198484,
    2.595294117647));
#2123 = ORIENTED_EDGE('',*,*,#2124,.T.);
#2124 = EDGE_CURVE('',#2116,#2125,#2127,.T.);
#2125 = VERTEX_POINT('',#2126);
#2126 = CARTESIAN_POINT('',(-6.602170412554,-4.248040996828,
    2.595294117647));
#2127 = LINE('',#2128,#2129);
#2128 = CARTESIAN_POINT('',(-7.195436339949,-4.628668198484,
    2.595294117647));
#2129 = VECTOR('',#2130,1.);
#2130 = DIRECTION('',(0.841667315425,0.539996416789,0.));
#2131 = ORIENTED_EDGE('',*,*,#2132,.T.);
#2132 = EDGE_CURVE('',#2125,#2133,#2135,.T.);
#2133 = VERTEX_POINT('',#2134);
#2134 = CARTESIAN_POINT('',(-5.925751124088,-4.361263232004,
    2.595294117647));
#2135 = CIRCLE('',#2136,0.493105882353);
#2136 = AXIS2_PLACEMENT_3D('',#2137,#2138,#2139);
#2137 = CARTESIAN_POINT('',(-6.32245944,-4.654138501184,2.595294117647)
  );
#2138 = DIRECTION('',(0.,0.,-1.));
#2139 = DIRECTION('',(-0.567243228206,0.823550314221,0.));
#2140 = ORIENTED_EDGE('',*,*,#2141,.T.);
#2141 = EDGE_CURVE('',#2133,#2142,#2144,.T.);
#2142 = VERTEX_POINT('',#2143);
#2143 = CARTESIAN_POINT('',(-5.570520931778,-4.806707803901,
    2.595294117647));
#2144 = CIRCLE('',#2145,7.357658823528);
#2145 = AXIS2_PLACEMENT_3D('',#2146,#2147,#2148);
#2146 = CARTESIAN_POINT('',(-7.4051E-13,-5.8866E-13,2.595294117647));
#2147 = DIRECTION('',(0.,0.,1.));
#2148 = DIRECTION('',(-0.805385417592,-0.592751490196,0.));
#2149 = ORIENTED_EDGE('',*,*,#2150,.T.);
#2150 = EDGE_CURVE('',#2142,#2151,#2153,.T.);
#2151 = VERTEX_POINT('',#2152);
#2152 = CARTESIAN_POINT('',(-5.61065486624,-5.491362166081,
    2.595294117647));
#2153 = CIRCLE('',#2154,0.493105882353);
#2154 = AXIS2_PLACEMENT_3D('',#2155,#2156,#2157);
#2155 = CARTESIAN_POINT('',(-5.944329111454,-5.128298935648,
    2.595294117647));
#2156 = DIRECTION('',(0.,0.,-1.));
#2157 = DIRECTION('',(0.7580687902,0.652174600337,0.));
#2158 = ORIENTED_EDGE('',*,*,#2159,.T.);
#2159 = EDGE_CURVE('',#2151,#2160,#2162,.T.);
#2160 = VERTEX_POINT('',#2161);
#2161 = CARTESIAN_POINT('',(-6.113753037519,-5.985056157643,
    2.595294117647));
#2162 = LINE('',#2163,#2164);
#2163 = CARTESIAN_POINT('',(-5.61065486624,-5.491362166081,
    2.595294117647));
#2164 = VECTOR('',#2165,1.);
#2165 = DIRECTION('',(-0.713746176315,-0.700404451582,0.));
#2166 = ORIENTED_EDGE('',*,*,#2167,.T.);
#2167 = EDGE_CURVE('',#2160,#2168,#2170,.T.);
#2168 = VERTEX_POINT('',#2169);
#2169 = CARTESIAN_POINT('',(-6.36615391701,-6.386006460687,
    2.595294117647));
#2170 = B_SPLINE_CURVE_WITH_KNOTS('',3,(#2171,#2172,#2173,#2174),
  .UNSPECIFIED.,.F.,.F.,(4,4),(0.,1.),.PIECEWISE_BEZIER_KNOTS.);
#2171 = CARTESIAN_POINT('',(-6.113753037519,-5.985056157643,
    2.595294117647));
#2172 = CARTESIAN_POINT('',(-6.148450233579,-6.023966739227,
    2.595294117647));
#2173 = CARTESIAN_POINT('',(-6.247308327628,-6.145329754582,
    2.595294117647));
#2174 = CARTESIAN_POINT('',(-6.36615391701,-6.386006460687,
    2.595294117647));
#2175 = ORIENTED_EDGE('',*,*,#2176,.T.);
#2176 = EDGE_CURVE('',#2168,#2177,#2179,.T.);
#2177 = VERTEX_POINT('',#2178);
#2178 = CARTESIAN_POINT('',(-6.74826690188,-7.753379265191,
    2.595294117647));
#2179 = B_SPLINE_CURVE_WITH_KNOTS('',3,(#2180,#2181,#2182,#2183),
  .UNSPECIFIED.,.F.,.F.,(4,4),(0.,1.),.PIECEWISE_BEZIER_KNOTS.);
#2180 = CARTESIAN_POINT('',(-6.36615391701,-6.386006460687,
    2.595294117647));
#2181 = CARTESIAN_POINT('',(-6.506909522131,-6.674122556946,
    2.595294117647));
#2182 = CARTESIAN_POINT('',(-6.66707149479,-7.119952537445,
    2.595294117647));
#2183 = CARTESIAN_POINT('',(-6.74826690188,-7.753379265191,
    2.595294117647));
#2184 = ORIENTED_EDGE('',*,*,#2185,.T.);
#2185 = EDGE_CURVE('',#2177,#2186,#2188,.T.);
#2186 = VERTEX_POINT('',#2187);
#2187 = CARTESIAN_POINT('',(-6.055982387466,-8.303571678526,
    2.595294117647));
#2188 = CIRCLE('',#2189,10.277364705879);
#2189 = AXIS2_PLACEMENT_3D('',#2190,#2191,#2192);
#2190 = CARTESIAN_POINT('',(-1.36206200251E-02,9.916733026859E-03,
    2.595294117647));
#2191 = DIRECTION('',(0.,0.,1.));
#2192 = DIRECTION('',(-0.655289218062,-0.755378077979,0.));
#2193 = ORIENTED_EDGE('',*,*,#2194,.T.);
#2194 = EDGE_CURVE('',#2186,#2195,#2197,.T.);
#2195 = VERTEX_POINT('',#2196);
#2196 = CARTESIAN_POINT('',(-4.809293430575,-7.627561268822,
    2.595294117647));
#2197 = B_SPLINE_CURVE_WITH_KNOTS('',3,(#2198,#2199,#2200,#2201),
  .UNSPECIFIED.,.F.,.F.,(4,4),(0.,1.),.PIECEWISE_BEZIER_KNOTS.);
#2198 = CARTESIAN_POINT('',(-6.055982387466,-8.303571678526,
    2.595294117647));
#2199 = CARTESIAN_POINT('',(-5.457877486391,-8.084252581139,
    2.595294117647));
#2200 = CARTESIAN_POINT('',(-5.058864786055,-7.828899699877,
    2.595294117647));
#2201 = CARTESIAN_POINT('',(-4.809293430575,-7.627561268822,
    2.595294117647));
#2202 = ORIENTED_EDGE('',*,*,#2203,.T.);
#2203 = EDGE_CURVE('',#2195,#2204,#2206,.T.);
#2204 = VERTEX_POINT('',#2205);
#2205 = CARTESIAN_POINT('',(-4.474560268175,-7.292268770443,
    2.595294117647));
#2206 = B_SPLINE_CURVE_WITH_KNOTS('',3,(#2207,#2208,#2209,#2210),
  .UNSPECIFIED.,.F.,.F.,(4,4),(0.,1.),.PIECEWISE_BEZIER_KNOTS.);
#2207 = CARTESIAN_POINT('',(-4.809293430575,-7.627561268822,
    2.595294117647));
#2208 = CARTESIAN_POINT('',(-4.601096623526,-7.45813978107,
    2.595294117647));
#2209 = CARTESIAN_POINT('',(-4.504774427767,-7.334754454312,
    2.595294117647));
#2210 = CARTESIAN_POINT('',(-4.474560268175,-7.292268770443,
    2.595294117647));
#2211 = ORIENTED_EDGE('',*,*,#2212,.T.);
#2212 = EDGE_CURVE('',#2204,#2213,#2215,.T.);
#2213 = VERTEX_POINT('',#2214);
#2214 = CARTESIAN_POINT('',(-4.105194090669,-6.691927072605,
    2.595294117647));
#2215 = LINE('',#2216,#2217);
#2216 = CARTESIAN_POINT('',(-4.474560268175,-7.292268770443,
    2.595294117647));
#2217 = VECTOR('',#2218,1.);
#2218 = DIRECTION('',(0.524020383903,0.851705722215,0.));
#2219 = ORIENTED_EDGE('',*,*,#2220,.T.);
#2220 = EDGE_CURVE('',#2213,#2221,#2223,.T.);
#2221 = VERTEX_POINT('',#2222);
#2222 = CARTESIAN_POINT('',(-3.446636083363,-6.500449451563,
    2.595294117647));
#2223 = CIRCLE('',#2224,0.493105882353);
#2224 = AXIS2_PLACEMENT_3D('',#2225,#2226,#2227);
#2225 = CARTESIAN_POINT('',(-3.676984108752,-6.936446238719,
    2.595294117647));
#2226 = DIRECTION('',(0.,0.,-1.));
#2227 = DIRECTION('',(-0.868393578828,0.495875581421,0.));
#2228 = ORIENTED_EDGE('',*,*,#2229,.T.);
#2229 = EDGE_CURVE('',#2221,#2230,#2232,.T.);
#2230 = VERTEX_POINT('',#2231);
#2231 = CARTESIAN_POINT('',(-2.933313582728,-6.747652539131,
    2.595294117647));
#2232 = CIRCLE('',#2233,7.35765882353);
#2233 = AXIS2_PLACEMENT_3D('',#2234,#2235,#2236);
#2234 = CARTESIAN_POINT('',(8.644E-14,1.8383E-13,2.595294117647));
#2235 = DIRECTION('',(0.,0.,1.));
#2236 = DIRECTION('',(-0.468441954979,-0.883494275485,0.));
#2237 = ORIENTED_EDGE('',*,*,#2238,.T.);
#2238 = EDGE_CURVE('',#2230,#2239,#2241,.T.);
#2239 = VERTEX_POINT('',#2240);
#2240 = CARTESIAN_POINT('',(-2.67241261356,-7.381918266278,
    2.595294117647));
#2241 = CIRCLE('',#2242,0.493105882353);
#2242 = AXIS2_PLACEMENT_3D('',#2243,#2244,#2245);
#2243 = CARTESIAN_POINT('',(-3.130569952474,-7.199585427739,
    2.595294117647));
#2244 = DIRECTION('',(0.,0.,-1.));
#2245 = DIRECTION('',(0.400028425547,0.91650273254,0.));
#2246 = ORIENTED_EDGE('',*,*,#2247,.T.);
#2247 = EDGE_CURVE('',#2239,#2248,#2250,.T.);
#2248 = VERTEX_POINT('',#2249);
#2249 = CARTESIAN_POINT('',(-2.911482608342,-8.045007298644,
    2.595294117647));
#2250 = LINE('',#2251,#2252);
#2251 = CARTESIAN_POINT('',(-2.67241261356,-7.381918266278,
    2.595294117647));
#2252 = VECTOR('',#2253,1.);
#2253 = DIRECTION('',(-0.339168982097,-0.940725465576,0.));
#2254 = ORIENTED_EDGE('',*,*,#2255,.T.);
#2255 = EDGE_CURVE('',#2248,#2256,#2258,.T.);
#2256 = VERTEX_POINT('',#2257);
#2257 = CARTESIAN_POINT('',(-2.964922126309,-8.515763676613,
    2.595294117647));
#2258 = B_SPLINE_CURVE_WITH_KNOTS('',3,(#2259,#2260,#2261,#2262),
  .UNSPECIFIED.,.F.,.F.,(4,4),(0.,1.),.PIECEWISE_BEZIER_KNOTS.);
#2259 = CARTESIAN_POINT('',(-2.911482608342,-8.045007298644,
    2.595294117647));
#2260 = CARTESIAN_POINT('',(-2.925861033167,-8.095119070446,
    2.595294117647));
#2261 = CARTESIAN_POINT('',(-2.962271659352,-8.247356288484,
    2.595294117647));
#2262 = CARTESIAN_POINT('',(-2.964922126309,-8.515763676613,
    2.595294117647));
#2263 = ORIENTED_EDGE('',*,*,#2264,.T.);
#2264 = EDGE_CURVE('',#2256,#2265,#2267,.T.);
#2265 = VERTEX_POINT('',#2266);
#2266 = CARTESIAN_POINT('',(-2.715913204512,-9.913516614929,
    2.595294117647));
#2267 = B_SPLINE_CURVE_WITH_KNOTS('',3,(#2268,#2269,#2270,#2271),
  .UNSPECIFIED.,.F.,.F.,(4,4),(0.,1.),.PIECEWISE_BEZIER_KNOTS.);
#2268 = CARTESIAN_POINT('',(-2.964922126309,-8.515763676613,
    2.595294117647));
#2269 = CARTESIAN_POINT('',(-2.966729655361,-8.836418877935,
    2.595294117647));
#2270 = CARTESIAN_POINT('',(-2.917592227599,-9.307589486304,
    2.595294117647));
#2271 = CARTESIAN_POINT('',(-2.715913204512,-9.913516614929,
    2.595294117647));
#2272 = ORIENTED_EDGE('',*,*,#2273,.T.);
#2273 = EDGE_CURVE('',#2265,#2274,#2276,.T.);
#2274 = VERTEX_POINT('',#2275);
#2275 = CARTESIAN_POINT('',(-1.853466867763,-10.10885185705,
    2.595294117647));
#2276 = CIRCLE('',#2277,10.277364705884);
#2277 = AXIS2_PLACEMENT_3D('',#2278,#2279,#2280);
#2278 = CARTESIAN_POINT('',(-1.657446380869E-02,3.02490218716E-03,
    2.595294117647));
#2279 = DIRECTION('',(0.,0.,1.));
#2280 = DIRECTION('',(-0.262648920025,-0.964891467891,0.));
#2281 = ORIENTED_EDGE('',*,*,#2282,.T.);
#2282 = EDGE_CURVE('',#2274,#2283,#2285,.T.);
#2283 = VERTEX_POINT('',#2284);
#2284 = CARTESIAN_POINT('',(-1.023548853891,-8.958869457398,
    2.595294117647));
#2285 = B_SPLINE_CURVE_WITH_KNOTS('',3,(#2286,#2287,#2288,#2289),
  .UNSPECIFIED.,.F.,.F.,(4,4),(0.,1.),.PIECEWISE_BEZIER_KNOTS.);
#2286 = CARTESIAN_POINT('',(-1.853466867763,-10.10885185705,
    2.595294117647));
#2287 = CARTESIAN_POINT('',(-1.409751962188,-9.651744187307,
    2.595294117647));
#2288 = CARTESIAN_POINT('',(-1.161047404204,-9.248554068584,
    2.595294117647));
#2289 = CARTESIAN_POINT('',(-1.023548853891,-8.958869457398,
    2.595294117647));
#2290 = ORIENTED_EDGE('',*,*,#2291,.T.);
#2291 = EDGE_CURVE('',#2283,#2292,#2294,.T.);
#2292 = VERTEX_POINT('',#2293);
#2293 = CARTESIAN_POINT('',(-0.867442658408,-8.511546078609,
    2.595294117647));
#2294 = B_SPLINE_CURVE_WITH_KNOTS('',3,(#2295,#2296,#2297,#2298),
  .UNSPECIFIED.,.F.,.F.,(4,4),(0.,1.),.PIECEWISE_BEZIER_KNOTS.);
#2295 = CARTESIAN_POINT('',(-1.023548853891,-8.958869457398,
    2.595294117647));
#2296 = CARTESIAN_POINT('',(-0.909479240936,-8.715892762265,
    2.595294117647));
#2297 = CARTESIAN_POINT('',(-0.876230828195,-8.562933789644,
    2.595294117647));
#2298 = CARTESIAN_POINT('',(-0.867442658408,-8.511546078609,
    2.595294117647));
#2299 = ORIENTED_EDGE('',*,*,#2300,.T.);
#2300 = EDGE_CURVE('',#2292,#2301,#2303,.T.);
#2301 = VERTEX_POINT('',#2302);
#2302 = CARTESIAN_POINT('',(-0.795133732226,-7.810394920553,
    2.595294117647));
#2303 = LINE('',#2304,#2305);
#2304 = CARTESIAN_POINT('',(-0.867442658408,-8.511546078609,
    2.595294117647));
#2305 = VECTOR('',#2306,1.);
#2306 = DIRECTION('',(0.10258478866,0.994724263872,0.));
#2307 = ORIENTED_EDGE('',*,*,#2308,.T.);
#2308 = EDGE_CURVE('',#2301,#2309,#2311,.T.);
#2309 = VERTEX_POINT('',#2310);
#2310 = CARTESIAN_POINT('',(-0.284872496111,-7.352141934458,
    2.595294117647));
#2311 = CIRCLE('',#2312,0.493105882353);
#2312 = AXIS2_PLACEMENT_3D('',#2313,#2314,#2315);
#2313 = CARTESIAN_POINT('',(-0.303236979514,-7.844905728746,
    2.595294117647));
#2314 = DIRECTION('',(0.,0.,-1.));
#2315 = DIRECTION('',(-0.997547931015,6.9986608206E-02,0.));
#2316 = ORIENTED_EDGE('',*,*,#2317,.T.);
#2317 = EDGE_CURVE('',#2309,#2318,#2320,.T.);
#2318 = VERTEX_POINT('',#2319);
#2319 = CARTESIAN_POINT('',(0.284872496111,-7.352141934458,
    2.595294117647));
#2320 = CIRCLE('',#2321,7.357658823529);
#2321 = AXIS2_PLACEMENT_3D('',#2322,#2323,#2324);
#2322 = CARTESIAN_POINT('',(-1.619E-14,-4.178E-13,2.595294117647));
#2323 = DIRECTION('',(0.,0.,1.));
#2324 = DIRECTION('',(-3.871781811894E-02,-0.999250184168,0.));
#2325 = ORIENTED_EDGE('',*,*,#2326,.T.);
#2326 = EDGE_CURVE('',#2318,#2327,#2329,.T.);
#2327 = VERTEX_POINT('',#2328);
#2328 = CARTESIAN_POINT('',(0.795133732226,-7.810394920553,
    2.595294117647));
#2329 = CIRCLE('',#2330,0.493105882353);
#2330 = AXIS2_PLACEMENT_3D('',#2331,#2332,#2333);
#2331 = CARTESIAN_POINT('',(0.303236979514,-7.844905728746,
    2.595294117647));
#2332 = DIRECTION('',(0.,0.,-1.));
#2333 = DIRECTION('',(-3.724247481195E-02,0.999306258396,0.));
#2334 = ORIENTED_EDGE('',*,*,#2335,.T.);
#2335 = EDGE_CURVE('',#2327,#2336,#2338,.T.);
#2336 = VERTEX_POINT('',#2337);
#2337 = CARTESIAN_POINT('',(0.867442658408,-8.511546078609,
    2.595294117647));
#2338 = LINE('',#2339,#2340);
#2339 = CARTESIAN_POINT('',(0.795133732226,-7.810394920553,
    2.595294117647));
#2340 = VECTOR('',#2341,1.);
#2341 = DIRECTION('',(0.10258478866,-0.994724263872,0.));
#2342 = ORIENTED_EDGE('',*,*,#2343,.T.);
#2343 = EDGE_CURVE('',#2336,#2344,#2346,.T.);
#2344 = VERTEX_POINT('',#2345);
#2345 = CARTESIAN_POINT('',(1.023548853891,-8.958869457398,
    2.595294117647));
#2346 = B_SPLINE_CURVE_WITH_KNOTS('',3,(#2347,#2348,#2349,#2350),
  .UNSPECIFIED.,.F.,.F.,(4,4),(0.,1.),.PIECEWISE_BEZIER_KNOTS.);
#2347 = CARTESIAN_POINT('',(0.867442658408,-8.511546078609,
    2.595294117647));
#2348 = CARTESIAN_POINT('',(0.876230828195,-8.562933789644,
    2.595294117647));
#2349 = CARTESIAN_POINT('',(0.909479240936,-8.715892762265,
    2.595294117647));
#2350 = CARTESIAN_POINT('',(1.023548853891,-8.958869457398,
    2.595294117647));
#2351 = ORIENTED_EDGE('',*,*,#2352,.T.);
#2352 = EDGE_CURVE('',#2344,#2353,#2355,.T.);
#2353 = VERTEX_POINT('',#2354);
#2354 = CARTESIAN_POINT('',(1.854360411498,-10.11016041777,
    2.595294117647));
#2355 = B_SPLINE_CURVE_WITH_KNOTS('',3,(#2356,#2357,#2358,#2359),
  .UNSPECIFIED.,.F.,.F.,(4,4),(0.,1.),.PIECEWISE_BEZIER_KNOTS.);
#2356 = CARTESIAN_POINT('',(1.023548853891,-8.958869457398,
    2.595294117647));
#2357 = CARTESIAN_POINT('',(1.161047404204,-9.248554068584,
    2.595294117647));
#2358 = CARTESIAN_POINT('',(1.409751962188,-9.651744187307,
    2.595294117647));
#2359 = CARTESIAN_POINT('',(1.854360411498,-10.11016041777,
    2.595294117647));
#2360 = ORIENTED_EDGE('',*,*,#2361,.T.);
#2361 = EDGE_CURVE('',#2353,#2362,#2364,.T.);
#2362 = VERTEX_POINT('',#2363);
#2363 = CARTESIAN_POINT('',(2.716150496381,-9.911949948357,
    2.595294117647));
#2364 = CIRCLE('',#2365,10.277364705883);
#2365 = AXIS2_PLACEMENT_3D('',#2366,#2367,#2368);
#2366 = CARTESIAN_POINT('',(-1.624553176504E-02,-4.466047632884E-03,
    2.595294117647));
#2367 = DIRECTION('',(-0.,0.,1.));
#2368 = DIRECTION('',(0.182012217801,-0.98329626897,0.));
#2369 = ORIENTED_EDGE('',*,*,#2370,.T.);
#2370 = EDGE_CURVE('',#2362,#2371,#2373,.T.);
#2371 = VERTEX_POINT('',#2372);
#2372 = CARTESIAN_POINT('',(2.964922126309,-8.515763676613,
    2.595294117647));
#2373 = B_SPLINE_CURVE_WITH_KNOTS('',3,(#2374,#2375,#2376,#2377),
  .UNSPECIFIED.,.F.,.F.,(4,4),(0.,1.),.PIECEWISE_BEZIER_KNOTS.);
#2374 = CARTESIAN_POINT('',(2.71615049638,-9.911949948357,2.595294117647
    ));
#2375 = CARTESIAN_POINT('',(2.917592227599,-9.307589486304,
    2.595294117647));
#2376 = CARTESIAN_POINT('',(2.966729655361,-8.836418877935,
    2.595294117647));
#2377 = CARTESIAN_POINT('',(2.964922126309,-8.515763676613,
    2.595294117647));
#2378 = ORIENTED_EDGE('',*,*,#2379,.T.);
#2379 = EDGE_CURVE('',#2371,#2380,#2382,.T.);
#2380 = VERTEX_POINT('',#2381);
#2381 = CARTESIAN_POINT('',(2.911482608342,-8.045007298644,
    2.595294117647));
#2382 = B_SPLINE_CURVE_WITH_KNOTS('',3,(#2383,#2384,#2385,#2386),
  .UNSPECIFIED.,.F.,.F.,(4,4),(0.,1.),.PIECEWISE_BEZIER_KNOTS.);
#2383 = CARTESIAN_POINT('',(2.964922126309,-8.515763676613,
    2.595294117647));
#2384 = CARTESIAN_POINT('',(2.962271659352,-8.247356288484,
    2.595294117647));
#2385 = CARTESIAN_POINT('',(2.925861033167,-8.095119070446,
    2.595294117647));
#2386 = CARTESIAN_POINT('',(2.911482608342,-8.045007298644,
    2.595294117647));
#2387 = ORIENTED_EDGE('',*,*,#2388,.T.);
#2388 = EDGE_CURVE('',#2380,#2389,#2391,.T.);
#2389 = VERTEX_POINT('',#2390);
#2390 = CARTESIAN_POINT('',(2.67241261356,-7.381918266278,2.595294117647
    ));
#2391 = LINE('',#2392,#2393);
#2392 = CARTESIAN_POINT('',(2.911482608342,-8.045007298644,
    2.595294117647));
#2393 = VECTOR('',#2394,1.);
#2394 = DIRECTION('',(-0.339168982097,0.940725465576,0.));
#2395 = ORIENTED_EDGE('',*,*,#2396,.T.);
#2396 = EDGE_CURVE('',#2389,#2397,#2399,.T.);
#2397 = VERTEX_POINT('',#2398);
#2398 = CARTESIAN_POINT('',(2.933313582728,-6.747652539131,
    2.595294117647));
#2399 = CIRCLE('',#2400,0.493105882353);
#2400 = AXIS2_PLACEMENT_3D('',#2401,#2402,#2403);
#2401 = CARTESIAN_POINT('',(3.130569952474,-7.199585427739,
    2.595294117647));
#2402 = DIRECTION('',(0.,0.,-1.));
#2403 = DIRECTION('',(-0.929125681341,-0.369764071094,-0.));
#2404 = ORIENTED_EDGE('',*,*,#2405,.T.);
#2405 = EDGE_CURVE('',#2397,#2406,#2408,.T.);
#2406 = VERTEX_POINT('',#2407);
#2407 = CARTESIAN_POINT('',(3.446636083363,-6.500449451563,
    2.595294117647));
#2408 = CIRCLE('',#2409,7.357658823529);
#2409 = AXIS2_PLACEMENT_3D('',#2410,#2411,#2412);
#2410 = CARTESIAN_POINT('',(2.5529E-13,-5.6302E-13,2.595294117647));
#2411 = DIRECTION('',(-0.,0.,1.));
#2412 = DIRECTION('',(0.398674857463,-0.917092338877,0.));
#2413 = ORIENTED_EDGE('',*,*,#2414,.T.);
#2414 = EDGE_CURVE('',#2406,#2415,#2417,.T.);
#2415 = VERTEX_POINT('',#2416);
#2416 = CARTESIAN_POINT('',(4.105194090669,-6.691927072605,
    2.595294117647));
#2417 = CIRCLE('',#2418,0.493105882353);
#2418 = AXIS2_PLACEMENT_3D('',#2419,#2420,#2421);
#2419 = CARTESIAN_POINT('',(3.676984108752,-6.936446238719,
    2.595294117647));
#2420 = DIRECTION('',(0.,0.,-1.));
#2421 = DIRECTION('',(-0.467137046286,0.88418492409,0.));
#2422 = ORIENTED_EDGE('',*,*,#2423,.T.);
#2423 = EDGE_CURVE('',#2415,#2424,#2426,.T.);
#2424 = VERTEX_POINT('',#2425);
#2425 = CARTESIAN_POINT('',(4.474560268175,-7.292268770443,
    2.595294117647));
#2426 = LINE('',#2427,#2428);
#2427 = CARTESIAN_POINT('',(4.105194090669,-6.691927072605,
    2.595294117647));
#2428 = VECTOR('',#2429,1.);
#2429 = DIRECTION('',(0.524020383903,-0.851705722215,0.));
#2430 = ORIENTED_EDGE('',*,*,#2431,.T.);
#2431 = EDGE_CURVE('',#2424,#2432,#2434,.T.);
#2432 = VERTEX_POINT('',#2433);
#2433 = CARTESIAN_POINT('',(4.809293430575,-7.627561268822,
    2.595294117647));
#2434 = B_SPLINE_CURVE_WITH_KNOTS('',3,(#2435,#2436,#2437,#2438),
  .UNSPECIFIED.,.F.,.F.,(4,4),(0.,1.),.PIECEWISE_BEZIER_KNOTS.);
#2435 = CARTESIAN_POINT('',(4.474560268175,-7.292268770443,
    2.595294117647));
#2436 = CARTESIAN_POINT('',(4.504774427767,-7.334754454312,
    2.595294117647));
#2437 = CARTESIAN_POINT('',(4.601096623526,-7.45813978107,2.595294117647
    ));
#2438 = CARTESIAN_POINT('',(4.809293430575,-7.627561268822,
    2.595294117647));
#2439 = ORIENTED_EDGE('',*,*,#2440,.T.);
#2440 = EDGE_CURVE('',#2432,#2441,#2443,.T.);
#2441 = VERTEX_POINT('',#2442);
#2442 = CARTESIAN_POINT('',(6.057355205774,-8.304362956903,
    2.595294117647));
#2443 = B_SPLINE_CURVE_WITH_KNOTS('',3,(#2444,#2445,#2446,#2447),
  .UNSPECIFIED.,.F.,.F.,(4,4),(0.,1.),.PIECEWISE_BEZIER_KNOTS.);
#2444 = CARTESIAN_POINT('',(4.809293430575,-7.627561268822,
    2.595294117647));
#2445 = CARTESIAN_POINT('',(5.058864786055,-7.828899699877,
    2.595294117647));
#2446 = CARTESIAN_POINT('',(5.457877486391,-8.084252581139,
    2.595294117647));
#2447 = CARTESIAN_POINT('',(6.057355205774,-8.304362956903,
    2.595294117647));
#2448 = ORIENTED_EDGE('',*,*,#2449,.T.);
#2449 = EDGE_CURVE('',#2441,#2450,#2452,.T.);
#2450 = VERTEX_POINT('',#2451);
#2451 = CARTESIAN_POINT('',(6.747800943316,-7.751864790301,
    2.595294117647));
#2452 = CIRCLE('',#2453,10.277364705881);
#2453 = AXIS2_PLACEMENT_3D('',#2454,#2455,#2456);
#2454 = CARTESIAN_POINT('',(-1.269897291591E-02,-1.107244194709E-02,
    2.595294117647));
#2455 = DIRECTION('',(-0.,0.,1.));
#2456 = DIRECTION('',(0.590623603657,-0.806947184643,0.));
#2457 = ORIENTED_EDGE('',*,*,#2458,.T.);
#2458 = EDGE_CURVE('',#2450,#2459,#2461,.T.);
#2459 = VERTEX_POINT('',#2460);
#2460 = CARTESIAN_POINT('',(6.36615391701,-6.386006460687,2.595294117647
    ));
#2461 = B_SPLINE_CURVE_WITH_KNOTS('',3,(#2462,#2463,#2464,#2465),
  .UNSPECIFIED.,.F.,.F.,(4,4),(0.,1.),.PIECEWISE_BEZIER_KNOTS.);
#2462 = CARTESIAN_POINT('',(6.747800943316,-7.751864790301,
    2.595294117647));
#2463 = CARTESIAN_POINT('',(6.66707149479,-7.119952537445,2.595294117647
    ));
#2464 = CARTESIAN_POINT('',(6.506909522131,-6.674122556946,
    2.595294117647));
#2465 = CARTESIAN_POINT('',(6.36615391701,-6.386006460687,2.595294117647
    ));
#2466 = ORIENTED_EDGE('',*,*,#2467,.T.);
#2467 = EDGE_CURVE('',#2459,#2468,#2470,.T.);
#2468 = VERTEX_POINT('',#2469);
#2469 = CARTESIAN_POINT('',(6.113753037519,-5.985056157643,
    2.595294117647));
#2470 = B_SPLINE_CURVE_WITH_KNOTS('',3,(#2471,#2472,#2473,#2474),
  .UNSPECIFIED.,.F.,.F.,(4,4),(0.,1.),.PIECEWISE_BEZIER_KNOTS.);
#2471 = CARTESIAN_POINT('',(6.36615391701,-6.386006460687,2.595294117647
    ));
#2472 = CARTESIAN_POINT('',(6.247308327628,-6.145329754582,
    2.595294117647));
#2473 = CARTESIAN_POINT('',(6.148450233579,-6.023966739227,
    2.595294117647));
#2474 = CARTESIAN_POINT('',(6.113753037519,-5.985056157643,
    2.595294117647));
#2475 = ORIENTED_EDGE('',*,*,#2476,.T.);
#2476 = EDGE_CURVE('',#2468,#2477,#2479,.T.);
#2477 = VERTEX_POINT('',#2478);
#2478 = CARTESIAN_POINT('',(5.61065486624,-5.491362166081,2.595294117647
    ));
#2479 = LINE('',#2480,#2481);
#2480 = CARTESIAN_POINT('',(6.113753037519,-5.985056157643,
    2.595294117647));
#2481 = VECTOR('',#2482,1.);
#2482 = DIRECTION('',(-0.713746176315,0.700404451582,0.));
#2483 = ORIENTED_EDGE('',*,*,#2484,.T.);
#2484 = EDGE_CURVE('',#2477,#2485,#2487,.T.);
#2485 = VERTEX_POINT('',#2486);
#2486 = CARTESIAN_POINT('',(5.570520931778,-4.806707803901,
    2.595294117647));
#2487 = CIRCLE('',#2488,0.493105882353);
#2488 = AXIS2_PLACEMENT_3D('',#2489,#2490,#2491);
#2489 = CARTESIAN_POINT('',(5.944329111454,-5.128298935648,
    2.595294117647));
#2490 = DIRECTION('',(0.,0.,-1.));
#2491 = DIRECTION('',(-0.6766786955,-0.736278441255,-0.));
#2492 = ORIENTED_EDGE('',*,*,#2493,.T.);
#2493 = EDGE_CURVE('',#2485,#2494,#2496,.T.);
#2494 = VERTEX_POINT('',#2495);
#2495 = CARTESIAN_POINT('',(5.925751124088,-4.361263232004,
    2.595294117647));
#2496 = CIRCLE('',#2497,7.357658823528);
#2497 = AXIS2_PLACEMENT_3D('',#2498,#2499,#2500);
#2498 = CARTESIAN_POINT('',(7.3935E-13,-5.9097E-13,2.595294117647));
#2499 = DIRECTION('',(-0.,0.,1.));
#2500 = DIRECTION('',(0.757105088097,-0.653293108472,0.));
#2501 = ORIENTED_EDGE('',*,*,#2502,.T.);
#2502 = EDGE_CURVE('',#2494,#2503,#2505,.T.);
#2503 = VERTEX_POINT('',#2504);
#2504 = CARTESIAN_POINT('',(6.602170412554,-4.248040996828,
    2.595294117647));
#2505 = CIRCLE('',#2506,0.493105882353);
#2506 = AXIS2_PLACEMENT_3D('',#2507,#2508,#2509);
#2507 = CARTESIAN_POINT('',(6.32245944,-4.654138501184,2.595294117647));
#2508 = DIRECTION('',(0.,0.,-1.));
#2509 = DIRECTION('',(-0.804509396683,0.593939921751,0.));
#2510 = ORIENTED_EDGE('',*,*,#2511,.T.);
#2511 = EDGE_CURVE('',#2503,#2512,#2514,.T.);
#2512 = VERTEX_POINT('',#2513);
#2513 = CARTESIAN_POINT('',(7.195436339949,-4.628668198484,
    2.595294117647));
#2514 = LINE('',#2515,#2516);
#2515 = CARTESIAN_POINT('',(6.602170412554,-4.248040996828,
    2.595294117647));
#2516 = VECTOR('',#2517,1.);
#2517 = DIRECTION('',(0.841667315425,-0.539996416789,0.));
#2518 = ORIENTED_EDGE('',*,*,#2519,.T.);
#2519 = EDGE_CURVE('',#2512,#2520,#2522,.T.);
#2520 = VERTEX_POINT('',#2521);
#2521 = CARTESIAN_POINT('',(7.64249846122,-4.785521025056,2.595294117647
    ));
#2522 = B_SPLINE_CURVE_WITH_KNOTS('',3,(#2523,#2524,#2525,#2526),
  .UNSPECIFIED.,.F.,.F.,(4,4),(0.,1.),.PIECEWISE_BEZIER_KNOTS.);
#2523 = CARTESIAN_POINT('',(7.195436339949,-4.628668198484,
    2.595294117647));
#2524 = CARTESIAN_POINT('',(7.241092204487,-4.653837044443,
    2.595294117647));
#2525 = CARTESIAN_POINT('',(7.38141039108,-4.723210748152,2.595294117647
    ));
#2526 = CARTESIAN_POINT('',(7.64249846122,-4.785521025056,2.595294117647
    ));
#2527 = ORIENTED_EDGE('',*,*,#2528,.T.);
#2528 = EDGE_CURVE('',#2520,#2529,#2531,.T.);
#2529 = VERTEX_POINT('',#2530);
#2530 = CARTESIAN_POINT('',(9.06061651296,-4.853784566088,2.595294117647
    ));
#2531 = B_SPLINE_CURVE_WITH_KNOTS('',3,(#2532,#2533,#2534,#2535),
  .UNSPECIFIED.,.F.,.F.,(4,4),(0.,1.),.PIECEWISE_BEZIER_KNOTS.);
#2532 = CARTESIAN_POINT('',(7.64249846122,-4.785521025056,2.595294117647
    ));
#2533 = CARTESIAN_POINT('',(7.954711954122,-4.858635730456,
    2.595294117647));
#2534 = CARTESIAN_POINT('',(8.425003437939,-4.915575604426,
    2.595294117647));
#2535 = CARTESIAN_POINT('',(9.06061651296,-4.853784566088,2.595294117647
    ));
#2536 = ORIENTED_EDGE('',*,*,#2537,.T.);
#2537 = EDGE_CURVE('',#2529,#2538,#2540,.T.);
#2538 = VERTEX_POINT('',#2539);
#2539 = CARTESIAN_POINT('',(9.442966657079,-4.056427740143,
    2.595294117647));
#2540 = CIRCLE('',#2541,10.277364705884);
#2541 = AXIS2_PLACEMENT_3D('',#2542,#2543,#2544);
#2542 = CARTESIAN_POINT('',(-6.637226740383E-03,-1.548580333675E-02,
    2.595294117647));
#2543 = DIRECTION('',(-0.,0.,1.));
#2544 = DIRECTION('',(0.882254741287,-0.470772313838,0.));
#2545 = ORIENTED_EDGE('',*,*,#2546,.T.);
#2546 = EDGE_CURVE('',#2538,#2547,#2549,.T.);
#2547 = VERTEX_POINT('',#2548);
#2548 = CARTESIAN_POINT('',(8.506490848693,-2.991422345993,
    2.595294117647));
#2549 = B_SPLINE_CURVE_WITH_KNOTS('',3,(#2550,#2551,#2552,#2553),
  .UNSPECIFIED.,.F.,.F.,(4,4),(0.,1.),.PIECEWISE_BEZIER_KNOTS.);
#2550 = CARTESIAN_POINT('',(9.442966657079,-4.056427740143,
    2.595294117647));
#2551 = CARTESIAN_POINT('',(9.096055486172,-3.522121668057,
    2.595294117647));
#2552 = CARTESIAN_POINT('',(8.758316156034,-3.189934410812,
    2.595294117647));
#2553 = CARTESIAN_POINT('',(8.506490848693,-2.991422345993,
    2.595294117647));
#2554 = ORIENTED_EDGE('',*,*,#2555,.T.);
#2555 = EDGE_CURVE('',#2547,#2556,#2558,.T.);
#2556 = VERTEX_POINT('',#2557);
#2557 = CARTESIAN_POINT('',(8.105119697355,-2.739691242724,
    2.595294117647));
#2558 = B_SPLINE_CURVE_WITH_KNOTS('',3,(#2559,#2560,#2561,#2562),
  .UNSPECIFIED.,.F.,.F.,(4,4),(0.,1.),.PIECEWISE_BEZIER_KNOTS.);
#2559 = CARTESIAN_POINT('',(8.506490848693,-2.991422345993,
    2.595294117647));
#2560 = CARTESIAN_POINT('',(8.294988963409,-2.826145295261,
    2.595294117647));
#2561 = CARTESIAN_POINT('',(8.153263459438,-2.759693916199,
    2.595294117647));
#2562 = CARTESIAN_POINT('',(8.105119697355,-2.739691242724,
    2.595294117647));
#2563 = ORIENTED_EDGE('',*,*,#2564,.T.);
#2564 = EDGE_CURVE('',#2556,#2565,#2567,.T.);
#2565 = VERTEX_POINT('',#2566);
#2566 = CARTESIAN_POINT('',(7.437638112495,-2.513174441754,
    2.595294117647));
#2567 = LINE('',#2568,#2569);
#2568 = CARTESIAN_POINT('',(8.105119697355,-2.739691242724,
    2.595294117647));
#2569 = VECTOR('',#2570,1.);
#2570 = DIRECTION('',(-0.946957186791,0.321359746056,0.));
#2571 = ORIENTED_EDGE('',*,*,#2572,.T.);
#2572 = EDGE_CURVE('',#2565,#2573,#2575,.T.);
#2573 = VERTEX_POINT('',#2574);
#2574 = CARTESIAN_POINT('',(7.104418292333,-1.913735637706,
    2.595294117647));
#2575 = CIRCLE('',#2576,0.493105882353);
#2576 = AXIS2_PLACEMENT_3D('',#2577,#2578,#2579);
#2577 = CARTESIAN_POINT('',(7.580740987498,-2.041289944893,
    2.595294117647));
#2578 = DIRECTION('',(0.,0.,-1.));
#2579 = DIRECTION('',(-0.290207195095,-0.956963836263,-0.));
#2580 = ORIENTED_EDGE('',*,*,#2581,.T.);
#2581 = EDGE_CURVE('',#2573,#90,#2582,.T.);
#2582 = CIRCLE('',#2583,7.357658823528);
#2583 = AXIS2_PLACEMENT_3D('',#2584,#2585,#2586);
#2584 = CARTESIAN_POINT('',(1.84983E-12,-4.3926E-13,2.595294117647));
#2585 = DIRECTION('',(-0.,0.,1.));
#2586 = DIRECTION('',(0.96558137075,-0.26010116582,0.));
#2587 = ORIENTED_EDGE('',*,*,#97,.T.);
#2588 = FACE_BOUND('',#2589,.T.);
#2589 = EDGE_LOOP('',(#2590));
#2590 = ORIENTED_EDGE('',*,*,#2591,.F.);
#2591 = EDGE_CURVE('',#2592,#2592,#2594,.T.);
#2592 = VERTEX_POINT('',#2593);
#2593 = CARTESIAN_POINT('',(1.881588235294,0.,2.595294117647));
#2594 = CIRCLE('',#2595,1.881588235294);
#2595 = AXIS2_PLACEMENT_3D('',#2596,#2597,#2598);
#2596 = CARTESIAN_POINT('',(0.,0.,2.595294117647));
#2597 = DIRECTION('',(0.,0.,1.));
#2598 = DIRECTION('',(1.,0.,0.));
#2599 = PLANE('',#2600);
#2600 = AXIS2_PLACEMENT_3D('',#2601,#2602,#2603);
#2601 = CARTESIAN_POINT('',(2.5E-16,3.6E-16,2.595294117647));
#2602 = DIRECTION('',(0.,0.,1.));
#2603 = DIRECTION('',(1.,0.,0.));
#2604 = ADVANCED_FACE('',(#2605),#2616,.T.);
#2605 = FACE_BOUND('',#2606,.F.);
#2606 = EDGE_LOOP('',(#2607,#2613,#2614,#2615));
#2607 = ORIENTED_EDGE('',*,*,#2608,.T.);
#2608 = EDGE_CURVE('',#1347,#2573,#2609,.T.);
#2609 = LINE('',#2610,#2611);
#2610 = CARTESIAN_POINT('',(7.104418292333,-1.913735637706,0.));
#2611 = VECTOR('',#2612,1.);
#2612 = DIRECTION('',(0.,0.,1.));
#2613 = ORIENTED_EDGE('',*,*,#2581,.T.);
#2614 = ORIENTED_EDGE('',*,*,#87,.F.);
#2615 = ORIENTED_EDGE('',*,*,#1355,.F.);
#2616 = CYLINDRICAL_SURFACE('',#2617,7.357658823528);
#2617 = AXIS2_PLACEMENT_3D('',#2618,#2619,#2620);
#2618 = CARTESIAN_POINT('',(1.84983E-12,-4.3926E-13,0.));
#2619 = DIRECTION('',(-0.,-0.,-1.));
#2620 = DIRECTION('',(0.96558137075,-0.26010116582,0.));
#2621 = ADVANCED_FACE('',(#2622),#2633,.F.);
#2622 = FACE_BOUND('',#2623,.F.);
#2623 = EDGE_LOOP('',(#2624,#2625,#2626,#2632));
#2624 = ORIENTED_EDGE('',*,*,#130,.T.);
#2625 = ORIENTED_EDGE('',*,*,#1384,.T.);
#2626 = ORIENTED_EDGE('',*,*,#2627,.F.);
#2627 = EDGE_CURVE('',#159,#1385,#2628,.T.);
#2628 = LINE('',#2629,#2630);
#2629 = CARTESIAN_POINT('',(10.269311598585,-0.441854614197,0.));
#2630 = VECTOR('',#2631,1.);
#2631 = DIRECTION('',(0.,0.,1.));
#2632 = ORIENTED_EDGE('',*,*,#158,.F.);
#2633 = SURFACE_OF_LINEAR_EXTRUSION('',#2634,#2639);
#2634 = B_SPLINE_CURVE_WITH_KNOTS('',3,(#2635,#2636,#2637,#2638),
  .UNSPECIFIED.,.F.,.F.,(4,4),(0.,1.),.PIECEWISE_BEZIER_KNOTS.);
#2635 = CARTESIAN_POINT('',(8.962012942528,-0.995649651713,0.));
#2636 = CARTESIAN_POINT('',(9.275030861536,-0.926059367362,0.));
#2637 = CARTESIAN_POINT('',(9.723454132717,-0.773308593677,0.));
#2638 = CARTESIAN_POINT('',(10.269311598585,-0.441854614197,0.));
#2639 = VECTOR('',#2640,1.);
#2640 = DIRECTION('',(-0.,-0.,-1.));
#2641 = ADVANCED_FACE('',(#2642),#2653,.F.);
#2642 = FACE_BOUND('',#2643,.F.);
#2643 = EDGE_LOOP('',(#2644,#2650,#2651,#2652));
#2644 = ORIENTED_EDGE('',*,*,#2645,.T.);
#2645 = EDGE_CURVE('',#1339,#2565,#2646,.T.);
#2646 = LINE('',#2647,#2648);
#2647 = CARTESIAN_POINT('',(7.437638112495,-2.513174441754,0.));
#2648 = VECTOR('',#2649,1.);
#2649 = DIRECTION('',(0.,0.,1.));
#2650 = ORIENTED_EDGE('',*,*,#2572,.T.);
#2651 = ORIENTED_EDGE('',*,*,#2608,.F.);
#2652 = ORIENTED_EDGE('',*,*,#1346,.F.);
#2653 = CYLINDRICAL_SURFACE('',#2654,0.493105882353);
#2654 = AXIS2_PLACEMENT_3D('',#2655,#2656,#2657);
#2655 = CARTESIAN_POINT('',(7.580740987498,-2.041289944893,0.));
#2656 = DIRECTION('',(0.,0.,-1.));
#2657 = DIRECTION('',(-0.290207195095,-0.956963836263,-0.));
#2658 = ADVANCED_FACE('',(#2659),#2670,.T.);
#2659 = FACE_BOUND('',#2660,.F.);
#2660 = EDGE_LOOP('',(#2661,#2662,#2663,#2669));
#2661 = ORIENTED_EDGE('',*,*,#2627,.T.);
#2662 = ORIENTED_EDGE('',*,*,#1393,.T.);
#2663 = ORIENTED_EDGE('',*,*,#2664,.F.);
#2664 = EDGE_CURVE('',#168,#1394,#2665,.T.);
#2665 = LINE('',#2666,#2667);
#2666 = CARTESIAN_POINT('',(10.267837014023,0.442434572771,0.));
#2667 = VECTOR('',#2668,1.);
#2668 = DIRECTION('',(0.,0.,1.));
#2669 = ORIENTED_EDGE('',*,*,#167,.F.);
#2670 = CYLINDRICAL_SURFACE('',#2671,10.277364705883);
#2671 = AXIS2_PLACEMENT_3D('',#2672,#2673,#2674);
#2672 = CARTESIAN_POINT('',(7.391035936635E-04,-1.683201145636E-02,0.));
#2673 = DIRECTION('',(0.,0.,-1.));
#2674 = DIRECTION('',(0.99914450726,-4.135521263513E-02,0.));
#2675 = ADVANCED_FACE('',(#2676),#2687,.F.);
#2676 = FACE_BOUND('',#2677,.F.);
#2677 = EDGE_LOOP('',(#2678,#2684,#2685,#2686));
#2678 = ORIENTED_EDGE('',*,*,#2679,.T.);
#2679 = EDGE_CURVE('',#1330,#2556,#2680,.T.);
#2680 = LINE('',#2681,#2682);
#2681 = CARTESIAN_POINT('',(8.105119697355,-2.739691242724,0.));
#2682 = VECTOR('',#2683,1.);
#2683 = DIRECTION('',(0.,0.,1.));
#2684 = ORIENTED_EDGE('',*,*,#2564,.T.);
#2685 = ORIENTED_EDGE('',*,*,#2645,.F.);
#2686 = ORIENTED_EDGE('',*,*,#1338,.F.);
#2687 = PLANE('',#2688);
#2688 = AXIS2_PLACEMENT_3D('',#2689,#2690,#2691);
#2689 = CARTESIAN_POINT('',(8.105119697355,-2.739691242724,0.));
#2690 = DIRECTION('',(-0.321359746056,-0.946957186791,0.));
#2691 = DIRECTION('',(-0.946957186791,0.321359746056,0.));
#2692 = ADVANCED_FACE('',(#2693),#2704,.F.);
#2693 = FACE_BOUND('',#2694,.F.);
#2694 = EDGE_LOOP('',(#2695,#2696,#2697,#2703));
#2695 = ORIENTED_EDGE('',*,*,#2664,.T.);
#2696 = ORIENTED_EDGE('',*,*,#1402,.T.);
#2697 = ORIENTED_EDGE('',*,*,#2698,.F.);
#2698 = EDGE_CURVE('',#177,#1403,#2699,.T.);
#2699 = LINE('',#2700,#2701);
#2700 = CARTESIAN_POINT('',(8.962012942528,0.995649651713,0.));
#2701 = VECTOR('',#2702,1.);
#2702 = DIRECTION('',(0.,0.,1.));
#2703 = ORIENTED_EDGE('',*,*,#176,.F.);
#2704 = SURFACE_OF_LINEAR_EXTRUSION('',#2705,#2710);
#2705 = B_SPLINE_CURVE_WITH_KNOTS('',3,(#2706,#2707,#2708,#2709),
  .UNSPECIFIED.,.F.,.F.,(4,4),(0.,1.),.PIECEWISE_BEZIER_KNOTS.);
#2706 = CARTESIAN_POINT('',(10.267837014023,0.442434572771,0.));
#2707 = CARTESIAN_POINT('',(9.723454132717,0.773308593677,0.));
#2708 = CARTESIAN_POINT('',(9.275030861536,0.926059367362,0.));
#2709 = CARTESIAN_POINT('',(8.962012942528,0.995649651713,0.));
#2710 = VECTOR('',#2711,1.);
#2711 = DIRECTION('',(-0.,-0.,-1.));
#2712 = ADVANCED_FACE('',(#2713),#2724,.F.);
#2713 = FACE_BOUND('',#2714,.F.);
#2714 = EDGE_LOOP('',(#2715,#2721,#2722,#2723));
#2715 = ORIENTED_EDGE('',*,*,#2716,.T.);
#2716 = EDGE_CURVE('',#1321,#2547,#2717,.T.);
#2717 = LINE('',#2718,#2719);
#2718 = CARTESIAN_POINT('',(8.506490848693,-2.991422345993,0.));
#2719 = VECTOR('',#2720,1.);
#2720 = DIRECTION('',(0.,0.,1.));
#2721 = ORIENTED_EDGE('',*,*,#2555,.T.);
#2722 = ORIENTED_EDGE('',*,*,#2679,.F.);
#2723 = ORIENTED_EDGE('',*,*,#1329,.F.);
#2724 = SURFACE_OF_LINEAR_EXTRUSION('',#2725,#2730);
#2725 = B_SPLINE_CURVE_WITH_KNOTS('',3,(#2726,#2727,#2728,#2729),
  .UNSPECIFIED.,.F.,.F.,(4,4),(0.,1.),.PIECEWISE_BEZIER_KNOTS.);
#2726 = CARTESIAN_POINT('',(8.506490848693,-2.991422345993,0.));
#2727 = CARTESIAN_POINT('',(8.294988963409,-2.826145295261,0.));
#2728 = CARTESIAN_POINT('',(8.153263459438,-2.759693916199,0.));
#2729 = CARTESIAN_POINT('',(8.105119697355,-2.739691242724,0.));
#2730 = VECTOR('',#2731,1.);
#2731 = DIRECTION('',(-0.,-0.,-1.));
#2732 = ADVANCED_FACE('',(#2733),#2744,.F.);
#2733 = FACE_BOUND('',#2734,.F.);
#2734 = EDGE_LOOP('',(#2735,#2736,#2737,#2743));
#2735 = ORIENTED_EDGE('',*,*,#2698,.T.);
#2736 = ORIENTED_EDGE('',*,*,#1411,.T.);
#2737 = ORIENTED_EDGE('',*,*,#2738,.F.);
#2738 = EDGE_CURVE('',#186,#1412,#2739,.T.);
#2739 = LINE('',#2740,#2741);
#2740 = CARTESIAN_POINT('',(8.49116799836,1.048303122925,0.));
#2741 = VECTOR('',#2742,1.);
#2742 = DIRECTION('',(0.,0.,1.));
#2743 = ORIENTED_EDGE('',*,*,#185,.F.);
#2744 = SURFACE_OF_LINEAR_EXTRUSION('',#2745,#2750);
#2745 = B_SPLINE_CURVE_WITH_KNOTS('',3,(#2746,#2747,#2748,#2749),
  .UNSPECIFIED.,.F.,.F.,(4,4),(0.,1.),.PIECEWISE_BEZIER_KNOTS.);
#2746 = CARTESIAN_POINT('',(8.962012942528,0.995649651713,0.));
#2747 = CARTESIAN_POINT('',(8.699745303623,1.052791900184,0.));
#2748 = CARTESIAN_POINT('',(8.54322286394,1.051170132356,0.));
#2749 = CARTESIAN_POINT('',(8.49116799836,1.048303122925,0.));
#2750 = VECTOR('',#2751,1.);
#2751 = DIRECTION('',(-0.,-0.,-1.));
#2752 = ADVANCED_FACE('',(#2753),#2764,.F.);
#2753 = FACE_BOUND('',#2754,.F.);
#2754 = EDGE_LOOP('',(#2755,#2761,#2762,#2763));
#2755 = ORIENTED_EDGE('',*,*,#2756,.T.);
#2756 = EDGE_CURVE('',#1312,#2538,#2757,.T.);
#2757 = LINE('',#2758,#2759);
#2758 = CARTESIAN_POINT('',(9.442966657079,-4.056427740143,0.));
#2759 = VECTOR('',#2760,1.);
#2760 = DIRECTION('',(0.,0.,1.));
#2761 = ORIENTED_EDGE('',*,*,#2546,.T.);
#2762 = ORIENTED_EDGE('',*,*,#2716,.F.);
#2763 = ORIENTED_EDGE('',*,*,#1320,.F.);
#2764 = SURFACE_OF_LINEAR_EXTRUSION('',#2765,#2770);
#2765 = B_SPLINE_CURVE_WITH_KNOTS('',3,(#2766,#2767,#2768,#2769),
  .UNSPECIFIED.,.F.,.F.,(4,4),(0.,1.),.PIECEWISE_BEZIER_KNOTS.);
#2766 = CARTESIAN_POINT('',(9.442966657079,-4.056427740143,0.));
#2767 = CARTESIAN_POINT('',(9.096055486172,-3.522121668057,0.));
#2768 = CARTESIAN_POINT('',(8.758316156034,-3.189934410812,0.));
#2769 = CARTESIAN_POINT('',(8.506490848693,-2.991422345993,0.));
#2770 = VECTOR('',#2771,1.);
#2771 = DIRECTION('',(-0.,-0.,-1.));
#2772 = ADVANCED_FACE('',(#2773),#2784,.F.);
#2773 = FACE_BOUND('',#2774,.F.);
#2774 = EDGE_LOOP('',(#2775,#2776,#2777,#2783));
#2775 = ORIENTED_EDGE('',*,*,#2738,.T.);
#2776 = ORIENTED_EDGE('',*,*,#1420,.T.);
#2777 = ORIENTED_EDGE('',*,*,#2778,.F.);
#2778 = EDGE_CURVE('',#195,#1421,#2779,.T.);
#2779 = LINE('',#2780,#2781);
#2780 = CARTESIAN_POINT('',(7.791505913926,0.962778302825,0.));
#2781 = VECTOR('',#2782,1.);
#2782 = DIRECTION('',(0.,0.,1.));
#2783 = ORIENTED_EDGE('',*,*,#194,.F.);
#2784 = PLANE('',#2785);
#2785 = AXIS2_PLACEMENT_3D('',#2786,#2787,#2788);
#2786 = CARTESIAN_POINT('',(8.49116799836,1.048303122925,0.));
#2787 = DIRECTION('',(0.121334198396,-0.992611712756,0.));
#2788 = DIRECTION('',(-0.992611712756,-0.121334198396,0.));
#2789 = ADVANCED_FACE('',(#2790),#2801,.T.);
#2790 = FACE_BOUND('',#2791,.F.);
#2791 = EDGE_LOOP('',(#2792,#2798,#2799,#2800));
#2792 = ORIENTED_EDGE('',*,*,#2793,.T.);
#2793 = EDGE_CURVE('',#1303,#2529,#2794,.T.);
#2794 = LINE('',#2795,#2796);
#2795 = CARTESIAN_POINT('',(9.06061651296,-4.853784566088,0.));
#2796 = VECTOR('',#2797,1.);
#2797 = DIRECTION('',(0.,0.,1.));
#2798 = ORIENTED_EDGE('',*,*,#2537,.T.);
#2799 = ORIENTED_EDGE('',*,*,#2756,.F.);
#2800 = ORIENTED_EDGE('',*,*,#1311,.F.);
#2801 = CYLINDRICAL_SURFACE('',#2802,10.277364705884);
#2802 = AXIS2_PLACEMENT_3D('',#2803,#2804,#2805);
#2803 = CARTESIAN_POINT('',(-6.637226740383E-03,-1.548580333675E-02,0.)
  );
#2804 = DIRECTION('',(-0.,-0.,-1.));
#2805 = DIRECTION('',(0.882254741287,-0.470772313838,0.));
#2806 = ADVANCED_FACE('',(#2807),#2818,.F.);
#2807 = FACE_BOUND('',#2808,.F.);
#2808 = EDGE_LOOP('',(#2809,#2810,#2811,#2817));
#2809 = ORIENTED_EDGE('',*,*,#2778,.T.);
#2810 = ORIENTED_EDGE('',*,*,#1428,.T.);
#2811 = ORIENTED_EDGE('',*,*,#2812,.F.);
#2812 = EDGE_CURVE('',#203,#1429,#2813,.T.);
#2813 = LINE('',#2814,#2815);
#2814 = CARTESIAN_POINT('',(7.231198480119,1.358275341964,0.));
#2815 = VECTOR('',#2816,1.);
#2816 = DIRECTION('',(0.,0.,1.));
#2817 = ORIENTED_EDGE('',*,*,#202,.F.);
#2818 = CYLINDRICAL_SURFACE('',#2819,0.493105882353);
#2819 = AXIS2_PLACEMENT_3D('',#2820,#2821,#2822);
#2820 = CARTESIAN_POINT('',(7.715694139281,1.450021554226,0.));
#2821 = DIRECTION('',(0.,0.,-1.));
#2822 = DIRECTION('',(0.153743399457,-0.988110807108,0.));
#2823 = ADVANCED_FACE('',(#2824),#2835,.F.);
#2824 = FACE_BOUND('',#2825,.F.);
#2825 = EDGE_LOOP('',(#2826,#2832,#2833,#2834));
#2826 = ORIENTED_EDGE('',*,*,#2827,.T.);
#2827 = EDGE_CURVE('',#1294,#2520,#2828,.T.);
#2828 = LINE('',#2829,#2830);
#2829 = CARTESIAN_POINT('',(7.64249846122,-4.785521025056,0.));
#2830 = VECTOR('',#2831,1.);
#2831 = DIRECTION('',(0.,0.,1.));
#2832 = ORIENTED_EDGE('',*,*,#2528,.T.);
#2833 = ORIENTED_EDGE('',*,*,#2793,.F.);
#2834 = ORIENTED_EDGE('',*,*,#1302,.F.);
#2835 = SURFACE_OF_LINEAR_EXTRUSION('',#2836,#2841);
#2836 = B_SPLINE_CURVE_WITH_KNOTS('',3,(#2837,#2838,#2839,#2840),
  .UNSPECIFIED.,.F.,.F.,(4,4),(0.,1.),.PIECEWISE_BEZIER_KNOTS.);
#2837 = CARTESIAN_POINT('',(7.64249846122,-4.785521025056,0.));
#2838 = CARTESIAN_POINT('',(7.954711954122,-4.858635730456,0.));
#2839 = CARTESIAN_POINT('',(8.425003437939,-4.915575604426,0.));
#2840 = CARTESIAN_POINT('',(9.06061651296,-4.853784566088,0.));
#2841 = VECTOR('',#2842,1.);
#2842 = DIRECTION('',(-0.,-0.,-1.));
#2843 = ADVANCED_FACE('',(#2844),#2855,.T.);
#2844 = FACE_BOUND('',#2845,.F.);
#2845 = EDGE_LOOP('',(#2846,#2847,#2848,#2854));
#2846 = ORIENTED_EDGE('',*,*,#2812,.T.);
#2847 = ORIENTED_EDGE('',*,*,#1437,.T.);
#2848 = ORIENTED_EDGE('',*,*,#2849,.F.);
#2849 = EDGE_CURVE('',#212,#1438,#2850,.T.);
#2850 = LINE('',#2851,#2852);
#2851 = CARTESIAN_POINT('',(7.104418292333,1.913735637706,0.));
#2852 = VECTOR('',#2853,1.);
#2853 = DIRECTION('',(0.,0.,1.));
#2854 = ORIENTED_EDGE('',*,*,#211,.F.);
#2855 = CYLINDRICAL_SURFACE('',#2856,7.357658823528);
#2856 = AXIS2_PLACEMENT_3D('',#2857,#2858,#2859);
#2857 = CARTESIAN_POINT('',(8.9322E-13,2.0515E-13,0.));
#2858 = DIRECTION('',(-0.,-0.,-1.));
#2859 = DIRECTION('',(0.982812420847,0.184607002654,0.));
#2860 = ADVANCED_FACE('',(#2861),#2872,.F.);
#2861 = FACE_BOUND('',#2862,.F.);
#2862 = EDGE_LOOP('',(#2863,#2869,#2870,#2871));
#2863 = ORIENTED_EDGE('',*,*,#2864,.T.);
#2864 = EDGE_CURVE('',#1286,#2512,#2865,.T.);
#2865 = LINE('',#2866,#2867);
#2866 = CARTESIAN_POINT('',(7.195436339949,-4.628668198484,0.));
#2867 = VECTOR('',#2868,1.);
#2868 = DIRECTION('',(0.,0.,1.));
#2869 = ORIENTED_EDGE('',*,*,#2519,.T.);
#2870 = ORIENTED_EDGE('',*,*,#2827,.F.);
#2871 = ORIENTED_EDGE('',*,*,#1293,.F.);
#2872 = SURFACE_OF_LINEAR_EXTRUSION('',#2873,#2878);
#2873 = B_SPLINE_CURVE_WITH_KNOTS('',3,(#2874,#2875,#2876,#2877),
  .UNSPECIFIED.,.F.,.F.,(4,4),(0.,1.),.PIECEWISE_BEZIER_KNOTS.);
#2874 = CARTESIAN_POINT('',(7.195436339949,-4.628668198484,0.));
#2875 = CARTESIAN_POINT('',(7.241092204487,-4.653837044443,0.));
#2876 = CARTESIAN_POINT('',(7.38141039108,-4.723210748152,0.));
#2877 = CARTESIAN_POINT('',(7.64249846122,-4.785521025056,0.));
#2878 = VECTOR('',#2879,1.);
#2879 = DIRECTION('',(-0.,-0.,-1.));
#2880 = ADVANCED_FACE('',(#2881),#2892,.F.);
#2881 = FACE_BOUND('',#2882,.F.);
#2882 = EDGE_LOOP('',(#2883,#2884,#2885,#2891));
#2883 = ORIENTED_EDGE('',*,*,#2849,.T.);
#2884 = ORIENTED_EDGE('',*,*,#1446,.T.);
#2885 = ORIENTED_EDGE('',*,*,#2886,.F.);
#2886 = EDGE_CURVE('',#221,#1447,#2887,.T.);
#2887 = LINE('',#2888,#2889);
#2888 = CARTESIAN_POINT('',(7.437638112495,2.513174441754,0.));
#2889 = VECTOR('',#2890,1.);
#2890 = DIRECTION('',(0.,0.,1.));
#2891 = ORIENTED_EDGE('',*,*,#220,.F.);
#2892 = CYLINDRICAL_SURFACE('',#2893,0.493105882353);
#2893 = AXIS2_PLACEMENT_3D('',#2894,#2895,#2896);
#2894 = CARTESIAN_POINT('',(7.580740987498,2.041289944893,0.));
#2895 = DIRECTION('',(0.,0.,-1.));
#2896 = DIRECTION('',(-0.96596433385,-0.25867529014,-0.));
#2897 = ADVANCED_FACE('',(#2898),#2909,.F.);
#2898 = FACE_BOUND('',#2899,.F.);
#2899 = EDGE_LOOP('',(#2900,#2906,#2907,#2908));
#2900 = ORIENTED_EDGE('',*,*,#2901,.T.);
#2901 = EDGE_CURVE('',#1277,#2503,#2902,.T.);
#2902 = LINE('',#2903,#2904);
#2903 = CARTESIAN_POINT('',(6.602170412554,-4.248040996828,0.));
#2904 = VECTOR('',#2905,1.);
#2905 = DIRECTION('',(0.,0.,1.));
#2906 = ORIENTED_EDGE('',*,*,#2511,.T.);
#2907 = ORIENTED_EDGE('',*,*,#2864,.F.);
#2908 = ORIENTED_EDGE('',*,*,#1285,.F.);
#2909 = PLANE('',#2910);
#2910 = AXIS2_PLACEMENT_3D('',#2911,#2912,#2913);
#2911 = CARTESIAN_POINT('',(6.602170412554,-4.248040996828,0.));
#2912 = DIRECTION('',(0.539996416789,0.841667315425,0.));
#2913 = DIRECTION('',(0.841667315425,-0.539996416789,0.));
#2914 = ADVANCED_FACE('',(#2915),#2926,.F.);
#2915 = FACE_BOUND('',#2916,.F.);
#2916 = EDGE_LOOP('',(#2917,#2918,#2919,#2925));
#2917 = ORIENTED_EDGE('',*,*,#2886,.T.);
#2918 = ORIENTED_EDGE('',*,*,#1455,.T.);
#2919 = ORIENTED_EDGE('',*,*,#2920,.F.);
#2920 = EDGE_CURVE('',#230,#1456,#2921,.T.);
#2921 = LINE('',#2922,#2923);
#2922 = CARTESIAN_POINT('',(8.105119697355,2.739691242724,0.));
#2923 = VECTOR('',#2924,1.);
#2924 = DIRECTION('',(0.,0.,1.));
#2925 = ORIENTED_EDGE('',*,*,#229,.F.);
#2926 = PLANE('',#2927);
#2927 = AXIS2_PLACEMENT_3D('',#2928,#2929,#2930);
#2928 = CARTESIAN_POINT('',(7.437638112495,2.513174441754,0.));
#2929 = DIRECTION('',(-0.321359746056,0.946957186791,0.));
#2930 = DIRECTION('',(0.946957186791,0.321359746056,0.));
#2931 = ADVANCED_FACE('',(#2932),#2943,.F.);
#2932 = FACE_BOUND('',#2933,.F.);
#2933 = EDGE_LOOP('',(#2934,#2940,#2941,#2942));
#2934 = ORIENTED_EDGE('',*,*,#2935,.T.);
#2935 = EDGE_CURVE('',#1268,#2494,#2936,.T.);
#2936 = LINE('',#2937,#2938);
#2937 = CARTESIAN_POINT('',(5.925751124088,-4.361263232004,0.));
#2938 = VECTOR('',#2939,1.);
#2939 = DIRECTION('',(0.,0.,1.));
#2940 = ORIENTED_EDGE('',*,*,#2502,.T.);
#2941 = ORIENTED_EDGE('',*,*,#2901,.F.);
#2942 = ORIENTED_EDGE('',*,*,#1276,.F.);
#2943 = CYLINDRICAL_SURFACE('',#2944,0.493105882353);
#2944 = AXIS2_PLACEMENT_3D('',#2945,#2946,#2947);
#2945 = CARTESIAN_POINT('',(6.32245944,-4.654138501184,0.));
#2946 = DIRECTION('',(0.,0.,-1.));
#2947 = DIRECTION('',(-0.804509396683,0.593939921751,0.));
#2948 = ADVANCED_FACE('',(#2949),#2960,.F.);
#2949 = FACE_BOUND('',#2950,.F.);
#2950 = EDGE_LOOP('',(#2951,#2952,#2953,#2959));
#2951 = ORIENTED_EDGE('',*,*,#2920,.T.);
#2952 = ORIENTED_EDGE('',*,*,#1463,.T.);
#2953 = ORIENTED_EDGE('',*,*,#2954,.F.);
#2954 = EDGE_CURVE('',#238,#1464,#2955,.T.);
#2955 = LINE('',#2956,#2957);
#2956 = CARTESIAN_POINT('',(8.506490848693,2.991422345993,0.));
#2957 = VECTOR('',#2958,1.);
#2958 = DIRECTION('',(0.,0.,1.));
#2959 = ORIENTED_EDGE('',*,*,#237,.F.);
#2960 = SURFACE_OF_LINEAR_EXTRUSION('',#2961,#2966);
#2961 = B_SPLINE_CURVE_WITH_KNOTS('',3,(#2962,#2963,#2964,#2965),
  .UNSPECIFIED.,.F.,.F.,(4,4),(0.,1.),.PIECEWISE_BEZIER_KNOTS.);
#2962 = CARTESIAN_POINT('',(8.105119697355,2.739691242724,0.));
#2963 = CARTESIAN_POINT('',(8.153263459438,2.759693916199,0.));
#2964 = CARTESIAN_POINT('',(8.294988963409,2.826145295261,0.));
#2965 = CARTESIAN_POINT('',(8.506490848693,2.991422345993,0.));
#2966 = VECTOR('',#2967,1.);
#2967 = DIRECTION('',(-0.,-0.,-1.));
#2968 = ADVANCED_FACE('',(#2969),#2980,.T.);
#2969 = FACE_BOUND('',#2970,.F.);
#2970 = EDGE_LOOP('',(#2971,#2977,#2978,#2979));
#2971 = ORIENTED_EDGE('',*,*,#2972,.T.);
#2972 = EDGE_CURVE('',#1259,#2485,#2973,.T.);
#2973 = LINE('',#2974,#2975);
#2974 = CARTESIAN_POINT('',(5.570520931778,-4.806707803901,0.));
#2975 = VECTOR('',#2976,1.);
#2976 = DIRECTION('',(0.,0.,1.));
#2977 = ORIENTED_EDGE('',*,*,#2493,.T.);
#2978 = ORIENTED_EDGE('',*,*,#2935,.F.);
#2979 = ORIENTED_EDGE('',*,*,#1267,.F.);
#2980 = CYLINDRICAL_SURFACE('',#2981,7.357658823528);
#2981 = AXIS2_PLACEMENT_3D('',#2982,#2983,#2984);
#2982 = CARTESIAN_POINT('',(7.3935E-13,-5.9097E-13,0.));
#2983 = DIRECTION('',(-0.,-0.,-1.));
#2984 = DIRECTION('',(0.757105088097,-0.653293108472,0.));
#2985 = ADVANCED_FACE('',(#2986),#2997,.F.);
#2986 = FACE_BOUND('',#2987,.F.);
#2987 = EDGE_LOOP('',(#2988,#2989,#2990,#2996));
#2988 = ORIENTED_EDGE('',*,*,#2954,.T.);
#2989 = ORIENTED_EDGE('',*,*,#1472,.T.);
#2990 = ORIENTED_EDGE('',*,*,#2991,.F.);
#2991 = EDGE_CURVE('',#247,#1473,#2992,.T.);
#2992 = LINE('',#2993,#2994);
#2993 = CARTESIAN_POINT('',(9.444043577268,4.057590063027,0.));
#2994 = VECTOR('',#2995,1.);
#2995 = DIRECTION('',(0.,0.,1.));
#2996 = ORIENTED_EDGE('',*,*,#246,.F.);
#2997 = SURFACE_OF_LINEAR_EXTRUSION('',#2998,#3003);
#2998 = B_SPLINE_CURVE_WITH_KNOTS('',3,(#2999,#3000,#3001,#3002),
  .UNSPECIFIED.,.F.,.F.,(4,4),(0.,1.),.PIECEWISE_BEZIER_KNOTS.);
#2999 = CARTESIAN_POINT('',(8.506490848693,2.991422345993,0.));
#3000 = CARTESIAN_POINT('',(8.758316156034,3.189934410812,0.));
#3001 = CARTESIAN_POINT('',(9.096055486172,3.522121668057,0.));
#3002 = CARTESIAN_POINT('',(9.444043577268,4.057590063027,0.));
#3003 = VECTOR('',#3004,1.);
#3004 = DIRECTION('',(-0.,-0.,-1.));
#3005 = ADVANCED_FACE('',(#3006),#3017,.F.);
#3006 = FACE_BOUND('',#3007,.F.);
#3007 = EDGE_LOOP('',(#3008,#3014,#3015,#3016));
#3008 = ORIENTED_EDGE('',*,*,#3009,.T.);
#3009 = EDGE_CURVE('',#1251,#2477,#3010,.T.);
#3010 = LINE('',#3011,#3012);
#3011 = CARTESIAN_POINT('',(5.61065486624,-5.491362166081,0.));
#3012 = VECTOR('',#3013,1.);
#3013 = DIRECTION('',(0.,0.,1.));
#3014 = ORIENTED_EDGE('',*,*,#2484,.T.);
#3015 = ORIENTED_EDGE('',*,*,#2972,.F.);
#3016 = ORIENTED_EDGE('',*,*,#1258,.F.);
#3017 = CYLINDRICAL_SURFACE('',#3018,0.493105882353);
#3018 = AXIS2_PLACEMENT_3D('',#3019,#3020,#3021);
#3019 = CARTESIAN_POINT('',(5.944329111454,-5.128298935648,0.));
#3020 = DIRECTION('',(0.,0.,-1.));
#3021 = DIRECTION('',(-0.6766786955,-0.736278441255,-0.));
#3022 = ADVANCED_FACE('',(#3023),#3034,.T.);
#3023 = FACE_BOUND('',#3024,.F.);
#3024 = EDGE_LOOP('',(#3025,#3026,#3027,#3033));
#3025 = ORIENTED_EDGE('',*,*,#2991,.T.);
#3026 = ORIENTED_EDGE('',*,*,#1481,.T.);
#3027 = ORIENTED_EDGE('',*,*,#3028,.F.);
#3028 = EDGE_CURVE('',#256,#1482,#3029,.T.);
#3029 = LINE('',#3030,#3031);
#3030 = CARTESIAN_POINT('',(9.059036323582,4.853667292444,0.));
#3031 = VECTOR('',#3032,1.);
#3032 = DIRECTION('',(0.,0.,1.));
#3033 = ORIENTED_EDGE('',*,*,#255,.F.);
#3034 = CYLINDRICAL_SURFACE('',#3035,10.277364705884);
#3035 = AXIS2_PLACEMENT_3D('',#3036,#3037,#3038);
#3036 = CARTESIAN_POINT('',(7.969045394155E-03,-1.484443327623E-02,0.));
#3037 = DIRECTION('',(-0.,-0.,-1.));
#3038 = DIRECTION('',(0.918141449867,0.396252795619,0.));
#3039 = ADVANCED_FACE('',(#3040),#3051,.F.);
#3040 = FACE_BOUND('',#3041,.F.);
#3041 = EDGE_LOOP('',(#3042,#3048,#3049,#3050));
#3042 = ORIENTED_EDGE('',*,*,#3043,.T.);
#3043 = EDGE_CURVE('',#1242,#2468,#3044,.T.);
#3044 = LINE('',#3045,#3046);
#3045 = CARTESIAN_POINT('',(6.113753037519,-5.985056157643,0.));
#3046 = VECTOR('',#3047,1.);
#3047 = DIRECTION('',(0.,0.,1.));
#3048 = ORIENTED_EDGE('',*,*,#2476,.T.);
#3049 = ORIENTED_EDGE('',*,*,#3009,.F.);
#3050 = ORIENTED_EDGE('',*,*,#1250,.F.);
#3051 = PLANE('',#3052);
#3052 = AXIS2_PLACEMENT_3D('',#3053,#3054,#3055);
#3053 = CARTESIAN_POINT('',(6.113753037519,-5.985056157643,0.));
#3054 = DIRECTION('',(-0.700404451582,-0.713746176315,0.));
#3055 = DIRECTION('',(-0.713746176315,0.700404451582,0.));
#3056 = ADVANCED_FACE('',(#3057),#3068,.F.);
#3057 = FACE_BOUND('',#3058,.F.);
#3058 = EDGE_LOOP('',(#3059,#3060,#3061,#3067));
#3059 = ORIENTED_EDGE('',*,*,#3028,.T.);
#3060 = ORIENTED_EDGE('',*,*,#1490,.T.);
#3061 = ORIENTED_EDGE('',*,*,#3062,.F.);
#3062 = EDGE_CURVE('',#265,#1491,#3063,.T.);
#3063 = LINE('',#3064,#3065);
#3064 = CARTESIAN_POINT('',(7.64249846122,4.785521025056,0.));
#3065 = VECTOR('',#3066,1.);
#3066 = DIRECTION('',(0.,0.,1.));
#3067 = ORIENTED_EDGE('',*,*,#264,.F.);
#3068 = SURFACE_OF_LINEAR_EXTRUSION('',#3069,#3074);
#3069 = B_SPLINE_CURVE_WITH_KNOTS('',3,(#3070,#3071,#3072,#3073),
  .UNSPECIFIED.,.F.,.F.,(4,4),(0.,1.),.PIECEWISE_BEZIER_KNOTS.);
#3070 = CARTESIAN_POINT('',(9.059036323582,4.853667292444,0.));
#3071 = CARTESIAN_POINT('',(8.425003437939,4.915575604426,0.));
#3072 = CARTESIAN_POINT('',(7.954711954122,4.858635730456,0.));
#3073 = CARTESIAN_POINT('',(7.64249846122,4.785521025056,0.));
#3074 = VECTOR('',#3075,1.);
#3075 = DIRECTION('',(-0.,-0.,-1.));
#3076 = ADVANCED_FACE('',(#3077),#3088,.F.);
#3077 = FACE_BOUND('',#3078,.F.);
#3078 = EDGE_LOOP('',(#3079,#3085,#3086,#3087));
#3079 = ORIENTED_EDGE('',*,*,#3080,.T.);
#3080 = EDGE_CURVE('',#1233,#2459,#3081,.T.);
#3081 = LINE('',#3082,#3083);
#3082 = CARTESIAN_POINT('',(6.36615391701,-6.386006460687,0.));
#3083 = VECTOR('',#3084,1.);
#3084 = DIRECTION('',(0.,0.,1.));
#3085 = ORIENTED_EDGE('',*,*,#2467,.T.);
#3086 = ORIENTED_EDGE('',*,*,#3043,.F.);
#3087 = ORIENTED_EDGE('',*,*,#1241,.F.);
#3088 = SURFACE_OF_LINEAR_EXTRUSION('',#3089,#3094);
#3089 = B_SPLINE_CURVE_WITH_KNOTS('',3,(#3090,#3091,#3092,#3093),
  .UNSPECIFIED.,.F.,.F.,(4,4),(0.,1.),.PIECEWISE_BEZIER_KNOTS.);
#3090 = CARTESIAN_POINT('',(6.36615391701,-6.386006460687,0.));
#3091 = CARTESIAN_POINT('',(6.247308327628,-6.145329754582,0.));
#3092 = CARTESIAN_POINT('',(6.148450233579,-6.023966739227,0.));
#3093 = CARTESIAN_POINT('',(6.113753037519,-5.985056157643,0.));
#3094 = VECTOR('',#3095,1.);
#3095 = DIRECTION('',(-0.,-0.,-1.));
#3096 = ADVANCED_FACE('',(#3097),#3108,.F.);
#3097 = FACE_BOUND('',#3098,.F.);
#3098 = EDGE_LOOP('',(#3099,#3100,#3101,#3107));
#3099 = ORIENTED_EDGE('',*,*,#3062,.T.);
#3100 = ORIENTED_EDGE('',*,*,#1499,.T.);
#3101 = ORIENTED_EDGE('',*,*,#3102,.F.);
#3102 = EDGE_CURVE('',#274,#1500,#3103,.T.);
#3103 = LINE('',#3104,#3105);
#3104 = CARTESIAN_POINT('',(7.195436339949,4.628668198484,0.));
#3105 = VECTOR('',#3106,1.);
#3106 = DIRECTION('',(0.,0.,1.));
#3107 = ORIENTED_EDGE('',*,*,#273,.F.);
#3108 = SURFACE_OF_LINEAR_EXTRUSION('',#3109,#3114);
#3109 = B_SPLINE_CURVE_WITH_KNOTS('',3,(#3110,#3111,#3112,#3113),
  .UNSPECIFIED.,.F.,.F.,(4,4),(0.,1.),.PIECEWISE_BEZIER_KNOTS.);
#3110 = CARTESIAN_POINT('',(7.64249846122,4.785521025056,0.));
#3111 = CARTESIAN_POINT('',(7.38141039108,4.723210748152,0.));
#3112 = CARTESIAN_POINT('',(7.241092204487,4.653837044443,0.));
#3113 = CARTESIAN_POINT('',(7.195436339949,4.628668198484,0.));
#3114 = VECTOR('',#3115,1.);
#3115 = DIRECTION('',(-0.,-0.,-1.));
#3116 = ADVANCED_FACE('',(#3117),#3128,.F.);
#3117 = FACE_BOUND('',#3118,.F.);
#3118 = EDGE_LOOP('',(#3119,#3125,#3126,#3127));
#3119 = ORIENTED_EDGE('',*,*,#3120,.T.);
#3120 = EDGE_CURVE('',#1224,#2450,#3121,.T.);
#3121 = LINE('',#3122,#3123);
#3122 = CARTESIAN_POINT('',(6.747800943316,-7.751864790301,0.));
#3123 = VECTOR('',#3124,1.);
#3124 = DIRECTION('',(0.,0.,1.));
#3125 = ORIENTED_EDGE('',*,*,#2458,.T.);
#3126 = ORIENTED_EDGE('',*,*,#3080,.F.);
#3127 = ORIENTED_EDGE('',*,*,#1232,.F.);
#3128 = SURFACE_OF_LINEAR_EXTRUSION('',#3129,#3134);
#3129 = B_SPLINE_CURVE_WITH_KNOTS('',3,(#3130,#3131,#3132,#3133),
  .UNSPECIFIED.,.F.,.F.,(4,4),(0.,1.),.PIECEWISE_BEZIER_KNOTS.);
#3130 = CARTESIAN_POINT('',(6.747800943316,-7.751864790301,0.));
#3131 = CARTESIAN_POINT('',(6.66707149479,-7.119952537445,0.));
#3132 = CARTESIAN_POINT('',(6.506909522131,-6.674122556946,0.));
#3133 = CARTESIAN_POINT('',(6.36615391701,-6.386006460687,0.));
#3134 = VECTOR('',#3135,1.);
#3135 = DIRECTION('',(-0.,-0.,-1.));
#3136 = ADVANCED_FACE('',(#3137),#3148,.F.);
#3137 = FACE_BOUND('',#3138,.F.);
#3138 = EDGE_LOOP('',(#3139,#3140,#3141,#3147));
#3139 = ORIENTED_EDGE('',*,*,#3102,.T.);
#3140 = ORIENTED_EDGE('',*,*,#1508,.T.);
#3141 = ORIENTED_EDGE('',*,*,#3142,.F.);
#3142 = EDGE_CURVE('',#283,#1509,#3143,.T.);
#3143 = LINE('',#3144,#3145);
#3144 = CARTESIAN_POINT('',(6.602170412554,4.248040996828,0.));
#3145 = VECTOR('',#3146,1.);
#3146 = DIRECTION('',(0.,0.,1.));
#3147 = ORIENTED_EDGE('',*,*,#282,.F.);
#3148 = PLANE('',#3149);
#3149 = AXIS2_PLACEMENT_3D('',#3150,#3151,#3152);
#3150 = CARTESIAN_POINT('',(7.195436339949,4.628668198484,0.));
#3151 = DIRECTION('',(0.539996416789,-0.841667315425,0.));
#3152 = DIRECTION('',(-0.841667315425,-0.539996416789,0.));
#3153 = ADVANCED_FACE('',(#3154),#3165,.T.);
#3154 = FACE_BOUND('',#3155,.F.);
#3155 = EDGE_LOOP('',(#3156,#3162,#3163,#3164));
#3156 = ORIENTED_EDGE('',*,*,#3157,.T.);
#3157 = EDGE_CURVE('',#1215,#2441,#3158,.T.);
#3158 = LINE('',#3159,#3160);
#3159 = CARTESIAN_POINT('',(6.057355205774,-8.304362956903,0.));
#3160 = VECTOR('',#3161,1.);
#3161 = DIRECTION('',(0.,0.,1.));
#3162 = ORIENTED_EDGE('',*,*,#2449,.T.);
#3163 = ORIENTED_EDGE('',*,*,#3120,.F.);
#3164 = ORIENTED_EDGE('',*,*,#1223,.F.);
#3165 = CYLINDRICAL_SURFACE('',#3166,10.277364705881);
#3166 = AXIS2_PLACEMENT_3D('',#3167,#3168,#3169);
#3167 = CARTESIAN_POINT('',(-1.269897291591E-02,-1.107244194709E-02,0.)
  );
#3168 = DIRECTION('',(-0.,-0.,-1.));
#3169 = DIRECTION('',(0.590623603657,-0.806947184643,0.));
#3170 = ADVANCED_FACE('',(#3171),#3182,.F.);
#3171 = FACE_BOUND('',#3172,.F.);
#3172 = EDGE_LOOP('',(#3173,#3174,#3175,#3181));
#3173 = ORIENTED_EDGE('',*,*,#3142,.T.);
#3174 = ORIENTED_EDGE('',*,*,#1516,.T.);
#3175 = ORIENTED_EDGE('',*,*,#3176,.F.);
#3176 = EDGE_CURVE('',#291,#1517,#3177,.T.);
#3177 = LINE('',#3178,#3179);
#3178 = CARTESIAN_POINT('',(5.925751124088,4.361263232004,0.));
#3179 = VECTOR('',#3180,1.);
#3180 = DIRECTION('',(0.,0.,1.));
#3181 = ORIENTED_EDGE('',*,*,#290,.F.);
#3182 = CYLINDRICAL_SURFACE('',#3183,0.493105882353);
#3183 = AXIS2_PLACEMENT_3D('',#3184,#3185,#3186);
#3184 = CARTESIAN_POINT('',(6.32245944,4.654138501184,0.));
#3185 = DIRECTION('',(0.,0.,-1.));
#3186 = DIRECTION('',(0.567243228206,-0.823550314221,0.));
#3187 = ADVANCED_FACE('',(#3188),#3199,.F.);
#3188 = FACE_BOUND('',#3189,.F.);
#3189 = EDGE_LOOP('',(#3190,#3196,#3197,#3198));
#3190 = ORIENTED_EDGE('',*,*,#3191,.T.);
#3191 = EDGE_CURVE('',#1206,#2432,#3192,.T.);
#3192 = LINE('',#3193,#3194);
#3193 = CARTESIAN_POINT('',(4.809293430575,-7.627561268822,0.));
#3194 = VECTOR('',#3195,1.);
#3195 = DIRECTION('',(0.,0.,1.));
#3196 = ORIENTED_EDGE('',*,*,#2440,.T.);
#3197 = ORIENTED_EDGE('',*,*,#3157,.F.);
#3198 = ORIENTED_EDGE('',*,*,#1214,.F.);
#3199 = SURFACE_OF_LINEAR_EXTRUSION('',#3200,#3205);
#3200 = B_SPLINE_CURVE_WITH_KNOTS('',3,(#3201,#3202,#3203,#3204),
  .UNSPECIFIED.,.F.,.F.,(4,4),(0.,1.),.PIECEWISE_BEZIER_KNOTS.);
#3201 = CARTESIAN_POINT('',(4.809293430575,-7.627561268822,0.));
#3202 = CARTESIAN_POINT('',(5.058864786055,-7.828899699877,0.));
#3203 = CARTESIAN_POINT('',(5.457877486391,-8.084252581139,0.));
#3204 = CARTESIAN_POINT('',(6.057355205774,-8.304362956903,0.));
#3205 = VECTOR('',#3206,1.);
#3206 = DIRECTION('',(-0.,-0.,-1.));
#3207 = ADVANCED_FACE('',(#3208),#3219,.T.);
#3208 = FACE_BOUND('',#3209,.F.);
#3209 = EDGE_LOOP('',(#3210,#3211,#3212,#3218));
#3210 = ORIENTED_EDGE('',*,*,#3176,.T.);
#3211 = ORIENTED_EDGE('',*,*,#1525,.T.);
#3212 = ORIENTED_EDGE('',*,*,#3213,.F.);
#3213 = EDGE_CURVE('',#300,#1526,#3214,.T.);
#3214 = LINE('',#3215,#3216);
#3215 = CARTESIAN_POINT('',(5.570520931778,4.806707803901,0.));
#3216 = VECTOR('',#3217,1.);
#3217 = DIRECTION('',(0.,0.,1.));
#3218 = ORIENTED_EDGE('',*,*,#299,.F.);
#3219 = CYLINDRICAL_SURFACE('',#3220,7.357658823529);
#3220 = AXIS2_PLACEMENT_3D('',#3221,#3222,#3223);
#3221 = CARTESIAN_POINT('',(-3.515E-14,-1.412E-14,0.));
#3222 = DIRECTION('',(-0.,-0.,-1.));
#3223 = DIRECTION('',(0.805385417592,0.592751490196,0.));
#3224 = ADVANCED_FACE('',(#3225),#3236,.F.);
#3225 = FACE_BOUND('',#3226,.F.);
#3226 = EDGE_LOOP('',(#3227,#3233,#3234,#3235));
#3227 = ORIENTED_EDGE('',*,*,#3228,.T.);
#3228 = EDGE_CURVE('',#1198,#2424,#3229,.T.);
#3229 = LINE('',#3230,#3231);
#3230 = CARTESIAN_POINT('',(4.474560268175,-7.292268770443,0.));
#3231 = VECTOR('',#3232,1.);
#3232 = DIRECTION('',(0.,0.,1.));
#3233 = ORIENTED_EDGE('',*,*,#2431,.T.);
#3234 = ORIENTED_EDGE('',*,*,#3191,.F.);
#3235 = ORIENTED_EDGE('',*,*,#1205,.F.);
#3236 = SURFACE_OF_LINEAR_EXTRUSION('',#3237,#3242);
#3237 = B_SPLINE_CURVE_WITH_KNOTS('',3,(#3238,#3239,#3240,#3241),
  .UNSPECIFIED.,.F.,.F.,(4,4),(0.,1.),.PIECEWISE_BEZIER_KNOTS.);
#3238 = CARTESIAN_POINT('',(4.474560268175,-7.292268770443,0.));
#3239 = CARTESIAN_POINT('',(4.504774427767,-7.334754454312,0.));
#3240 = CARTESIAN_POINT('',(4.601096623526,-7.45813978107,0.));
#3241 = CARTESIAN_POINT('',(4.809293430575,-7.627561268822,0.));
#3242 = VECTOR('',#3243,1.);
#3243 = DIRECTION('',(-0.,-0.,-1.));
#3244 = ADVANCED_FACE('',(#3245),#3256,.F.);
#3245 = FACE_BOUND('',#3246,.F.);
#3246 = EDGE_LOOP('',(#3247,#3248,#3249,#3255));
#3247 = ORIENTED_EDGE('',*,*,#3213,.T.);
#3248 = ORIENTED_EDGE('',*,*,#1534,.T.);
#3249 = ORIENTED_EDGE('',*,*,#3250,.F.);
#3250 = EDGE_CURVE('',#309,#1535,#3251,.T.);
#3251 = LINE('',#3252,#3253);
#3252 = CARTESIAN_POINT('',(5.61065486624,5.491362166081,0.));
#3253 = VECTOR('',#3254,1.);
#3254 = DIRECTION('',(0.,0.,1.));
#3255 = ORIENTED_EDGE('',*,*,#308,.F.);
#3256 = CYLINDRICAL_SURFACE('',#3257,0.493105882353);
#3257 = AXIS2_PLACEMENT_3D('',#3258,#3259,#3260);
#3258 = CARTESIAN_POINT('',(5.944329111454,5.128298935648,0.));
#3259 = DIRECTION('',(0.,0.,-1.));
#3260 = DIRECTION('',(-0.7580687902,-0.652174600337,-0.));
#3261 = ADVANCED_FACE('',(#3262),#3273,.F.);
#3262 = FACE_BOUND('',#3263,.F.);
#3263 = EDGE_LOOP('',(#3264,#3270,#3271,#3272));
#3264 = ORIENTED_EDGE('',*,*,#3265,.T.);
#3265 = EDGE_CURVE('',#1189,#2415,#3266,.T.);
#3266 = LINE('',#3267,#3268);
#3267 = CARTESIAN_POINT('',(4.105194090669,-6.691927072605,0.));
#3268 = VECTOR('',#3269,1.);
#3269 = DIRECTION('',(0.,0.,1.));
#3270 = ORIENTED_EDGE('',*,*,#2423,.T.);
#3271 = ORIENTED_EDGE('',*,*,#3228,.F.);
#3272 = ORIENTED_EDGE('',*,*,#1197,.F.);
#3273 = PLANE('',#3274);
#3274 = AXIS2_PLACEMENT_3D('',#3275,#3276,#3277);
#3275 = CARTESIAN_POINT('',(4.105194090669,-6.691927072605,0.));
#3276 = DIRECTION('',(0.851705722215,0.524020383903,0.));
#3277 = DIRECTION('',(0.524020383903,-0.851705722215,0.));
#3278 = ADVANCED_FACE('',(#3279),#3290,.F.);
#3279 = FACE_BOUND('',#3280,.F.);
#3280 = EDGE_LOOP('',(#3281,#3282,#3283,#3289));
#3281 = ORIENTED_EDGE('',*,*,#3250,.T.);
#3282 = ORIENTED_EDGE('',*,*,#1543,.T.);
#3283 = ORIENTED_EDGE('',*,*,#3284,.F.);
#3284 = EDGE_CURVE('',#318,#1544,#3285,.T.);
#3285 = LINE('',#3286,#3287);
#3286 = CARTESIAN_POINT('',(6.113753037519,5.985056157643,0.));
#3287 = VECTOR('',#3288,1.);
#3288 = DIRECTION('',(0.,0.,1.));
#3289 = ORIENTED_EDGE('',*,*,#317,.F.);
#3290 = PLANE('',#3291);
#3291 = AXIS2_PLACEMENT_3D('',#3292,#3293,#3294);
#3292 = CARTESIAN_POINT('',(5.61065486624,5.491362166081,0.));
#3293 = DIRECTION('',(-0.700404451582,0.713746176315,0.));
#3294 = DIRECTION('',(0.713746176315,0.700404451582,0.));
#3295 = ADVANCED_FACE('',(#3296),#3307,.F.);
#3296 = FACE_BOUND('',#3297,.F.);
#3297 = EDGE_LOOP('',(#3298,#3304,#3305,#3306));
#3298 = ORIENTED_EDGE('',*,*,#3299,.T.);
#3299 = EDGE_CURVE('',#1180,#2406,#3300,.T.);
#3300 = LINE('',#3301,#3302);
#3301 = CARTESIAN_POINT('',(3.446636083363,-6.500449451563,0.));
#3302 = VECTOR('',#3303,1.);
#3303 = DIRECTION('',(0.,0.,1.));
#3304 = ORIENTED_EDGE('',*,*,#2414,.T.);
#3305 = ORIENTED_EDGE('',*,*,#3265,.F.);
#3306 = ORIENTED_EDGE('',*,*,#1188,.F.);
#3307 = CYLINDRICAL_SURFACE('',#3308,0.493105882353);
#3308 = AXIS2_PLACEMENT_3D('',#3309,#3310,#3311);
#3309 = CARTESIAN_POINT('',(3.676984108752,-6.936446238719,0.));
#3310 = DIRECTION('',(0.,0.,-1.));
#3311 = DIRECTION('',(-0.467137046286,0.88418492409,0.));
#3312 = ADVANCED_FACE('',(#3313),#3324,.F.);
#3313 = FACE_BOUND('',#3314,.F.);
#3314 = EDGE_LOOP('',(#3315,#3316,#3317,#3323));
#3315 = ORIENTED_EDGE('',*,*,#3284,.T.);
#3316 = ORIENTED_EDGE('',*,*,#1551,.T.);
#3317 = ORIENTED_EDGE('',*,*,#3318,.F.);
#3318 = EDGE_CURVE('',#326,#1552,#3319,.T.);
#3319 = LINE('',#3320,#3321);
#3320 = CARTESIAN_POINT('',(6.36615391701,6.386006460687,0.));
#3321 = VECTOR('',#3322,1.);
#3322 = DIRECTION('',(0.,0.,1.));
#3323 = ORIENTED_EDGE('',*,*,#325,.F.);
#3324 = SURFACE_OF_LINEAR_EXTRUSION('',#3325,#3330);
#3325 = B_SPLINE_CURVE_WITH_KNOTS('',3,(#3326,#3327,#3328,#3329),
  .UNSPECIFIED.,.F.,.F.,(4,4),(0.,1.),.PIECEWISE_BEZIER_KNOTS.);
#3326 = CARTESIAN_POINT('',(6.113753037519,5.985056157643,0.));
#3327 = CARTESIAN_POINT('',(6.148450233579,6.023966739227,0.));
#3328 = CARTESIAN_POINT('',(6.247308327628,6.145329754582,0.));
#3329 = CARTESIAN_POINT('',(6.36615391701,6.386006460687,0.));
#3330 = VECTOR('',#3331,1.);
#3331 = DIRECTION('',(-0.,-0.,-1.));
#3332 = ADVANCED_FACE('',(#3333),#3344,.T.);
#3333 = FACE_BOUND('',#3334,.F.);
#3334 = EDGE_LOOP('',(#3335,#3341,#3342,#3343));
#3335 = ORIENTED_EDGE('',*,*,#3336,.T.);
#3336 = EDGE_CURVE('',#1171,#2397,#3337,.T.);
#3337 = LINE('',#3338,#3339);
#3338 = CARTESIAN_POINT('',(2.933313582728,-6.747652539131,0.));
#3339 = VECTOR('',#3340,1.);
#3340 = DIRECTION('',(0.,0.,1.));
#3341 = ORIENTED_EDGE('',*,*,#2405,.T.);
#3342 = ORIENTED_EDGE('',*,*,#3299,.F.);
#3343 = ORIENTED_EDGE('',*,*,#1179,.F.);
#3344 = CYLINDRICAL_SURFACE('',#3345,7.357658823529);
#3345 = AXIS2_PLACEMENT_3D('',#3346,#3347,#3348);
#3346 = CARTESIAN_POINT('',(2.5529E-13,-5.6302E-13,0.));
#3347 = DIRECTION('',(-0.,-0.,-1.));
#3348 = DIRECTION('',(0.398674857463,-0.917092338877,0.));
#3349 = ADVANCED_FACE('',(#3350),#3361,.F.);
#3350 = FACE_BOUND('',#3351,.F.);
#3351 = EDGE_LOOP('',(#3352,#3353,#3354,#3360));
#3352 = ORIENTED_EDGE('',*,*,#3318,.T.);
#3353 = ORIENTED_EDGE('',*,*,#1560,.T.);
#3354 = ORIENTED_EDGE('',*,*,#3355,.F.);
#3355 = EDGE_CURVE('',#335,#1561,#3356,.T.);
#3356 = LINE('',#3357,#3358);
#3357 = CARTESIAN_POINT('',(6.74826690188,7.753379265191,0.));
#3358 = VECTOR('',#3359,1.);
#3359 = DIRECTION('',(0.,0.,1.));
#3360 = ORIENTED_EDGE('',*,*,#334,.F.);
#3361 = SURFACE_OF_LINEAR_EXTRUSION('',#3362,#3367);
#3362 = B_SPLINE_CURVE_WITH_KNOTS('',3,(#3363,#3364,#3365,#3366),
  .UNSPECIFIED.,.F.,.F.,(4,4),(0.,1.),.PIECEWISE_BEZIER_KNOTS.);
#3363 = CARTESIAN_POINT('',(6.36615391701,6.386006460687,0.));
#3364 = CARTESIAN_POINT('',(6.506909522131,6.674122556946,0.));
#3365 = CARTESIAN_POINT('',(6.66707149479,7.119952537445,0.));
#3366 = CARTESIAN_POINT('',(6.74826690188,7.753379265191,0.));
#3367 = VECTOR('',#3368,1.);
#3368 = DIRECTION('',(-0.,-0.,-1.));
#3369 = ADVANCED_FACE('',(#3370),#3381,.F.);
#3370 = FACE_BOUND('',#3371,.F.);
#3371 = EDGE_LOOP('',(#3372,#3378,#3379,#3380));
#3372 = ORIENTED_EDGE('',*,*,#3373,.T.);
#3373 = EDGE_CURVE('',#1163,#2389,#3374,.T.);
#3374 = LINE('',#3375,#3376);
#3375 = CARTESIAN_POINT('',(2.67241261356,-7.381918266278,0.));
#3376 = VECTOR('',#3377,1.);
#3377 = DIRECTION('',(0.,0.,1.));
#3378 = ORIENTED_EDGE('',*,*,#2396,.T.);
#3379 = ORIENTED_EDGE('',*,*,#3336,.F.);
#3380 = ORIENTED_EDGE('',*,*,#1170,.F.);
#3381 = CYLINDRICAL_SURFACE('',#3382,0.493105882353);
#3382 = AXIS2_PLACEMENT_3D('',#3383,#3384,#3385);
#3383 = CARTESIAN_POINT('',(3.130569952474,-7.199585427739,0.));
#3384 = DIRECTION('',(0.,0.,-1.));
#3385 = DIRECTION('',(-0.929125681341,-0.369764071094,-0.));
#3386 = ADVANCED_FACE('',(#3387),#3398,.T.);
#3387 = FACE_BOUND('',#3388,.F.);
#3388 = EDGE_LOOP('',(#3389,#3390,#3391,#3397));
#3389 = ORIENTED_EDGE('',*,*,#3355,.T.);
#3390 = ORIENTED_EDGE('',*,*,#1569,.T.);
#3391 = ORIENTED_EDGE('',*,*,#3392,.F.);
#3392 = EDGE_CURVE('',#344,#1570,#3393,.T.);
#3393 = LINE('',#3394,#3395);
#3394 = CARTESIAN_POINT('',(6.055982387466,8.303571678526,0.));
#3395 = VECTOR('',#3396,1.);
#3396 = DIRECTION('',(0.,0.,1.));
#3397 = ORIENTED_EDGE('',*,*,#343,.F.);
#3398 = CYLINDRICAL_SURFACE('',#3399,10.277364705881);
#3399 = AXIS2_PLACEMENT_3D('',#3400,#3401,#3402);
#3400 = CARTESIAN_POINT('',(1.362062002376E-02,-9.916733028552E-03,0.));
#3401 = DIRECTION('',(-0.,-0.,-1.));
#3402 = DIRECTION('',(0.655289218062,0.755378077979,0.));
#3403 = ADVANCED_FACE('',(#3404),#3415,.F.);
#3404 = FACE_BOUND('',#3405,.F.);
#3405 = EDGE_LOOP('',(#3406,#3412,#3413,#3414));
#3406 = ORIENTED_EDGE('',*,*,#3407,.T.);
#3407 = EDGE_CURVE('',#1154,#2380,#3408,.T.);
#3408 = LINE('',#3409,#3410);
#3409 = CARTESIAN_POINT('',(2.911482608342,-8.045007298644,0.));
#3410 = VECTOR('',#3411,1.);
#3411 = DIRECTION('',(0.,0.,1.));
#3412 = ORIENTED_EDGE('',*,*,#2388,.T.);
#3413 = ORIENTED_EDGE('',*,*,#3373,.F.);
#3414 = ORIENTED_EDGE('',*,*,#1162,.F.);
#3415 = PLANE('',#3416);
#3416 = AXIS2_PLACEMENT_3D('',#3417,#3418,#3419);
#3417 = CARTESIAN_POINT('',(2.911482608342,-8.045007298644,0.));
#3418 = DIRECTION('',(-0.940725465576,-0.339168982097,0.));
#3419 = DIRECTION('',(-0.339168982097,0.940725465576,0.));
#3420 = ADVANCED_FACE('',(#3421),#3432,.F.);
#3421 = FACE_BOUND('',#3422,.F.);
#3422 = EDGE_LOOP('',(#3423,#3424,#3425,#3431));
#3423 = ORIENTED_EDGE('',*,*,#3392,.T.);
#3424 = ORIENTED_EDGE('',*,*,#1578,.T.);
#3425 = ORIENTED_EDGE('',*,*,#3426,.F.);
#3426 = EDGE_CURVE('',#353,#1579,#3427,.T.);
#3427 = LINE('',#3428,#3429);
#3428 = CARTESIAN_POINT('',(4.809293430575,7.627561268822,0.));
#3429 = VECTOR('',#3430,1.);
#3430 = DIRECTION('',(0.,0.,1.));
#3431 = ORIENTED_EDGE('',*,*,#352,.F.);
#3432 = SURFACE_OF_LINEAR_EXTRUSION('',#3433,#3438);
#3433 = B_SPLINE_CURVE_WITH_KNOTS('',3,(#3434,#3435,#3436,#3437),
  .UNSPECIFIED.,.F.,.F.,(4,4),(0.,1.),.PIECEWISE_BEZIER_KNOTS.);
#3434 = CARTESIAN_POINT('',(6.055982387466,8.303571678526,0.));
#3435 = CARTESIAN_POINT('',(5.457877486391,8.084252581139,0.));
#3436 = CARTESIAN_POINT('',(5.058864786055,7.828899699877,0.));
#3437 = CARTESIAN_POINT('',(4.809293430575,7.627561268822,0.));
#3438 = VECTOR('',#3439,1.);
#3439 = DIRECTION('',(-0.,-0.,-1.));
#3440 = ADVANCED_FACE('',(#3441),#3452,.F.);
#3441 = FACE_BOUND('',#3442,.F.);
#3442 = EDGE_LOOP('',(#3443,#3449,#3450,#3451));
#3443 = ORIENTED_EDGE('',*,*,#3444,.T.);
#3444 = EDGE_CURVE('',#1145,#2371,#3445,.T.);
#3445 = LINE('',#3446,#3447);
#3446 = CARTESIAN_POINT('',(2.964922126309,-8.515763676613,0.));
#3447 = VECTOR('',#3448,1.);
#3448 = DIRECTION('',(0.,0.,1.));
#3449 = ORIENTED_EDGE('',*,*,#2379,.T.);
#3450 = ORIENTED_EDGE('',*,*,#3407,.F.);
#3451 = ORIENTED_EDGE('',*,*,#1153,.F.);
#3452 = SURFACE_OF_LINEAR_EXTRUSION('',#3453,#3458);
#3453 = B_SPLINE_CURVE_WITH_KNOTS('',3,(#3454,#3455,#3456,#3457),
  .UNSPECIFIED.,.F.,.F.,(4,4),(0.,1.),.PIECEWISE_BEZIER_KNOTS.);
#3454 = CARTESIAN_POINT('',(2.964922126309,-8.515763676613,0.));
#3455 = CARTESIAN_POINT('',(2.962271659352,-8.247356288484,0.));
#3456 = CARTESIAN_POINT('',(2.925861033167,-8.095119070446,0.));
#3457 = CARTESIAN_POINT('',(2.911482608342,-8.045007298644,0.));
#3458 = VECTOR('',#3459,1.);
#3459 = DIRECTION('',(-0.,-0.,-1.));
#3460 = ADVANCED_FACE('',(#3461),#3472,.F.);
#3461 = FACE_BOUND('',#3462,.F.);
#3462 = EDGE_LOOP('',(#3463,#3464,#3465,#3471));
#3463 = ORIENTED_EDGE('',*,*,#3426,.T.);
#3464 = ORIENTED_EDGE('',*,*,#1587,.T.);
#3465 = ORIENTED_EDGE('',*,*,#3466,.F.);
#3466 = EDGE_CURVE('',#362,#1588,#3467,.T.);
#3467 = LINE('',#3468,#3469);
#3468 = CARTESIAN_POINT('',(4.474560268175,7.292268770443,0.));
#3469 = VECTOR('',#3470,1.);
#3470 = DIRECTION('',(0.,0.,1.));
#3471 = ORIENTED_EDGE('',*,*,#361,.F.);
#3472 = SURFACE_OF_LINEAR_EXTRUSION('',#3473,#3478);
#3473 = B_SPLINE_CURVE_WITH_KNOTS('',3,(#3474,#3475,#3476,#3477),
  .UNSPECIFIED.,.F.,.F.,(4,4),(0.,1.),.PIECEWISE_BEZIER_KNOTS.);
#3474 = CARTESIAN_POINT('',(4.809293430575,7.627561268822,0.));
#3475 = CARTESIAN_POINT('',(4.601096623526,7.45813978107,0.));
#3476 = CARTESIAN_POINT('',(4.504774427767,7.334754454312,0.));
#3477 = CARTESIAN_POINT('',(4.474560268175,7.292268770443,0.));
#3478 = VECTOR('',#3479,1.);
#3479 = DIRECTION('',(-0.,-0.,-1.));
#3480 = ADVANCED_FACE('',(#3481),#3492,.F.);
#3481 = FACE_BOUND('',#3482,.F.);
#3482 = EDGE_LOOP('',(#3483,#3489,#3490,#3491));
#3483 = ORIENTED_EDGE('',*,*,#3484,.T.);
#3484 = EDGE_CURVE('',#1136,#2362,#3485,.T.);
#3485 = LINE('',#3486,#3487);
#3486 = CARTESIAN_POINT('',(2.71615049638,-9.911949948357,0.));
#3487 = VECTOR('',#3488,1.);
#3488 = DIRECTION('',(0.,0.,1.));
#3489 = ORIENTED_EDGE('',*,*,#2370,.T.);
#3490 = ORIENTED_EDGE('',*,*,#3444,.F.);
#3491 = ORIENTED_EDGE('',*,*,#1144,.F.);
#3492 = SURFACE_OF_LINEAR_EXTRUSION('',#3493,#3498);
#3493 = B_SPLINE_CURVE_WITH_KNOTS('',3,(#3494,#3495,#3496,#3497),
  .UNSPECIFIED.,.F.,.F.,(4,4),(0.,1.),.PIECEWISE_BEZIER_KNOTS.);
#3494 = CARTESIAN_POINT('',(2.71615049638,-9.911949948357,0.));
#3495 = CARTESIAN_POINT('',(2.917592227599,-9.307589486304,0.));
#3496 = CARTESIAN_POINT('',(2.966729655361,-8.836418877935,0.));
#3497 = CARTESIAN_POINT('',(2.964922126309,-8.515763676613,0.));
#3498 = VECTOR('',#3499,1.);
#3499 = DIRECTION('',(-0.,-0.,-1.));
#3500 = ADVANCED_FACE('',(#3501),#3512,.F.);
#3501 = FACE_BOUND('',#3502,.F.);
#3502 = EDGE_LOOP('',(#3503,#3504,#3505,#3511));
#3503 = ORIENTED_EDGE('',*,*,#3466,.T.);
#3504 = ORIENTED_EDGE('',*,*,#1596,.T.);
#3505 = ORIENTED_EDGE('',*,*,#3506,.F.);
#3506 = EDGE_CURVE('',#371,#1597,#3507,.T.);
#3507 = LINE('',#3508,#3509);
#3508 = CARTESIAN_POINT('',(4.105194090669,6.691927072605,0.));
#3509 = VECTOR('',#3510,1.);
#3510 = DIRECTION('',(0.,0.,1.));
#3511 = ORIENTED_EDGE('',*,*,#370,.F.);
#3512 = PLANE('',#3513);
#3513 = AXIS2_PLACEMENT_3D('',#3514,#3515,#3516);
#3514 = CARTESIAN_POINT('',(4.474560268175,7.292268770443,0.));
#3515 = DIRECTION('',(0.851705722215,-0.524020383903,0.));
#3516 = DIRECTION('',(-0.524020383903,-0.851705722215,0.));
#3517 = ADVANCED_FACE('',(#3518),#3529,.T.);
#3518 = FACE_BOUND('',#3519,.F.);
#3519 = EDGE_LOOP('',(#3520,#3526,#3527,#3528));
#3520 = ORIENTED_EDGE('',*,*,#3521,.T.);
#3521 = EDGE_CURVE('',#1127,#2353,#3522,.T.);
#3522 = LINE('',#3523,#3524);
#3523 = CARTESIAN_POINT('',(1.854360411498,-10.11016041777,0.));
#3524 = VECTOR('',#3525,1.);
#3525 = DIRECTION('',(0.,0.,1.));
#3526 = ORIENTED_EDGE('',*,*,#2361,.T.);
#3527 = ORIENTED_EDGE('',*,*,#3484,.F.);
#3528 = ORIENTED_EDGE('',*,*,#1135,.F.);
#3529 = CYLINDRICAL_SURFACE('',#3530,10.277364705883);
#3530 = AXIS2_PLACEMENT_3D('',#3531,#3532,#3533);
#3531 = CARTESIAN_POINT('',(-1.624553176504E-02,-4.466047632884E-03,0.)
  );
#3532 = DIRECTION('',(-0.,-0.,-1.));
#3533 = DIRECTION('',(0.182012217801,-0.98329626897,0.));
#3534 = ADVANCED_FACE('',(#3535),#3546,.F.);
#3535 = FACE_BOUND('',#3536,.F.);
#3536 = EDGE_LOOP('',(#3537,#3538,#3539,#3545));
#3537 = ORIENTED_EDGE('',*,*,#3506,.T.);
#3538 = ORIENTED_EDGE('',*,*,#1604,.T.);
#3539 = ORIENTED_EDGE('',*,*,#3540,.F.);
#3540 = EDGE_CURVE('',#379,#1605,#3541,.T.);
#3541 = LINE('',#3542,#3543);
#3542 = CARTESIAN_POINT('',(3.446636083363,6.500449451563,0.));
#3543 = VECTOR('',#3544,1.);
#3544 = DIRECTION('',(0.,0.,1.));
#3545 = ORIENTED_EDGE('',*,*,#378,.F.);
#3546 = CYLINDRICAL_SURFACE('',#3547,0.493105882353);
#3547 = AXIS2_PLACEMENT_3D('',#3548,#3549,#3550);
#3548 = CARTESIAN_POINT('',(3.676984108752,6.936446238719,0.));
#3549 = DIRECTION('',(0.,0.,-1.));
#3550 = DIRECTION('',(0.868393578828,-0.495875581421,0.));
#3551 = ADVANCED_FACE('',(#3552),#3563,.F.);
#3552 = FACE_BOUND('',#3553,.F.);
#3553 = EDGE_LOOP('',(#3554,#3560,#3561,#3562));
#3554 = ORIENTED_EDGE('',*,*,#3555,.T.);
#3555 = EDGE_CURVE('',#1118,#2344,#3556,.T.);
#3556 = LINE('',#3557,#3558);
#3557 = CARTESIAN_POINT('',(1.023548853891,-8.958869457398,0.));
#3558 = VECTOR('',#3559,1.);
#3559 = DIRECTION('',(0.,0.,1.));
#3560 = ORIENTED_EDGE('',*,*,#2352,.T.);
#3561 = ORIENTED_EDGE('',*,*,#3521,.F.);
#3562 = ORIENTED_EDGE('',*,*,#1126,.F.);
#3563 = SURFACE_OF_LINEAR_EXTRUSION('',#3564,#3569);
#3564 = B_SPLINE_CURVE_WITH_KNOTS('',3,(#3565,#3566,#3567,#3568),
  .UNSPECIFIED.,.F.,.F.,(4,4),(0.,1.),.PIECEWISE_BEZIER_KNOTS.);
#3565 = CARTESIAN_POINT('',(1.023548853891,-8.958869457398,0.));
#3566 = CARTESIAN_POINT('',(1.161047404204,-9.248554068584,0.));
#3567 = CARTESIAN_POINT('',(1.409751962188,-9.651744187307,0.));
#3568 = CARTESIAN_POINT('',(1.854360411498,-10.11016041777,0.));
#3569 = VECTOR('',#3570,1.);
#3570 = DIRECTION('',(-0.,-0.,-1.));
#3571 = ADVANCED_FACE('',(#3572),#3583,.T.);
#3572 = FACE_BOUND('',#3573,.F.);
#3573 = EDGE_LOOP('',(#3574,#3575,#3576,#3582));
#3574 = ORIENTED_EDGE('',*,*,#3540,.T.);
#3575 = ORIENTED_EDGE('',*,*,#1613,.T.);
#3576 = ORIENTED_EDGE('',*,*,#3577,.F.);
#3577 = EDGE_CURVE('',#388,#1614,#3578,.T.);
#3578 = LINE('',#3579,#3580);
#3579 = CARTESIAN_POINT('',(2.933313582728,6.747652539131,0.));
#3580 = VECTOR('',#3581,1.);
#3581 = DIRECTION('',(0.,0.,1.));
#3582 = ORIENTED_EDGE('',*,*,#387,.F.);
#3583 = CYLINDRICAL_SURFACE('',#3584,7.357658823526);
#3584 = AXIS2_PLACEMENT_3D('',#3585,#3586,#3587);
#3585 = CARTESIAN_POINT('',(1.34704E-12,2.78685E-12,0.));
#3586 = DIRECTION('',(-0.,-0.,-1.));
#3587 = DIRECTION('',(0.468441954979,0.883494275485,0.));
#3588 = ADVANCED_FACE('',(#3589),#3600,.F.);
#3589 = FACE_BOUND('',#3590,.F.);
#3590 = EDGE_LOOP('',(#3591,#3597,#3598,#3599));
#3591 = ORIENTED_EDGE('',*,*,#3592,.T.);
#3592 = EDGE_CURVE('',#1110,#2336,#3593,.T.);
#3593 = LINE('',#3594,#3595);
#3594 = CARTESIAN_POINT('',(0.867442658408,-8.511546078609,0.));
#3595 = VECTOR('',#3596,1.);
#3596 = DIRECTION('',(0.,0.,1.));
#3597 = ORIENTED_EDGE('',*,*,#2343,.T.);
#3598 = ORIENTED_EDGE('',*,*,#3555,.F.);
#3599 = ORIENTED_EDGE('',*,*,#1117,.F.);
#3600 = SURFACE_OF_LINEAR_EXTRUSION('',#3601,#3606);
#3601 = B_SPLINE_CURVE_WITH_KNOTS('',3,(#3602,#3603,#3604,#3605),
  .UNSPECIFIED.,.F.,.F.,(4,4),(0.,1.),.PIECEWISE_BEZIER_KNOTS.);
#3602 = CARTESIAN_POINT('',(0.867442658408,-8.511546078609,0.));
#3603 = CARTESIAN_POINT('',(0.876230828195,-8.562933789644,0.));
#3604 = CARTESIAN_POINT('',(0.909479240936,-8.715892762265,0.));
#3605 = CARTESIAN_POINT('',(1.023548853891,-8.958869457398,0.));
#3606 = VECTOR('',#3607,1.);
#3607 = DIRECTION('',(-0.,-0.,-1.));
#3608 = ADVANCED_FACE('',(#3609),#3620,.F.);
#3609 = FACE_BOUND('',#3610,.F.);
#3610 = EDGE_LOOP('',(#3611,#3612,#3613,#3619));
#3611 = ORIENTED_EDGE('',*,*,#3577,.T.);
#3612 = ORIENTED_EDGE('',*,*,#1622,.T.);
#3613 = ORIENTED_EDGE('',*,*,#3614,.F.);
#3614 = EDGE_CURVE('',#397,#1623,#3615,.T.);
#3615 = LINE('',#3616,#3617);
#3616 = CARTESIAN_POINT('',(2.67241261356,7.381918266278,0.));
#3617 = VECTOR('',#3618,1.);
#3618 = DIRECTION('',(0.,0.,1.));
#3619 = ORIENTED_EDGE('',*,*,#396,.F.);
#3620 = CYLINDRICAL_SURFACE('',#3621,0.493105882353);
#3621 = AXIS2_PLACEMENT_3D('',#3622,#3623,#3624);
#3622 = CARTESIAN_POINT('',(3.130569952474,7.199585427739,0.));
#3623 = DIRECTION('',(0.,0.,-1.));
#3624 = DIRECTION('',(-0.400028425547,-0.91650273254,-0.));
#3625 = ADVANCED_FACE('',(#3626),#3637,.F.);
#3626 = FACE_BOUND('',#3627,.F.);
#3627 = EDGE_LOOP('',(#3628,#3634,#3635,#3636));
#3628 = ORIENTED_EDGE('',*,*,#3629,.T.);
#3629 = EDGE_CURVE('',#1101,#2327,#3630,.T.);
#3630 = LINE('',#3631,#3632);
#3631 = CARTESIAN_POINT('',(0.795133732226,-7.810394920553,0.));
#3632 = VECTOR('',#3633,1.);
#3633 = DIRECTION('',(0.,0.,1.));
#3634 = ORIENTED_EDGE('',*,*,#2335,.T.);
#3635 = ORIENTED_EDGE('',*,*,#3592,.F.);
#3636 = ORIENTED_EDGE('',*,*,#1109,.F.);
#3637 = PLANE('',#3638);
#3638 = AXIS2_PLACEMENT_3D('',#3639,#3640,#3641);
#3639 = CARTESIAN_POINT('',(0.795133732226,-7.810394920553,0.));
#3640 = DIRECTION('',(0.994724263872,0.10258478866,0.));
#3641 = DIRECTION('',(0.10258478866,-0.994724263872,0.));
#3642 = ADVANCED_FACE('',(#3643),#3654,.F.);
#3643 = FACE_BOUND('',#3644,.F.);
#3644 = EDGE_LOOP('',(#3645,#3646,#3647,#3653));
#3645 = ORIENTED_EDGE('',*,*,#3614,.T.);
#3646 = ORIENTED_EDGE('',*,*,#1631,.T.);
#3647 = ORIENTED_EDGE('',*,*,#3648,.F.);
#3648 = EDGE_CURVE('',#406,#1632,#3649,.T.);
#3649 = LINE('',#3650,#3651);
#3650 = CARTESIAN_POINT('',(2.911482608342,8.045007298644,0.));
#3651 = VECTOR('',#3652,1.);
#3652 = DIRECTION('',(0.,0.,1.));
#3653 = ORIENTED_EDGE('',*,*,#405,.F.);
#3654 = PLANE('',#3655);
#3655 = AXIS2_PLACEMENT_3D('',#3656,#3657,#3658);
#3656 = CARTESIAN_POINT('',(2.67241261356,7.381918266278,0.));
#3657 = DIRECTION('',(-0.940725465576,0.339168982097,0.));
#3658 = DIRECTION('',(0.339168982097,0.940725465576,0.));
#3659 = ADVANCED_FACE('',(#3660),#3671,.F.);
#3660 = FACE_BOUND('',#3661,.F.);
#3661 = EDGE_LOOP('',(#3662,#3668,#3669,#3670));
#3662 = ORIENTED_EDGE('',*,*,#3663,.T.);
#3663 = EDGE_CURVE('',#1092,#2318,#3664,.T.);
#3664 = LINE('',#3665,#3666);
#3665 = CARTESIAN_POINT('',(0.284872496111,-7.352141934458,0.));
#3666 = VECTOR('',#3667,1.);
#3667 = DIRECTION('',(0.,0.,1.));
#3668 = ORIENTED_EDGE('',*,*,#2326,.T.);
#3669 = ORIENTED_EDGE('',*,*,#3629,.F.);
#3670 = ORIENTED_EDGE('',*,*,#1100,.F.);
#3671 = CYLINDRICAL_SURFACE('',#3672,0.493105882353);
#3672 = AXIS2_PLACEMENT_3D('',#3673,#3674,#3675);
#3673 = CARTESIAN_POINT('',(0.303236979514,-7.844905728746,0.));
#3674 = DIRECTION('',(0.,0.,-1.));
#3675 = DIRECTION('',(-3.724247481195E-02,0.999306258396,0.));
#3676 = ADVANCED_FACE('',(#3677),#3688,.F.);
#3677 = FACE_BOUND('',#3678,.F.);
#3678 = EDGE_LOOP('',(#3679,#3680,#3681,#3687));
#3679 = ORIENTED_EDGE('',*,*,#3648,.T.);
#3680 = ORIENTED_EDGE('',*,*,#1639,.T.);
#3681 = ORIENTED_EDGE('',*,*,#3682,.F.);
#3682 = EDGE_CURVE('',#414,#1640,#3683,.T.);
#3683 = LINE('',#3684,#3685);
#3684 = CARTESIAN_POINT('',(2.964922126309,8.515763676613,0.));
#3685 = VECTOR('',#3686,1.);
#3686 = DIRECTION('',(0.,0.,1.));
#3687 = ORIENTED_EDGE('',*,*,#413,.F.);
#3688 = SURFACE_OF_LINEAR_EXTRUSION('',#3689,#3694);
#3689 = B_SPLINE_CURVE_WITH_KNOTS('',3,(#3690,#3691,#3692,#3693),
  .UNSPECIFIED.,.F.,.F.,(4,4),(0.,1.),.PIECEWISE_BEZIER_KNOTS.);
#3690 = CARTESIAN_POINT('',(2.911482608342,8.045007298644,0.));
#3691 = CARTESIAN_POINT('',(2.925861033167,8.095119070446,0.));
#3692 = CARTESIAN_POINT('',(2.962271659352,8.247356288484,0.));
#3693 = CARTESIAN_POINT('',(2.964922126309,8.515763676613,0.));
#3694 = VECTOR('',#3695,1.);
#3695 = DIRECTION('',(-0.,-0.,-1.));
#3696 = ADVANCED_FACE('',(#3697),#3708,.T.);
#3697 = FACE_BOUND('',#3698,.F.);
#3698 = EDGE_LOOP('',(#3699,#3705,#3706,#3707));
#3699 = ORIENTED_EDGE('',*,*,#3700,.T.);
#3700 = EDGE_CURVE('',#1083,#2309,#3701,.T.);
#3701 = LINE('',#3702,#3703);
#3702 = CARTESIAN_POINT('',(-0.284872496111,-7.352141934458,0.));
#3703 = VECTOR('',#3704,1.);
#3704 = DIRECTION('',(0.,0.,1.));
#3705 = ORIENTED_EDGE('',*,*,#2317,.T.);
#3706 = ORIENTED_EDGE('',*,*,#3663,.F.);
#3707 = ORIENTED_EDGE('',*,*,#1091,.F.);
#3708 = CYLINDRICAL_SURFACE('',#3709,7.357658823529);
#3709 = AXIS2_PLACEMENT_3D('',#3710,#3711,#3712);
#3710 = CARTESIAN_POINT('',(-1.619E-14,-4.178E-13,0.));
#3711 = DIRECTION('',(-0.,-0.,-1.));
#3712 = DIRECTION('',(-3.871781811894E-02,-0.999250184168,0.));
#3713 = ADVANCED_FACE('',(#3714),#3725,.F.);
#3714 = FACE_BOUND('',#3715,.F.);
#3715 = EDGE_LOOP('',(#3716,#3717,#3718,#3724));
#3716 = ORIENTED_EDGE('',*,*,#3682,.T.);
#3717 = ORIENTED_EDGE('',*,*,#1648,.T.);
#3718 = ORIENTED_EDGE('',*,*,#3719,.F.);
#3719 = EDGE_CURVE('',#423,#1649,#3720,.T.);
#3720 = LINE('',#3721,#3722);
#3721 = CARTESIAN_POINT('',(2.715913204512,9.913516614929,0.));
#3722 = VECTOR('',#3723,1.);
#3723 = DIRECTION('',(0.,0.,1.));
#3724 = ORIENTED_EDGE('',*,*,#422,.F.);
#3725 = SURFACE_OF_LINEAR_EXTRUSION('',#3726,#3731);
#3726 = B_SPLINE_CURVE_WITH_KNOTS('',3,(#3727,#3728,#3729,#3730),
  .UNSPECIFIED.,.F.,.F.,(4,4),(0.,1.),.PIECEWISE_BEZIER_KNOTS.);
#3727 = CARTESIAN_POINT('',(2.964922126309,8.515763676613,0.));
#3728 = CARTESIAN_POINT('',(2.966729655361,8.836418877935,0.));
#3729 = CARTESIAN_POINT('',(2.917592227599,9.307589486304,0.));
#3730 = CARTESIAN_POINT('',(2.715913204512,9.913516614929,0.));
#3731 = VECTOR('',#3732,1.);
#3732 = DIRECTION('',(-0.,-0.,-1.));
#3733 = ADVANCED_FACE('',(#3734),#3745,.F.);
#3734 = FACE_BOUND('',#3735,.F.);
#3735 = EDGE_LOOP('',(#3736,#3742,#3743,#3744));
#3736 = ORIENTED_EDGE('',*,*,#3737,.T.);
#3737 = EDGE_CURVE('',#1075,#2301,#3738,.T.);
#3738 = LINE('',#3739,#3740);
#3739 = CARTESIAN_POINT('',(-0.795133732226,-7.810394920553,0.));
#3740 = VECTOR('',#3741,1.);
#3741 = DIRECTION('',(0.,0.,1.));
#3742 = ORIENTED_EDGE('',*,*,#2308,.T.);
#3743 = ORIENTED_EDGE('',*,*,#3700,.F.);
#3744 = ORIENTED_EDGE('',*,*,#1082,.F.);
#3745 = CYLINDRICAL_SURFACE('',#3746,0.493105882353);
#3746 = AXIS2_PLACEMENT_3D('',#3747,#3748,#3749);
#3747 = CARTESIAN_POINT('',(-0.303236979514,-7.844905728746,0.));
#3748 = DIRECTION('',(0.,0.,-1.));
#3749 = DIRECTION('',(-0.997547931015,6.9986608206E-02,0.));
#3750 = ADVANCED_FACE('',(#3751),#3762,.T.);
#3751 = FACE_BOUND('',#3752,.F.);
#3752 = EDGE_LOOP('',(#3753,#3754,#3755,#3761));
#3753 = ORIENTED_EDGE('',*,*,#3719,.T.);
#3754 = ORIENTED_EDGE('',*,*,#1657,.T.);
#3755 = ORIENTED_EDGE('',*,*,#3756,.F.);
#3756 = EDGE_CURVE('',#432,#1658,#3757,.T.);
#3757 = LINE('',#3758,#3759);
#3758 = CARTESIAN_POINT('',(1.853466867763,10.108851857052,0.));
#3759 = VECTOR('',#3760,1.);
#3760 = DIRECTION('',(0.,0.,1.));
#3761 = ORIENTED_EDGE('',*,*,#431,.F.);
#3762 = CYLINDRICAL_SURFACE('',#3763,10.277364705882);
#3763 = AXIS2_PLACEMENT_3D('',#3764,#3765,#3766);
#3764 = CARTESIAN_POINT('',(1.657446380896E-02,-3.024902185995E-03,0.));
#3765 = DIRECTION('',(-0.,-0.,-1.));
#3766 = DIRECTION('',(0.262648920025,0.964891467891,0.));
#3767 = ADVANCED_FACE('',(#3768),#3779,.F.);
#3768 = FACE_BOUND('',#3769,.F.);
#3769 = EDGE_LOOP('',(#3770,#3776,#3777,#3778));
#3770 = ORIENTED_EDGE('',*,*,#3771,.T.);
#3771 = EDGE_CURVE('',#1066,#2292,#3772,.T.);
#3772 = LINE('',#3773,#3774);
#3773 = CARTESIAN_POINT('',(-0.867442658408,-8.511546078609,0.));
#3774 = VECTOR('',#3775,1.);
#3775 = DIRECTION('',(0.,0.,1.));
#3776 = ORIENTED_EDGE('',*,*,#2300,.T.);
#3777 = ORIENTED_EDGE('',*,*,#3737,.F.);
#3778 = ORIENTED_EDGE('',*,*,#1074,.F.);
#3779 = PLANE('',#3780);
#3780 = AXIS2_PLACEMENT_3D('',#3781,#3782,#3783);
#3781 = CARTESIAN_POINT('',(-0.867442658408,-8.511546078609,0.));
#3782 = DIRECTION('',(-0.994724263872,0.10258478866,0.));
#3783 = DIRECTION('',(0.10258478866,0.994724263872,0.));
#3784 = ADVANCED_FACE('',(#3785),#3796,.F.);
#3785 = FACE_BOUND('',#3786,.F.);
#3786 = EDGE_LOOP('',(#3787,#3788,#3789,#3795));
#3787 = ORIENTED_EDGE('',*,*,#3756,.T.);
#3788 = ORIENTED_EDGE('',*,*,#1666,.T.);
#3789 = ORIENTED_EDGE('',*,*,#3790,.F.);
#3790 = EDGE_CURVE('',#441,#1667,#3791,.T.);
#3791 = LINE('',#3792,#3793);
#3792 = CARTESIAN_POINT('',(1.023548853891,8.958869457398,0.));
#3793 = VECTOR('',#3794,1.);
#3794 = DIRECTION('',(0.,0.,1.));
#3795 = ORIENTED_EDGE('',*,*,#440,.F.);
#3796 = SURFACE_OF_LINEAR_EXTRUSION('',#3797,#3802);
#3797 = B_SPLINE_CURVE_WITH_KNOTS('',3,(#3798,#3799,#3800,#3801),
  .UNSPECIFIED.,.F.,.F.,(4,4),(0.,1.),.PIECEWISE_BEZIER_KNOTS.);
#3798 = CARTESIAN_POINT('',(1.853466867763,10.108851857052,0.));
#3799 = CARTESIAN_POINT('',(1.409751962188,9.651744187307,0.));
#3800 = CARTESIAN_POINT('',(1.161047404204,9.248554068584,0.));
#3801 = CARTESIAN_POINT('',(1.023548853891,8.958869457398,0.));
#3802 = VECTOR('',#3803,1.);
#3803 = DIRECTION('',(-0.,-0.,-1.));
#3804 = ADVANCED_FACE('',(#3805),#3816,.F.);
#3805 = FACE_BOUND('',#3806,.F.);
#3806 = EDGE_LOOP('',(#3807,#3813,#3814,#3815));
#3807 = ORIENTED_EDGE('',*,*,#3808,.T.);
#3808 = EDGE_CURVE('',#1057,#2283,#3809,.T.);
#3809 = LINE('',#3810,#3811);
#3810 = CARTESIAN_POINT('',(-1.023548853891,-8.958869457398,0.));
#3811 = VECTOR('',#3812,1.);
#3812 = DIRECTION('',(0.,0.,1.));
#3813 = ORIENTED_EDGE('',*,*,#2291,.T.);
#3814 = ORIENTED_EDGE('',*,*,#3771,.F.);
#3815 = ORIENTED_EDGE('',*,*,#1065,.F.);
#3816 = SURFACE_OF_LINEAR_EXTRUSION('',#3817,#3822);
#3817 = B_SPLINE_CURVE_WITH_KNOTS('',3,(#3818,#3819,#3820,#3821),
  .UNSPECIFIED.,.F.,.F.,(4,4),(0.,1.),.PIECEWISE_BEZIER_KNOTS.);
#3818 = CARTESIAN_POINT('',(-1.023548853891,-8.958869457398,0.));
#3819 = CARTESIAN_POINT('',(-0.909479240936,-8.715892762265,0.));
#3820 = CARTESIAN_POINT('',(-0.876230828195,-8.562933789644,0.));
#3821 = CARTESIAN_POINT('',(-0.867442658408,-8.511546078609,0.));
#3822 = VECTOR('',#3823,1.);
#3823 = DIRECTION('',(-0.,-0.,-1.));
#3824 = ADVANCED_FACE('',(#3825),#3836,.F.);
#3825 = FACE_BOUND('',#3826,.F.);
#3826 = EDGE_LOOP('',(#3827,#3828,#3829,#3835));
#3827 = ORIENTED_EDGE('',*,*,#3790,.T.);
#3828 = ORIENTED_EDGE('',*,*,#1675,.T.);
#3829 = ORIENTED_EDGE('',*,*,#3830,.F.);
#3830 = EDGE_CURVE('',#450,#1676,#3831,.T.);
#3831 = LINE('',#3832,#3833);
#3832 = CARTESIAN_POINT('',(0.867442658408,8.511546078609,0.));
#3833 = VECTOR('',#3834,1.);
#3834 = DIRECTION('',(0.,0.,1.));
#3835 = ORIENTED_EDGE('',*,*,#449,.F.);
#3836 = SURFACE_OF_LINEAR_EXTRUSION('',#3837,#3842);
#3837 = B_SPLINE_CURVE_WITH_KNOTS('',3,(#3838,#3839,#3840,#3841),
  .UNSPECIFIED.,.F.,.F.,(4,4),(0.,1.),.PIECEWISE_BEZIER_KNOTS.);
#3838 = CARTESIAN_POINT('',(1.023548853891,8.958869457398,0.));
#3839 = CARTESIAN_POINT('',(0.909479240936,8.715892762265,0.));
#3840 = CARTESIAN_POINT('',(0.876230828195,8.562933789644,0.));
#3841 = CARTESIAN_POINT('',(0.867442658408,8.511546078609,0.));
#3842 = VECTOR('',#3843,1.);
#3843 = DIRECTION('',(-0.,-0.,-1.));
#3844 = ADVANCED_FACE('',(#3845),#3856,.F.);
#3845 = FACE_BOUND('',#3846,.F.);
#3846 = EDGE_LOOP('',(#3847,#3853,#3854,#3855));
#3847 = ORIENTED_EDGE('',*,*,#3848,.T.);
#3848 = EDGE_CURVE('',#1048,#2274,#3849,.T.);
#3849 = LINE('',#3850,#3851);
#3850 = CARTESIAN_POINT('',(-1.853466867763,-10.10885185705,0.));
#3851 = VECTOR('',#3852,1.);
#3852 = DIRECTION('',(0.,0.,1.));
#3853 = ORIENTED_EDGE('',*,*,#2282,.T.);
#3854 = ORIENTED_EDGE('',*,*,#3808,.F.);
#3855 = ORIENTED_EDGE('',*,*,#1056,.F.);
#3856 = SURFACE_OF_LINEAR_EXTRUSION('',#3857,#3862);
#3857 = B_SPLINE_CURVE_WITH_KNOTS('',3,(#3858,#3859,#3860,#3861),
  .UNSPECIFIED.,.F.,.F.,(4,4),(0.,1.),.PIECEWISE_BEZIER_KNOTS.);
#3858 = CARTESIAN_POINT('',(-1.853466867763,-10.10885185705,0.));
#3859 = CARTESIAN_POINT('',(-1.409751962188,-9.651744187307,0.));
#3860 = CARTESIAN_POINT('',(-1.161047404204,-9.248554068584,0.));
#3861 = CARTESIAN_POINT('',(-1.023548853891,-8.958869457398,0.));
#3862 = VECTOR('',#3863,1.);
#3863 = DIRECTION('',(-0.,-0.,-1.));
#3864 = ADVANCED_FACE('',(#3865),#3876,.F.);
#3865 = FACE_BOUND('',#3866,.F.);
#3866 = EDGE_LOOP('',(#3867,#3868,#3869,#3875));
#3867 = ORIENTED_EDGE('',*,*,#3830,.T.);
#3868 = ORIENTED_EDGE('',*,*,#1684,.T.);
#3869 = ORIENTED_EDGE('',*,*,#3870,.F.);
#3870 = EDGE_CURVE('',#459,#1685,#3871,.T.);
#3871 = LINE('',#3872,#3873);
#3872 = CARTESIAN_POINT('',(0.795133732226,7.810394920553,0.));
#3873 = VECTOR('',#3874,1.);
#3874 = DIRECTION('',(0.,0.,1.));
#3875 = ORIENTED_EDGE('',*,*,#458,.F.);
#3876 = PLANE('',#3877);
#3877 = AXIS2_PLACEMENT_3D('',#3878,#3879,#3880);
#3878 = CARTESIAN_POINT('',(0.867442658408,8.511546078609,0.));
#3879 = DIRECTION('',(0.994724263872,-0.10258478866,0.));
#3880 = DIRECTION('',(-0.10258478866,-0.994724263872,0.));
#3881 = ADVANCED_FACE('',(#3882),#3893,.T.);
#3882 = FACE_BOUND('',#3883,.F.);
#3883 = EDGE_LOOP('',(#3884,#3890,#3891,#3892));
#3884 = ORIENTED_EDGE('',*,*,#3885,.T.);
#3885 = EDGE_CURVE('',#1039,#2265,#3886,.T.);
#3886 = LINE('',#3887,#3888);
#3887 = CARTESIAN_POINT('',(-2.715913204512,-9.913516614929,0.));
#3888 = VECTOR('',#3889,1.);
#3889 = DIRECTION('',(0.,0.,1.));
#3890 = ORIENTED_EDGE('',*,*,#2273,.T.);
#3891 = ORIENTED_EDGE('',*,*,#3848,.F.);
#3892 = ORIENTED_EDGE('',*,*,#1047,.F.);
#3893 = CYLINDRICAL_SURFACE('',#3894,10.277364705884);
#3894 = AXIS2_PLACEMENT_3D('',#3895,#3896,#3897);
#3895 = CARTESIAN_POINT('',(-1.657446380869E-02,3.02490218716E-03,0.));
#3896 = DIRECTION('',(-0.,-0.,-1.));
#3897 = DIRECTION('',(-0.262648920025,-0.964891467891,0.));
#3898 = ADVANCED_FACE('',(#3899),#3910,.F.);
#3899 = FACE_BOUND('',#3900,.F.);
#3900 = EDGE_LOOP('',(#3901,#3902,#3903,#3909));
#3901 = ORIENTED_EDGE('',*,*,#3870,.T.);
#3902 = ORIENTED_EDGE('',*,*,#1692,.T.);
#3903 = ORIENTED_EDGE('',*,*,#3904,.F.);
#3904 = EDGE_CURVE('',#467,#1693,#3905,.T.);
#3905 = LINE('',#3906,#3907);
#3906 = CARTESIAN_POINT('',(0.284872496111,7.352141934458,0.));
#3907 = VECTOR('',#3908,1.);
#3908 = DIRECTION('',(0.,0.,1.));
#3909 = ORIENTED_EDGE('',*,*,#466,.F.);
#3910 = CYLINDRICAL_SURFACE('',#3911,0.493105882353);
#3911 = AXIS2_PLACEMENT_3D('',#3912,#3913,#3914);
#3912 = CARTESIAN_POINT('',(0.303236979514,7.844905728746,0.));
#3913 = DIRECTION('',(0.,0.,-1.));
#3914 = DIRECTION('',(0.997547931015,-6.9986608206E-02,0.));
#3915 = ADVANCED_FACE('',(#3916),#3927,.F.);
#3916 = FACE_BOUND('',#3917,.F.);
#3917 = EDGE_LOOP('',(#3918,#3924,#3925,#3926));
#3918 = ORIENTED_EDGE('',*,*,#3919,.T.);
#3919 = EDGE_CURVE('',#1030,#2256,#3920,.T.);
#3920 = LINE('',#3921,#3922);
#3921 = CARTESIAN_POINT('',(-2.964922126309,-8.515763676613,0.));
#3922 = VECTOR('',#3923,1.);
#3923 = DIRECTION('',(0.,0.,1.));
#3924 = ORIENTED_EDGE('',*,*,#2264,.T.);
#3925 = ORIENTED_EDGE('',*,*,#3885,.F.);
#3926 = ORIENTED_EDGE('',*,*,#1038,.F.);
#3927 = SURFACE_OF_LINEAR_EXTRUSION('',#3928,#3933);
#3928 = B_SPLINE_CURVE_WITH_KNOTS('',3,(#3929,#3930,#3931,#3932),
  .UNSPECIFIED.,.F.,.F.,(4,4),(0.,1.),.PIECEWISE_BEZIER_KNOTS.);
#3929 = CARTESIAN_POINT('',(-2.964922126309,-8.515763676613,0.));
#3930 = CARTESIAN_POINT('',(-2.966729655361,-8.836418877935,0.));
#3931 = CARTESIAN_POINT('',(-2.917592227599,-9.307589486304,0.));
#3932 = CARTESIAN_POINT('',(-2.715913204512,-9.913516614929,0.));
#3933 = VECTOR('',#3934,1.);
#3934 = DIRECTION('',(-0.,-0.,-1.));
#3935 = ADVANCED_FACE('',(#3936),#3947,.T.);
#3936 = FACE_BOUND('',#3937,.F.);
#3937 = EDGE_LOOP('',(#3938,#3939,#3940,#3946));
#3938 = ORIENTED_EDGE('',*,*,#3904,.T.);
#3939 = ORIENTED_EDGE('',*,*,#1701,.T.);
#3940 = ORIENTED_EDGE('',*,*,#3941,.F.);
#3941 = EDGE_CURVE('',#476,#1702,#3942,.T.);
#3942 = LINE('',#3943,#3944);
#3943 = CARTESIAN_POINT('',(-0.284872496111,7.352141934458,0.));
#3944 = VECTOR('',#3945,1.);
#3945 = DIRECTION('',(0.,0.,1.));
#3946 = ORIENTED_EDGE('',*,*,#475,.F.);
#3947 = CYLINDRICAL_SURFACE('',#3948,7.357658823529);
#3948 = AXIS2_PLACEMENT_3D('',#3949,#3950,#3951);
#3949 = CARTESIAN_POINT('',(1.518E-14,4.178E-13,0.));
#3950 = DIRECTION('',(-0.,-0.,-1.));
#3951 = DIRECTION('',(3.871781811894E-02,0.999250184168,0.));
#3952 = ADVANCED_FACE('',(#3953),#3964,.F.);
#3953 = FACE_BOUND('',#3954,.F.);
#3954 = EDGE_LOOP('',(#3955,#3961,#3962,#3963));
#3955 = ORIENTED_EDGE('',*,*,#3956,.T.);
#3956 = EDGE_CURVE('',#1022,#2248,#3957,.T.);
#3957 = LINE('',#3958,#3959);
#3958 = CARTESIAN_POINT('',(-2.911482608342,-8.045007298644,0.));
#3959 = VECTOR('',#3960,1.);
#3960 = DIRECTION('',(0.,0.,1.));
#3961 = ORIENTED_EDGE('',*,*,#2255,.T.);
#3962 = ORIENTED_EDGE('',*,*,#3919,.F.);
#3963 = ORIENTED_EDGE('',*,*,#1029,.F.);
#3964 = SURFACE_OF_LINEAR_EXTRUSION('',#3965,#3970);
#3965 = B_SPLINE_CURVE_WITH_KNOTS('',3,(#3966,#3967,#3968,#3969),
  .UNSPECIFIED.,.F.,.F.,(4,4),(0.,1.),.PIECEWISE_BEZIER_KNOTS.);
#3966 = CARTESIAN_POINT('',(-2.911482608342,-8.045007298644,0.));
#3967 = CARTESIAN_POINT('',(-2.925861033167,-8.095119070446,0.));
#3968 = CARTESIAN_POINT('',(-2.962271659352,-8.247356288484,0.));
#3969 = CARTESIAN_POINT('',(-2.964922126309,-8.515763676613,0.));
#3970 = VECTOR('',#3971,1.);
#3971 = DIRECTION('',(-0.,-0.,-1.));
#3972 = ADVANCED_FACE('',(#3973),#3984,.F.);
#3973 = FACE_BOUND('',#3974,.F.);
#3974 = EDGE_LOOP('',(#3975,#3976,#3977,#3983));
#3975 = ORIENTED_EDGE('',*,*,#3941,.T.);
#3976 = ORIENTED_EDGE('',*,*,#1710,.T.);
#3977 = ORIENTED_EDGE('',*,*,#3978,.F.);
#3978 = EDGE_CURVE('',#485,#1711,#3979,.T.);
#3979 = LINE('',#3980,#3981);
#3980 = CARTESIAN_POINT('',(-0.795133732226,7.810394920553,0.));
#3981 = VECTOR('',#3982,1.);
#3982 = DIRECTION('',(0.,0.,1.));
#3983 = ORIENTED_EDGE('',*,*,#484,.F.);
#3984 = CYLINDRICAL_SURFACE('',#3985,0.493105882353);
#3985 = AXIS2_PLACEMENT_3D('',#3986,#3987,#3988);
#3986 = CARTESIAN_POINT('',(-0.303236979514,7.844905728746,0.));
#3987 = DIRECTION('',(0.,0.,-1.));
#3988 = DIRECTION('',(3.724247481195E-02,-0.999306258396,0.));
#3989 = ADVANCED_FACE('',(#3990),#4001,.F.);
#3990 = FACE_BOUND('',#3991,.F.);
#3991 = EDGE_LOOP('',(#3992,#3998,#3999,#4000));
#3992 = ORIENTED_EDGE('',*,*,#3993,.T.);
#3993 = EDGE_CURVE('',#1013,#2239,#3994,.T.);
#3994 = LINE('',#3995,#3996);
#3995 = CARTESIAN_POINT('',(-2.67241261356,-7.381918266278,0.));
#3996 = VECTOR('',#3997,1.);
#3997 = DIRECTION('',(0.,0.,1.));
#3998 = ORIENTED_EDGE('',*,*,#2247,.T.);
#3999 = ORIENTED_EDGE('',*,*,#3956,.F.);
#4000 = ORIENTED_EDGE('',*,*,#1021,.F.);
#4001 = PLANE('',#4002);
#4002 = AXIS2_PLACEMENT_3D('',#4003,#4004,#4005);
#4003 = CARTESIAN_POINT('',(-2.67241261356,-7.381918266278,0.));
#4004 = DIRECTION('',(0.940725465576,-0.339168982097,0.));
#4005 = DIRECTION('',(-0.339168982097,-0.940725465576,0.));
#4006 = ADVANCED_FACE('',(#4007),#4018,.F.);
#4007 = FACE_BOUND('',#4008,.F.);
#4008 = EDGE_LOOP('',(#4009,#4010,#4011,#4017));
#4009 = ORIENTED_EDGE('',*,*,#3978,.T.);
#4010 = ORIENTED_EDGE('',*,*,#1719,.T.);
#4011 = ORIENTED_EDGE('',*,*,#4012,.F.);
#4012 = EDGE_CURVE('',#494,#1720,#4013,.T.);
#4013 = LINE('',#4014,#4015);
#4014 = CARTESIAN_POINT('',(-0.867442658408,8.511546078609,0.));
#4015 = VECTOR('',#4016,1.);
#4016 = DIRECTION('',(0.,0.,1.));
#4017 = ORIENTED_EDGE('',*,*,#493,.F.);
#4018 = PLANE('',#4019);
#4019 = AXIS2_PLACEMENT_3D('',#4020,#4021,#4022);
#4020 = CARTESIAN_POINT('',(-0.795133732226,7.810394920553,0.));
#4021 = DIRECTION('',(-0.994724263872,-0.10258478866,0.));
#4022 = DIRECTION('',(-0.10258478866,0.994724263872,0.));
#4023 = ADVANCED_FACE('',(#4024),#4035,.F.);
#4024 = FACE_BOUND('',#4025,.F.);
#4025 = EDGE_LOOP('',(#4026,#4032,#4033,#4034));
#4026 = ORIENTED_EDGE('',*,*,#4027,.T.);
#4027 = EDGE_CURVE('',#1004,#2230,#4028,.T.);
#4028 = LINE('',#4029,#4030);
#4029 = CARTESIAN_POINT('',(-2.933313582728,-6.747652539131,0.));
#4030 = VECTOR('',#4031,1.);
#4031 = DIRECTION('',(0.,0.,1.));
#4032 = ORIENTED_EDGE('',*,*,#2238,.T.);
#4033 = ORIENTED_EDGE('',*,*,#3993,.F.);
#4034 = ORIENTED_EDGE('',*,*,#1012,.F.);
#4035 = CYLINDRICAL_SURFACE('',#4036,0.493105882353);
#4036 = AXIS2_PLACEMENT_3D('',#4037,#4038,#4039);
#4037 = CARTESIAN_POINT('',(-3.130569952474,-7.199585427739,0.));
#4038 = DIRECTION('',(0.,0.,-1.));
#4039 = DIRECTION('',(0.400028425547,0.91650273254,0.));
#4040 = ADVANCED_FACE('',(#4041),#4052,.F.);
#4041 = FACE_BOUND('',#4042,.F.);
#4042 = EDGE_LOOP('',(#4043,#4044,#4045,#4051));
#4043 = ORIENTED_EDGE('',*,*,#4012,.T.);
#4044 = ORIENTED_EDGE('',*,*,#1727,.T.);
#4045 = ORIENTED_EDGE('',*,*,#4046,.F.);
#4046 = EDGE_CURVE('',#502,#1728,#4047,.T.);
#4047 = LINE('',#4048,#4049);
#4048 = CARTESIAN_POINT('',(-1.023548853891,8.958869457398,0.));
#4049 = VECTOR('',#4050,1.);
#4050 = DIRECTION('',(0.,0.,1.));
#4051 = ORIENTED_EDGE('',*,*,#501,.F.);
#4052 = SURFACE_OF_LINEAR_EXTRUSION('',#4053,#4058);
#4053 = B_SPLINE_CURVE_WITH_KNOTS('',3,(#4054,#4055,#4056,#4057),
  .UNSPECIFIED.,.F.,.F.,(4,4),(0.,1.),.PIECEWISE_BEZIER_KNOTS.);
#4054 = CARTESIAN_POINT('',(-0.867442658408,8.511546078609,0.));
#4055 = CARTESIAN_POINT('',(-0.876230828195,8.562933789644,0.));
#4056 = CARTESIAN_POINT('',(-0.909479240936,8.715892762265,0.));
#4057 = CARTESIAN_POINT('',(-1.023548853891,8.958869457398,0.));
#4058 = VECTOR('',#4059,1.);
#4059 = DIRECTION('',(-0.,-0.,-1.));
#4060 = ADVANCED_FACE('',(#4061),#4072,.T.);
#4061 = FACE_BOUND('',#4062,.F.);
#4062 = EDGE_LOOP('',(#4063,#4069,#4070,#4071));
#4063 = ORIENTED_EDGE('',*,*,#4064,.T.);
#4064 = EDGE_CURVE('',#995,#2221,#4065,.T.);
#4065 = LINE('',#4066,#4067);
#4066 = CARTESIAN_POINT('',(-3.446636083363,-6.500449451563,0.));
#4067 = VECTOR('',#4068,1.);
#4068 = DIRECTION('',(0.,0.,1.));
#4069 = ORIENTED_EDGE('',*,*,#2229,.T.);
#4070 = ORIENTED_EDGE('',*,*,#4027,.F.);
#4071 = ORIENTED_EDGE('',*,*,#1003,.F.);
#4072 = CYLINDRICAL_SURFACE('',#4073,7.35765882353);
#4073 = AXIS2_PLACEMENT_3D('',#4074,#4075,#4076);
#4074 = CARTESIAN_POINT('',(8.644E-14,1.8383E-13,0.));
#4075 = DIRECTION('',(-0.,-0.,-1.));
#4076 = DIRECTION('',(-0.468441954979,-0.883494275485,0.));
#4077 = ADVANCED_FACE('',(#4078),#4089,.F.);
#4078 = FACE_BOUND('',#4079,.F.);
#4079 = EDGE_LOOP('',(#4080,#4081,#4082,#4088));
#4080 = ORIENTED_EDGE('',*,*,#4046,.T.);
#4081 = ORIENTED_EDGE('',*,*,#1736,.T.);
#4082 = ORIENTED_EDGE('',*,*,#4083,.F.);
#4083 = EDGE_CURVE('',#511,#1737,#4084,.T.);
#4084 = LINE('',#4085,#4086);
#4085 = CARTESIAN_POINT('',(-1.854360411499,10.110160417777,0.));
#4086 = VECTOR('',#4087,1.);
#4087 = DIRECTION('',(0.,0.,1.));
#4088 = ORIENTED_EDGE('',*,*,#510,.F.);
#4089 = SURFACE_OF_LINEAR_EXTRUSION('',#4090,#4095);
#4090 = B_SPLINE_CURVE_WITH_KNOTS('',3,(#4091,#4092,#4093,#4094),
  .UNSPECIFIED.,.F.,.F.,(4,4),(0.,1.),.PIECEWISE_BEZIER_KNOTS.);
#4091 = CARTESIAN_POINT('',(-1.023548853891,8.958869457398,0.));
#4092 = CARTESIAN_POINT('',(-1.161047404204,9.248554068584,0.));
#4093 = CARTESIAN_POINT('',(-1.409751962188,9.651744187307,0.));
#4094 = CARTESIAN_POINT('',(-1.854360411499,10.110160417777,0.));
#4095 = VECTOR('',#4096,1.);
#4096 = DIRECTION('',(-0.,-0.,-1.));
#4097 = ADVANCED_FACE('',(#4098),#4109,.F.);
#4098 = FACE_BOUND('',#4099,.F.);
#4099 = EDGE_LOOP('',(#4100,#4106,#4107,#4108));
#4100 = ORIENTED_EDGE('',*,*,#4101,.T.);
#4101 = EDGE_CURVE('',#987,#2213,#4102,.T.);
#4102 = LINE('',#4103,#4104);
#4103 = CARTESIAN_POINT('',(-4.105194090669,-6.691927072605,0.));
#4104 = VECTOR('',#4105,1.);
#4105 = DIRECTION('',(0.,0.,1.));
#4106 = ORIENTED_EDGE('',*,*,#2220,.T.);
#4107 = ORIENTED_EDGE('',*,*,#4064,.F.);
#4108 = ORIENTED_EDGE('',*,*,#994,.F.);
#4109 = CYLINDRICAL_SURFACE('',#4110,0.493105882353);
#4110 = AXIS2_PLACEMENT_3D('',#4111,#4112,#4113);
#4111 = CARTESIAN_POINT('',(-3.676984108752,-6.936446238719,0.));
#4112 = DIRECTION('',(0.,0.,-1.));
#4113 = DIRECTION('',(-0.868393578828,0.495875581421,0.));
#4114 = ADVANCED_FACE('',(#4115),#4126,.T.);
#4115 = FACE_BOUND('',#4116,.F.);
#4116 = EDGE_LOOP('',(#4117,#4118,#4119,#4125));
#4117 = ORIENTED_EDGE('',*,*,#4083,.T.);
#4118 = ORIENTED_EDGE('',*,*,#1745,.T.);
#4119 = ORIENTED_EDGE('',*,*,#4120,.F.);
#4120 = EDGE_CURVE('',#520,#1746,#4121,.T.);
#4121 = LINE('',#4122,#4123);
#4122 = CARTESIAN_POINT('',(-2.71615049638,9.911949948357,0.));
#4123 = VECTOR('',#4124,1.);
#4124 = DIRECTION('',(0.,0.,1.));
#4125 = ORIENTED_EDGE('',*,*,#519,.F.);
#4126 = CYLINDRICAL_SURFACE('',#4127,10.277364705883);
#4127 = AXIS2_PLACEMENT_3D('',#4128,#4129,#4130);
#4128 = CARTESIAN_POINT('',(1.624553176504E-02,4.466047632884E-03,0.));
#4129 = DIRECTION('',(-0.,-0.,-1.));
#4130 = DIRECTION('',(-0.182012217801,0.98329626897,0.));
#4131 = ADVANCED_FACE('',(#4132),#4143,.F.);
#4132 = FACE_BOUND('',#4133,.F.);
#4133 = EDGE_LOOP('',(#4134,#4140,#4141,#4142));
#4134 = ORIENTED_EDGE('',*,*,#4135,.T.);
#4135 = EDGE_CURVE('',#978,#2204,#4136,.T.);
#4136 = LINE('',#4137,#4138);
#4137 = CARTESIAN_POINT('',(-4.474560268175,-7.292268770443,0.));
#4138 = VECTOR('',#4139,1.);
#4139 = DIRECTION('',(0.,0.,1.));
#4140 = ORIENTED_EDGE('',*,*,#2212,.T.);
#4141 = ORIENTED_EDGE('',*,*,#4101,.F.);
#4142 = ORIENTED_EDGE('',*,*,#986,.F.);
#4143 = PLANE('',#4144);
#4144 = AXIS2_PLACEMENT_3D('',#4145,#4146,#4147);
#4145 = CARTESIAN_POINT('',(-4.474560268175,-7.292268770443,0.));
#4146 = DIRECTION('',(-0.851705722215,0.524020383903,0.));
#4147 = DIRECTION('',(0.524020383903,0.851705722215,0.));
#4148 = ADVANCED_FACE('',(#4149),#4160,.F.);
#4149 = FACE_BOUND('',#4150,.F.);
#4150 = EDGE_LOOP('',(#4151,#4152,#4153,#4159));
#4151 = ORIENTED_EDGE('',*,*,#4120,.T.);
#4152 = ORIENTED_EDGE('',*,*,#1754,.T.);
#4153 = ORIENTED_EDGE('',*,*,#4154,.F.);
#4154 = EDGE_CURVE('',#529,#1755,#4155,.T.);
#4155 = LINE('',#4156,#4157);
#4156 = CARTESIAN_POINT('',(-2.964922126309,8.515763676613,0.));
#4157 = VECTOR('',#4158,1.);
#4158 = DIRECTION('',(0.,0.,1.));
#4159 = ORIENTED_EDGE('',*,*,#528,.F.);
#4160 = SURFACE_OF_LINEAR_EXTRUSION('',#4161,#4166);
#4161 = B_SPLINE_CURVE_WITH_KNOTS('',3,(#4162,#4163,#4164,#4165),
  .UNSPECIFIED.,.F.,.F.,(4,4),(0.,1.),.PIECEWISE_BEZIER_KNOTS.);
#4162 = CARTESIAN_POINT('',(-2.71615049638,9.911949948357,0.));
#4163 = CARTESIAN_POINT('',(-2.917592227599,9.307589486304,0.));
#4164 = CARTESIAN_POINT('',(-2.966729655361,8.836418877935,0.));
#4165 = CARTESIAN_POINT('',(-2.964922126309,8.515763676613,0.));
#4166 = VECTOR('',#4167,1.);
#4167 = DIRECTION('',(-0.,-0.,-1.));
#4168 = ADVANCED_FACE('',(#4169),#4180,.F.);
#4169 = FACE_BOUND('',#4170,.F.);
#4170 = EDGE_LOOP('',(#4171,#4177,#4178,#4179));
#4171 = ORIENTED_EDGE('',*,*,#4172,.T.);
#4172 = EDGE_CURVE('',#969,#2195,#4173,.T.);
#4173 = LINE('',#4174,#4175);
#4174 = CARTESIAN_POINT('',(-4.809293430575,-7.627561268822,0.));
#4175 = VECTOR('',#4176,1.);
#4176 = DIRECTION('',(0.,0.,1.));
#4177 = ORIENTED_EDGE('',*,*,#2203,.T.);
#4178 = ORIENTED_EDGE('',*,*,#4135,.F.);
#4179 = ORIENTED_EDGE('',*,*,#977,.F.);
#4180 = SURFACE_OF_LINEAR_EXTRUSION('',#4181,#4186);
#4181 = B_SPLINE_CURVE_WITH_KNOTS('',3,(#4182,#4183,#4184,#4185),
  .UNSPECIFIED.,.F.,.F.,(4,4),(0.,1.),.PIECEWISE_BEZIER_KNOTS.);
#4182 = CARTESIAN_POINT('',(-4.809293430575,-7.627561268822,0.));
#4183 = CARTESIAN_POINT('',(-4.601096623526,-7.45813978107,0.));
#4184 = CARTESIAN_POINT('',(-4.504774427767,-7.334754454312,0.));
#4185 = CARTESIAN_POINT('',(-4.474560268175,-7.292268770443,0.));
#4186 = VECTOR('',#4187,1.);
#4187 = DIRECTION('',(-0.,-0.,-1.));
#4188 = ADVANCED_FACE('',(#4189),#4200,.F.);
#4189 = FACE_BOUND('',#4190,.F.);
#4190 = EDGE_LOOP('',(#4191,#4192,#4193,#4199));
#4191 = ORIENTED_EDGE('',*,*,#4154,.T.);
#4192 = ORIENTED_EDGE('',*,*,#1763,.T.);
#4193 = ORIENTED_EDGE('',*,*,#4194,.F.);
#4194 = EDGE_CURVE('',#538,#1764,#4195,.T.);
#4195 = LINE('',#4196,#4197);
#4196 = CARTESIAN_POINT('',(-2.911482608342,8.045007298644,0.));
#4197 = VECTOR('',#4198,1.);
#4198 = DIRECTION('',(0.,0.,1.));
#4199 = ORIENTED_EDGE('',*,*,#537,.F.);
#4200 = SURFACE_OF_LINEAR_EXTRUSION('',#4201,#4206);
#4201 = B_SPLINE_CURVE_WITH_KNOTS('',3,(#4202,#4203,#4204,#4205),
  .UNSPECIFIED.,.F.,.F.,(4,4),(0.,1.),.PIECEWISE_BEZIER_KNOTS.);
#4202 = CARTESIAN_POINT('',(-2.964922126309,8.515763676613,0.));
#4203 = CARTESIAN_POINT('',(-2.962271659352,8.247356288484,0.));
#4204 = CARTESIAN_POINT('',(-2.925861033167,8.095119070446,0.));
#4205 = CARTESIAN_POINT('',(-2.911482608342,8.045007298644,0.));
#4206 = VECTOR('',#4207,1.);
#4207 = DIRECTION('',(-0.,-0.,-1.));
#4208 = ADVANCED_FACE('',(#4209),#4220,.F.);
#4209 = FACE_BOUND('',#4210,.F.);
#4210 = EDGE_LOOP('',(#4211,#4217,#4218,#4219));
#4211 = ORIENTED_EDGE('',*,*,#4212,.T.);
#4212 = EDGE_CURVE('',#960,#2186,#4213,.T.);
#4213 = LINE('',#4214,#4215);
#4214 = CARTESIAN_POINT('',(-6.055982387466,-8.303571678526,0.));
#4215 = VECTOR('',#4216,1.);
#4216 = DIRECTION('',(0.,0.,1.));
#4217 = ORIENTED_EDGE('',*,*,#2194,.T.);
#4218 = ORIENTED_EDGE('',*,*,#4172,.F.);
#4219 = ORIENTED_EDGE('',*,*,#968,.F.);
#4220 = SURFACE_OF_LINEAR_EXTRUSION('',#4221,#4226);
#4221 = B_SPLINE_CURVE_WITH_KNOTS('',3,(#4222,#4223,#4224,#4225),
  .UNSPECIFIED.,.F.,.F.,(4,4),(0.,1.),.PIECEWISE_BEZIER_KNOTS.);
#4222 = CARTESIAN_POINT('',(-6.055982387466,-8.303571678526,0.));
#4223 = CARTESIAN_POINT('',(-5.457877486391,-8.084252581139,0.));
#4224 = CARTESIAN_POINT('',(-5.058864786055,-7.828899699877,0.));
#4225 = CARTESIAN_POINT('',(-4.809293430575,-7.627561268822,0.));
#4226 = VECTOR('',#4227,1.);
#4227 = DIRECTION('',(-0.,-0.,-1.));
#4228 = ADVANCED_FACE('',(#4229),#4240,.F.);
#4229 = FACE_BOUND('',#4230,.F.);
#4230 = EDGE_LOOP('',(#4231,#4232,#4233,#4239));
#4231 = ORIENTED_EDGE('',*,*,#4194,.T.);
#4232 = ORIENTED_EDGE('',*,*,#1772,.T.);
#4233 = ORIENTED_EDGE('',*,*,#4234,.F.);
#4234 = EDGE_CURVE('',#547,#1773,#4235,.T.);
#4235 = LINE('',#4236,#4237);
#4236 = CARTESIAN_POINT('',(-2.67241261356,7.381918266278,0.));
#4237 = VECTOR('',#4238,1.);
#4238 = DIRECTION('',(0.,0.,1.));
#4239 = ORIENTED_EDGE('',*,*,#546,.F.);
#4240 = PLANE('',#4241);
#4241 = AXIS2_PLACEMENT_3D('',#4242,#4243,#4244);
#4242 = CARTESIAN_POINT('',(-2.911482608342,8.045007298644,0.));
#4243 = DIRECTION('',(0.940725465576,0.339168982097,0.));
#4244 = DIRECTION('',(0.339168982097,-0.940725465576,0.));
#4245 = ADVANCED_FACE('',(#4246),#4257,.T.);
#4246 = FACE_BOUND('',#4247,.F.);
#4247 = EDGE_LOOP('',(#4248,#4254,#4255,#4256));
#4248 = ORIENTED_EDGE('',*,*,#4249,.T.);
#4249 = EDGE_CURVE('',#951,#2177,#4250,.T.);
#4250 = LINE('',#4251,#4252);
#4251 = CARTESIAN_POINT('',(-6.74826690188,-7.753379265191,0.));
#4252 = VECTOR('',#4253,1.);
#4253 = DIRECTION('',(0.,0.,1.));
#4254 = ORIENTED_EDGE('',*,*,#2185,.T.);
#4255 = ORIENTED_EDGE('',*,*,#4212,.F.);
#4256 = ORIENTED_EDGE('',*,*,#959,.F.);
#4257 = CYLINDRICAL_SURFACE('',#4258,10.277364705879);
#4258 = AXIS2_PLACEMENT_3D('',#4259,#4260,#4261);
#4259 = CARTESIAN_POINT('',(-1.36206200251E-02,9.916733026859E-03,0.));
#4260 = DIRECTION('',(-0.,-0.,-1.));
#4261 = DIRECTION('',(-0.655289218062,-0.755378077979,0.));
#4262 = ADVANCED_FACE('',(#4263),#4274,.F.);
#4263 = FACE_BOUND('',#4264,.F.);
#4264 = EDGE_LOOP('',(#4265,#4266,#4267,#4273));
#4265 = ORIENTED_EDGE('',*,*,#4234,.T.);
#4266 = ORIENTED_EDGE('',*,*,#1780,.T.);
#4267 = ORIENTED_EDGE('',*,*,#4268,.F.);
#4268 = EDGE_CURVE('',#555,#1781,#4269,.T.);
#4269 = LINE('',#4270,#4271);
#4270 = CARTESIAN_POINT('',(-2.933313582728,6.747652539131,0.));
#4271 = VECTOR('',#4272,1.);
#4272 = DIRECTION('',(0.,0.,1.));
#4273 = ORIENTED_EDGE('',*,*,#554,.F.);
#4274 = CYLINDRICAL_SURFACE('',#4275,0.493105882353);
#4275 = AXIS2_PLACEMENT_3D('',#4276,#4277,#4278);
#4276 = CARTESIAN_POINT('',(-3.130569952474,7.199585427739,0.));
#4277 = DIRECTION('',(0.,0.,-1.));
#4278 = DIRECTION('',(0.929125681341,0.369764071094,0.));
#4279 = ADVANCED_FACE('',(#4280),#4291,.F.);
#4280 = FACE_BOUND('',#4281,.F.);
#4281 = EDGE_LOOP('',(#4282,#4288,#4289,#4290));
#4282 = ORIENTED_EDGE('',*,*,#4283,.T.);
#4283 = EDGE_CURVE('',#942,#2168,#4284,.T.);
#4284 = LINE('',#4285,#4286);
#4285 = CARTESIAN_POINT('',(-6.36615391701,-6.386006460687,0.));
#4286 = VECTOR('',#4287,1.);
#4287 = DIRECTION('',(0.,0.,1.));
#4288 = ORIENTED_EDGE('',*,*,#2176,.T.);
#4289 = ORIENTED_EDGE('',*,*,#4249,.F.);
#4290 = ORIENTED_EDGE('',*,*,#950,.F.);
#4291 = SURFACE_OF_LINEAR_EXTRUSION('',#4292,#4297);
#4292 = B_SPLINE_CURVE_WITH_KNOTS('',3,(#4293,#4294,#4295,#4296),
  .UNSPECIFIED.,.F.,.F.,(4,4),(0.,1.),.PIECEWISE_BEZIER_KNOTS.);
#4293 = CARTESIAN_POINT('',(-6.36615391701,-6.386006460687,0.));
#4294 = CARTESIAN_POINT('',(-6.506909522131,-6.674122556946,0.));
#4295 = CARTESIAN_POINT('',(-6.66707149479,-7.119952537445,0.));
#4296 = CARTESIAN_POINT('',(-6.74826690188,-7.753379265191,0.));
#4297 = VECTOR('',#4298,1.);
#4298 = DIRECTION('',(-0.,-0.,-1.));
#4299 = ADVANCED_FACE('',(#4300),#4311,.T.);
#4300 = FACE_BOUND('',#4301,.F.);
#4301 = EDGE_LOOP('',(#4302,#4303,#4304,#4310));
#4302 = ORIENTED_EDGE('',*,*,#4268,.T.);
#4303 = ORIENTED_EDGE('',*,*,#1789,.T.);
#4304 = ORIENTED_EDGE('',*,*,#4305,.F.);
#4305 = EDGE_CURVE('',#564,#1790,#4306,.T.);
#4306 = LINE('',#4307,#4308);
#4307 = CARTESIAN_POINT('',(-3.446636083363,6.500449451563,0.));
#4308 = VECTOR('',#4309,1.);
#4309 = DIRECTION('',(0.,0.,1.));
#4310 = ORIENTED_EDGE('',*,*,#563,.F.);
#4311 = CYLINDRICAL_SURFACE('',#4312,7.357658823528);
#4312 = AXIS2_PLACEMENT_3D('',#4313,#4314,#4315);
#4313 = CARTESIAN_POINT('',(-5.2066E-13,1.07417E-12,0.));
#4314 = DIRECTION('',(-0.,-0.,-1.));
#4315 = DIRECTION('',(-0.398674857463,0.917092338877,0.));
#4316 = ADVANCED_FACE('',(#4317),#4328,.F.);
#4317 = FACE_BOUND('',#4318,.F.);
#4318 = EDGE_LOOP('',(#4319,#4325,#4326,#4327));
#4319 = ORIENTED_EDGE('',*,*,#4320,.T.);
#4320 = EDGE_CURVE('',#934,#2160,#4321,.T.);
#4321 = LINE('',#4322,#4323);
#4322 = CARTESIAN_POINT('',(-6.113753037519,-5.985056157643,0.));
#4323 = VECTOR('',#4324,1.);
#4324 = DIRECTION('',(0.,0.,1.));
#4325 = ORIENTED_EDGE('',*,*,#2167,.T.);
#4326 = ORIENTED_EDGE('',*,*,#4283,.F.);
#4327 = ORIENTED_EDGE('',*,*,#941,.F.);
#4328 = SURFACE_OF_LINEAR_EXTRUSION('',#4329,#4334);
#4329 = B_SPLINE_CURVE_WITH_KNOTS('',3,(#4330,#4331,#4332,#4333),
  .UNSPECIFIED.,.F.,.F.,(4,4),(0.,1.),.PIECEWISE_BEZIER_KNOTS.);
#4330 = CARTESIAN_POINT('',(-6.113753037519,-5.985056157643,0.));
#4331 = CARTESIAN_POINT('',(-6.148450233579,-6.023966739227,0.));
#4332 = CARTESIAN_POINT('',(-6.247308327628,-6.145329754582,0.));
#4333 = CARTESIAN_POINT('',(-6.36615391701,-6.386006460687,0.));
#4334 = VECTOR('',#4335,1.);
#4335 = DIRECTION('',(-0.,-0.,-1.));
#4336 = ADVANCED_FACE('',(#4337),#4348,.F.);
#4337 = FACE_BOUND('',#4338,.F.);
#4338 = EDGE_LOOP('',(#4339,#4340,#4341,#4347));
#4339 = ORIENTED_EDGE('',*,*,#4305,.T.);
#4340 = ORIENTED_EDGE('',*,*,#1798,.T.);
#4341 = ORIENTED_EDGE('',*,*,#4342,.F.);
#4342 = EDGE_CURVE('',#573,#1799,#4343,.T.);
#4343 = LINE('',#4344,#4345);
#4344 = CARTESIAN_POINT('',(-4.105194090669,6.691927072605,0.));
#4345 = VECTOR('',#4346,1.);
#4346 = DIRECTION('',(0.,0.,1.));
#4347 = ORIENTED_EDGE('',*,*,#572,.F.);
#4348 = CYLINDRICAL_SURFACE('',#4349,0.493105882353);
#4349 = AXIS2_PLACEMENT_3D('',#4350,#4351,#4352);
#4350 = CARTESIAN_POINT('',(-3.676984108752,6.936446238719,0.));
#4351 = DIRECTION('',(0.,0.,-1.));
#4352 = DIRECTION('',(0.467137046286,-0.88418492409,0.));
#4353 = ADVANCED_FACE('',(#4354),#4365,.F.);
#4354 = FACE_BOUND('',#4355,.F.);
#4355 = EDGE_LOOP('',(#4356,#4362,#4363,#4364));
#4356 = ORIENTED_EDGE('',*,*,#4357,.T.);
#4357 = EDGE_CURVE('',#925,#2151,#4358,.T.);
#4358 = LINE('',#4359,#4360);
#4359 = CARTESIAN_POINT('',(-5.61065486624,-5.491362166081,0.));
#4360 = VECTOR('',#4361,1.);
#4361 = DIRECTION('',(0.,0.,1.));
#4362 = ORIENTED_EDGE('',*,*,#2159,.T.);
#4363 = ORIENTED_EDGE('',*,*,#4320,.F.);
#4364 = ORIENTED_EDGE('',*,*,#933,.F.);
#4365 = PLANE('',#4366);
#4366 = AXIS2_PLACEMENT_3D('',#4367,#4368,#4369);
#4367 = CARTESIAN_POINT('',(-5.61065486624,-5.491362166081,0.));
#4368 = DIRECTION('',(0.700404451582,-0.713746176315,0.));
#4369 = DIRECTION('',(-0.713746176315,-0.700404451582,0.));
#4370 = ADVANCED_FACE('',(#4371),#4382,.F.);
#4371 = FACE_BOUND('',#4372,.F.);
#4372 = EDGE_LOOP('',(#4373,#4374,#4375,#4381));
#4373 = ORIENTED_EDGE('',*,*,#4342,.T.);
#4374 = ORIENTED_EDGE('',*,*,#1807,.T.);
#4375 = ORIENTED_EDGE('',*,*,#4376,.F.);
#4376 = EDGE_CURVE('',#582,#1808,#4377,.T.);
#4377 = LINE('',#4378,#4379);
#4378 = CARTESIAN_POINT('',(-4.474560268175,7.292268770443,0.));
#4379 = VECTOR('',#4380,1.);
#4380 = DIRECTION('',(0.,0.,1.));
#4381 = ORIENTED_EDGE('',*,*,#581,.F.);
#4382 = PLANE('',#4383);
#4383 = AXIS2_PLACEMENT_3D('',#4384,#4385,#4386);
#4384 = CARTESIAN_POINT('',(-4.105194090669,6.691927072605,0.));
#4385 = DIRECTION('',(-0.851705722215,-0.524020383903,0.));
#4386 = DIRECTION('',(-0.524020383903,0.851705722215,0.));
#4387 = ADVANCED_FACE('',(#4388),#4399,.F.);
#4388 = FACE_BOUND('',#4389,.F.);
#4389 = EDGE_LOOP('',(#4390,#4396,#4397,#4398));
#4390 = ORIENTED_EDGE('',*,*,#4391,.T.);
#4391 = EDGE_CURVE('',#916,#2142,#4392,.T.);
#4392 = LINE('',#4393,#4394);
#4393 = CARTESIAN_POINT('',(-5.570520931778,-4.806707803901,0.));
#4394 = VECTOR('',#4395,1.);
#4395 = DIRECTION('',(0.,0.,1.));
#4396 = ORIENTED_EDGE('',*,*,#2150,.T.);
#4397 = ORIENTED_EDGE('',*,*,#4357,.F.);
#4398 = ORIENTED_EDGE('',*,*,#924,.F.);
#4399 = CYLINDRICAL_SURFACE('',#4400,0.493105882353);
#4400 = AXIS2_PLACEMENT_3D('',#4401,#4402,#4403);
#4401 = CARTESIAN_POINT('',(-5.944329111454,-5.128298935648,0.));
#4402 = DIRECTION('',(0.,0.,-1.));
#4403 = DIRECTION('',(0.7580687902,0.652174600337,0.));
#4404 = ADVANCED_FACE('',(#4405),#4416,.F.);
#4405 = FACE_BOUND('',#4406,.F.);
#4406 = EDGE_LOOP('',(#4407,#4408,#4409,#4415));
#4407 = ORIENTED_EDGE('',*,*,#4376,.T.);
#4408 = ORIENTED_EDGE('',*,*,#1815,.T.);
#4409 = ORIENTED_EDGE('',*,*,#4410,.F.);
#4410 = EDGE_CURVE('',#590,#1816,#4411,.T.);
#4411 = LINE('',#4412,#4413);
#4412 = CARTESIAN_POINT('',(-4.809293430575,7.627561268822,0.));
#4413 = VECTOR('',#4414,1.);
#4414 = DIRECTION('',(0.,0.,1.));
#4415 = ORIENTED_EDGE('',*,*,#589,.F.);
#4416 = SURFACE_OF_LINEAR_EXTRUSION('',#4417,#4422);
#4417 = B_SPLINE_CURVE_WITH_KNOTS('',3,(#4418,#4419,#4420,#4421),
  .UNSPECIFIED.,.F.,.F.,(4,4),(0.,1.),.PIECEWISE_BEZIER_KNOTS.);
#4418 = CARTESIAN_POINT('',(-4.474560268175,7.292268770443,0.));
#4419 = CARTESIAN_POINT('',(-4.504774427767,7.334754454312,0.));
#4420 = CARTESIAN_POINT('',(-4.601096623526,7.45813978107,0.));
#4421 = CARTESIAN_POINT('',(-4.809293430575,7.627561268822,0.));
#4422 = VECTOR('',#4423,1.);
#4423 = DIRECTION('',(-0.,-0.,-1.));
#4424 = ADVANCED_FACE('',(#4425),#4436,.T.);
#4425 = FACE_BOUND('',#4426,.F.);
#4426 = EDGE_LOOP('',(#4427,#4433,#4434,#4435));
#4427 = ORIENTED_EDGE('',*,*,#4428,.T.);
#4428 = EDGE_CURVE('',#907,#2133,#4429,.T.);
#4429 = LINE('',#4430,#4431);
#4430 = CARTESIAN_POINT('',(-5.925751124088,-4.361263232004,0.));
#4431 = VECTOR('',#4432,1.);
#4432 = DIRECTION('',(0.,0.,1.));
#4433 = ORIENTED_EDGE('',*,*,#2141,.T.);
#4434 = ORIENTED_EDGE('',*,*,#4391,.F.);
#4435 = ORIENTED_EDGE('',*,*,#915,.F.);
#4436 = CYLINDRICAL_SURFACE('',#4437,7.357658823528);
#4437 = AXIS2_PLACEMENT_3D('',#4438,#4439,#4440);
#4438 = CARTESIAN_POINT('',(-7.4051E-13,-5.8866E-13,0.));
#4439 = DIRECTION('',(-0.,-0.,-1.));
#4440 = DIRECTION('',(-0.805385417592,-0.592751490196,0.));
#4441 = ADVANCED_FACE('',(#4442),#4453,.F.);
#4442 = FACE_BOUND('',#4443,.F.);
#4443 = EDGE_LOOP('',(#4444,#4445,#4446,#4452));
#4444 = ORIENTED_EDGE('',*,*,#4410,.T.);
#4445 = ORIENTED_EDGE('',*,*,#1824,.T.);
#4446 = ORIENTED_EDGE('',*,*,#4447,.F.);
#4447 = EDGE_CURVE('',#599,#1825,#4448,.T.);
#4448 = LINE('',#4449,#4450);
#4449 = CARTESIAN_POINT('',(-6.057355205774,8.304362956903,0.));
#4450 = VECTOR('',#4451,1.);
#4451 = DIRECTION('',(0.,0.,1.));
#4452 = ORIENTED_EDGE('',*,*,#598,.F.);
#4453 = SURFACE_OF_LINEAR_EXTRUSION('',#4454,#4459);
#4454 = B_SPLINE_CURVE_WITH_KNOTS('',3,(#4455,#4456,#4457,#4458),
  .UNSPECIFIED.,.F.,.F.,(4,4),(0.,1.),.PIECEWISE_BEZIER_KNOTS.);
#4455 = CARTESIAN_POINT('',(-4.809293430575,7.627561268822,0.));
#4456 = CARTESIAN_POINT('',(-5.058864786055,7.828899699877,0.));
#4457 = CARTESIAN_POINT('',(-5.457877486391,8.084252581139,0.));
#4458 = CARTESIAN_POINT('',(-6.057355205774,8.304362956903,0.));
#4459 = VECTOR('',#4460,1.);
#4460 = DIRECTION('',(-0.,-0.,-1.));
#4461 = ADVANCED_FACE('',(#4462),#4473,.F.);
#4462 = FACE_BOUND('',#4463,.F.);
#4463 = EDGE_LOOP('',(#4464,#4470,#4471,#4472));
#4464 = ORIENTED_EDGE('',*,*,#4465,.T.);
#4465 = EDGE_CURVE('',#899,#2125,#4466,.T.);
#4466 = LINE('',#4467,#4468);
#4467 = CARTESIAN_POINT('',(-6.602170412554,-4.248040996828,0.));
#4468 = VECTOR('',#4469,1.);
#4469 = DIRECTION('',(0.,0.,1.));
#4470 = ORIENTED_EDGE('',*,*,#2132,.T.);
#4471 = ORIENTED_EDGE('',*,*,#4428,.F.);
#4472 = ORIENTED_EDGE('',*,*,#906,.F.);
#4473 = CYLINDRICAL_SURFACE('',#4474,0.493105882353);
#4474 = AXIS2_PLACEMENT_3D('',#4475,#4476,#4477);
#4475 = CARTESIAN_POINT('',(-6.32245944,-4.654138501184,0.));
#4476 = DIRECTION('',(0.,0.,-1.));
#4477 = DIRECTION('',(-0.567243228206,0.823550314221,0.));
#4478 = ADVANCED_FACE('',(#4479),#4490,.T.);
#4479 = FACE_BOUND('',#4480,.F.);
#4480 = EDGE_LOOP('',(#4481,#4482,#4483,#4489));
#4481 = ORIENTED_EDGE('',*,*,#4447,.T.);
#4482 = ORIENTED_EDGE('',*,*,#1833,.T.);
#4483 = ORIENTED_EDGE('',*,*,#4484,.F.);
#4484 = EDGE_CURVE('',#608,#1834,#4485,.T.);
#4485 = LINE('',#4486,#4487);
#4486 = CARTESIAN_POINT('',(-6.747800943316,7.751864790301,0.));
#4487 = VECTOR('',#4488,1.);
#4488 = DIRECTION('',(0.,0.,1.));
#4489 = ORIENTED_EDGE('',*,*,#607,.F.);
#4490 = CYLINDRICAL_SURFACE('',#4491,10.277364705884);
#4491 = AXIS2_PLACEMENT_3D('',#4492,#4493,#4494);
#4492 = CARTESIAN_POINT('',(1.269897291773E-02,1.107244194481E-02,0.));
#4493 = DIRECTION('',(-0.,-0.,-1.));
#4494 = DIRECTION('',(-0.590623603658,0.806947184643,0.));
#4495 = ADVANCED_FACE('',(#4496),#4507,.F.);
#4496 = FACE_BOUND('',#4497,.F.);
#4497 = EDGE_LOOP('',(#4498,#4504,#4505,#4506));
#4498 = ORIENTED_EDGE('',*,*,#4499,.T.);
#4499 = EDGE_CURVE('',#890,#2116,#4500,.T.);
#4500 = LINE('',#4501,#4502);
#4501 = CARTESIAN_POINT('',(-7.195436339949,-4.628668198484,0.));
#4502 = VECTOR('',#4503,1.);
#4503 = DIRECTION('',(0.,0.,1.));
#4504 = ORIENTED_EDGE('',*,*,#2124,.T.);
#4505 = ORIENTED_EDGE('',*,*,#4465,.F.);
#4506 = ORIENTED_EDGE('',*,*,#898,.F.);
#4507 = PLANE('',#4508);
#4508 = AXIS2_PLACEMENT_3D('',#4509,#4510,#4511);
#4509 = CARTESIAN_POINT('',(-7.195436339949,-4.628668198484,0.));
#4510 = DIRECTION('',(-0.539996416789,0.841667315425,0.));
#4511 = DIRECTION('',(0.841667315425,0.539996416789,0.));
#4512 = ADVANCED_FACE('',(#4513),#4524,.F.);
#4513 = FACE_BOUND('',#4514,.F.);
#4514 = EDGE_LOOP('',(#4515,#4516,#4517,#4523));
#4515 = ORIENTED_EDGE('',*,*,#4484,.T.);
#4516 = ORIENTED_EDGE('',*,*,#1842,.T.);
#4517 = ORIENTED_EDGE('',*,*,#4518,.F.);
#4518 = EDGE_CURVE('',#617,#1843,#4519,.T.);
#4519 = LINE('',#4520,#4521);
#4520 = CARTESIAN_POINT('',(-6.36615391701,6.386006460687,0.));
#4521 = VECTOR('',#4522,1.);
#4522 = DIRECTION('',(0.,0.,1.));
#4523 = ORIENTED_EDGE('',*,*,#616,.F.);
#4524 = SURFACE_OF_LINEAR_EXTRUSION('',#4525,#4530);
#4525 = B_SPLINE_CURVE_WITH_KNOTS('',3,(#4526,#4527,#4528,#4529),
  .UNSPECIFIED.,.F.,.F.,(4,4),(0.,1.),.PIECEWISE_BEZIER_KNOTS.);
#4526 = CARTESIAN_POINT('',(-6.747800943316,7.751864790301,0.));
#4527 = CARTESIAN_POINT('',(-6.66707149479,7.119952537445,0.));
#4528 = CARTESIAN_POINT('',(-6.506909522131,6.674122556946,0.));
#4529 = CARTESIAN_POINT('',(-6.36615391701,6.386006460687,0.));
#4530 = VECTOR('',#4531,1.);
#4531 = DIRECTION('',(-0.,-0.,-1.));
#4532 = ADVANCED_FACE('',(#4533),#4544,.F.);
#4533 = FACE_BOUND('',#4534,.F.);
#4534 = EDGE_LOOP('',(#4535,#4541,#4542,#4543));
#4535 = ORIENTED_EDGE('',*,*,#4536,.T.);
#4536 = EDGE_CURVE('',#881,#2107,#4537,.T.);
#4537 = LINE('',#4538,#4539);
#4538 = CARTESIAN_POINT('',(-7.64249846122,-4.785521025056,0.));
#4539 = VECTOR('',#4540,1.);
#4540 = DIRECTION('',(0.,0.,1.));
#4541 = ORIENTED_EDGE('',*,*,#2115,.T.);
#4542 = ORIENTED_EDGE('',*,*,#4499,.F.);
#4543 = ORIENTED_EDGE('',*,*,#889,.F.);
#4544 = SURFACE_OF_LINEAR_EXTRUSION('',#4545,#4550);
#4545 = B_SPLINE_CURVE_WITH_KNOTS('',3,(#4546,#4547,#4548,#4549),
  .UNSPECIFIED.,.F.,.F.,(4,4),(0.,1.),.PIECEWISE_BEZIER_KNOTS.);
#4546 = CARTESIAN_POINT('',(-7.64249846122,-4.785521025056,0.));
#4547 = CARTESIAN_POINT('',(-7.38141039108,-4.723210748152,0.));
#4548 = CARTESIAN_POINT('',(-7.241092204487,-4.653837044443,0.));
#4549 = CARTESIAN_POINT('',(-7.195436339949,-4.628668198484,0.));
#4550 = VECTOR('',#4551,1.);
#4551 = DIRECTION('',(-0.,-0.,-1.));
#4552 = ADVANCED_FACE('',(#4553),#4564,.F.);
#4553 = FACE_BOUND('',#4554,.F.);
#4554 = EDGE_LOOP('',(#4555,#4556,#4557,#4563));
#4555 = ORIENTED_EDGE('',*,*,#4518,.T.);
#4556 = ORIENTED_EDGE('',*,*,#1851,.T.);
#4557 = ORIENTED_EDGE('',*,*,#4558,.F.);
#4558 = EDGE_CURVE('',#626,#1852,#4559,.T.);
#4559 = LINE('',#4560,#4561);
#4560 = CARTESIAN_POINT('',(-6.113753037519,5.985056157643,0.));
#4561 = VECTOR('',#4562,1.);
#4562 = DIRECTION('',(0.,0.,1.));
#4563 = ORIENTED_EDGE('',*,*,#625,.F.);
#4564 = SURFACE_OF_LINEAR_EXTRUSION('',#4565,#4570);
#4565 = B_SPLINE_CURVE_WITH_KNOTS('',3,(#4566,#4567,#4568,#4569),
  .UNSPECIFIED.,.F.,.F.,(4,4),(0.,1.),.PIECEWISE_BEZIER_KNOTS.);
#4566 = CARTESIAN_POINT('',(-6.36615391701,6.386006460687,0.));
#4567 = CARTESIAN_POINT('',(-6.247308327628,6.145329754582,0.));
#4568 = CARTESIAN_POINT('',(-6.148450233579,6.023966739227,0.));
#4569 = CARTESIAN_POINT('',(-6.113753037519,5.985056157643,0.));
#4570 = VECTOR('',#4571,1.);
#4571 = DIRECTION('',(-0.,-0.,-1.));
#4572 = ADVANCED_FACE('',(#4573),#4584,.F.);
#4573 = FACE_BOUND('',#4574,.F.);
#4574 = EDGE_LOOP('',(#4575,#4581,#4582,#4583));
#4575 = ORIENTED_EDGE('',*,*,#4576,.T.);
#4576 = EDGE_CURVE('',#872,#2098,#4577,.T.);
#4577 = LINE('',#4578,#4579);
#4578 = CARTESIAN_POINT('',(-9.059036323582,-4.853667292444,0.));
#4579 = VECTOR('',#4580,1.);
#4580 = DIRECTION('',(0.,0.,1.));
#4581 = ORIENTED_EDGE('',*,*,#2106,.T.);
#4582 = ORIENTED_EDGE('',*,*,#4536,.F.);
#4583 = ORIENTED_EDGE('',*,*,#880,.F.);
#4584 = SURFACE_OF_LINEAR_EXTRUSION('',#4585,#4590);
#4585 = B_SPLINE_CURVE_WITH_KNOTS('',3,(#4586,#4587,#4588,#4589),
  .UNSPECIFIED.,.F.,.F.,(4,4),(0.,1.),.PIECEWISE_BEZIER_KNOTS.);
#4586 = CARTESIAN_POINT('',(-9.059036323582,-4.853667292444,0.));
#4587 = CARTESIAN_POINT('',(-8.425003437939,-4.915575604426,0.));
#4588 = CARTESIAN_POINT('',(-7.954711954122,-4.858635730456,0.));
#4589 = CARTESIAN_POINT('',(-7.64249846122,-4.785521025056,0.));
#4590 = VECTOR('',#4591,1.);
#4591 = DIRECTION('',(-0.,-0.,-1.));
#4592 = ADVANCED_FACE('',(#4593),#4604,.F.);
#4593 = FACE_BOUND('',#4594,.F.);
#4594 = EDGE_LOOP('',(#4595,#4596,#4597,#4603));
#4595 = ORIENTED_EDGE('',*,*,#4558,.T.);
#4596 = ORIENTED_EDGE('',*,*,#1860,.T.);
#4597 = ORIENTED_EDGE('',*,*,#4598,.F.);
#4598 = EDGE_CURVE('',#635,#1861,#4599,.T.);
#4599 = LINE('',#4600,#4601);
#4600 = CARTESIAN_POINT('',(-5.61065486624,5.491362166081,0.));
#4601 = VECTOR('',#4602,1.);
#4602 = DIRECTION('',(0.,0.,1.));
#4603 = ORIENTED_EDGE('',*,*,#634,.F.);
#4604 = PLANE('',#4605);
#4605 = AXIS2_PLACEMENT_3D('',#4606,#4607,#4608);
#4606 = CARTESIAN_POINT('',(-6.113753037519,5.985056157643,0.));
#4607 = DIRECTION('',(0.700404451582,0.713746176315,0.));
#4608 = DIRECTION('',(0.713746176315,-0.700404451582,0.));
#4609 = ADVANCED_FACE('',(#4610),#4621,.T.);
#4610 = FACE_BOUND('',#4611,.F.);
#4611 = EDGE_LOOP('',(#4612,#4618,#4619,#4620));
#4612 = ORIENTED_EDGE('',*,*,#4613,.T.);
#4613 = EDGE_CURVE('',#863,#2089,#4614,.T.);
#4614 = LINE('',#4615,#4616);
#4615 = CARTESIAN_POINT('',(-9.444043577268,-4.057590063027,0.));
#4616 = VECTOR('',#4617,1.);
#4617 = DIRECTION('',(0.,0.,1.));
#4618 = ORIENTED_EDGE('',*,*,#2097,.T.);
#4619 = ORIENTED_EDGE('',*,*,#4576,.F.);
#4620 = ORIENTED_EDGE('',*,*,#871,.F.);
#4621 = CYLINDRICAL_SURFACE('',#4622,10.277364705884);
#4622 = AXIS2_PLACEMENT_3D('',#4623,#4624,#4625);
#4623 = CARTESIAN_POINT('',(-7.969045394155E-03,1.484443327624E-02,0.));
#4624 = DIRECTION('',(-0.,-0.,-1.));
#4625 = DIRECTION('',(-0.918141449867,-0.396252795619,0.));
#4626 = ADVANCED_FACE('',(#4627),#4638,.F.);
#4627 = FACE_BOUND('',#4628,.F.);
#4628 = EDGE_LOOP('',(#4629,#4630,#4631,#4637));
#4629 = ORIENTED_EDGE('',*,*,#4598,.T.);
#4630 = ORIENTED_EDGE('',*,*,#1868,.T.);
#4631 = ORIENTED_EDGE('',*,*,#4632,.F.);
#4632 = EDGE_CURVE('',#643,#1869,#4633,.T.);
#4633 = LINE('',#4634,#4635);
#4634 = CARTESIAN_POINT('',(-5.570520931778,4.806707803901,0.));
#4635 = VECTOR('',#4636,1.);
#4636 = DIRECTION('',(0.,0.,1.));
#4637 = ORIENTED_EDGE('',*,*,#642,.F.);
#4638 = CYLINDRICAL_SURFACE('',#4639,0.493105882353);
#4639 = AXIS2_PLACEMENT_3D('',#4640,#4641,#4642);
#4640 = CARTESIAN_POINT('',(-5.944329111454,5.128298935648,0.));
#4641 = DIRECTION('',(0.,0.,-1.));
#4642 = DIRECTION('',(0.6766786955,0.736278441255,0.));
#4643 = ADVANCED_FACE('',(#4644),#4655,.F.);
#4644 = FACE_BOUND('',#4645,.F.);
#4645 = EDGE_LOOP('',(#4646,#4652,#4653,#4654));
#4646 = ORIENTED_EDGE('',*,*,#4647,.T.);
#4647 = EDGE_CURVE('',#854,#2080,#4648,.T.);
#4648 = LINE('',#4649,#4650);
#4649 = CARTESIAN_POINT('',(-8.506490848693,-2.991422345993,0.));
#4650 = VECTOR('',#4651,1.);
#4651 = DIRECTION('',(0.,0.,1.));
#4652 = ORIENTED_EDGE('',*,*,#2088,.T.);
#4653 = ORIENTED_EDGE('',*,*,#4613,.F.);
#4654 = ORIENTED_EDGE('',*,*,#862,.F.);
#4655 = SURFACE_OF_LINEAR_EXTRUSION('',#4656,#4661);
#4656 = B_SPLINE_CURVE_WITH_KNOTS('',3,(#4657,#4658,#4659,#4660),
  .UNSPECIFIED.,.F.,.F.,(4,4),(0.,1.),.PIECEWISE_BEZIER_KNOTS.);
#4657 = CARTESIAN_POINT('',(-8.506490848693,-2.991422345993,0.));
#4658 = CARTESIAN_POINT('',(-8.758316156034,-3.189934410811,0.));
#4659 = CARTESIAN_POINT('',(-9.096055486172,-3.522121668057,0.));
#4660 = CARTESIAN_POINT('',(-9.444043577268,-4.057590063027,0.));
#4661 = VECTOR('',#4662,1.);
#4662 = DIRECTION('',(-0.,-0.,-1.));
#4663 = ADVANCED_FACE('',(#4664),#4675,.T.);
#4664 = FACE_BOUND('',#4665,.F.);
#4665 = EDGE_LOOP('',(#4666,#4667,#4668,#4674));
#4666 = ORIENTED_EDGE('',*,*,#4632,.T.);
#4667 = ORIENTED_EDGE('',*,*,#1877,.T.);
#4668 = ORIENTED_EDGE('',*,*,#4669,.F.);
#4669 = EDGE_CURVE('',#652,#1878,#4670,.T.);
#4670 = LINE('',#4671,#4672);
#4671 = CARTESIAN_POINT('',(-5.925751124088,4.361263232004,0.));
#4672 = VECTOR('',#4673,1.);
#4673 = DIRECTION('',(0.,0.,1.));
#4674 = ORIENTED_EDGE('',*,*,#651,.F.);
#4675 = CYLINDRICAL_SURFACE('',#4676,7.357658823529);
#4676 = AXIS2_PLACEMENT_3D('',#4677,#4678,#4679);
#4677 = CARTESIAN_POINT('',(-3.9302E-13,3.1349E-13,0.));
#4678 = DIRECTION('',(-0.,-0.,-1.));
#4679 = DIRECTION('',(-0.757105088097,0.653293108472,0.));
#4680 = ADVANCED_FACE('',(#4681),#4692,.F.);
#4681 = FACE_BOUND('',#4682,.F.);
#4682 = EDGE_LOOP('',(#4683,#4689,#4690,#4691));
#4683 = ORIENTED_EDGE('',*,*,#4684,.T.);
#4684 = EDGE_CURVE('',#846,#2072,#4685,.T.);
#4685 = LINE('',#4686,#4687);
#4686 = CARTESIAN_POINT('',(-8.105119697355,-2.739691242724,0.));
#4687 = VECTOR('',#4688,1.);
#4688 = DIRECTION('',(0.,0.,1.));
#4689 = ORIENTED_EDGE('',*,*,#2079,.T.);
#4690 = ORIENTED_EDGE('',*,*,#4647,.F.);
#4691 = ORIENTED_EDGE('',*,*,#853,.F.);
#4692 = SURFACE_OF_LINEAR_EXTRUSION('',#4693,#4698);
#4693 = B_SPLINE_CURVE_WITH_KNOTS('',3,(#4694,#4695,#4696,#4697),
  .UNSPECIFIED.,.F.,.F.,(4,4),(0.,1.),.PIECEWISE_BEZIER_KNOTS.);
#4694 = CARTESIAN_POINT('',(-8.105119697355,-2.739691242724,0.));
#4695 = CARTESIAN_POINT('',(-8.153263459438,-2.759693916199,0.));
#4696 = CARTESIAN_POINT('',(-8.294988963409,-2.826145295261,0.));
#4697 = CARTESIAN_POINT('',(-8.506490848693,-2.991422345993,0.));
#4698 = VECTOR('',#4699,1.);
#4699 = DIRECTION('',(-0.,-0.,-1.));
#4700 = ADVANCED_FACE('',(#4701),#4712,.F.);
#4701 = FACE_BOUND('',#4702,.F.);
#4702 = EDGE_LOOP('',(#4703,#4704,#4705,#4711));
#4703 = ORIENTED_EDGE('',*,*,#4669,.T.);
#4704 = ORIENTED_EDGE('',*,*,#1886,.T.);
#4705 = ORIENTED_EDGE('',*,*,#4706,.F.);
#4706 = EDGE_CURVE('',#661,#1887,#4707,.T.);
#4707 = LINE('',#4708,#4709);
#4708 = CARTESIAN_POINT('',(-6.602170412554,4.248040996828,0.));
#4709 = VECTOR('',#4710,1.);
#4710 = DIRECTION('',(0.,0.,1.));
#4711 = ORIENTED_EDGE('',*,*,#660,.F.);
#4712 = CYLINDRICAL_SURFACE('',#4713,0.493105882353);
#4713 = AXIS2_PLACEMENT_3D('',#4714,#4715,#4716);
#4714 = CARTESIAN_POINT('',(-6.32245944,4.654138501184,0.));
#4715 = DIRECTION('',(0.,0.,-1.));
#4716 = DIRECTION('',(0.804509396683,-0.593939921751,0.));
#4717 = ADVANCED_FACE('',(#4718),#4729,.F.);
#4718 = FACE_BOUND('',#4719,.F.);
#4719 = EDGE_LOOP('',(#4720,#4726,#4727,#4728));
#4720 = ORIENTED_EDGE('',*,*,#4721,.T.);
#4721 = EDGE_CURVE('',#837,#2063,#4722,.T.);
#4722 = LINE('',#4723,#4724);
#4723 = CARTESIAN_POINT('',(-7.437638112495,-2.513174441754,0.));
#4724 = VECTOR('',#4725,1.);
#4725 = DIRECTION('',(0.,0.,1.));
#4726 = ORIENTED_EDGE('',*,*,#2071,.T.);
#4727 = ORIENTED_EDGE('',*,*,#4684,.F.);
#4728 = ORIENTED_EDGE('',*,*,#845,.F.);
#4729 = PLANE('',#4730);
#4730 = AXIS2_PLACEMENT_3D('',#4731,#4732,#4733);
#4731 = CARTESIAN_POINT('',(-7.437638112495,-2.513174441754,0.));
#4732 = DIRECTION('',(0.321359746056,-0.946957186791,0.));
#4733 = DIRECTION('',(-0.946957186791,-0.321359746056,0.));
#4734 = ADVANCED_FACE('',(#4735),#4746,.F.);
#4735 = FACE_BOUND('',#4736,.F.);
#4736 = EDGE_LOOP('',(#4737,#4738,#4739,#4745));
#4737 = ORIENTED_EDGE('',*,*,#4706,.T.);
#4738 = ORIENTED_EDGE('',*,*,#1895,.T.);
#4739 = ORIENTED_EDGE('',*,*,#4740,.F.);
#4740 = EDGE_CURVE('',#670,#1896,#4741,.T.);
#4741 = LINE('',#4742,#4743);
#4742 = CARTESIAN_POINT('',(-7.195436339949,4.628668198484,0.));
#4743 = VECTOR('',#4744,1.);
#4744 = DIRECTION('',(0.,0.,1.));
#4745 = ORIENTED_EDGE('',*,*,#669,.F.);
#4746 = PLANE('',#4747);
#4747 = AXIS2_PLACEMENT_3D('',#4748,#4749,#4750);
#4748 = CARTESIAN_POINT('',(-6.602170412554,4.248040996828,0.));
#4749 = DIRECTION('',(-0.539996416789,-0.841667315425,0.));
#4750 = DIRECTION('',(-0.841667315425,0.539996416789,0.));
#4751 = ADVANCED_FACE('',(#4752),#4763,.F.);
#4752 = FACE_BOUND('',#4753,.F.);
#4753 = EDGE_LOOP('',(#4754,#4760,#4761,#4762));
#4754 = ORIENTED_EDGE('',*,*,#4755,.T.);
#4755 = EDGE_CURVE('',#828,#2054,#4756,.T.);
#4756 = LINE('',#4757,#4758);
#4757 = CARTESIAN_POINT('',(-7.104418292333,-1.913735637706,0.));
#4758 = VECTOR('',#4759,1.);
#4759 = DIRECTION('',(0.,0.,1.));
#4760 = ORIENTED_EDGE('',*,*,#2062,.T.);
#4761 = ORIENTED_EDGE('',*,*,#4721,.F.);
#4762 = ORIENTED_EDGE('',*,*,#836,.F.);
#4763 = CYLINDRICAL_SURFACE('',#4764,0.493105882353);
#4764 = AXIS2_PLACEMENT_3D('',#4765,#4766,#4767);
#4765 = CARTESIAN_POINT('',(-7.580740987498,-2.041289944893,0.));
#4766 = DIRECTION('',(0.,0.,-1.));
#4767 = DIRECTION('',(0.96596433385,0.25867529014,0.));
#4768 = ADVANCED_FACE('',(#4769),#4780,.F.);
#4769 = FACE_BOUND('',#4770,.F.);
#4770 = EDGE_LOOP('',(#4771,#4772,#4773,#4779));
#4771 = ORIENTED_EDGE('',*,*,#4740,.T.);
#4772 = ORIENTED_EDGE('',*,*,#1903,.T.);
#4773 = ORIENTED_EDGE('',*,*,#4774,.F.);
#4774 = EDGE_CURVE('',#678,#1904,#4775,.T.);
#4775 = LINE('',#4776,#4777);
#4776 = CARTESIAN_POINT('',(-7.64249846122,4.785521025056,0.));
#4777 = VECTOR('',#4778,1.);
#4778 = DIRECTION('',(0.,0.,1.));
#4779 = ORIENTED_EDGE('',*,*,#677,.F.);
#4780 = SURFACE_OF_LINEAR_EXTRUSION('',#4781,#4786);
#4781 = B_SPLINE_CURVE_WITH_KNOTS('',3,(#4782,#4783,#4784,#4785),
  .UNSPECIFIED.,.F.,.F.,(4,4),(0.,1.),.PIECEWISE_BEZIER_KNOTS.);
#4782 = CARTESIAN_POINT('',(-7.195436339949,4.628668198484,0.));
#4783 = CARTESIAN_POINT('',(-7.241092204487,4.653837044443,0.));
#4784 = CARTESIAN_POINT('',(-7.38141039108,4.723210748152,0.));
#4785 = CARTESIAN_POINT('',(-7.64249846122,4.785521025056,0.));
#4786 = VECTOR('',#4787,1.);
#4787 = DIRECTION('',(-0.,-0.,-1.));
#4788 = ADVANCED_FACE('',(#4789),#4800,.T.);
#4789 = FACE_BOUND('',#4790,.F.);
#4790 = EDGE_LOOP('',(#4791,#4797,#4798,#4799));
#4791 = ORIENTED_EDGE('',*,*,#4792,.T.);
#4792 = EDGE_CURVE('',#819,#2045,#4793,.T.);
#4793 = LINE('',#4794,#4795);
#4794 = CARTESIAN_POINT('',(-7.231198480119,-1.358275341964,0.));
#4795 = VECTOR('',#4796,1.);
#4796 = DIRECTION('',(0.,0.,1.));
#4797 = ORIENTED_EDGE('',*,*,#2053,.T.);
#4798 = ORIENTED_EDGE('',*,*,#4755,.F.);
#4799 = ORIENTED_EDGE('',*,*,#827,.F.);
#4800 = CYLINDRICAL_SURFACE('',#4801,7.357658823531);
#4801 = AXIS2_PLACEMENT_3D('',#4802,#4803,#4804);
#4802 = CARTESIAN_POINT('',(1.13353E-12,2.5817E-13,0.));
#4803 = DIRECTION('',(-0.,-0.,-1.));
#4804 = DIRECTION('',(-0.982812420847,-0.184607002654,0.));
#4805 = ADVANCED_FACE('',(#4806),#4817,.F.);
#4806 = FACE_BOUND('',#4807,.F.);
#4807 = EDGE_LOOP('',(#4808,#4809,#4810,#4816));
#4808 = ORIENTED_EDGE('',*,*,#4774,.T.);
#4809 = ORIENTED_EDGE('',*,*,#1912,.T.);
#4810 = ORIENTED_EDGE('',*,*,#4811,.F.);
#4811 = EDGE_CURVE('',#687,#1913,#4812,.T.);
#4812 = LINE('',#4813,#4814);
#4813 = CARTESIAN_POINT('',(-9.06061651296,4.853784566088,0.));
#4814 = VECTOR('',#4815,1.);
#4815 = DIRECTION('',(0.,0.,1.));
#4816 = ORIENTED_EDGE('',*,*,#686,.F.);
#4817 = SURFACE_OF_LINEAR_EXTRUSION('',#4818,#4823);
#4818 = B_SPLINE_CURVE_WITH_KNOTS('',3,(#4819,#4820,#4821,#4822),
  .UNSPECIFIED.,.F.,.F.,(4,4),(0.,1.),.PIECEWISE_BEZIER_KNOTS.);
#4819 = CARTESIAN_POINT('',(-7.64249846122,4.785521025056,0.));
#4820 = CARTESIAN_POINT('',(-7.954711954122,4.858635730456,0.));
#4821 = CARTESIAN_POINT('',(-8.425003437939,4.915575604426,0.));
#4822 = CARTESIAN_POINT('',(-9.06061651296,4.853784566088,0.));
#4823 = VECTOR('',#4824,1.);
#4824 = DIRECTION('',(-0.,-0.,-1.));
#4825 = ADVANCED_FACE('',(#4826),#4837,.F.);
#4826 = FACE_BOUND('',#4827,.F.);
#4827 = EDGE_LOOP('',(#4828,#4834,#4835,#4836));
#4828 = ORIENTED_EDGE('',*,*,#4829,.T.);
#4829 = EDGE_CURVE('',#811,#2037,#4830,.T.);
#4830 = LINE('',#4831,#4832);
#4831 = CARTESIAN_POINT('',(-7.791505913926,-0.962778302825,0.));
#4832 = VECTOR('',#4833,1.);
#4833 = DIRECTION('',(0.,0.,1.));
#4834 = ORIENTED_EDGE('',*,*,#2044,.T.);
#4835 = ORIENTED_EDGE('',*,*,#4792,.F.);
#4836 = ORIENTED_EDGE('',*,*,#818,.F.);
#4837 = CYLINDRICAL_SURFACE('',#4838,0.493105882353);
#4838 = AXIS2_PLACEMENT_3D('',#4839,#4840,#4841);
#4839 = CARTESIAN_POINT('',(-7.715694139281,-1.450021554226,0.));
#4840 = DIRECTION('',(0.,0.,-1.));
#4841 = DIRECTION('',(-0.153743399457,0.988110807108,0.));
#4842 = ADVANCED_FACE('',(#4843),#4854,.T.);
#4843 = FACE_BOUND('',#4844,.F.);
#4844 = EDGE_LOOP('',(#4845,#4846,#4847,#4853));
#4845 = ORIENTED_EDGE('',*,*,#4811,.T.);
#4846 = ORIENTED_EDGE('',*,*,#1921,.T.);
#4847 = ORIENTED_EDGE('',*,*,#4848,.F.);
#4848 = EDGE_CURVE('',#696,#1922,#4849,.T.);
#4849 = LINE('',#4850,#4851);
#4850 = CARTESIAN_POINT('',(-9.442966657079,4.056427740143,0.));
#4851 = VECTOR('',#4852,1.);
#4852 = DIRECTION('',(0.,0.,1.));
#4853 = ORIENTED_EDGE('',*,*,#695,.F.);
#4854 = CYLINDRICAL_SURFACE('',#4855,10.277364705884);
#4855 = AXIS2_PLACEMENT_3D('',#4856,#4857,#4858);
#4856 = CARTESIAN_POINT('',(6.637226740383E-03,1.548580333675E-02,0.));
#4857 = DIRECTION('',(-0.,-0.,-1.));
#4858 = DIRECTION('',(-0.882254741287,0.470772313838,0.));
#4859 = ADVANCED_FACE('',(#4860),#4871,.F.);
#4860 = FACE_BOUND('',#4861,.F.);
#4861 = EDGE_LOOP('',(#4862,#4868,#4869,#4870));
#4862 = ORIENTED_EDGE('',*,*,#4863,.T.);
#4863 = EDGE_CURVE('',#802,#2028,#4864,.T.);
#4864 = LINE('',#4865,#4866);
#4865 = CARTESIAN_POINT('',(-8.49116799836,-1.048303122925,0.));
#4866 = VECTOR('',#4867,1.);
#4867 = DIRECTION('',(0.,0.,1.));
#4868 = ORIENTED_EDGE('',*,*,#2036,.T.);
#4869 = ORIENTED_EDGE('',*,*,#4829,.F.);
#4870 = ORIENTED_EDGE('',*,*,#810,.F.);
#4871 = PLANE('',#4872);
#4872 = AXIS2_PLACEMENT_3D('',#4873,#4874,#4875);
#4873 = CARTESIAN_POINT('',(-8.49116799836,-1.048303122925,0.));
#4874 = DIRECTION('',(-0.121334198396,0.992611712756,0.));
#4875 = DIRECTION('',(0.992611712756,0.121334198396,0.));
#4876 = ADVANCED_FACE('',(#4877),#4888,.F.);
#4877 = FACE_BOUND('',#4878,.F.);
#4878 = EDGE_LOOP('',(#4879,#4880,#4881,#4887));
#4879 = ORIENTED_EDGE('',*,*,#4848,.T.);
#4880 = ORIENTED_EDGE('',*,*,#1930,.T.);
#4881 = ORIENTED_EDGE('',*,*,#4882,.F.);
#4882 = EDGE_CURVE('',#705,#1931,#4883,.T.);
#4883 = LINE('',#4884,#4885);
#4884 = CARTESIAN_POINT('',(-8.506490848693,2.991422345993,0.));
#4885 = VECTOR('',#4886,1.);
#4886 = DIRECTION('',(0.,0.,1.));
#4887 = ORIENTED_EDGE('',*,*,#704,.F.);
#4888 = SURFACE_OF_LINEAR_EXTRUSION('',#4889,#4894);
#4889 = B_SPLINE_CURVE_WITH_KNOTS('',3,(#4890,#4891,#4892,#4893),
  .UNSPECIFIED.,.F.,.F.,(4,4),(0.,1.),.PIECEWISE_BEZIER_KNOTS.);
#4890 = CARTESIAN_POINT('',(-9.442966657079,4.056427740143,0.));
#4891 = CARTESIAN_POINT('',(-9.096055486172,3.522121668057,0.));
#4892 = CARTESIAN_POINT('',(-8.758316156034,3.189934410812,0.));
#4893 = CARTESIAN_POINT('',(-8.506490848693,2.991422345993,0.));
#4894 = VECTOR('',#4895,1.);
#4895 = DIRECTION('',(-0.,-0.,-1.));
#4896 = ADVANCED_FACE('',(#4897),#4908,.F.);
#4897 = FACE_BOUND('',#4898,.F.);
#4898 = EDGE_LOOP('',(#4899,#4905,#4906,#4907));
#4899 = ORIENTED_EDGE('',*,*,#4900,.T.);
#4900 = EDGE_CURVE('',#793,#2019,#4901,.T.);
#4901 = LINE('',#4902,#4903);
#4902 = CARTESIAN_POINT('',(-8.962012942528,-0.995649651713,0.));
#4903 = VECTOR('',#4904,1.);
#4904 = DIRECTION('',(0.,0.,1.));
#4905 = ORIENTED_EDGE('',*,*,#2027,.T.);
#4906 = ORIENTED_EDGE('',*,*,#4863,.F.);
#4907 = ORIENTED_EDGE('',*,*,#801,.F.);
#4908 = SURFACE_OF_LINEAR_EXTRUSION('',#4909,#4914);
#4909 = B_SPLINE_CURVE_WITH_KNOTS('',3,(#4910,#4911,#4912,#4913),
  .UNSPECIFIED.,.F.,.F.,(4,4),(0.,1.),.PIECEWISE_BEZIER_KNOTS.);
#4910 = CARTESIAN_POINT('',(-8.962012942528,-0.995649651713,0.));
#4911 = CARTESIAN_POINT('',(-8.699745303623,-1.052791900184,0.));
#4912 = CARTESIAN_POINT('',(-8.54322286394,-1.051170132356,0.));
#4913 = CARTESIAN_POINT('',(-8.49116799836,-1.048303122925,0.));
#4914 = VECTOR('',#4915,1.);
#4915 = DIRECTION('',(-0.,-0.,-1.));
#4916 = ADVANCED_FACE('',(#4917),#4928,.F.);
#4917 = FACE_BOUND('',#4918,.F.);
#4918 = EDGE_LOOP('',(#4919,#4920,#4921,#4927));
#4919 = ORIENTED_EDGE('',*,*,#4882,.T.);
#4920 = ORIENTED_EDGE('',*,*,#1939,.T.);
#4921 = ORIENTED_EDGE('',*,*,#4922,.F.);
#4922 = EDGE_CURVE('',#714,#1940,#4923,.T.);
#4923 = LINE('',#4924,#4925);
#4924 = CARTESIAN_POINT('',(-8.105119697355,2.739691242724,0.));
#4925 = VECTOR('',#4926,1.);
#4926 = DIRECTION('',(0.,0.,1.));
#4927 = ORIENTED_EDGE('',*,*,#713,.F.);
#4928 = SURFACE_OF_LINEAR_EXTRUSION('',#4929,#4934);
#4929 = B_SPLINE_CURVE_WITH_KNOTS('',3,(#4930,#4931,#4932,#4933),
  .UNSPECIFIED.,.F.,.F.,(4,4),(0.,1.),.PIECEWISE_BEZIER_KNOTS.);
#4930 = CARTESIAN_POINT('',(-8.506490848693,2.991422345993,0.));
#4931 = CARTESIAN_POINT('',(-8.294988963409,2.826145295261,0.));
#4932 = CARTESIAN_POINT('',(-8.153263459438,2.759693916199,0.));
#4933 = CARTESIAN_POINT('',(-8.105119697355,2.739691242724,0.));
#4934 = VECTOR('',#4935,1.);
#4935 = DIRECTION('',(-0.,-0.,-1.));
#4936 = ADVANCED_FACE('',(#4937),#4948,.F.);
#4937 = FACE_BOUND('',#4938,.F.);
#4938 = EDGE_LOOP('',(#4939,#4945,#4946,#4947));
#4939 = ORIENTED_EDGE('',*,*,#4940,.T.);
#4940 = EDGE_CURVE('',#784,#2010,#4941,.T.);
#4941 = LINE('',#4942,#4943);
#4942 = CARTESIAN_POINT('',(-10.26783701402,-0.442434572771,0.));
#4943 = VECTOR('',#4944,1.);
#4944 = DIRECTION('',(0.,0.,1.));
#4945 = ORIENTED_EDGE('',*,*,#2018,.T.);
#4946 = ORIENTED_EDGE('',*,*,#4900,.F.);
#4947 = ORIENTED_EDGE('',*,*,#792,.F.);
#4948 = SURFACE_OF_LINEAR_EXTRUSION('',#4949,#4954);
#4949 = B_SPLINE_CURVE_WITH_KNOTS('',3,(#4950,#4951,#4952,#4953),
  .UNSPECIFIED.,.F.,.F.,(4,4),(0.,1.),.PIECEWISE_BEZIER_KNOTS.);
#4950 = CARTESIAN_POINT('',(-10.26783701402,-0.442434572771,0.));
#4951 = CARTESIAN_POINT('',(-9.723454132717,-0.773308593677,0.));
#4952 = CARTESIAN_POINT('',(-9.275030861536,-0.926059367362,0.));
#4953 = CARTESIAN_POINT('',(-8.962012942528,-0.995649651713,0.));
#4954 = VECTOR('',#4955,1.);
#4955 = DIRECTION('',(-0.,-0.,-1.));
#4956 = ADVANCED_FACE('',(#4957),#4968,.F.);
#4957 = FACE_BOUND('',#4958,.F.);
#4958 = EDGE_LOOP('',(#4959,#4960,#4961,#4967));
#4959 = ORIENTED_EDGE('',*,*,#4922,.T.);
#4960 = ORIENTED_EDGE('',*,*,#1948,.T.);
#4961 = ORIENTED_EDGE('',*,*,#4962,.F.);
#4962 = EDGE_CURVE('',#723,#1949,#4963,.T.);
#4963 = LINE('',#4964,#4965);
#4964 = CARTESIAN_POINT('',(-7.437638112495,2.513174441754,0.));
#4965 = VECTOR('',#4966,1.);
#4966 = DIRECTION('',(0.,0.,1.));
#4967 = ORIENTED_EDGE('',*,*,#722,.F.);
#4968 = PLANE('',#4969);
#4969 = AXIS2_PLACEMENT_3D('',#4970,#4971,#4972);
#4970 = CARTESIAN_POINT('',(-8.105119697355,2.739691242724,0.));
#4971 = DIRECTION('',(0.321359746056,0.946957186791,0.));
#4972 = DIRECTION('',(0.946957186791,-0.321359746056,0.));
#4973 = ADVANCED_FACE('',(#4974),#4985,.T.);
#4974 = FACE_BOUND('',#4975,.F.);
#4975 = EDGE_LOOP('',(#4976,#4982,#4983,#4984));
#4976 = ORIENTED_EDGE('',*,*,#4977,.T.);
#4977 = EDGE_CURVE('',#775,#2001,#4978,.T.);
#4978 = LINE('',#4979,#4980);
#4979 = CARTESIAN_POINT('',(-10.26931159858,0.441854614197,0.));
#4980 = VECTOR('',#4981,1.);
#4981 = DIRECTION('',(0.,0.,1.));
#4982 = ORIENTED_EDGE('',*,*,#2009,.T.);
#4983 = ORIENTED_EDGE('',*,*,#4940,.F.);
#4984 = ORIENTED_EDGE('',*,*,#783,.F.);
#4985 = CYLINDRICAL_SURFACE('',#4986,10.277364705883);
#4986 = AXIS2_PLACEMENT_3D('',#4987,#4988,#4989);
#4987 = CARTESIAN_POINT('',(-7.391035936635E-04,1.683201145636E-02,0.));
#4988 = DIRECTION('',(-0.,-0.,-1.));
#4989 = DIRECTION('',(-0.99914450726,4.135521263513E-02,0.));
#4990 = ADVANCED_FACE('',(#4991),#5002,.F.);
#4991 = FACE_BOUND('',#4992,.F.);
#4992 = EDGE_LOOP('',(#4993,#4994,#4995,#5001));
#4993 = ORIENTED_EDGE('',*,*,#4962,.T.);
#4994 = ORIENTED_EDGE('',*,*,#1956,.T.);
#4995 = ORIENTED_EDGE('',*,*,#4996,.F.);
#4996 = EDGE_CURVE('',#731,#1957,#4997,.T.);
#4997 = LINE('',#4998,#4999);
#4998 = CARTESIAN_POINT('',(-7.104418292333,1.913735637706,0.));
#4999 = VECTOR('',#5000,1.);
#5000 = DIRECTION('',(0.,0.,1.));
#5001 = ORIENTED_EDGE('',*,*,#730,.F.);
#5002 = CYLINDRICAL_SURFACE('',#5003,0.493105882353);
#5003 = AXIS2_PLACEMENT_3D('',#5004,#5005,#5006);
#5004 = CARTESIAN_POINT('',(-7.580740987498,2.041289944893,0.));
#5005 = DIRECTION('',(0.,0.,-1.));
#5006 = DIRECTION('',(0.290207195095,0.956963836263,0.));
#5007 = ADVANCED_FACE('',(#5008),#5019,.F.);
#5008 = FACE_BOUND('',#5009,.F.);
#5009 = EDGE_LOOP('',(#5010,#5016,#5017,#5018));
#5010 = ORIENTED_EDGE('',*,*,#5011,.T.);
#5011 = EDGE_CURVE('',#766,#1992,#5012,.T.);
#5012 = LINE('',#5013,#5014);
#5013 = CARTESIAN_POINT('',(-8.962012942528,0.995649651713,0.));
#5014 = VECTOR('',#5015,1.);
#5015 = DIRECTION('',(0.,0.,1.));
#5016 = ORIENTED_EDGE('',*,*,#2000,.T.);
#5017 = ORIENTED_EDGE('',*,*,#4977,.F.);
#5018 = ORIENTED_EDGE('',*,*,#774,.F.);
#5019 = SURFACE_OF_LINEAR_EXTRUSION('',#5020,#5025);
#5020 = B_SPLINE_CURVE_WITH_KNOTS('',3,(#5021,#5022,#5023,#5024),
  .UNSPECIFIED.,.F.,.F.,(4,4),(0.,1.),.PIECEWISE_BEZIER_KNOTS.);
#5021 = CARTESIAN_POINT('',(-8.962012942528,0.995649651713,0.));
#5022 = CARTESIAN_POINT('',(-9.275030861536,0.926059367362,0.));
#5023 = CARTESIAN_POINT('',(-9.723454132717,0.773308593677,0.));
#5024 = CARTESIAN_POINT('',(-10.26931159858,0.441854614197,0.));
#5025 = VECTOR('',#5026,1.);
#5026 = DIRECTION('',(-0.,-0.,-1.));
#5027 = ADVANCED_FACE('',(#5028),#5039,.T.);
#5028 = FACE_BOUND('',#5029,.F.);
#5029 = EDGE_LOOP('',(#5030,#5031,#5032,#5038));
#5030 = ORIENTED_EDGE('',*,*,#4996,.T.);
#5031 = ORIENTED_EDGE('',*,*,#1965,.T.);
#5032 = ORIENTED_EDGE('',*,*,#5033,.F.);
#5033 = EDGE_CURVE('',#740,#1966,#5034,.T.);
#5034 = LINE('',#5035,#5036);
#5035 = CARTESIAN_POINT('',(-7.231198480119,1.358275341964,0.));
#5036 = VECTOR('',#5037,1.);
#5037 = DIRECTION('',(0.,0.,1.));
#5038 = ORIENTED_EDGE('',*,*,#739,.F.);
#5039 = CYLINDRICAL_SURFACE('',#5040,7.357658823528);
#5040 = AXIS2_PLACEMENT_3D('',#5041,#5042,#5043);
#5041 = CARTESIAN_POINT('',(-1.84983E-12,4.3869E-13,0.));
#5042 = DIRECTION('',(-0.,-0.,-1.));
#5043 = DIRECTION('',(-0.96558137075,0.26010116582,0.));
#5044 = ADVANCED_FACE('',(#5045),#5056,.F.);
#5045 = FACE_BOUND('',#5046,.F.);
#5046 = EDGE_LOOP('',(#5047,#5053,#5054,#5055));
#5047 = ORIENTED_EDGE('',*,*,#5048,.T.);
#5048 = EDGE_CURVE('',#758,#1984,#5049,.T.);
#5049 = LINE('',#5050,#5051);
#5050 = CARTESIAN_POINT('',(-8.49116799836,1.048303122925,0.));
#5051 = VECTOR('',#5052,1.);
#5052 = DIRECTION('',(0.,0.,1.));
#5053 = ORIENTED_EDGE('',*,*,#1991,.T.);
#5054 = ORIENTED_EDGE('',*,*,#5011,.F.);
#5055 = ORIENTED_EDGE('',*,*,#765,.F.);
#5056 = SURFACE_OF_LINEAR_EXTRUSION('',#5057,#5062);
#5057 = B_SPLINE_CURVE_WITH_KNOTS('',3,(#5058,#5059,#5060,#5061),
  .UNSPECIFIED.,.F.,.F.,(4,4),(0.,1.),.PIECEWISE_BEZIER_KNOTS.);
#5058 = CARTESIAN_POINT('',(-8.49116799836,1.048303122925,0.));
#5059 = CARTESIAN_POINT('',(-8.54322286394,1.051170132356,0.));
#5060 = CARTESIAN_POINT('',(-8.699745303623,1.052791900184,0.));
#5061 = CARTESIAN_POINT('',(-8.962012942528,0.995649651713,0.));
#5062 = VECTOR('',#5063,1.);
#5063 = DIRECTION('',(-0.,-0.,-1.));
#5064 = ADVANCED_FACE('',(#5065),#5076,.F.);
#5065 = FACE_BOUND('',#5066,.F.);
#5066 = EDGE_LOOP('',(#5067,#5068,#5069,#5075));
#5067 = ORIENTED_EDGE('',*,*,#5033,.T.);
#5068 = ORIENTED_EDGE('',*,*,#1974,.T.);
#5069 = ORIENTED_EDGE('',*,*,#5070,.F.);
#5070 = EDGE_CURVE('',#749,#1975,#5071,.T.);
#5071 = LINE('',#5072,#5073);
#5072 = CARTESIAN_POINT('',(-7.791505913926,0.962778302825,0.));
#5073 = VECTOR('',#5074,1.);
#5074 = DIRECTION('',(0.,0.,1.));
#5075 = ORIENTED_EDGE('',*,*,#748,.F.);
#5076 = CYLINDRICAL_SURFACE('',#5077,0.493105882353);
#5077 = AXIS2_PLACEMENT_3D('',#5078,#5079,#5080);
#5078 = CARTESIAN_POINT('',(-7.715694139281,1.450021554226,0.));
#5079 = DIRECTION('',(0.,0.,-1.));
#5080 = DIRECTION('',(0.982538794406,-0.186057833714,0.));
#5081 = ADVANCED_FACE('',(#5082),#5088,.F.);
#5082 = FACE_BOUND('',#5083,.F.);
#5083 = EDGE_LOOP('',(#5084,#5085,#5086,#5087));
#5084 = ORIENTED_EDGE('',*,*,#5070,.T.);
#5085 = ORIENTED_EDGE('',*,*,#1983,.T.);
#5086 = ORIENTED_EDGE('',*,*,#5048,.F.);
#5087 = ORIENTED_EDGE('',*,*,#757,.F.);
#5088 = PLANE('',#5089);
#5089 = AXIS2_PLACEMENT_3D('',#5090,#5091,#5092);
#5090 = CARTESIAN_POINT('',(-7.791505913926,0.962778302825,0.));
#5091 = DIRECTION('',(-0.121334198396,-0.992611712756,0.));
#5092 = DIRECTION('',(-0.992611712756,0.121334198396,0.));
#5093 = ADVANCED_FACE('',(#5094),#5105,.F.);
#5094 = FACE_BOUND('',#5095,.F.);
#5095 = EDGE_LOOP('',(#5096,#5097,#5103,#5104));
#5096 = ORIENTED_EDGE('',*,*,#2591,.F.);
#5097 = ORIENTED_EDGE('',*,*,#5098,.F.);
#5098 = EDGE_CURVE('',#1366,#2592,#5099,.T.);
#5099 = LINE('',#5100,#5101);
#5100 = CARTESIAN_POINT('',(1.881588235294,-4.6E-16,-0.324411764706));
#5101 = VECTOR('',#5102,1.);
#5102 = DIRECTION('',(0.,0.,1.));
#5103 = ORIENTED_EDGE('',*,*,#1365,.T.);
#5104 = ORIENTED_EDGE('',*,*,#5098,.T.);
#5105 = CYLINDRICAL_SURFACE('',#5106,1.881588235294);
#5106 = AXIS2_PLACEMENT_3D('',#5107,#5108,#5109);
#5107 = CARTESIAN_POINT('',(0.,0.,-0.324411764706));
#5108 = DIRECTION('',(0.,0.,1.));
#5109 = DIRECTION('',(1.,0.,0.));
#5110 = ( GEOMETRIC_REPRESENTATION_CONTEXT(3) 
GLOBAL_UNCERTAINTY_ASSIGNED_CONTEXT((#5114)) 
GLOBAL_UNIT_ASSIGNED_CONTEXT((#5111,#5112,#5113)) REPRESENTATION_CONTEXT
('Context #1','3D Context with UNIT and UNCERTAINTY') );
#5111 = ( LENGTH_UNIT() NAMED_UNIT(*) SI_UNIT(.MILLI.,.METRE.) );
#5112 = ( NAMED_UNIT(*) PLANE_ANGLE_UNIT() SI_UNIT($,.RADIAN.) );
#5113 = ( NAMED_UNIT(*) SI_UNIT($,.STERADIAN.) SOLID_ANGLE_UNIT() );
#5114 = UNCERTAINTY_MEASURE_WITH_UNIT(LENGTH_MEASURE(1.E-07),#5111,
  'distance_accuracy_value','confusion accuracy');
#5115 = CONTEXT_DEPENDENT_SHAPE_REPRESENTATION(#5116,#5118);
#5116 = ( REPRESENTATION_RELATIONSHIP('','',#40,#10) 
REPRESENTATION_RELATIONSHIP_WITH_TRANSFORMATION(#5117) 
SHAPE_REPRESENTATION_RELATIONSHIP() );
#5117 = ITEM_DEFINED_TRANSFORMATION('','',#11,#15);
#5118 = PRODUCT_DEFINITION_SHAPE('Placement','Placement of an item',
  #5119);
#5119 = NEXT_ASSEMBLY_USAGE_OCCURRENCE('4','FeedIdler','',#5,#35,$);
#5120 = PRODUCT_RELATED_PRODUCT_CATEGORY('part',$,(#37));
#5121 = SHAPE_DEFINITION_REPRESENTATION(#5122,#5128);
#5122 = PRODUCT_DEFINITION_SHAPE('','',#5123);
#5123 = PRODUCT_DEFINITION('design','',#5124,#5127);
#5124 = PRODUCT_DEFINITION_FORMATION('','',#5125);
#5125 = PRODUCT('Idler_1','Idler_1','',(#5126));
#5126 = PRODUCT_CONTEXT('',#2,'mechanical');
#5127 = PRODUCT_DEFINITION_CONTEXT('part definition',#2,'design');
#5128 = ADVANCED_BREP_SHAPE_REPRESENTATION('',(#11,#5129),#10198);
#5129 = MANIFOLD_SOLID_BREP('',#5130);
#5130 = CLOSED_SHELL('',(#5131,#5171,#5204,#5240,#6466,#7692,#7709,#7729
    ,#7746,#7763,#7780,#7800,#7820,#7840,#7860,#7877,#7894,#7911,#7931,
    #7948,#7968,#7985,#8002,#8019,#8036,#8056,#8073,#8093,#8110,#8127,
    #8144,#8164,#8184,#8204,#8224,#8241,#8258,#8275,#8295,#8312,#8332,
    #8349,#8366,#8383,#8400,#8420,#8437,#8457,#8474,#8491,#8508,#8528,
    #8548,#8568,#8588,#8605,#8622,#8639,#8659,#8676,#8696,#8713,#8730,
    #8747,#8764,#8784,#8801,#8821,#8838,#8855,#8872,#8892,#8912,#8932,
    #8952,#8969,#8986,#9003,#9023,#9040,#9060,#9077,#9094,#9111,#9128,
    #9148,#9165,#9185,#9202,#9219,#9236,#9256,#9276,#9296,#9316,#9333,
    #9350,#9367,#9387,#9404,#9424,#9441,#9458,#9475,#9492,#9512,#9529,
    #9549,#9566,#9583,#9600,#9620,#9640,#9660,#9680,#9697,#9714,#9731,
    #9751,#9768,#9788,#9805,#9822,#9839,#9856,#9876,#9893,#9913,#9930,
    #9947,#9964,#9984,#10004,#10024,#10044,#10061,#10078,#10095,#10115,
    #10132,#10152,#10169,#10181));
#5131 = ADVANCED_FACE('',(#5132),#5166,.F.);
#5132 = FACE_BOUND('',#5133,.F.);
#5133 = EDGE_LOOP('',(#5134,#5144,#5152,#5160));
#5134 = ORIENTED_EDGE('',*,*,#5135,.T.);
#5135 = EDGE_CURVE('',#5136,#5138,#5140,.T.);
#5136 = VERTEX_POINT('',#5137);
#5137 = CARTESIAN_POINT('',(7.791505913926,-0.962778302825,0.));
#5138 = VERTEX_POINT('',#5139);
#5139 = CARTESIAN_POINT('',(7.791505913926,-0.962778302825,
    2.595294117647));
#5140 = LINE('',#5141,#5142);
#5141 = CARTESIAN_POINT('',(7.791505913926,-0.962778302825,0.));
#5142 = VECTOR('',#5143,1.);
#5143 = DIRECTION('',(0.,0.,1.));
#5144 = ORIENTED_EDGE('',*,*,#5145,.T.);
#5145 = EDGE_CURVE('',#5138,#5146,#5148,.T.);
#5146 = VERTEX_POINT('',#5147);
#5147 = CARTESIAN_POINT('',(8.49116799836,-1.048303122925,2.595294117647
    ));
#5148 = LINE('',#5149,#5150);
#5149 = CARTESIAN_POINT('',(7.791505913926,-0.962778302825,
    2.595294117647));
#5150 = VECTOR('',#5151,1.);
#5151 = DIRECTION('',(0.992611712756,-0.121334198396,0.));
#5152 = ORIENTED_EDGE('',*,*,#5153,.F.);
#5153 = EDGE_CURVE('',#5154,#5146,#5156,.T.);
#5154 = VERTEX_POINT('',#5155);
#5155 = CARTESIAN_POINT('',(8.49116799836,-1.048303122925,0.));
#5156 = LINE('',#5157,#5158);
#5157 = CARTESIAN_POINT('',(8.49116799836,-1.048303122925,0.));
#5158 = VECTOR('',#5159,1.);
#5159 = DIRECTION('',(0.,0.,1.));
#5160 = ORIENTED_EDGE('',*,*,#5161,.F.);
#5161 = EDGE_CURVE('',#5136,#5154,#5162,.T.);
#5162 = LINE('',#5163,#5164);
#5163 = CARTESIAN_POINT('',(7.791505913926,-0.962778302825,0.));
#5164 = VECTOR('',#5165,1.);
#5165 = DIRECTION('',(0.992611712756,-0.121334198396,0.));
#5166 = PLANE('',#5167);
#5167 = AXIS2_PLACEMENT_3D('',#5168,#5169,#5170);
#5168 = CARTESIAN_POINT('',(7.791505913926,-0.962778302825,0.));
#5169 = DIRECTION('',(0.121334198396,0.992611712756,0.));
#5170 = DIRECTION('',(0.992611712756,-0.121334198396,0.));
#5171 = ADVANCED_FACE('',(#5172),#5199,.F.);
#5172 = FACE_BOUND('',#5173,.F.);
#5173 = EDGE_LOOP('',(#5174,#5184,#5191,#5192));
#5174 = ORIENTED_EDGE('',*,*,#5175,.T.);
#5175 = EDGE_CURVE('',#5176,#5178,#5180,.T.);
#5176 = VERTEX_POINT('',#5177);
#5177 = CARTESIAN_POINT('',(7.231198480119,-1.358275341964,0.));
#5178 = VERTEX_POINT('',#5179);
#5179 = CARTESIAN_POINT('',(7.231198480119,-1.358275341964,
    2.595294117647));
#5180 = LINE('',#5181,#5182);
#5181 = CARTESIAN_POINT('',(7.231198480119,-1.358275341964,0.));
#5182 = VECTOR('',#5183,1.);
#5183 = DIRECTION('',(0.,0.,1.));
#5184 = ORIENTED_EDGE('',*,*,#5185,.T.);
#5185 = EDGE_CURVE('',#5178,#5138,#5186,.T.);
#5186 = CIRCLE('',#5187,0.493105882353);
#5187 = AXIS2_PLACEMENT_3D('',#5188,#5189,#5190);
#5188 = CARTESIAN_POINT('',(7.715694139281,-1.450021554226,
    2.595294117647));
#5189 = DIRECTION('',(0.,0.,-1.));
#5190 = DIRECTION('',(-0.982538794406,0.186057833714,0.));
#5191 = ORIENTED_EDGE('',*,*,#5135,.F.);
#5192 = ORIENTED_EDGE('',*,*,#5193,.F.);
#5193 = EDGE_CURVE('',#5176,#5136,#5194,.T.);
#5194 = CIRCLE('',#5195,0.493105882353);
#5195 = AXIS2_PLACEMENT_3D('',#5196,#5197,#5198);
#5196 = CARTESIAN_POINT('',(7.715694139281,-1.450021554226,0.));
#5197 = DIRECTION('',(0.,0.,-1.));
#5198 = DIRECTION('',(-0.982538794406,0.186057833714,0.));
#5199 = CYLINDRICAL_SURFACE('',#5200,0.493105882353);
#5200 = AXIS2_PLACEMENT_3D('',#5201,#5202,#5203);
#5201 = CARTESIAN_POINT('',(7.715694139281,-1.450021554226,0.));
#5202 = DIRECTION('',(0.,0.,-1.));
#5203 = DIRECTION('',(-0.982538794406,0.186057833714,0.));
#5204 = ADVANCED_FACE('',(#5205),#5232,.F.);
#5205 = FACE_BOUND('',#5206,.F.);
#5206 = EDGE_LOOP('',(#5207,#5208,#5217,#5225));
#5207 = ORIENTED_EDGE('',*,*,#5153,.T.);
#5208 = ORIENTED_EDGE('',*,*,#5209,.T.);
#5209 = EDGE_CURVE('',#5146,#5210,#5212,.T.);
#5210 = VERTEX_POINT('',#5211);
#5211 = CARTESIAN_POINT('',(8.962012942528,-0.995649651713,
    2.595294117647));
#5212 = B_SPLINE_CURVE_WITH_KNOTS('',3,(#5213,#5214,#5215,#5216),
  .UNSPECIFIED.,.F.,.F.,(4,4),(0.,1.),.PIECEWISE_BEZIER_KNOTS.);
#5213 = CARTESIAN_POINT('',(8.49116799836,-1.048303122925,2.595294117647
    ));
#5214 = CARTESIAN_POINT('',(8.54322286394,-1.051170132356,2.595294117647
    ));
#5215 = CARTESIAN_POINT('',(8.699745303623,-1.052791900184,
    2.595294117647));
#5216 = CARTESIAN_POINT('',(8.962012942528,-0.995649651713,
    2.595294117647));
#5217 = ORIENTED_EDGE('',*,*,#5218,.F.);
#5218 = EDGE_CURVE('',#5219,#5210,#5221,.T.);
#5219 = VERTEX_POINT('',#5220);
#5220 = CARTESIAN_POINT('',(8.962012942528,-0.995649651713,0.));
#5221 = LINE('',#5222,#5223);
#5222 = CARTESIAN_POINT('',(8.962012942528,-0.995649651713,0.));
#5223 = VECTOR('',#5224,1.);
#5224 = DIRECTION('',(0.,0.,1.));
#5225 = ORIENTED_EDGE('',*,*,#5226,.F.);
#5226 = EDGE_CURVE('',#5154,#5219,#5227,.T.);
#5227 = B_SPLINE_CURVE_WITH_KNOTS('',3,(#5228,#5229,#5230,#5231),
  .UNSPECIFIED.,.F.,.F.,(4,4),(0.,1.),.PIECEWISE_BEZIER_KNOTS.);
#5228 = CARTESIAN_POINT('',(8.49116799836,-1.048303122925,0.));
#5229 = CARTESIAN_POINT('',(8.54322286394,-1.051170132356,0.));
#5230 = CARTESIAN_POINT('',(8.699745303623,-1.052791900184,0.));
#5231 = CARTESIAN_POINT('',(8.962012942528,-0.995649651713,0.));
#5232 = SURFACE_OF_LINEAR_EXTRUSION('',#5233,#5238);
#5233 = B_SPLINE_CURVE_WITH_KNOTS('',3,(#5234,#5235,#5236,#5237),
  .UNSPECIFIED.,.F.,.F.,(4,4),(0.,1.),.PIECEWISE_BEZIER_KNOTS.);
#5234 = CARTESIAN_POINT('',(8.49116799836,-1.048303122925,0.));
#5235 = CARTESIAN_POINT('',(8.54322286394,-1.051170132356,0.));
#5236 = CARTESIAN_POINT('',(8.699745303623,-1.052791900184,0.));
#5237 = CARTESIAN_POINT('',(8.962012942528,-0.995649651713,0.));
#5238 = VECTOR('',#5239,1.);
#5239 = DIRECTION('',(-0.,-0.,-1.));
#5240 = ADVANCED_FACE('',(#5241,#6450),#6461,.F.);
#5241 = FACE_BOUND('',#5242,.F.);
#5242 = EDGE_LOOP('',(#5243,#5244,#5245,#5254,#5263,#5272,#5281,#5289,
    #5298,#5307,#5316,#5324,#5333,#5342,#5351,#5360,#5369,#5377,#5386,
    #5395,#5404,#5412,#5421,#5430,#5439,#5448,#5457,#5465,#5474,#5483,
    #5492,#5500,#5509,#5518,#5527,#5536,#5545,#5553,#5562,#5571,#5580,
    #5588,#5597,#5606,#5615,#5624,#5633,#5641,#5650,#5659,#5668,#5676,
    #5685,#5694,#5703,#5712,#5721,#5729,#5738,#5747,#5756,#5764,#5773,
    #5782,#5791,#5800,#5809,#5817,#5826,#5835,#5844,#5852,#5861,#5870,
    #5879,#5888,#5897,#5905,#5914,#5923,#5932,#5940,#5949,#5958,#5967,
    #5976,#5985,#5993,#6002,#6011,#6020,#6028,#6037,#6046,#6055,#6064,
    #6073,#6081,#6090,#6099,#6108,#6116,#6125,#6134,#6143,#6152,#6161,
    #6169,#6178,#6187,#6196,#6204,#6213,#6222,#6231,#6240,#6249,#6257,
    #6266,#6275,#6284,#6292,#6301,#6310,#6319,#6328,#6337,#6345,#6354,
    #6363,#6372,#6380,#6389,#6398,#6407,#6416,#6425,#6433,#6442,#6449));
#5243 = ORIENTED_EDGE('',*,*,#5161,.T.);
#5244 = ORIENTED_EDGE('',*,*,#5226,.T.);
#5245 = ORIENTED_EDGE('',*,*,#5246,.T.);
#5246 = EDGE_CURVE('',#5219,#5247,#5249,.T.);
#5247 = VERTEX_POINT('',#5248);
#5248 = CARTESIAN_POINT('',(10.269311598585,-0.441854614197,0.));
#5249 = B_SPLINE_CURVE_WITH_KNOTS('',3,(#5250,#5251,#5252,#5253),
  .UNSPECIFIED.,.F.,.F.,(4,4),(0.,1.),.PIECEWISE_BEZIER_KNOTS.);
#5250 = CARTESIAN_POINT('',(8.962012942528,-0.995649651713,0.));
#5251 = CARTESIAN_POINT('',(9.275030861536,-0.926059367362,0.));
#5252 = CARTESIAN_POINT('',(9.723454132717,-0.773308593677,0.));
#5253 = CARTESIAN_POINT('',(10.269311598585,-0.441854614197,0.));
#5254 = ORIENTED_EDGE('',*,*,#5255,.T.);
#5255 = EDGE_CURVE('',#5247,#5256,#5258,.T.);
#5256 = VERTEX_POINT('',#5257);
#5257 = CARTESIAN_POINT('',(10.267837014023,0.442434572771,0.));
#5258 = CIRCLE('',#5259,10.277364705883);
#5259 = AXIS2_PLACEMENT_3D('',#5260,#5261,#5262);
#5260 = CARTESIAN_POINT('',(7.391035936635E-04,-1.683201145636E-02,0.));
#5261 = DIRECTION('',(-0.,0.,1.));
#5262 = DIRECTION('',(0.99914450726,-4.135521263513E-02,0.));
#5263 = ORIENTED_EDGE('',*,*,#5264,.T.);
#5264 = EDGE_CURVE('',#5256,#5265,#5267,.T.);
#5265 = VERTEX_POINT('',#5266);
#5266 = CARTESIAN_POINT('',(8.962012942528,0.995649651713,0.));
#5267 = B_SPLINE_CURVE_WITH_KNOTS('',3,(#5268,#5269,#5270,#5271),
  .UNSPECIFIED.,.F.,.F.,(4,4),(0.,1.),.PIECEWISE_BEZIER_KNOTS.);
#5268 = CARTESIAN_POINT('',(10.267837014023,0.442434572771,0.));
#5269 = CARTESIAN_POINT('',(9.723454132717,0.773308593677,0.));
#5270 = CARTESIAN_POINT('',(9.275030861536,0.926059367362,0.));
#5271 = CARTESIAN_POINT('',(8.962012942528,0.995649651713,0.));
#5272 = ORIENTED_EDGE('',*,*,#5273,.T.);
#5273 = EDGE_CURVE('',#5265,#5274,#5276,.T.);
#5274 = VERTEX_POINT('',#5275);
#5275 = CARTESIAN_POINT('',(8.49116799836,1.048303122925,0.));
#5276 = B_SPLINE_CURVE_WITH_KNOTS('',3,(#5277,#5278,#5279,#5280),
  .UNSPECIFIED.,.F.,.F.,(4,4),(0.,1.),.PIECEWISE_BEZIER_KNOTS.);
#5277 = CARTESIAN_POINT('',(8.962012942528,0.995649651713,0.));
#5278 = CARTESIAN_POINT('',(8.699745303623,1.052791900184,0.));
#5279 = CARTESIAN_POINT('',(8.54322286394,1.051170132356,0.));
#5280 = CARTESIAN_POINT('',(8.49116799836,1.048303122925,0.));
#5281 = ORIENTED_EDGE('',*,*,#5282,.T.);
#5282 = EDGE_CURVE('',#5274,#5283,#5285,.T.);
#5283 = VERTEX_POINT('',#5284);
#5284 = CARTESIAN_POINT('',(7.791505913926,0.962778302825,0.));
#5285 = LINE('',#5286,#5287);
#5286 = CARTESIAN_POINT('',(8.49116799836,1.048303122925,0.));
#5287 = VECTOR('',#5288,1.);
#5288 = DIRECTION('',(-0.992611712756,-0.121334198396,0.));
#5289 = ORIENTED_EDGE('',*,*,#5290,.T.);
#5290 = EDGE_CURVE('',#5283,#5291,#5293,.T.);
#5291 = VERTEX_POINT('',#5292);
#5292 = CARTESIAN_POINT('',(7.231198480119,1.358275341964,0.));
#5293 = CIRCLE('',#5294,0.493105882353);
#5294 = AXIS2_PLACEMENT_3D('',#5295,#5296,#5297);
#5295 = CARTESIAN_POINT('',(7.715694139281,1.450021554226,0.));
#5296 = DIRECTION('',(0.,0.,-1.));
#5297 = DIRECTION('',(0.153743399457,-0.988110807108,0.));
#5298 = ORIENTED_EDGE('',*,*,#5299,.T.);
#5299 = EDGE_CURVE('',#5291,#5300,#5302,.T.);
#5300 = VERTEX_POINT('',#5301);
#5301 = CARTESIAN_POINT('',(7.104418292333,1.913735637706,0.));
#5302 = CIRCLE('',#5303,7.357658823528);
#5303 = AXIS2_PLACEMENT_3D('',#5304,#5305,#5306);
#5304 = CARTESIAN_POINT('',(8.9322E-13,2.0515E-13,0.));
#5305 = DIRECTION('',(0.,-0.,1.));
#5306 = DIRECTION('',(0.982812420847,0.184607002654,0.));
#5307 = ORIENTED_EDGE('',*,*,#5308,.T.);
#5308 = EDGE_CURVE('',#5300,#5309,#5311,.T.);
#5309 = VERTEX_POINT('',#5310);
#5310 = CARTESIAN_POINT('',(7.437638112495,2.513174441754,0.));
#5311 = CIRCLE('',#5312,0.493105882353);
#5312 = AXIS2_PLACEMENT_3D('',#5313,#5314,#5315);
#5313 = CARTESIAN_POINT('',(7.580740987498,2.041289944893,0.));
#5314 = DIRECTION('',(0.,0.,-1.));
#5315 = DIRECTION('',(-0.96596433385,-0.25867529014,-0.));
#5316 = ORIENTED_EDGE('',*,*,#5317,.T.);
#5317 = EDGE_CURVE('',#5309,#5318,#5320,.T.);
#5318 = VERTEX_POINT('',#5319);
#5319 = CARTESIAN_POINT('',(8.105119697355,2.739691242724,0.));
#5320 = LINE('',#5321,#5322);
#5321 = CARTESIAN_POINT('',(7.437638112495,2.513174441754,0.));
#5322 = VECTOR('',#5323,1.);
#5323 = DIRECTION('',(0.946957186791,0.321359746056,0.));
#5324 = ORIENTED_EDGE('',*,*,#5325,.T.);
#5325 = EDGE_CURVE('',#5318,#5326,#5328,.T.);
#5326 = VERTEX_POINT('',#5327);
#5327 = CARTESIAN_POINT('',(8.506490848693,2.991422345993,0.));
#5328 = B_SPLINE_CURVE_WITH_KNOTS('',3,(#5329,#5330,#5331,#5332),
  .UNSPECIFIED.,.F.,.F.,(4,4),(0.,1.),.PIECEWISE_BEZIER_KNOTS.);
#5329 = CARTESIAN_POINT('',(8.105119697355,2.739691242724,0.));
#5330 = CARTESIAN_POINT('',(8.153263459438,2.759693916199,0.));
#5331 = CARTESIAN_POINT('',(8.294988963409,2.826145295261,0.));
#5332 = CARTESIAN_POINT('',(8.506490848693,2.991422345993,0.));
#5333 = ORIENTED_EDGE('',*,*,#5334,.T.);
#5334 = EDGE_CURVE('',#5326,#5335,#5337,.T.);
#5335 = VERTEX_POINT('',#5336);
#5336 = CARTESIAN_POINT('',(9.444043577268,4.057590063027,0.));
#5337 = B_SPLINE_CURVE_WITH_KNOTS('',3,(#5338,#5339,#5340,#5341),
  .UNSPECIFIED.,.F.,.F.,(4,4),(0.,1.),.PIECEWISE_BEZIER_KNOTS.);
#5338 = CARTESIAN_POINT('',(8.506490848693,2.991422345993,0.));
#5339 = CARTESIAN_POINT('',(8.758316156034,3.189934410811,0.));
#5340 = CARTESIAN_POINT('',(9.096055486172,3.522121668057,0.));
#5341 = CARTESIAN_POINT('',(9.444043577268,4.057590063027,0.));
#5342 = ORIENTED_EDGE('',*,*,#5343,.T.);
#5343 = EDGE_CURVE('',#5335,#5344,#5346,.T.);
#5344 = VERTEX_POINT('',#5345);
#5345 = CARTESIAN_POINT('',(9.059036323582,4.853667292444,0.));
#5346 = CIRCLE('',#5347,10.277364705884);
#5347 = AXIS2_PLACEMENT_3D('',#5348,#5349,#5350);
#5348 = CARTESIAN_POINT('',(7.969045394155E-03,-1.484443327623E-02,0.));
#5349 = DIRECTION('',(0.,-0.,1.));
#5350 = DIRECTION('',(0.918141449867,0.396252795619,0.));
#5351 = ORIENTED_EDGE('',*,*,#5352,.T.);
#5352 = EDGE_CURVE('',#5344,#5353,#5355,.T.);
#5353 = VERTEX_POINT('',#5354);
#5354 = CARTESIAN_POINT('',(7.64249846122,4.785521025056,0.));
#5355 = B_SPLINE_CURVE_WITH_KNOTS('',3,(#5356,#5357,#5358,#5359),
  .UNSPECIFIED.,.F.,.F.,(4,4),(0.,1.),.PIECEWISE_BEZIER_KNOTS.);
#5356 = CARTESIAN_POINT('',(9.059036323582,4.853667292444,0.));
#5357 = CARTESIAN_POINT('',(8.425003437939,4.915575604426,0.));
#5358 = CARTESIAN_POINT('',(7.954711954122,4.858635730456,0.));
#5359 = CARTESIAN_POINT('',(7.64249846122,4.785521025056,0.));
#5360 = ORIENTED_EDGE('',*,*,#5361,.T.);
#5361 = EDGE_CURVE('',#5353,#5362,#5364,.T.);
#5362 = VERTEX_POINT('',#5363);
#5363 = CARTESIAN_POINT('',(7.195436339949,4.628668198484,0.));
#5364 = B_SPLINE_CURVE_WITH_KNOTS('',3,(#5365,#5366,#5367,#5368),
  .UNSPECIFIED.,.F.,.F.,(4,4),(0.,1.),.PIECEWISE_BEZIER_KNOTS.);
#5365 = CARTESIAN_POINT('',(7.64249846122,4.785521025056,0.));
#5366 = CARTESIAN_POINT('',(7.38141039108,4.723210748152,0.));
#5367 = CARTESIAN_POINT('',(7.241092204487,4.653837044443,0.));
#5368 = CARTESIAN_POINT('',(7.195436339949,4.628668198484,0.));
#5369 = ORIENTED_EDGE('',*,*,#5370,.T.);
#5370 = EDGE_CURVE('',#5362,#5371,#5373,.T.);
#5371 = VERTEX_POINT('',#5372);
#5372 = CARTESIAN_POINT('',(6.602170412554,4.248040996828,0.));
#5373 = LINE('',#5374,#5375);
#5374 = CARTESIAN_POINT('',(7.195436339949,4.628668198484,0.));
#5375 = VECTOR('',#5376,1.);
#5376 = DIRECTION('',(-0.841667315425,-0.539996416789,0.));
#5377 = ORIENTED_EDGE('',*,*,#5378,.T.);
#5378 = EDGE_CURVE('',#5371,#5379,#5381,.T.);
#5379 = VERTEX_POINT('',#5380);
#5380 = CARTESIAN_POINT('',(5.925751124088,4.361263232004,0.));
#5381 = CIRCLE('',#5382,0.493105882353);
#5382 = AXIS2_PLACEMENT_3D('',#5383,#5384,#5385);
#5383 = CARTESIAN_POINT('',(6.32245944,4.654138501184,0.));
#5384 = DIRECTION('',(0.,-0.,-1.));
#5385 = DIRECTION('',(0.567243228206,-0.823550314221,0.));
#5386 = ORIENTED_EDGE('',*,*,#5387,.T.);
#5387 = EDGE_CURVE('',#5379,#5388,#5390,.T.);
#5388 = VERTEX_POINT('',#5389);
#5389 = CARTESIAN_POINT('',(5.570520931778,4.806707803901,0.));
#5390 = CIRCLE('',#5391,7.357658823529);
#5391 = AXIS2_PLACEMENT_3D('',#5392,#5393,#5394);
#5392 = CARTESIAN_POINT('',(-3.515E-14,-1.412E-14,0.));
#5393 = DIRECTION('',(0.,-0.,1.));
#5394 = DIRECTION('',(0.805385417592,0.592751490196,0.));
#5395 = ORIENTED_EDGE('',*,*,#5396,.T.);
#5396 = EDGE_CURVE('',#5388,#5397,#5399,.T.);
#5397 = VERTEX_POINT('',#5398);
#5398 = CARTESIAN_POINT('',(5.61065486624,5.491362166081,0.));
#5399 = CIRCLE('',#5400,0.493105882353);
#5400 = AXIS2_PLACEMENT_3D('',#5401,#5402,#5403);
#5401 = CARTESIAN_POINT('',(5.944329111454,5.128298935648,0.));
#5402 = DIRECTION('',(0.,0.,-1.));
#5403 = DIRECTION('',(-0.7580687902,-0.652174600337,-0.));
#5404 = ORIENTED_EDGE('',*,*,#5405,.T.);
#5405 = EDGE_CURVE('',#5397,#5406,#5408,.T.);
#5406 = VERTEX_POINT('',#5407);
#5407 = CARTESIAN_POINT('',(6.113753037519,5.985056157643,0.));
#5408 = LINE('',#5409,#5410);
#5409 = CARTESIAN_POINT('',(5.61065486624,5.491362166081,0.));
#5410 = VECTOR('',#5411,1.);
#5411 = DIRECTION('',(0.713746176315,0.700404451582,0.));
#5412 = ORIENTED_EDGE('',*,*,#5413,.T.);
#5413 = EDGE_CURVE('',#5406,#5414,#5416,.T.);
#5414 = VERTEX_POINT('',#5415);
#5415 = CARTESIAN_POINT('',(6.36615391701,6.386006460687,0.));
#5416 = B_SPLINE_CURVE_WITH_KNOTS('',3,(#5417,#5418,#5419,#5420),
  .UNSPECIFIED.,.F.,.F.,(4,4),(0.,1.),.PIECEWISE_BEZIER_KNOTS.);
#5417 = CARTESIAN_POINT('',(6.113753037519,5.985056157643,0.));
#5418 = CARTESIAN_POINT('',(6.148450233579,6.023966739227,0.));
#5419 = CARTESIAN_POINT('',(6.247308327628,6.145329754582,0.));
#5420 = CARTESIAN_POINT('',(6.36615391701,6.386006460687,0.));
#5421 = ORIENTED_EDGE('',*,*,#5422,.T.);
#5422 = EDGE_CURVE('',#5414,#5423,#5425,.T.);
#5423 = VERTEX_POINT('',#5424);
#5424 = CARTESIAN_POINT('',(6.74826690188,7.753379265191,0.));
#5425 = B_SPLINE_CURVE_WITH_KNOTS('',3,(#5426,#5427,#5428,#5429),
  .UNSPECIFIED.,.F.,.F.,(4,4),(0.,1.),.PIECEWISE_BEZIER_KNOTS.);
#5426 = CARTESIAN_POINT('',(6.36615391701,6.386006460687,0.));
#5427 = CARTESIAN_POINT('',(6.506909522131,6.674122556946,0.));
#5428 = CARTESIAN_POINT('',(6.66707149479,7.119952537445,0.));
#5429 = CARTESIAN_POINT('',(6.74826690188,7.753379265191,0.));
#5430 = ORIENTED_EDGE('',*,*,#5431,.T.);
#5431 = EDGE_CURVE('',#5423,#5432,#5434,.T.);
#5432 = VERTEX_POINT('',#5433);
#5433 = CARTESIAN_POINT('',(6.055982387466,8.303571678526,0.));
#5434 = CIRCLE('',#5435,10.277364705881);
#5435 = AXIS2_PLACEMENT_3D('',#5436,#5437,#5438);
#5436 = CARTESIAN_POINT('',(1.362062002376E-02,-9.916733028552E-03,0.));
#5437 = DIRECTION('',(0.,-0.,1.));
#5438 = DIRECTION('',(0.655289218062,0.755378077979,0.));
#5439 = ORIENTED_EDGE('',*,*,#5440,.T.);
#5440 = EDGE_CURVE('',#5432,#5441,#5443,.T.);
#5441 = VERTEX_POINT('',#5442);
#5442 = CARTESIAN_POINT('',(4.809293430575,7.627561268822,0.));
#5443 = B_SPLINE_CURVE_WITH_KNOTS('',3,(#5444,#5445,#5446,#5447),
  .UNSPECIFIED.,.F.,.F.,(4,4),(0.,1.),.PIECEWISE_BEZIER_KNOTS.);
#5444 = CARTESIAN_POINT('',(6.055982387466,8.303571678526,0.));
#5445 = CARTESIAN_POINT('',(5.457877486391,8.084252581139,0.));
#5446 = CARTESIAN_POINT('',(5.058864786055,7.828899699877,0.));
#5447 = CARTESIAN_POINT('',(4.809293430575,7.627561268822,0.));
#5448 = ORIENTED_EDGE('',*,*,#5449,.T.);
#5449 = EDGE_CURVE('',#5441,#5450,#5452,.T.);
#5450 = VERTEX_POINT('',#5451);
#5451 = CARTESIAN_POINT('',(4.474560268175,7.292268770443,0.));
#5452 = B_SPLINE_CURVE_WITH_KNOTS('',3,(#5453,#5454,#5455,#5456),
  .UNSPECIFIED.,.F.,.F.,(4,4),(0.,1.),.PIECEWISE_BEZIER_KNOTS.);
#5453 = CARTESIAN_POINT('',(4.809293430575,7.627561268822,0.));
#5454 = CARTESIAN_POINT('',(4.601096623526,7.45813978107,0.));
#5455 = CARTESIAN_POINT('',(4.504774427767,7.334754454312,0.));
#5456 = CARTESIAN_POINT('',(4.474560268175,7.292268770443,0.));
#5457 = ORIENTED_EDGE('',*,*,#5458,.T.);
#5458 = EDGE_CURVE('',#5450,#5459,#5461,.T.);
#5459 = VERTEX_POINT('',#5460);
#5460 = CARTESIAN_POINT('',(4.105194090669,6.691927072605,0.));
#5461 = LINE('',#5462,#5463);
#5462 = CARTESIAN_POINT('',(4.474560268175,7.292268770443,0.));
#5463 = VECTOR('',#5464,1.);
#5464 = DIRECTION('',(-0.524020383903,-0.851705722215,0.));
#5465 = ORIENTED_EDGE('',*,*,#5466,.T.);
#5466 = EDGE_CURVE('',#5459,#5467,#5469,.T.);
#5467 = VERTEX_POINT('',#5468);
#5468 = CARTESIAN_POINT('',(3.446636083363,6.500449451563,0.));
#5469 = CIRCLE('',#5470,0.493105882353);
#5470 = AXIS2_PLACEMENT_3D('',#5471,#5472,#5473);
#5471 = CARTESIAN_POINT('',(3.676984108752,6.936446238719,0.));
#5472 = DIRECTION('',(0.,-0.,-1.));
#5473 = DIRECTION('',(0.868393578828,-0.495875581421,0.));
#5474 = ORIENTED_EDGE('',*,*,#5475,.T.);
#5475 = EDGE_CURVE('',#5467,#5476,#5478,.T.);
#5476 = VERTEX_POINT('',#5477);
#5477 = CARTESIAN_POINT('',(2.933313582728,6.747652539131,0.));
#5478 = CIRCLE('',#5479,7.357658823526);
#5479 = AXIS2_PLACEMENT_3D('',#5480,#5481,#5482);
#5480 = CARTESIAN_POINT('',(1.34704E-12,2.78685E-12,0.));
#5481 = DIRECTION('',(0.,-0.,1.));
#5482 = DIRECTION('',(0.468441954979,0.883494275485,0.));
#5483 = ORIENTED_EDGE('',*,*,#5484,.T.);
#5484 = EDGE_CURVE('',#5476,#5485,#5487,.T.);
#5485 = VERTEX_POINT('',#5486);
#5486 = CARTESIAN_POINT('',(2.67241261356,7.381918266278,0.));
#5487 = CIRCLE('',#5488,0.493105882353);
#5488 = AXIS2_PLACEMENT_3D('',#5489,#5490,#5491);
#5489 = CARTESIAN_POINT('',(3.130569952474,7.199585427739,0.));
#5490 = DIRECTION('',(0.,0.,-1.));
#5491 = DIRECTION('',(-0.400028425547,-0.91650273254,-0.));
#5492 = ORIENTED_EDGE('',*,*,#5493,.T.);
#5493 = EDGE_CURVE('',#5485,#5494,#5496,.T.);
#5494 = VERTEX_POINT('',#5495);
#5495 = CARTESIAN_POINT('',(2.911482608342,8.045007298644,0.));
#5496 = LINE('',#5497,#5498);
#5497 = CARTESIAN_POINT('',(2.67241261356,7.381918266278,0.));
#5498 = VECTOR('',#5499,1.);
#5499 = DIRECTION('',(0.339168982097,0.940725465576,0.));
#5500 = ORIENTED_EDGE('',*,*,#5501,.T.);
#5501 = EDGE_CURVE('',#5494,#5502,#5504,.T.);
#5502 = VERTEX_POINT('',#5503);
#5503 = CARTESIAN_POINT('',(2.964922126309,8.515763676613,0.));
#5504 = B_SPLINE_CURVE_WITH_KNOTS('',3,(#5505,#5506,#5507,#5508),
  .UNSPECIFIED.,.F.,.F.,(4,4),(0.,1.),.PIECEWISE_BEZIER_KNOTS.);
#5505 = CARTESIAN_POINT('',(2.911482608342,8.045007298644,0.));
#5506 = CARTESIAN_POINT('',(2.925861033167,8.095119070446,0.));
#5507 = CARTESIAN_POINT('',(2.962271659352,8.247356288484,0.));
#5508 = CARTESIAN_POINT('',(2.964922126309,8.515763676613,0.));
#5509 = ORIENTED_EDGE('',*,*,#5510,.T.);
#5510 = EDGE_CURVE('',#5502,#5511,#5513,.T.);
#5511 = VERTEX_POINT('',#5512);
#5512 = CARTESIAN_POINT('',(2.715913204512,9.913516614929,0.));
#5513 = B_SPLINE_CURVE_WITH_KNOTS('',3,(#5514,#5515,#5516,#5517),
  .UNSPECIFIED.,.F.,.F.,(4,4),(0.,1.),.PIECEWISE_BEZIER_KNOTS.);
#5514 = CARTESIAN_POINT('',(2.964922126309,8.515763676613,0.));
#5515 = CARTESIAN_POINT('',(2.966729655361,8.836418877935,0.));
#5516 = CARTESIAN_POINT('',(2.917592227599,9.307589486304,0.));
#5517 = CARTESIAN_POINT('',(2.715913204512,9.913516614929,0.));
#5518 = ORIENTED_EDGE('',*,*,#5519,.T.);
#5519 = EDGE_CURVE('',#5511,#5520,#5522,.T.);
#5520 = VERTEX_POINT('',#5521);
#5521 = CARTESIAN_POINT('',(1.853466867763,10.108851857052,0.));
#5522 = CIRCLE('',#5523,10.277364705882);
#5523 = AXIS2_PLACEMENT_3D('',#5524,#5525,#5526);
#5524 = CARTESIAN_POINT('',(1.657446380896E-02,-3.024902185995E-03,0.));
#5525 = DIRECTION('',(0.,-0.,1.));
#5526 = DIRECTION('',(0.262648920025,0.964891467891,0.));
#5527 = ORIENTED_EDGE('',*,*,#5528,.T.);
#5528 = EDGE_CURVE('',#5520,#5529,#5531,.T.);
#5529 = VERTEX_POINT('',#5530);
#5530 = CARTESIAN_POINT('',(1.023548853891,8.958869457398,0.));
#5531 = B_SPLINE_CURVE_WITH_KNOTS('',3,(#5532,#5533,#5534,#5535),
  .UNSPECIFIED.,.F.,.F.,(4,4),(0.,1.),.PIECEWISE_BEZIER_KNOTS.);
#5532 = CARTESIAN_POINT('',(1.853466867763,10.108851857052,0.));
#5533 = CARTESIAN_POINT('',(1.409751962188,9.651744187307,0.));
#5534 = CARTESIAN_POINT('',(1.161047404204,9.248554068584,0.));
#5535 = CARTESIAN_POINT('',(1.023548853891,8.958869457398,0.));
#5536 = ORIENTED_EDGE('',*,*,#5537,.T.);
#5537 = EDGE_CURVE('',#5529,#5538,#5540,.T.);
#5538 = VERTEX_POINT('',#5539);
#5539 = CARTESIAN_POINT('',(0.867442658408,8.511546078609,0.));
#5540 = B_SPLINE_CURVE_WITH_KNOTS('',3,(#5541,#5542,#5543,#5544),
  .UNSPECIFIED.,.F.,.F.,(4,4),(0.,1.),.PIECEWISE_BEZIER_KNOTS.);
#5541 = CARTESIAN_POINT('',(1.023548853891,8.958869457398,0.));
#5542 = CARTESIAN_POINT('',(0.909479240936,8.715892762265,0.));
#5543 = CARTESIAN_POINT('',(0.876230828195,8.562933789644,0.));
#5544 = CARTESIAN_POINT('',(0.867442658408,8.511546078609,0.));
#5545 = ORIENTED_EDGE('',*,*,#5546,.T.);
#5546 = EDGE_CURVE('',#5538,#5547,#5549,.T.);
#5547 = VERTEX_POINT('',#5548);
#5548 = CARTESIAN_POINT('',(0.795133732226,7.810394920553,0.));
#5549 = LINE('',#5550,#5551);
#5550 = CARTESIAN_POINT('',(0.867442658408,8.511546078609,0.));
#5551 = VECTOR('',#5552,1.);
#5552 = DIRECTION('',(-0.10258478866,-0.994724263872,0.));
#5553 = ORIENTED_EDGE('',*,*,#5554,.T.);
#5554 = EDGE_CURVE('',#5547,#5555,#5557,.T.);
#5555 = VERTEX_POINT('',#5556);
#5556 = CARTESIAN_POINT('',(0.284872496111,7.352141934458,0.));
#5557 = CIRCLE('',#5558,0.493105882353);
#5558 = AXIS2_PLACEMENT_3D('',#5559,#5560,#5561);
#5559 = CARTESIAN_POINT('',(0.303236979514,7.844905728746,0.));
#5560 = DIRECTION('',(0.,0.,-1.));
#5561 = DIRECTION('',(0.997547931015,-6.9986608206E-02,0.));
#5562 = ORIENTED_EDGE('',*,*,#5563,.T.);
#5563 = EDGE_CURVE('',#5555,#5564,#5566,.T.);
#5564 = VERTEX_POINT('',#5565);
#5565 = CARTESIAN_POINT('',(-0.284872496111,7.352141934458,0.));
#5566 = CIRCLE('',#5567,7.357658823529);
#5567 = AXIS2_PLACEMENT_3D('',#5568,#5569,#5570);
#5568 = CARTESIAN_POINT('',(1.518E-14,4.178E-13,0.));
#5569 = DIRECTION('',(0.,-0.,1.));
#5570 = DIRECTION('',(3.871781811894E-02,0.999250184168,0.));
#5571 = ORIENTED_EDGE('',*,*,#5572,.T.);
#5572 = EDGE_CURVE('',#5564,#5573,#5575,.T.);
#5573 = VERTEX_POINT('',#5574);
#5574 = CARTESIAN_POINT('',(-0.795133732226,7.810394920553,0.));
#5575 = CIRCLE('',#5576,0.493105882353);
#5576 = AXIS2_PLACEMENT_3D('',#5577,#5578,#5579);
#5577 = CARTESIAN_POINT('',(-0.303236979514,7.844905728746,0.));
#5578 = DIRECTION('',(0.,0.,-1.));
#5579 = DIRECTION('',(3.724247481195E-02,-0.999306258396,0.));
#5580 = ORIENTED_EDGE('',*,*,#5581,.T.);
#5581 = EDGE_CURVE('',#5573,#5582,#5584,.T.);
#5582 = VERTEX_POINT('',#5583);
#5583 = CARTESIAN_POINT('',(-0.867442658408,8.511546078609,0.));
#5584 = LINE('',#5585,#5586);
#5585 = CARTESIAN_POINT('',(-0.795133732226,7.810394920553,0.));
#5586 = VECTOR('',#5587,1.);
#5587 = DIRECTION('',(-0.10258478866,0.994724263872,0.));
#5588 = ORIENTED_EDGE('',*,*,#5589,.T.);
#5589 = EDGE_CURVE('',#5582,#5590,#5592,.T.);
#5590 = VERTEX_POINT('',#5591);
#5591 = CARTESIAN_POINT('',(-1.023548853891,8.958869457398,0.));
#5592 = B_SPLINE_CURVE_WITH_KNOTS('',3,(#5593,#5594,#5595,#5596),
  .UNSPECIFIED.,.F.,.F.,(4,4),(0.,1.),.PIECEWISE_BEZIER_KNOTS.);
#5593 = CARTESIAN_POINT('',(-0.867442658408,8.511546078609,0.));
#5594 = CARTESIAN_POINT('',(-0.876230828195,8.562933789644,0.));
#5595 = CARTESIAN_POINT('',(-0.909479240936,8.715892762265,0.));
#5596 = CARTESIAN_POINT('',(-1.023548853891,8.958869457398,0.));
#5597 = ORIENTED_EDGE('',*,*,#5598,.T.);
#5598 = EDGE_CURVE('',#5590,#5599,#5601,.T.);
#5599 = VERTEX_POINT('',#5600);
#5600 = CARTESIAN_POINT('',(-1.854360411498,10.110160417777,0.));
#5601 = B_SPLINE_CURVE_WITH_KNOTS('',3,(#5602,#5603,#5604,#5605),
  .UNSPECIFIED.,.F.,.F.,(4,4),(0.,1.),.PIECEWISE_BEZIER_KNOTS.);
#5602 = CARTESIAN_POINT('',(-1.023548853891,8.958869457398,0.));
#5603 = CARTESIAN_POINT('',(-1.161047404204,9.248554068584,0.));
#5604 = CARTESIAN_POINT('',(-1.409751962188,9.651744187307,0.));
#5605 = CARTESIAN_POINT('',(-1.854360411498,10.110160417777,0.));
#5606 = ORIENTED_EDGE('',*,*,#5607,.T.);
#5607 = EDGE_CURVE('',#5599,#5608,#5610,.T.);
#5608 = VERTEX_POINT('',#5609);
#5609 = CARTESIAN_POINT('',(-2.716150496381,9.911949948357,0.));
#5610 = CIRCLE('',#5611,10.277364705883);
#5611 = AXIS2_PLACEMENT_3D('',#5612,#5613,#5614);
#5612 = CARTESIAN_POINT('',(1.624553176504E-02,4.466047632884E-03,0.));
#5613 = DIRECTION('',(0.,0.,1.));
#5614 = DIRECTION('',(-0.182012217801,0.98329626897,0.));
#5615 = ORIENTED_EDGE('',*,*,#5616,.T.);
#5616 = EDGE_CURVE('',#5608,#5617,#5619,.T.);
#5617 = VERTEX_POINT('',#5618);
#5618 = CARTESIAN_POINT('',(-2.964922126309,8.515763676613,0.));
#5619 = B_SPLINE_CURVE_WITH_KNOTS('',3,(#5620,#5621,#5622,#5623),
  .UNSPECIFIED.,.F.,.F.,(4,4),(0.,1.),.PIECEWISE_BEZIER_KNOTS.);
#5620 = CARTESIAN_POINT('',(-2.71615049638,9.911949948357,0.));
#5621 = CARTESIAN_POINT('',(-2.917592227599,9.307589486304,0.));
#5622 = CARTESIAN_POINT('',(-2.966729655361,8.836418877935,0.));
#5623 = CARTESIAN_POINT('',(-2.964922126309,8.515763676613,0.));
#5624 = ORIENTED_EDGE('',*,*,#5625,.T.);
#5625 = EDGE_CURVE('',#5617,#5626,#5628,.T.);
#5626 = VERTEX_POINT('',#5627);
#5627 = CARTESIAN_POINT('',(-2.911482608342,8.045007298644,0.));
#5628 = B_SPLINE_CURVE_WITH_KNOTS('',3,(#5629,#5630,#5631,#5632),
  .UNSPECIFIED.,.F.,.F.,(4,4),(0.,1.),.PIECEWISE_BEZIER_KNOTS.);
#5629 = CARTESIAN_POINT('',(-2.964922126309,8.515763676613,0.));
#5630 = CARTESIAN_POINT('',(-2.962271659352,8.247356288484,0.));
#5631 = CARTESIAN_POINT('',(-2.925861033167,8.095119070446,0.));
#5632 = CARTESIAN_POINT('',(-2.911482608342,8.045007298644,0.));
#5633 = ORIENTED_EDGE('',*,*,#5634,.T.);
#5634 = EDGE_CURVE('',#5626,#5635,#5637,.T.);
#5635 = VERTEX_POINT('',#5636);
#5636 = CARTESIAN_POINT('',(-2.67241261356,7.381918266278,0.));
#5637 = LINE('',#5638,#5639);
#5638 = CARTESIAN_POINT('',(-2.911482608342,8.045007298644,0.));
#5639 = VECTOR('',#5640,1.);
#5640 = DIRECTION('',(0.339168982097,-0.940725465576,0.));
#5641 = ORIENTED_EDGE('',*,*,#5642,.T.);
#5642 = EDGE_CURVE('',#5635,#5643,#5645,.T.);
#5643 = VERTEX_POINT('',#5644);
#5644 = CARTESIAN_POINT('',(-2.933313582728,6.747652539131,0.));
#5645 = CIRCLE('',#5646,0.493105882353);
#5646 = AXIS2_PLACEMENT_3D('',#5647,#5648,#5649);
#5647 = CARTESIAN_POINT('',(-3.130569952474,7.199585427739,0.));
#5648 = DIRECTION('',(0.,0.,-1.));
#5649 = DIRECTION('',(0.929125681341,0.369764071094,0.));
#5650 = ORIENTED_EDGE('',*,*,#5651,.T.);
#5651 = EDGE_CURVE('',#5643,#5652,#5654,.T.);
#5652 = VERTEX_POINT('',#5653);
#5653 = CARTESIAN_POINT('',(-3.446636083363,6.500449451563,0.));
#5654 = CIRCLE('',#5655,7.357658823528);
#5655 = AXIS2_PLACEMENT_3D('',#5656,#5657,#5658);
#5656 = CARTESIAN_POINT('',(-5.2066E-13,1.07417E-12,0.));
#5657 = DIRECTION('',(0.,0.,1.));
#5658 = DIRECTION('',(-0.398674857463,0.917092338877,0.));
#5659 = ORIENTED_EDGE('',*,*,#5660,.T.);
#5660 = EDGE_CURVE('',#5652,#5661,#5663,.T.);
#5661 = VERTEX_POINT('',#5662);
#5662 = CARTESIAN_POINT('',(-4.105194090669,6.691927072605,0.));
#5663 = CIRCLE('',#5664,0.493105882353);
#5664 = AXIS2_PLACEMENT_3D('',#5665,#5666,#5667);
#5665 = CARTESIAN_POINT('',(-3.676984108752,6.936446238719,0.));
#5666 = DIRECTION('',(0.,-0.,-1.));
#5667 = DIRECTION('',(0.467137046286,-0.88418492409,0.));
#5668 = ORIENTED_EDGE('',*,*,#5669,.T.);
#5669 = EDGE_CURVE('',#5661,#5670,#5672,.T.);
#5670 = VERTEX_POINT('',#5671);
#5671 = CARTESIAN_POINT('',(-4.474560268175,7.292268770443,0.));
#5672 = LINE('',#5673,#5674);
#5673 = CARTESIAN_POINT('',(-4.105194090669,6.691927072605,0.));
#5674 = VECTOR('',#5675,1.);
#5675 = DIRECTION('',(-0.524020383903,0.851705722215,0.));
#5676 = ORIENTED_EDGE('',*,*,#5677,.T.);
#5677 = EDGE_CURVE('',#5670,#5678,#5680,.T.);
#5678 = VERTEX_POINT('',#5679);
#5679 = CARTESIAN_POINT('',(-4.809293430575,7.627561268822,0.));
#5680 = B_SPLINE_CURVE_WITH_KNOTS('',3,(#5681,#5682,#5683,#5684),
  .UNSPECIFIED.,.F.,.F.,(4,4),(0.,1.),.PIECEWISE_BEZIER_KNOTS.);
#5681 = CARTESIAN_POINT('',(-4.474560268175,7.292268770443,0.));
#5682 = CARTESIAN_POINT('',(-4.504774427767,7.334754454312,0.));
#5683 = CARTESIAN_POINT('',(-4.601096623526,7.45813978107,0.));
#5684 = CARTESIAN_POINT('',(-4.809293430575,7.627561268822,0.));
#5685 = ORIENTED_EDGE('',*,*,#5686,.T.);
#5686 = EDGE_CURVE('',#5678,#5687,#5689,.T.);
#5687 = VERTEX_POINT('',#5688);
#5688 = CARTESIAN_POINT('',(-6.057355205774,8.304362956903,0.));
#5689 = B_SPLINE_CURVE_WITH_KNOTS('',3,(#5690,#5691,#5692,#5693),
  .UNSPECIFIED.,.F.,.F.,(4,4),(0.,1.),.PIECEWISE_BEZIER_KNOTS.);
#5690 = CARTESIAN_POINT('',(-4.809293430575,7.627561268822,0.));
#5691 = CARTESIAN_POINT('',(-5.058864786055,7.828899699877,0.));
#5692 = CARTESIAN_POINT('',(-5.457877486391,8.084252581139,0.));
#5693 = CARTESIAN_POINT('',(-6.057355205774,8.304362956903,0.));
#5694 = ORIENTED_EDGE('',*,*,#5695,.T.);
#5695 = EDGE_CURVE('',#5687,#5696,#5698,.T.);
#5696 = VERTEX_POINT('',#5697);
#5697 = CARTESIAN_POINT('',(-6.747800943316,7.751864790301,0.));
#5698 = CIRCLE('',#5699,10.277364705884);
#5699 = AXIS2_PLACEMENT_3D('',#5700,#5701,#5702);
#5700 = CARTESIAN_POINT('',(1.269897291773E-02,1.107244194481E-02,0.));
#5701 = DIRECTION('',(0.,0.,1.));
#5702 = DIRECTION('',(-0.590623603658,0.806947184643,0.));
#5703 = ORIENTED_EDGE('',*,*,#5704,.T.);
#5704 = EDGE_CURVE('',#5696,#5705,#5707,.T.);
#5705 = VERTEX_POINT('',#5706);
#5706 = CARTESIAN_POINT('',(-6.36615391701,6.386006460687,0.));
#5707 = B_SPLINE_CURVE_WITH_KNOTS('',3,(#5708,#5709,#5710,#5711),
  .UNSPECIFIED.,.F.,.F.,(4,4),(0.,1.),.PIECEWISE_BEZIER_KNOTS.);
#5708 = CARTESIAN_POINT('',(-6.747800943316,7.751864790301,0.));
#5709 = CARTESIAN_POINT('',(-6.66707149479,7.119952537445,0.));
#5710 = CARTESIAN_POINT('',(-6.506909522131,6.674122556946,0.));
#5711 = CARTESIAN_POINT('',(-6.36615391701,6.386006460687,0.));
#5712 = ORIENTED_EDGE('',*,*,#5713,.T.);
#5713 = EDGE_CURVE('',#5705,#5714,#5716,.T.);
#5714 = VERTEX_POINT('',#5715);
#5715 = CARTESIAN_POINT('',(-6.113753037519,5.985056157643,0.));
#5716 = B_SPLINE_CURVE_WITH_KNOTS('',3,(#5717,#5718,#5719,#5720),
  .UNSPECIFIED.,.F.,.F.,(4,4),(0.,1.),.PIECEWISE_BEZIER_KNOTS.);
#5717 = CARTESIAN_POINT('',(-6.36615391701,6.386006460687,0.));
#5718 = CARTESIAN_POINT('',(-6.247308327628,6.145329754582,0.));
#5719 = CARTESIAN_POINT('',(-6.148450233579,6.023966739227,0.));
#5720 = CARTESIAN_POINT('',(-6.113753037519,5.985056157643,0.));
#5721 = ORIENTED_EDGE('',*,*,#5722,.T.);
#5722 = EDGE_CURVE('',#5714,#5723,#5725,.T.);
#5723 = VERTEX_POINT('',#5724);
#5724 = CARTESIAN_POINT('',(-5.61065486624,5.491362166081,0.));
#5725 = LINE('',#5726,#5727);
#5726 = CARTESIAN_POINT('',(-6.113753037519,5.985056157643,0.));
#5727 = VECTOR('',#5728,1.);
#5728 = DIRECTION('',(0.713746176315,-0.700404451582,0.));
#5729 = ORIENTED_EDGE('',*,*,#5730,.T.);
#5730 = EDGE_CURVE('',#5723,#5731,#5733,.T.);
#5731 = VERTEX_POINT('',#5732);
#5732 = CARTESIAN_POINT('',(-5.570520931778,4.806707803901,0.));
#5733 = CIRCLE('',#5734,0.493105882353);
#5734 = AXIS2_PLACEMENT_3D('',#5735,#5736,#5737);
#5735 = CARTESIAN_POINT('',(-5.944329111454,5.128298935648,0.));
#5736 = DIRECTION('',(0.,0.,-1.));
#5737 = DIRECTION('',(0.6766786955,0.736278441255,0.));
#5738 = ORIENTED_EDGE('',*,*,#5739,.T.);
#5739 = EDGE_CURVE('',#5731,#5740,#5742,.T.);
#5740 = VERTEX_POINT('',#5741);
#5741 = CARTESIAN_POINT('',(-5.925751124088,4.361263232004,0.));
#5742 = CIRCLE('',#5743,7.357658823529);
#5743 = AXIS2_PLACEMENT_3D('',#5744,#5745,#5746);
#5744 = CARTESIAN_POINT('',(-3.9302E-13,3.1349E-13,0.));
#5745 = DIRECTION('',(0.,0.,1.));
#5746 = DIRECTION('',(-0.757105088097,0.653293108472,0.));
#5747 = ORIENTED_EDGE('',*,*,#5748,.T.);
#5748 = EDGE_CURVE('',#5740,#5749,#5751,.T.);
#5749 = VERTEX_POINT('',#5750);
#5750 = CARTESIAN_POINT('',(-6.602170412554,4.248040996828,0.));
#5751 = CIRCLE('',#5752,0.493105882353);
#5752 = AXIS2_PLACEMENT_3D('',#5753,#5754,#5755);
#5753 = CARTESIAN_POINT('',(-6.32245944,4.654138501184,0.));
#5754 = DIRECTION('',(0.,-0.,-1.));
#5755 = DIRECTION('',(0.804509396683,-0.593939921751,0.));
#5756 = ORIENTED_EDGE('',*,*,#5757,.T.);
#5757 = EDGE_CURVE('',#5749,#5758,#5760,.T.);
#5758 = VERTEX_POINT('',#5759);
#5759 = CARTESIAN_POINT('',(-7.195436339949,4.628668198484,0.));
#5760 = LINE('',#5761,#5762);
#5761 = CARTESIAN_POINT('',(-6.602170412554,4.248040996828,0.));
#5762 = VECTOR('',#5763,1.);
#5763 = DIRECTION('',(-0.841667315425,0.539996416789,0.));
#5764 = ORIENTED_EDGE('',*,*,#5765,.T.);
#5765 = EDGE_CURVE('',#5758,#5766,#5768,.T.);
#5766 = VERTEX_POINT('',#5767);
#5767 = CARTESIAN_POINT('',(-7.64249846122,4.785521025056,0.));
#5768 = B_SPLINE_CURVE_WITH_KNOTS('',3,(#5769,#5770,#5771,#5772),
  .UNSPECIFIED.,.F.,.F.,(4,4),(0.,1.),.PIECEWISE_BEZIER_KNOTS.);
#5769 = CARTESIAN_POINT('',(-7.195436339949,4.628668198484,0.));
#5770 = CARTESIAN_POINT('',(-7.241092204487,4.653837044443,0.));
#5771 = CARTESIAN_POINT('',(-7.38141039108,4.723210748152,0.));
#5772 = CARTESIAN_POINT('',(-7.64249846122,4.785521025056,0.));
#5773 = ORIENTED_EDGE('',*,*,#5774,.T.);
#5774 = EDGE_CURVE('',#5766,#5775,#5777,.T.);
#5775 = VERTEX_POINT('',#5776);
#5776 = CARTESIAN_POINT('',(-9.06061651296,4.853784566088,0.));
#5777 = B_SPLINE_CURVE_WITH_KNOTS('',3,(#5778,#5779,#5780,#5781),
  .UNSPECIFIED.,.F.,.F.,(4,4),(0.,1.),.PIECEWISE_BEZIER_KNOTS.);
#5778 = CARTESIAN_POINT('',(-7.64249846122,4.785521025056,0.));
#5779 = CARTESIAN_POINT('',(-7.954711954122,4.858635730456,0.));
#5780 = CARTESIAN_POINT('',(-8.425003437939,4.915575604426,0.));
#5781 = CARTESIAN_POINT('',(-9.06061651296,4.853784566088,0.));
#5782 = ORIENTED_EDGE('',*,*,#5783,.T.);
#5783 = EDGE_CURVE('',#5775,#5784,#5786,.T.);
#5784 = VERTEX_POINT('',#5785);
#5785 = CARTESIAN_POINT('',(-9.442966657079,4.056427740143,0.));
#5786 = CIRCLE('',#5787,10.277364705884);
#5787 = AXIS2_PLACEMENT_3D('',#5788,#5789,#5790);
#5788 = CARTESIAN_POINT('',(6.637226740383E-03,1.548580333675E-02,0.));
#5789 = DIRECTION('',(0.,0.,1.));
#5790 = DIRECTION('',(-0.882254741287,0.470772313838,0.));
#5791 = ORIENTED_EDGE('',*,*,#5792,.T.);
#5792 = EDGE_CURVE('',#5784,#5793,#5795,.T.);
#5793 = VERTEX_POINT('',#5794);
#5794 = CARTESIAN_POINT('',(-8.506490848693,2.991422345993,0.));
#5795 = B_SPLINE_CURVE_WITH_KNOTS('',3,(#5796,#5797,#5798,#5799),
  .UNSPECIFIED.,.F.,.F.,(4,4),(0.,1.),.PIECEWISE_BEZIER_KNOTS.);
#5796 = CARTESIAN_POINT('',(-9.442966657079,4.056427740143,0.));
#5797 = CARTESIAN_POINT('',(-9.096055486172,3.522121668057,0.));
#5798 = CARTESIAN_POINT('',(-8.758316156034,3.189934410811,0.));
#5799 = CARTESIAN_POINT('',(-8.506490848693,2.991422345993,0.));
#5800 = ORIENTED_EDGE('',*,*,#5801,.T.);
#5801 = EDGE_CURVE('',#5793,#5802,#5804,.T.);
#5802 = VERTEX_POINT('',#5803);
#5803 = CARTESIAN_POINT('',(-8.105119697355,2.739691242724,0.));
#5804 = B_SPLINE_CURVE_WITH_KNOTS('',3,(#5805,#5806,#5807,#5808),
  .UNSPECIFIED.,.F.,.F.,(4,4),(0.,1.),.PIECEWISE_BEZIER_KNOTS.);
#5805 = CARTESIAN_POINT('',(-8.506490848693,2.991422345993,0.));
#5806 = CARTESIAN_POINT('',(-8.294988963409,2.826145295261,0.));
#5807 = CARTESIAN_POINT('',(-8.153263459438,2.759693916199,0.));
#5808 = CARTESIAN_POINT('',(-8.105119697355,2.739691242724,0.));
#5809 = ORIENTED_EDGE('',*,*,#5810,.T.);
#5810 = EDGE_CURVE('',#5802,#5811,#5813,.T.);
#5811 = VERTEX_POINT('',#5812);
#5812 = CARTESIAN_POINT('',(-7.437638112495,2.513174441754,0.));
#5813 = LINE('',#5814,#5815);
#5814 = CARTESIAN_POINT('',(-8.105119697355,2.739691242724,0.));
#5815 = VECTOR('',#5816,1.);
#5816 = DIRECTION('',(0.946957186791,-0.321359746056,0.));
#5817 = ORIENTED_EDGE('',*,*,#5818,.T.);
#5818 = EDGE_CURVE('',#5811,#5819,#5821,.T.);
#5819 = VERTEX_POINT('',#5820);
#5820 = CARTESIAN_POINT('',(-7.104418292333,1.913735637706,0.));
#5821 = CIRCLE('',#5822,0.493105882353);
#5822 = AXIS2_PLACEMENT_3D('',#5823,#5824,#5825);
#5823 = CARTESIAN_POINT('',(-7.580740987498,2.041289944893,0.));
#5824 = DIRECTION('',(0.,0.,-1.));
#5825 = DIRECTION('',(0.290207195095,0.956963836263,0.));
#5826 = ORIENTED_EDGE('',*,*,#5827,.T.);
#5827 = EDGE_CURVE('',#5819,#5828,#5830,.T.);
#5828 = VERTEX_POINT('',#5829);
#5829 = CARTESIAN_POINT('',(-7.231198480119,1.358275341964,0.));
#5830 = CIRCLE('',#5831,7.357658823528);
#5831 = AXIS2_PLACEMENT_3D('',#5832,#5833,#5834);
#5832 = CARTESIAN_POINT('',(-1.84983E-12,4.3869E-13,0.));
#5833 = DIRECTION('',(0.,0.,1.));
#5834 = DIRECTION('',(-0.96558137075,0.26010116582,0.));
#5835 = ORIENTED_EDGE('',*,*,#5836,.T.);
#5836 = EDGE_CURVE('',#5828,#5837,#5839,.T.);
#5837 = VERTEX_POINT('',#5838);
#5838 = CARTESIAN_POINT('',(-7.791505913926,0.962778302825,0.));
#5839 = CIRCLE('',#5840,0.493105882353);
#5840 = AXIS2_PLACEMENT_3D('',#5841,#5842,#5843);
#5841 = CARTESIAN_POINT('',(-7.715694139281,1.450021554226,0.));
#5842 = DIRECTION('',(0.,0.,-1.));
#5843 = DIRECTION('',(0.982538794406,-0.186057833714,0.));
#5844 = ORIENTED_EDGE('',*,*,#5845,.T.);
#5845 = EDGE_CURVE('',#5837,#5846,#5848,.T.);
#5846 = VERTEX_POINT('',#5847);
#5847 = CARTESIAN_POINT('',(-8.49116799836,1.048303122925,0.));
#5848 = LINE('',#5849,#5850);
#5849 = CARTESIAN_POINT('',(-7.791505913926,0.962778302825,0.));
#5850 = VECTOR('',#5851,1.);
#5851 = DIRECTION('',(-0.992611712756,0.121334198396,0.));
#5852 = ORIENTED_EDGE('',*,*,#5853,.T.);
#5853 = EDGE_CURVE('',#5846,#5854,#5856,.T.);
#5854 = VERTEX_POINT('',#5855);
#5855 = CARTESIAN_POINT('',(-8.962012942528,0.995649651713,0.));
#5856 = B_SPLINE_CURVE_WITH_KNOTS('',3,(#5857,#5858,#5859,#5860),
  .UNSPECIFIED.,.F.,.F.,(4,4),(0.,1.),.PIECEWISE_BEZIER_KNOTS.);
#5857 = CARTESIAN_POINT('',(-8.49116799836,1.048303122925,0.));
#5858 = CARTESIAN_POINT('',(-8.54322286394,1.051170132356,0.));
#5859 = CARTESIAN_POINT('',(-8.699745303623,1.052791900184,0.));
#5860 = CARTESIAN_POINT('',(-8.962012942528,0.995649651713,0.));
#5861 = ORIENTED_EDGE('',*,*,#5862,.T.);
#5862 = EDGE_CURVE('',#5854,#5863,#5865,.T.);
#5863 = VERTEX_POINT('',#5864);
#5864 = CARTESIAN_POINT('',(-10.26931159858,0.441854614197,0.));
#5865 = B_SPLINE_CURVE_WITH_KNOTS('',3,(#5866,#5867,#5868,#5869),
  .UNSPECIFIED.,.F.,.F.,(4,4),(0.,1.),.PIECEWISE_BEZIER_KNOTS.);
#5866 = CARTESIAN_POINT('',(-8.962012942528,0.995649651713,0.));
#5867 = CARTESIAN_POINT('',(-9.275030861536,0.926059367362,0.));
#5868 = CARTESIAN_POINT('',(-9.723454132717,0.773308593677,0.));
#5869 = CARTESIAN_POINT('',(-10.26931159858,0.441854614197,0.));
#5870 = ORIENTED_EDGE('',*,*,#5871,.T.);
#5871 = EDGE_CURVE('',#5863,#5872,#5874,.T.);
#5872 = VERTEX_POINT('',#5873);
#5873 = CARTESIAN_POINT('',(-10.26783701402,-0.442434572771,0.));
#5874 = CIRCLE('',#5875,10.277364705883);
#5875 = AXIS2_PLACEMENT_3D('',#5876,#5877,#5878);
#5876 = CARTESIAN_POINT('',(-7.391035936635E-04,1.683201145636E-02,0.));
#5877 = DIRECTION('',(0.,0.,1.));
#5878 = DIRECTION('',(-0.99914450726,4.135521263513E-02,0.));
#5879 = ORIENTED_EDGE('',*,*,#5880,.T.);
#5880 = EDGE_CURVE('',#5872,#5881,#5883,.T.);
#5881 = VERTEX_POINT('',#5882);
#5882 = CARTESIAN_POINT('',(-8.962012942528,-0.995649651713,0.));
#5883 = B_SPLINE_CURVE_WITH_KNOTS('',3,(#5884,#5885,#5886,#5887),
  .UNSPECIFIED.,.F.,.F.,(4,4),(0.,1.),.PIECEWISE_BEZIER_KNOTS.);
#5884 = CARTESIAN_POINT('',(-10.26783701402,-0.442434572771,0.));
#5885 = CARTESIAN_POINT('',(-9.723454132717,-0.773308593677,0.));
#5886 = CARTESIAN_POINT('',(-9.275030861536,-0.926059367362,0.));
#5887 = CARTESIAN_POINT('',(-8.962012942528,-0.995649651713,0.));
#5888 = ORIENTED_EDGE('',*,*,#5889,.T.);
#5889 = EDGE_CURVE('',#5881,#5890,#5892,.T.);
#5890 = VERTEX_POINT('',#5891);
#5891 = CARTESIAN_POINT('',(-8.49116799836,-1.048303122925,0.));
#5892 = B_SPLINE_CURVE_WITH_KNOTS('',3,(#5893,#5894,#5895,#5896),
  .UNSPECIFIED.,.F.,.F.,(4,4),(0.,1.),.PIECEWISE_BEZIER_KNOTS.);
#5893 = CARTESIAN_POINT('',(-8.962012942528,-0.995649651713,0.));
#5894 = CARTESIAN_POINT('',(-8.699745303623,-1.052791900184,0.));
#5895 = CARTESIAN_POINT('',(-8.54322286394,-1.051170132356,0.));
#5896 = CARTESIAN_POINT('',(-8.49116799836,-1.048303122925,0.));
#5897 = ORIENTED_EDGE('',*,*,#5898,.T.);
#5898 = EDGE_CURVE('',#5890,#5899,#5901,.T.);
#5899 = VERTEX_POINT('',#5900);
#5900 = CARTESIAN_POINT('',(-7.791505913926,-0.962778302825,0.));
#5901 = LINE('',#5902,#5903);
#5902 = CARTESIAN_POINT('',(-8.49116799836,-1.048303122925,0.));
#5903 = VECTOR('',#5904,1.);
#5904 = DIRECTION('',(0.992611712756,0.121334198396,0.));
#5905 = ORIENTED_EDGE('',*,*,#5906,.T.);
#5906 = EDGE_CURVE('',#5899,#5907,#5909,.T.);
#5907 = VERTEX_POINT('',#5908);
#5908 = CARTESIAN_POINT('',(-7.231198480119,-1.358275341964,0.));
#5909 = CIRCLE('',#5910,0.493105882353);
#5910 = AXIS2_PLACEMENT_3D('',#5911,#5912,#5913);
#5911 = CARTESIAN_POINT('',(-7.715694139281,-1.450021554226,0.));
#5912 = DIRECTION('',(0.,0.,-1.));
#5913 = DIRECTION('',(-0.153743399457,0.988110807108,0.));
#5914 = ORIENTED_EDGE('',*,*,#5915,.T.);
#5915 = EDGE_CURVE('',#5907,#5916,#5918,.T.);
#5916 = VERTEX_POINT('',#5917);
#5917 = CARTESIAN_POINT('',(-7.104418292333,-1.913735637706,0.));
#5918 = CIRCLE('',#5919,7.357658823531);
#5919 = AXIS2_PLACEMENT_3D('',#5920,#5921,#5922);
#5920 = CARTESIAN_POINT('',(1.13353E-12,2.5817E-13,0.));
#5921 = DIRECTION('',(0.,0.,1.));
#5922 = DIRECTION('',(-0.982812420847,-0.184607002654,0.));
#5923 = ORIENTED_EDGE('',*,*,#5924,.T.);
#5924 = EDGE_CURVE('',#5916,#5925,#5927,.T.);
#5925 = VERTEX_POINT('',#5926);
#5926 = CARTESIAN_POINT('',(-7.437638112495,-2.513174441754,0.));
#5927 = CIRCLE('',#5928,0.493105882353);
#5928 = AXIS2_PLACEMENT_3D('',#5929,#5930,#5931);
#5929 = CARTESIAN_POINT('',(-7.580740987498,-2.041289944893,0.));
#5930 = DIRECTION('',(0.,0.,-1.));
#5931 = DIRECTION('',(0.96596433385,0.25867529014,0.));
#5932 = ORIENTED_EDGE('',*,*,#5933,.T.);
#5933 = EDGE_CURVE('',#5925,#5934,#5936,.T.);
#5934 = VERTEX_POINT('',#5935);
#5935 = CARTESIAN_POINT('',(-8.105119697355,-2.739691242724,0.));
#5936 = LINE('',#5937,#5938);
#5937 = CARTESIAN_POINT('',(-7.437638112495,-2.513174441754,0.));
#5938 = VECTOR('',#5939,1.);
#5939 = DIRECTION('',(-0.946957186791,-0.321359746056,0.));
#5940 = ORIENTED_EDGE('',*,*,#5941,.T.);
#5941 = EDGE_CURVE('',#5934,#5942,#5944,.T.);
#5942 = VERTEX_POINT('',#5943);
#5943 = CARTESIAN_POINT('',(-8.506490848693,-2.991422345993,0.));
#5944 = B_SPLINE_CURVE_WITH_KNOTS('',3,(#5945,#5946,#5947,#5948),
  .UNSPECIFIED.,.F.,.F.,(4,4),(0.,1.),.PIECEWISE_BEZIER_KNOTS.);
#5945 = CARTESIAN_POINT('',(-8.105119697355,-2.739691242724,0.));
#5946 = CARTESIAN_POINT('',(-8.153263459438,-2.759693916199,0.));
#5947 = CARTESIAN_POINT('',(-8.294988963409,-2.826145295261,0.));
#5948 = CARTESIAN_POINT('',(-8.506490848693,-2.991422345993,0.));
#5949 = ORIENTED_EDGE('',*,*,#5950,.T.);
#5950 = EDGE_CURVE('',#5942,#5951,#5953,.T.);
#5951 = VERTEX_POINT('',#5952);
#5952 = CARTESIAN_POINT('',(-9.444043577268,-4.057590063027,0.));
#5953 = B_SPLINE_CURVE_WITH_KNOTS('',3,(#5954,#5955,#5956,#5957),
  .UNSPECIFIED.,.F.,.F.,(4,4),(0.,1.),.PIECEWISE_BEZIER_KNOTS.);
#5954 = CARTESIAN_POINT('',(-8.506490848693,-2.991422345993,0.));
#5955 = CARTESIAN_POINT('',(-8.758316156034,-3.189934410811,0.));
#5956 = CARTESIAN_POINT('',(-9.096055486172,-3.522121668057,0.));
#5957 = CARTESIAN_POINT('',(-9.444043577268,-4.057590063027,0.));
#5958 = ORIENTED_EDGE('',*,*,#5959,.T.);
#5959 = EDGE_CURVE('',#5951,#5960,#5962,.T.);
#5960 = VERTEX_POINT('',#5961);
#5961 = CARTESIAN_POINT('',(-9.059036323582,-4.853667292444,0.));
#5962 = CIRCLE('',#5963,10.277364705884);
#5963 = AXIS2_PLACEMENT_3D('',#5964,#5965,#5966);
#5964 = CARTESIAN_POINT('',(-7.969045394155E-03,1.484443327624E-02,0.));
#5965 = DIRECTION('',(0.,0.,1.));
#5966 = DIRECTION('',(-0.918141449867,-0.396252795619,0.));
#5967 = ORIENTED_EDGE('',*,*,#5968,.T.);
#5968 = EDGE_CURVE('',#5960,#5969,#5971,.T.);
#5969 = VERTEX_POINT('',#5970);
#5970 = CARTESIAN_POINT('',(-7.64249846122,-4.785521025056,0.));
#5971 = B_SPLINE_CURVE_WITH_KNOTS('',3,(#5972,#5973,#5974,#5975),
  .UNSPECIFIED.,.F.,.F.,(4,4),(0.,1.),.PIECEWISE_BEZIER_KNOTS.);
#5972 = CARTESIAN_POINT('',(-9.059036323582,-4.853667292444,0.));
#5973 = CARTESIAN_POINT('',(-8.425003437939,-4.915575604426,0.));
#5974 = CARTESIAN_POINT('',(-7.954711954122,-4.858635730456,0.));
#5975 = CARTESIAN_POINT('',(-7.64249846122,-4.785521025056,0.));
#5976 = ORIENTED_EDGE('',*,*,#5977,.T.);
#5977 = EDGE_CURVE('',#5969,#5978,#5980,.T.);
#5978 = VERTEX_POINT('',#5979);
#5979 = CARTESIAN_POINT('',(-7.195436339949,-4.628668198484,0.));
#5980 = B_SPLINE_CURVE_WITH_KNOTS('',3,(#5981,#5982,#5983,#5984),
  .UNSPECIFIED.,.F.,.F.,(4,4),(0.,1.),.PIECEWISE_BEZIER_KNOTS.);
#5981 = CARTESIAN_POINT('',(-7.64249846122,-4.785521025056,0.));
#5982 = CARTESIAN_POINT('',(-7.38141039108,-4.723210748152,0.));
#5983 = CARTESIAN_POINT('',(-7.241092204487,-4.653837044443,0.));
#5984 = CARTESIAN_POINT('',(-7.195436339949,-4.628668198484,0.));
#5985 = ORIENTED_EDGE('',*,*,#5986,.T.);
#5986 = EDGE_CURVE('',#5978,#5987,#5989,.T.);
#5987 = VERTEX_POINT('',#5988);
#5988 = CARTESIAN_POINT('',(-6.602170412554,-4.248040996828,0.));
#5989 = LINE('',#5990,#5991);
#5990 = CARTESIAN_POINT('',(-7.195436339949,-4.628668198484,0.));
#5991 = VECTOR('',#5992,1.);
#5992 = DIRECTION('',(0.841667315425,0.539996416789,0.));
#5993 = ORIENTED_EDGE('',*,*,#5994,.T.);
#5994 = EDGE_CURVE('',#5987,#5995,#5997,.T.);
#5995 = VERTEX_POINT('',#5996);
#5996 = CARTESIAN_POINT('',(-5.925751124088,-4.361263232004,0.));
#5997 = CIRCLE('',#5998,0.493105882353);
#5998 = AXIS2_PLACEMENT_3D('',#5999,#6000,#6001);
#5999 = CARTESIAN_POINT('',(-6.32245944,-4.654138501184,0.));
#6000 = DIRECTION('',(0.,0.,-1.));
#6001 = DIRECTION('',(-0.567243228206,0.823550314221,0.));
#6002 = ORIENTED_EDGE('',*,*,#6003,.T.);
#6003 = EDGE_CURVE('',#5995,#6004,#6006,.T.);
#6004 = VERTEX_POINT('',#6005);
#6005 = CARTESIAN_POINT('',(-5.570520931778,-4.806707803901,0.));
#6006 = CIRCLE('',#6007,7.357658823528);
#6007 = AXIS2_PLACEMENT_3D('',#6008,#6009,#6010);
#6008 = CARTESIAN_POINT('',(-7.4051E-13,-5.8866E-13,0.));
#6009 = DIRECTION('',(0.,0.,1.));
#6010 = DIRECTION('',(-0.805385417592,-0.592751490196,0.));
#6011 = ORIENTED_EDGE('',*,*,#6012,.T.);
#6012 = EDGE_CURVE('',#6004,#6013,#6015,.T.);
#6013 = VERTEX_POINT('',#6014);
#6014 = CARTESIAN_POINT('',(-5.61065486624,-5.491362166081,0.));
#6015 = CIRCLE('',#6016,0.493105882353);
#6016 = AXIS2_PLACEMENT_3D('',#6017,#6018,#6019);
#6017 = CARTESIAN_POINT('',(-5.944329111454,-5.128298935648,0.));
#6018 = DIRECTION('',(0.,0.,-1.));
#6019 = DIRECTION('',(0.7580687902,0.652174600337,0.));
#6020 = ORIENTED_EDGE('',*,*,#6021,.T.);
#6021 = EDGE_CURVE('',#6013,#6022,#6024,.T.);
#6022 = VERTEX_POINT('',#6023);
#6023 = CARTESIAN_POINT('',(-6.113753037519,-5.985056157643,0.));
#6024 = LINE('',#6025,#6026);
#6025 = CARTESIAN_POINT('',(-5.61065486624,-5.491362166081,0.));
#6026 = VECTOR('',#6027,1.);
#6027 = DIRECTION('',(-0.713746176315,-0.700404451582,0.));
#6028 = ORIENTED_EDGE('',*,*,#6029,.T.);
#6029 = EDGE_CURVE('',#6022,#6030,#6032,.T.);
#6030 = VERTEX_POINT('',#6031);
#6031 = CARTESIAN_POINT('',(-6.36615391701,-6.386006460687,0.));
#6032 = B_SPLINE_CURVE_WITH_KNOTS('',3,(#6033,#6034,#6035,#6036),
  .UNSPECIFIED.,.F.,.F.,(4,4),(0.,1.),.PIECEWISE_BEZIER_KNOTS.);
#6033 = CARTESIAN_POINT('',(-6.113753037519,-5.985056157643,0.));
#6034 = CARTESIAN_POINT('',(-6.148450233579,-6.023966739227,0.));
#6035 = CARTESIAN_POINT('',(-6.247308327628,-6.145329754582,0.));
#6036 = CARTESIAN_POINT('',(-6.36615391701,-6.386006460687,0.));
#6037 = ORIENTED_EDGE('',*,*,#6038,.T.);
#6038 = EDGE_CURVE('',#6030,#6039,#6041,.T.);
#6039 = VERTEX_POINT('',#6040);
#6040 = CARTESIAN_POINT('',(-6.74826690188,-7.753379265191,0.));
#6041 = B_SPLINE_CURVE_WITH_KNOTS('',3,(#6042,#6043,#6044,#6045),
  .UNSPECIFIED.,.F.,.F.,(4,4),(0.,1.),.PIECEWISE_BEZIER_KNOTS.);
#6042 = CARTESIAN_POINT('',(-6.36615391701,-6.386006460687,0.));
#6043 = CARTESIAN_POINT('',(-6.506909522131,-6.674122556946,0.));
#6044 = CARTESIAN_POINT('',(-6.66707149479,-7.119952537445,0.));
#6045 = CARTESIAN_POINT('',(-6.74826690188,-7.753379265191,0.));
#6046 = ORIENTED_EDGE('',*,*,#6047,.T.);
#6047 = EDGE_CURVE('',#6039,#6048,#6050,.T.);
#6048 = VERTEX_POINT('',#6049);
#6049 = CARTESIAN_POINT('',(-6.055982387466,-8.303571678526,0.));
#6050 = CIRCLE('',#6051,10.277364705879);
#6051 = AXIS2_PLACEMENT_3D('',#6052,#6053,#6054);
#6052 = CARTESIAN_POINT('',(-1.36206200251E-02,9.916733026859E-03,0.));
#6053 = DIRECTION('',(0.,0.,1.));
#6054 = DIRECTION('',(-0.655289218062,-0.755378077979,0.));
#6055 = ORIENTED_EDGE('',*,*,#6056,.T.);
#6056 = EDGE_CURVE('',#6048,#6057,#6059,.T.);
#6057 = VERTEX_POINT('',#6058);
#6058 = CARTESIAN_POINT('',(-4.809293430575,-7.627561268822,0.));
#6059 = B_SPLINE_CURVE_WITH_KNOTS('',3,(#6060,#6061,#6062,#6063),
  .UNSPECIFIED.,.F.,.F.,(4,4),(0.,1.),.PIECEWISE_BEZIER_KNOTS.);
#6060 = CARTESIAN_POINT('',(-6.055982387466,-8.303571678526,0.));
#6061 = CARTESIAN_POINT('',(-5.457877486391,-8.084252581139,0.));
#6062 = CARTESIAN_POINT('',(-5.058864786055,-7.828899699877,0.));
#6063 = CARTESIAN_POINT('',(-4.809293430575,-7.627561268822,0.));
#6064 = ORIENTED_EDGE('',*,*,#6065,.T.);
#6065 = EDGE_CURVE('',#6057,#6066,#6068,.T.);
#6066 = VERTEX_POINT('',#6067);
#6067 = CARTESIAN_POINT('',(-4.474560268175,-7.292268770443,0.));
#6068 = B_SPLINE_CURVE_WITH_KNOTS('',3,(#6069,#6070,#6071,#6072),
  .UNSPECIFIED.,.F.,.F.,(4,4),(0.,1.),.PIECEWISE_BEZIER_KNOTS.);
#6069 = CARTESIAN_POINT('',(-4.809293430575,-7.627561268822,0.));
#6070 = CARTESIAN_POINT('',(-4.601096623526,-7.45813978107,0.));
#6071 = CARTESIAN_POINT('',(-4.504774427767,-7.334754454312,0.));
#6072 = CARTESIAN_POINT('',(-4.474560268175,-7.292268770443,0.));
#6073 = ORIENTED_EDGE('',*,*,#6074,.T.);
#6074 = EDGE_CURVE('',#6066,#6075,#6077,.T.);
#6075 = VERTEX_POINT('',#6076);
#6076 = CARTESIAN_POINT('',(-4.105194090669,-6.691927072605,0.));
#6077 = LINE('',#6078,#6079);
#6078 = CARTESIAN_POINT('',(-4.474560268175,-7.292268770443,0.));
#6079 = VECTOR('',#6080,1.);
#6080 = DIRECTION('',(0.524020383903,0.851705722215,0.));
#6081 = ORIENTED_EDGE('',*,*,#6082,.T.);
#6082 = EDGE_CURVE('',#6075,#6083,#6085,.T.);
#6083 = VERTEX_POINT('',#6084);
#6084 = CARTESIAN_POINT('',(-3.446636083363,-6.500449451563,0.));
#6085 = CIRCLE('',#6086,0.493105882353);
#6086 = AXIS2_PLACEMENT_3D('',#6087,#6088,#6089);
#6087 = CARTESIAN_POINT('',(-3.676984108752,-6.936446238719,0.));
#6088 = DIRECTION('',(0.,0.,-1.));
#6089 = DIRECTION('',(-0.868393578828,0.495875581421,0.));
#6090 = ORIENTED_EDGE('',*,*,#6091,.T.);
#6091 = EDGE_CURVE('',#6083,#6092,#6094,.T.);
#6092 = VERTEX_POINT('',#6093);
#6093 = CARTESIAN_POINT('',(-2.933313582728,-6.747652539131,0.));
#6094 = CIRCLE('',#6095,7.35765882353);
#6095 = AXIS2_PLACEMENT_3D('',#6096,#6097,#6098);
#6096 = CARTESIAN_POINT('',(8.644E-14,1.8383E-13,0.));
#6097 = DIRECTION('',(0.,0.,1.));
#6098 = DIRECTION('',(-0.468441954979,-0.883494275485,0.));
#6099 = ORIENTED_EDGE('',*,*,#6100,.T.);
#6100 = EDGE_CURVE('',#6092,#6101,#6103,.T.);
#6101 = VERTEX_POINT('',#6102);
#6102 = CARTESIAN_POINT('',(-2.67241261356,-7.381918266278,0.));
#6103 = CIRCLE('',#6104,0.493105882353);
#6104 = AXIS2_PLACEMENT_3D('',#6105,#6106,#6107);
#6105 = CARTESIAN_POINT('',(-3.130569952474,-7.199585427739,0.));
#6106 = DIRECTION('',(0.,0.,-1.));
#6107 = DIRECTION('',(0.400028425547,0.91650273254,0.));
#6108 = ORIENTED_EDGE('',*,*,#6109,.T.);
#6109 = EDGE_CURVE('',#6101,#6110,#6112,.T.);
#6110 = VERTEX_POINT('',#6111);
#6111 = CARTESIAN_POINT('',(-2.911482608342,-8.045007298644,0.));
#6112 = LINE('',#6113,#6114);
#6113 = CARTESIAN_POINT('',(-2.67241261356,-7.381918266278,0.));
#6114 = VECTOR('',#6115,1.);
#6115 = DIRECTION('',(-0.339168982097,-0.940725465576,0.));
#6116 = ORIENTED_EDGE('',*,*,#6117,.T.);
#6117 = EDGE_CURVE('',#6110,#6118,#6120,.T.);
#6118 = VERTEX_POINT('',#6119);
#6119 = CARTESIAN_POINT('',(-2.964922126309,-8.515763676613,0.));
#6120 = B_SPLINE_CURVE_WITH_KNOTS('',3,(#6121,#6122,#6123,#6124),
  .UNSPECIFIED.,.F.,.F.,(4,4),(0.,1.),.PIECEWISE_BEZIER_KNOTS.);
#6121 = CARTESIAN_POINT('',(-2.911482608342,-8.045007298644,0.));
#6122 = CARTESIAN_POINT('',(-2.925861033167,-8.095119070446,0.));
#6123 = CARTESIAN_POINT('',(-2.962271659352,-8.247356288484,0.));
#6124 = CARTESIAN_POINT('',(-2.964922126309,-8.515763676613,0.));
#6125 = ORIENTED_EDGE('',*,*,#6126,.T.);
#6126 = EDGE_CURVE('',#6118,#6127,#6129,.T.);
#6127 = VERTEX_POINT('',#6128);
#6128 = CARTESIAN_POINT('',(-2.715913204512,-9.913516614929,0.));
#6129 = B_SPLINE_CURVE_WITH_KNOTS('',3,(#6130,#6131,#6132,#6133),
  .UNSPECIFIED.,.F.,.F.,(4,4),(0.,1.),.PIECEWISE_BEZIER_KNOTS.);
#6130 = CARTESIAN_POINT('',(-2.964922126309,-8.515763676613,0.));
#6131 = CARTESIAN_POINT('',(-2.966729655361,-8.836418877935,0.));
#6132 = CARTESIAN_POINT('',(-2.917592227599,-9.307589486304,0.));
#6133 = CARTESIAN_POINT('',(-2.715913204512,-9.913516614929,0.));
#6134 = ORIENTED_EDGE('',*,*,#6135,.T.);
#6135 = EDGE_CURVE('',#6127,#6136,#6138,.T.);
#6136 = VERTEX_POINT('',#6137);
#6137 = CARTESIAN_POINT('',(-1.853466867763,-10.10885185705,0.));
#6138 = CIRCLE('',#6139,10.277364705884);
#6139 = AXIS2_PLACEMENT_3D('',#6140,#6141,#6142);
#6140 = CARTESIAN_POINT('',(-1.657446380869E-02,3.02490218716E-03,0.));
#6141 = DIRECTION('',(0.,0.,1.));
#6142 = DIRECTION('',(-0.262648920025,-0.964891467891,0.));
#6143 = ORIENTED_EDGE('',*,*,#6144,.T.);
#6144 = EDGE_CURVE('',#6136,#6145,#6147,.T.);
#6145 = VERTEX_POINT('',#6146);
#6146 = CARTESIAN_POINT('',(-1.023548853891,-8.958869457398,0.));
#6147 = B_SPLINE_CURVE_WITH_KNOTS('',3,(#6148,#6149,#6150,#6151),
  .UNSPECIFIED.,.F.,.F.,(4,4),(0.,1.),.PIECEWISE_BEZIER_KNOTS.);
#6148 = CARTESIAN_POINT('',(-1.853466867763,-10.10885185705,0.));
#6149 = CARTESIAN_POINT('',(-1.409751962188,-9.651744187307,0.));
#6150 = CARTESIAN_POINT('',(-1.161047404204,-9.248554068584,0.));
#6151 = CARTESIAN_POINT('',(-1.023548853891,-8.958869457398,0.));
#6152 = ORIENTED_EDGE('',*,*,#6153,.T.);
#6153 = EDGE_CURVE('',#6145,#6154,#6156,.T.);
#6154 = VERTEX_POINT('',#6155);
#6155 = CARTESIAN_POINT('',(-0.867442658408,-8.511546078609,0.));
#6156 = B_SPLINE_CURVE_WITH_KNOTS('',3,(#6157,#6158,#6159,#6160),
  .UNSPECIFIED.,.F.,.F.,(4,4),(0.,1.),.PIECEWISE_BEZIER_KNOTS.);
#6157 = CARTESIAN_POINT('',(-1.023548853891,-8.958869457398,0.));
#6158 = CARTESIAN_POINT('',(-0.909479240936,-8.715892762265,0.));
#6159 = CARTESIAN_POINT('',(-0.876230828195,-8.562933789644,0.));
#6160 = CARTESIAN_POINT('',(-0.867442658408,-8.511546078609,0.));
#6161 = ORIENTED_EDGE('',*,*,#6162,.T.);
#6162 = EDGE_CURVE('',#6154,#6163,#6165,.T.);
#6163 = VERTEX_POINT('',#6164);
#6164 = CARTESIAN_POINT('',(-0.795133732226,-7.810394920553,0.));
#6165 = LINE('',#6166,#6167);
#6166 = CARTESIAN_POINT('',(-0.867442658408,-8.511546078609,0.));
#6167 = VECTOR('',#6168,1.);
#6168 = DIRECTION('',(0.10258478866,0.994724263872,0.));
#6169 = ORIENTED_EDGE('',*,*,#6170,.T.);
#6170 = EDGE_CURVE('',#6163,#6171,#6173,.T.);
#6171 = VERTEX_POINT('',#6172);
#6172 = CARTESIAN_POINT('',(-0.284872496111,-7.352141934458,0.));
#6173 = CIRCLE('',#6174,0.493105882353);
#6174 = AXIS2_PLACEMENT_3D('',#6175,#6176,#6177);
#6175 = CARTESIAN_POINT('',(-0.303236979514,-7.844905728746,0.));
#6176 = DIRECTION('',(0.,0.,-1.));
#6177 = DIRECTION('',(-0.997547931015,6.9986608206E-02,0.));
#6178 = ORIENTED_EDGE('',*,*,#6179,.T.);
#6179 = EDGE_CURVE('',#6171,#6180,#6182,.T.);
#6180 = VERTEX_POINT('',#6181);
#6181 = CARTESIAN_POINT('',(0.284872496111,-7.352141934458,0.));
#6182 = CIRCLE('',#6183,7.357658823529);
#6183 = AXIS2_PLACEMENT_3D('',#6184,#6185,#6186);
#6184 = CARTESIAN_POINT('',(-1.619E-14,-4.178E-13,0.));
#6185 = DIRECTION('',(0.,0.,1.));
#6186 = DIRECTION('',(-3.871781811894E-02,-0.999250184168,0.));
#6187 = ORIENTED_EDGE('',*,*,#6188,.T.);
#6188 = EDGE_CURVE('',#6180,#6189,#6191,.T.);
#6189 = VERTEX_POINT('',#6190);
#6190 = CARTESIAN_POINT('',(0.795133732226,-7.810394920553,0.));
#6191 = CIRCLE('',#6192,0.493105882353);
#6192 = AXIS2_PLACEMENT_3D('',#6193,#6194,#6195);
#6193 = CARTESIAN_POINT('',(0.303236979514,-7.844905728746,0.));
#6194 = DIRECTION('',(0.,0.,-1.));
#6195 = DIRECTION('',(-3.724247481195E-02,0.999306258396,0.));
#6196 = ORIENTED_EDGE('',*,*,#6197,.T.);
#6197 = EDGE_CURVE('',#6189,#6198,#6200,.T.);
#6198 = VERTEX_POINT('',#6199);
#6199 = CARTESIAN_POINT('',(0.867442658408,-8.511546078609,0.));
#6200 = LINE('',#6201,#6202);
#6201 = CARTESIAN_POINT('',(0.795133732226,-7.810394920553,0.));
#6202 = VECTOR('',#6203,1.);
#6203 = DIRECTION('',(0.10258478866,-0.994724263872,0.));
#6204 = ORIENTED_EDGE('',*,*,#6205,.T.);
#6205 = EDGE_CURVE('',#6198,#6206,#6208,.T.);
#6206 = VERTEX_POINT('',#6207);
#6207 = CARTESIAN_POINT('',(1.023548853891,-8.958869457398,0.));
#6208 = B_SPLINE_CURVE_WITH_KNOTS('',3,(#6209,#6210,#6211,#6212),
  .UNSPECIFIED.,.F.,.F.,(4,4),(0.,1.),.PIECEWISE_BEZIER_KNOTS.);
#6209 = CARTESIAN_POINT('',(0.867442658408,-8.511546078609,0.));
#6210 = CARTESIAN_POINT('',(0.876230828195,-8.562933789644,0.));
#6211 = CARTESIAN_POINT('',(0.909479240936,-8.715892762265,0.));
#6212 = CARTESIAN_POINT('',(1.023548853891,-8.958869457398,0.));
#6213 = ORIENTED_EDGE('',*,*,#6214,.T.);
#6214 = EDGE_CURVE('',#6206,#6215,#6217,.T.);
#6215 = VERTEX_POINT('',#6216);
#6216 = CARTESIAN_POINT('',(1.854360411498,-10.11016041777,0.));
#6217 = B_SPLINE_CURVE_WITH_KNOTS('',3,(#6218,#6219,#6220,#6221),
  .UNSPECIFIED.,.F.,.F.,(4,4),(0.,1.),.PIECEWISE_BEZIER_KNOTS.);
#6218 = CARTESIAN_POINT('',(1.023548853891,-8.958869457398,0.));
#6219 = CARTESIAN_POINT('',(1.161047404204,-9.248554068584,0.));
#6220 = CARTESIAN_POINT('',(1.409751962188,-9.651744187307,0.));
#6221 = CARTESIAN_POINT('',(1.854360411498,-10.11016041777,0.));
#6222 = ORIENTED_EDGE('',*,*,#6223,.T.);
#6223 = EDGE_CURVE('',#6215,#6224,#6226,.T.);
#6224 = VERTEX_POINT('',#6225);
#6225 = CARTESIAN_POINT('',(2.71615049638,-9.911949948357,0.));
#6226 = CIRCLE('',#6227,10.277364705883);
#6227 = AXIS2_PLACEMENT_3D('',#6228,#6229,#6230);
#6228 = CARTESIAN_POINT('',(-1.624553176504E-02,-4.466047632884E-03,0.)
  );
#6229 = DIRECTION('',(-0.,0.,1.));
#6230 = DIRECTION('',(0.182012217801,-0.98329626897,0.));
#6231 = ORIENTED_EDGE('',*,*,#6232,.T.);
#6232 = EDGE_CURVE('',#6224,#6233,#6235,.T.);
#6233 = VERTEX_POINT('',#6234);
#6234 = CARTESIAN_POINT('',(2.964922126309,-8.515763676613,0.));
#6235 = B_SPLINE_CURVE_WITH_KNOTS('',3,(#6236,#6237,#6238,#6239),
  .UNSPECIFIED.,.F.,.F.,(4,4),(0.,1.),.PIECEWISE_BEZIER_KNOTS.);
#6236 = CARTESIAN_POINT('',(2.71615049638,-9.911949948357,0.));
#6237 = CARTESIAN_POINT('',(2.917592227599,-9.307589486304,0.));
#6238 = CARTESIAN_POINT('',(2.966729655361,-8.836418877935,0.));
#6239 = CARTESIAN_POINT('',(2.964922126309,-8.515763676613,0.));
#6240 = ORIENTED_EDGE('',*,*,#6241,.T.);
#6241 = EDGE_CURVE('',#6233,#6242,#6244,.T.);
#6242 = VERTEX_POINT('',#6243);
#6243 = CARTESIAN_POINT('',(2.911482608342,-8.045007298644,0.));
#6244 = B_SPLINE_CURVE_WITH_KNOTS('',3,(#6245,#6246,#6247,#6248),
  .UNSPECIFIED.,.F.,.F.,(4,4),(0.,1.),.PIECEWISE_BEZIER_KNOTS.);
#6245 = CARTESIAN_POINT('',(2.964922126309,-8.515763676613,0.));
#6246 = CARTESIAN_POINT('',(2.962271659352,-8.247356288484,0.));
#6247 = CARTESIAN_POINT('',(2.925861033167,-8.095119070446,0.));
#6248 = CARTESIAN_POINT('',(2.911482608342,-8.045007298644,0.));
#6249 = ORIENTED_EDGE('',*,*,#6250,.T.);
#6250 = EDGE_CURVE('',#6242,#6251,#6253,.T.);
#6251 = VERTEX_POINT('',#6252);
#6252 = CARTESIAN_POINT('',(2.67241261356,-7.381918266278,0.));
#6253 = LINE('',#6254,#6255);
#6254 = CARTESIAN_POINT('',(2.911482608342,-8.045007298644,0.));
#6255 = VECTOR('',#6256,1.);
#6256 = DIRECTION('',(-0.339168982097,0.940725465576,0.));
#6257 = ORIENTED_EDGE('',*,*,#6258,.T.);
#6258 = EDGE_CURVE('',#6251,#6259,#6261,.T.);
#6259 = VERTEX_POINT('',#6260);
#6260 = CARTESIAN_POINT('',(2.933313582728,-6.747652539131,0.));
#6261 = CIRCLE('',#6262,0.493105882353);
#6262 = AXIS2_PLACEMENT_3D('',#6263,#6264,#6265);
#6263 = CARTESIAN_POINT('',(3.130569952474,-7.199585427739,0.));
#6264 = DIRECTION('',(0.,0.,-1.));
#6265 = DIRECTION('',(-0.929125681341,-0.369764071094,-0.));
#6266 = ORIENTED_EDGE('',*,*,#6267,.T.);
#6267 = EDGE_CURVE('',#6259,#6268,#6270,.T.);
#6268 = VERTEX_POINT('',#6269);
#6269 = CARTESIAN_POINT('',(3.446636083363,-6.500449451563,0.));
#6270 = CIRCLE('',#6271,7.357658823529);
#6271 = AXIS2_PLACEMENT_3D('',#6272,#6273,#6274);
#6272 = CARTESIAN_POINT('',(2.5529E-13,-5.6302E-13,0.));
#6273 = DIRECTION('',(-0.,0.,1.));
#6274 = DIRECTION('',(0.398674857463,-0.917092338877,0.));
#6275 = ORIENTED_EDGE('',*,*,#6276,.T.);
#6276 = EDGE_CURVE('',#6268,#6277,#6279,.T.);
#6277 = VERTEX_POINT('',#6278);
#6278 = CARTESIAN_POINT('',(4.105194090669,-6.691927072605,0.));
#6279 = CIRCLE('',#6280,0.493105882353);
#6280 = AXIS2_PLACEMENT_3D('',#6281,#6282,#6283);
#6281 = CARTESIAN_POINT('',(3.676984108752,-6.936446238719,0.));
#6282 = DIRECTION('',(0.,0.,-1.));
#6283 = DIRECTION('',(-0.467137046286,0.88418492409,0.));
#6284 = ORIENTED_EDGE('',*,*,#6285,.T.);
#6285 = EDGE_CURVE('',#6277,#6286,#6288,.T.);
#6286 = VERTEX_POINT('',#6287);
#6287 = CARTESIAN_POINT('',(4.474560268175,-7.292268770443,0.));
#6288 = LINE('',#6289,#6290);
#6289 = CARTESIAN_POINT('',(4.105194090669,-6.691927072605,0.));
#6290 = VECTOR('',#6291,1.);
#6291 = DIRECTION('',(0.524020383903,-0.851705722215,0.));
#6292 = ORIENTED_EDGE('',*,*,#6293,.T.);
#6293 = EDGE_CURVE('',#6286,#6294,#6296,.T.);
#6294 = VERTEX_POINT('',#6295);
#6295 = CARTESIAN_POINT('',(4.809293430575,-7.627561268822,0.));
#6296 = B_SPLINE_CURVE_WITH_KNOTS('',3,(#6297,#6298,#6299,#6300),
  .UNSPECIFIED.,.F.,.F.,(4,4),(0.,1.),.PIECEWISE_BEZIER_KNOTS.);
#6297 = CARTESIAN_POINT('',(4.474560268175,-7.292268770443,0.));
#6298 = CARTESIAN_POINT('',(4.504774427767,-7.334754454312,0.));
#6299 = CARTESIAN_POINT('',(4.601096623526,-7.45813978107,0.));
#6300 = CARTESIAN_POINT('',(4.809293430575,-7.627561268822,0.));
#6301 = ORIENTED_EDGE('',*,*,#6302,.T.);
#6302 = EDGE_CURVE('',#6294,#6303,#6305,.T.);
#6303 = VERTEX_POINT('',#6304);
#6304 = CARTESIAN_POINT('',(6.057355205774,-8.304362956903,0.));
#6305 = B_SPLINE_CURVE_WITH_KNOTS('',3,(#6306,#6307,#6308,#6309),
  .UNSPECIFIED.,.F.,.F.,(4,4),(0.,1.),.PIECEWISE_BEZIER_KNOTS.);
#6306 = CARTESIAN_POINT('',(4.809293430575,-7.627561268822,0.));
#6307 = CARTESIAN_POINT('',(5.058864786055,-7.828899699877,0.));
#6308 = CARTESIAN_POINT('',(5.457877486391,-8.084252581139,0.));
#6309 = CARTESIAN_POINT('',(6.057355205774,-8.304362956903,0.));
#6310 = ORIENTED_EDGE('',*,*,#6311,.T.);
#6311 = EDGE_CURVE('',#6303,#6312,#6314,.T.);
#6312 = VERTEX_POINT('',#6313);
#6313 = CARTESIAN_POINT('',(6.747800943316,-7.751864790301,0.));
#6314 = CIRCLE('',#6315,10.277364705881);
#6315 = AXIS2_PLACEMENT_3D('',#6316,#6317,#6318);
#6316 = CARTESIAN_POINT('',(-1.269897291591E-02,-1.107244194709E-02,0.)
  );
#6317 = DIRECTION('',(-0.,0.,1.));
#6318 = DIRECTION('',(0.590623603657,-0.806947184643,0.));
#6319 = ORIENTED_EDGE('',*,*,#6320,.T.);
#6320 = EDGE_CURVE('',#6312,#6321,#6323,.T.);
#6321 = VERTEX_POINT('',#6322);
#6322 = CARTESIAN_POINT('',(6.36615391701,-6.386006460687,0.));
#6323 = B_SPLINE_CURVE_WITH_KNOTS('',3,(#6324,#6325,#6326,#6327),
  .UNSPECIFIED.,.F.,.F.,(4,4),(0.,1.),.PIECEWISE_BEZIER_KNOTS.);
#6324 = CARTESIAN_POINT('',(6.747800943316,-7.751864790301,0.));
#6325 = CARTESIAN_POINT('',(6.66707149479,-7.119952537445,0.));
#6326 = CARTESIAN_POINT('',(6.506909522131,-6.674122556946,0.));
#6327 = CARTESIAN_POINT('',(6.36615391701,-6.386006460687,0.));
#6328 = ORIENTED_EDGE('',*,*,#6329,.T.);
#6329 = EDGE_CURVE('',#6321,#6330,#6332,.T.);
#6330 = VERTEX_POINT('',#6331);
#6331 = CARTESIAN_POINT('',(6.113753037519,-5.985056157643,0.));
#6332 = B_SPLINE_CURVE_WITH_KNOTS('',3,(#6333,#6334,#6335,#6336),
  .UNSPECIFIED.,.F.,.F.,(4,4),(0.,1.),.PIECEWISE_BEZIER_KNOTS.);
#6333 = CARTESIAN_POINT('',(6.36615391701,-6.386006460687,0.));
#6334 = CARTESIAN_POINT('',(6.247308327628,-6.145329754582,0.));
#6335 = CARTESIAN_POINT('',(6.148450233579,-6.023966739227,0.));
#6336 = CARTESIAN_POINT('',(6.113753037519,-5.985056157643,0.));
#6337 = ORIENTED_EDGE('',*,*,#6338,.T.);
#6338 = EDGE_CURVE('',#6330,#6339,#6341,.T.);
#6339 = VERTEX_POINT('',#6340);
#6340 = CARTESIAN_POINT('',(5.61065486624,-5.491362166081,0.));
#6341 = LINE('',#6342,#6343);
#6342 = CARTESIAN_POINT('',(6.113753037519,-5.985056157643,0.));
#6343 = VECTOR('',#6344,1.);
#6344 = DIRECTION('',(-0.713746176315,0.700404451582,0.));
#6345 = ORIENTED_EDGE('',*,*,#6346,.T.);
#6346 = EDGE_CURVE('',#6339,#6347,#6349,.T.);
#6347 = VERTEX_POINT('',#6348);
#6348 = CARTESIAN_POINT('',(5.570520931778,-4.806707803901,0.));
#6349 = CIRCLE('',#6350,0.493105882353);
#6350 = AXIS2_PLACEMENT_3D('',#6351,#6352,#6353);
#6351 = CARTESIAN_POINT('',(5.944329111454,-5.128298935648,0.));
#6352 = DIRECTION('',(0.,0.,-1.));
#6353 = DIRECTION('',(-0.6766786955,-0.736278441255,-0.));
#6354 = ORIENTED_EDGE('',*,*,#6355,.T.);
#6355 = EDGE_CURVE('',#6347,#6356,#6358,.T.);
#6356 = VERTEX_POINT('',#6357);
#6357 = CARTESIAN_POINT('',(5.925751124088,-4.361263232004,0.));
#6358 = CIRCLE('',#6359,7.357658823528);
#6359 = AXIS2_PLACEMENT_3D('',#6360,#6361,#6362);
#6360 = CARTESIAN_POINT('',(7.3935E-13,-5.9097E-13,0.));
#6361 = DIRECTION('',(-0.,0.,1.));
#6362 = DIRECTION('',(0.757105088097,-0.653293108472,0.));
#6363 = ORIENTED_EDGE('',*,*,#6364,.T.);
#6364 = EDGE_CURVE('',#6356,#6365,#6367,.T.);
#6365 = VERTEX_POINT('',#6366);
#6366 = CARTESIAN_POINT('',(6.602170412554,-4.248040996828,0.));
#6367 = CIRCLE('',#6368,0.493105882353);
#6368 = AXIS2_PLACEMENT_3D('',#6369,#6370,#6371);
#6369 = CARTESIAN_POINT('',(6.32245944,-4.654138501184,0.));
#6370 = DIRECTION('',(0.,0.,-1.));
#6371 = DIRECTION('',(-0.804509396683,0.593939921751,0.));
#6372 = ORIENTED_EDGE('',*,*,#6373,.T.);
#6373 = EDGE_CURVE('',#6365,#6374,#6376,.T.);
#6374 = VERTEX_POINT('',#6375);
#6375 = CARTESIAN_POINT('',(7.195436339949,-4.628668198484,0.));
#6376 = LINE('',#6377,#6378);
#6377 = CARTESIAN_POINT('',(6.602170412554,-4.248040996828,0.));
#6378 = VECTOR('',#6379,1.);
#6379 = DIRECTION('',(0.841667315425,-0.539996416789,0.));
#6380 = ORIENTED_EDGE('',*,*,#6381,.T.);
#6381 = EDGE_CURVE('',#6374,#6382,#6384,.T.);
#6382 = VERTEX_POINT('',#6383);
#6383 = CARTESIAN_POINT('',(7.64249846122,-4.785521025056,0.));
#6384 = B_SPLINE_CURVE_WITH_KNOTS('',3,(#6385,#6386,#6387,#6388),
  .UNSPECIFIED.,.F.,.F.,(4,4),(0.,1.),.PIECEWISE_BEZIER_KNOTS.);
#6385 = CARTESIAN_POINT('',(7.195436339949,-4.628668198484,0.));
#6386 = CARTESIAN_POINT('',(7.241092204487,-4.653837044443,0.));
#6387 = CARTESIAN_POINT('',(7.38141039108,-4.723210748152,0.));
#6388 = CARTESIAN_POINT('',(7.64249846122,-4.785521025056,0.));
#6389 = ORIENTED_EDGE('',*,*,#6390,.T.);
#6390 = EDGE_CURVE('',#6382,#6391,#6393,.T.);
#6391 = VERTEX_POINT('',#6392);
#6392 = CARTESIAN_POINT('',(9.06061651296,-4.853784566088,0.));
#6393 = B_SPLINE_CURVE_WITH_KNOTS('',3,(#6394,#6395,#6396,#6397),
  .UNSPECIFIED.,.F.,.F.,(4,4),(0.,1.),.PIECEWISE_BEZIER_KNOTS.);
#6394 = CARTESIAN_POINT('',(7.64249846122,-4.785521025056,0.));
#6395 = CARTESIAN_POINT('',(7.954711954122,-4.858635730456,0.));
#6396 = CARTESIAN_POINT('',(8.425003437939,-4.915575604426,0.));
#6397 = CARTESIAN_POINT('',(9.06061651296,-4.853784566088,0.));
#6398 = ORIENTED_EDGE('',*,*,#6399,.T.);
#6399 = EDGE_CURVE('',#6391,#6400,#6402,.T.);
#6400 = VERTEX_POINT('',#6401);
#6401 = CARTESIAN_POINT('',(9.442966657079,-4.056427740143,0.));
#6402 = CIRCLE('',#6403,10.277364705884);
#6403 = AXIS2_PLACEMENT_3D('',#6404,#6405,#6406);
#6404 = CARTESIAN_POINT('',(-6.637226740383E-03,-1.548580333675E-02,0.)
  );
#6405 = DIRECTION('',(-0.,0.,1.));
#6406 = DIRECTION('',(0.882254741287,-0.470772313838,0.));
#6407 = ORIENTED_EDGE('',*,*,#6408,.T.);
#6408 = EDGE_CURVE('',#6400,#6409,#6411,.T.);
#6409 = VERTEX_POINT('',#6410);
#6410 = CARTESIAN_POINT('',(8.506490848693,-2.991422345993,0.));
#6411 = B_SPLINE_CURVE_WITH_KNOTS('',3,(#6412,#6413,#6414,#6415),
  .UNSPECIFIED.,.F.,.F.,(4,4),(0.,1.),.PIECEWISE_BEZIER_KNOTS.);
#6412 = CARTESIAN_POINT('',(9.442966657079,-4.056427740143,0.));
#6413 = CARTESIAN_POINT('',(9.096055486172,-3.522121668057,0.));
#6414 = CARTESIAN_POINT('',(8.758316156034,-3.189934410812,0.));
#6415 = CARTESIAN_POINT('',(8.506490848693,-2.991422345993,0.));
#6416 = ORIENTED_EDGE('',*,*,#6417,.T.);
#6417 = EDGE_CURVE('',#6409,#6418,#6420,.T.);
#6418 = VERTEX_POINT('',#6419);
#6419 = CARTESIAN_POINT('',(8.105119697355,-2.739691242724,0.));
#6420 = B_SPLINE_CURVE_WITH_KNOTS('',3,(#6421,#6422,#6423,#6424),
  .UNSPECIFIED.,.F.,.F.,(4,4),(0.,1.),.PIECEWISE_BEZIER_KNOTS.);
#6421 = CARTESIAN_POINT('',(8.506490848693,-2.991422345993,0.));
#6422 = CARTESIAN_POINT('',(8.294988963409,-2.826145295261,0.));
#6423 = CARTESIAN_POINT('',(8.153263459438,-2.759693916199,0.));
#6424 = CARTESIAN_POINT('',(8.105119697355,-2.739691242724,0.));
#6425 = ORIENTED_EDGE('',*,*,#6426,.T.);
#6426 = EDGE_CURVE('',#6418,#6427,#6429,.T.);
#6427 = VERTEX_POINT('',#6428);
#6428 = CARTESIAN_POINT('',(7.437638112495,-2.513174441754,0.));
#6429 = LINE('',#6430,#6431);
#6430 = CARTESIAN_POINT('',(8.105119697355,-2.739691242724,0.));
#6431 = VECTOR('',#6432,1.);
#6432 = DIRECTION('',(-0.946957186791,0.321359746056,0.));
#6433 = ORIENTED_EDGE('',*,*,#6434,.T.);
#6434 = EDGE_CURVE('',#6427,#6435,#6437,.T.);
#6435 = VERTEX_POINT('',#6436);
#6436 = CARTESIAN_POINT('',(7.104418292333,-1.913735637706,0.));
#6437 = CIRCLE('',#6438,0.493105882353);
#6438 = AXIS2_PLACEMENT_3D('',#6439,#6440,#6441);
#6439 = CARTESIAN_POINT('',(7.580740987498,-2.041289944893,0.));
#6440 = DIRECTION('',(0.,0.,-1.));
#6441 = DIRECTION('',(-0.290207195095,-0.956963836263,-0.));
#6442 = ORIENTED_EDGE('',*,*,#6443,.T.);
#6443 = EDGE_CURVE('',#6435,#5176,#6444,.T.);
#6444 = CIRCLE('',#6445,7.357658823528);
#6445 = AXIS2_PLACEMENT_3D('',#6446,#6447,#6448);
#6446 = CARTESIAN_POINT('',(1.84983E-12,-4.3926E-13,0.));
#6447 = DIRECTION('',(-0.,0.,1.));
#6448 = DIRECTION('',(0.96558137075,-0.26010116582,0.));
#6449 = ORIENTED_EDGE('',*,*,#5193,.T.);
#6450 = FACE_BOUND('',#6451,.F.);
#6451 = EDGE_LOOP('',(#6452));
#6452 = ORIENTED_EDGE('',*,*,#6453,.F.);
#6453 = EDGE_CURVE('',#6454,#6454,#6456,.T.);
#6454 = VERTEX_POINT('',#6455);
#6455 = CARTESIAN_POINT('',(1.881588235294,0.,0.));
#6456 = CIRCLE('',#6457,1.881588235294);
#6457 = AXIS2_PLACEMENT_3D('',#6458,#6459,#6460);
#6458 = CARTESIAN_POINT('',(0.,0.,0.));
#6459 = DIRECTION('',(0.,0.,1.));
#6460 = DIRECTION('',(1.,0.,0.));
#6461 = PLANE('',#6462);
#6462 = AXIS2_PLACEMENT_3D('',#6463,#6464,#6465);
#6463 = CARTESIAN_POINT('',(2.5E-16,3.6E-16,0.));
#6464 = DIRECTION('',(0.,0.,1.));
#6465 = DIRECTION('',(1.,0.,0.));
#6466 = ADVANCED_FACE('',(#6467,#7676),#7687,.T.);
#6467 = FACE_BOUND('',#6468,.T.);
#6468 = EDGE_LOOP('',(#6469,#6470,#6471,#6480,#6489,#6498,#6507,#6515,
    #6524,#6533,#6542,#6550,#6559,#6568,#6577,#6586,#6595,#6603,#6612,
    #6621,#6630,#6638,#6647,#6656,#6665,#6674,#6683,#6691,#6700,#6709,
    #6718,#6726,#6735,#6744,#6753,#6762,#6771,#6779,#6788,#6797,#6806,
    #6814,#6823,#6832,#6841,#6850,#6859,#6867,#6876,#6885,#6894,#6902,
    #6911,#6920,#6929,#6938,#6947,#6955,#6964,#6973,#6982,#6990,#6999,
    #7008,#7017,#7026,#7035,#7043,#7052,#7061,#7070,#7078,#7087,#7096,
    #7105,#7114,#7123,#7131,#7140,#7149,#7158,#7166,#7175,#7184,#7193,
    #7202,#7211,#7219,#7228,#7237,#7246,#7254,#7263,#7272,#7281,#7290,
    #7299,#7307,#7316,#7325,#7334,#7342,#7351,#7360,#7369,#7378,#7387,
    #7395,#7404,#7413,#7422,#7430,#7439,#7448,#7457,#7466,#7475,#7483,
    #7492,#7501,#7510,#7518,#7527,#7536,#7545,#7554,#7563,#7571,#7580,
    #7589,#7598,#7606,#7615,#7624,#7633,#7642,#7651,#7659,#7668,#7675));
#6469 = ORIENTED_EDGE('',*,*,#5145,.T.);
#6470 = ORIENTED_EDGE('',*,*,#5209,.T.);
#6471 = ORIENTED_EDGE('',*,*,#6472,.T.);
#6472 = EDGE_CURVE('',#5210,#6473,#6475,.T.);
#6473 = VERTEX_POINT('',#6474);
#6474 = CARTESIAN_POINT('',(10.269311598585,-0.441854614197,
    2.595294117647));
#6475 = B_SPLINE_CURVE_WITH_KNOTS('',3,(#6476,#6477,#6478,#6479),
  .UNSPECIFIED.,.F.,.F.,(4,4),(0.,1.),.PIECEWISE_BEZIER_KNOTS.);
#6476 = CARTESIAN_POINT('',(8.962012942528,-0.995649651713,
    2.595294117647));
#6477 = CARTESIAN_POINT('',(9.275030861536,-0.926059367362,
    2.595294117647));
#6478 = CARTESIAN_POINT('',(9.723454132717,-0.773308593677,
    2.595294117647));
#6479 = CARTESIAN_POINT('',(10.269311598585,-0.441854614197,
    2.595294117647));
#6480 = ORIENTED_EDGE('',*,*,#6481,.T.);
#6481 = EDGE_CURVE('',#6473,#6482,#6484,.T.);
#6482 = VERTEX_POINT('',#6483);
#6483 = CARTESIAN_POINT('',(10.267837014023,0.442434572771,
    2.595294117647));
#6484 = CIRCLE('',#6485,10.277364705883);
#6485 = AXIS2_PLACEMENT_3D('',#6486,#6487,#6488);
#6486 = CARTESIAN_POINT('',(7.391035936635E-04,-1.683201145636E-02,
    2.595294117647));
#6487 = DIRECTION('',(-0.,0.,1.));
#6488 = DIRECTION('',(0.99914450726,-4.135521263513E-02,0.));
#6489 = ORIENTED_EDGE('',*,*,#6490,.T.);
#6490 = EDGE_CURVE('',#6482,#6491,#6493,.T.);
#6491 = VERTEX_POINT('',#6492);
#6492 = CARTESIAN_POINT('',(8.962012942528,0.995649651713,2.595294117647
    ));
#6493 = B_SPLINE_CURVE_WITH_KNOTS('',3,(#6494,#6495,#6496,#6497),
  .UNSPECIFIED.,.F.,.F.,(4,4),(0.,1.),.PIECEWISE_BEZIER_KNOTS.);
#6494 = CARTESIAN_POINT('',(10.267837014023,0.442434572771,
    2.595294117647));
#6495 = CARTESIAN_POINT('',(9.723454132717,0.773308593677,2.595294117647
    ));
#6496 = CARTESIAN_POINT('',(9.275030861536,0.926059367362,2.595294117647
    ));
#6497 = CARTESIAN_POINT('',(8.962012942528,0.995649651713,2.595294117647
    ));
#6498 = ORIENTED_EDGE('',*,*,#6499,.T.);
#6499 = EDGE_CURVE('',#6491,#6500,#6502,.T.);
#6500 = VERTEX_POINT('',#6501);
#6501 = CARTESIAN_POINT('',(8.49116799836,1.048303122925,2.595294117647)
  );
#6502 = B_SPLINE_CURVE_WITH_KNOTS('',3,(#6503,#6504,#6505,#6506),
  .UNSPECIFIED.,.F.,.F.,(4,4),(0.,1.),.PIECEWISE_BEZIER_KNOTS.);
#6503 = CARTESIAN_POINT('',(8.962012942528,0.995649651713,2.595294117647
    ));
#6504 = CARTESIAN_POINT('',(8.699745303623,1.052791900184,2.595294117647
    ));
#6505 = CARTESIAN_POINT('',(8.54322286394,1.051170132356,2.595294117647)
  );
#6506 = CARTESIAN_POINT('',(8.49116799836,1.048303122925,2.595294117647)
  );
#6507 = ORIENTED_EDGE('',*,*,#6508,.T.);
#6508 = EDGE_CURVE('',#6500,#6509,#6511,.T.);
#6509 = VERTEX_POINT('',#6510);
#6510 = CARTESIAN_POINT('',(7.791505913926,0.962778302825,2.595294117647
    ));
#6511 = LINE('',#6512,#6513);
#6512 = CARTESIAN_POINT('',(8.49116799836,1.048303122925,2.595294117647)
  );
#6513 = VECTOR('',#6514,1.);
#6514 = DIRECTION('',(-0.992611712756,-0.121334198396,0.));
#6515 = ORIENTED_EDGE('',*,*,#6516,.T.);
#6516 = EDGE_CURVE('',#6509,#6517,#6519,.T.);
#6517 = VERTEX_POINT('',#6518);
#6518 = CARTESIAN_POINT('',(7.231198480119,1.358275341964,2.595294117647
    ));
#6519 = CIRCLE('',#6520,0.493105882353);
#6520 = AXIS2_PLACEMENT_3D('',#6521,#6522,#6523);
#6521 = CARTESIAN_POINT('',(7.715694139281,1.450021554226,2.595294117647
    ));
#6522 = DIRECTION('',(0.,0.,-1.));
#6523 = DIRECTION('',(0.153743399457,-0.988110807108,0.));
#6524 = ORIENTED_EDGE('',*,*,#6525,.T.);
#6525 = EDGE_CURVE('',#6517,#6526,#6528,.T.);
#6526 = VERTEX_POINT('',#6527);
#6527 = CARTESIAN_POINT('',(7.104418292333,1.913735637706,2.595294117647
    ));
#6528 = CIRCLE('',#6529,7.357658823528);
#6529 = AXIS2_PLACEMENT_3D('',#6530,#6531,#6532);
#6530 = CARTESIAN_POINT('',(8.9322E-13,2.0515E-13,2.595294117647));
#6531 = DIRECTION('',(0.,-0.,1.));
#6532 = DIRECTION('',(0.982812420847,0.184607002654,0.));
#6533 = ORIENTED_EDGE('',*,*,#6534,.T.);
#6534 = EDGE_CURVE('',#6526,#6535,#6537,.T.);
#6535 = VERTEX_POINT('',#6536);
#6536 = CARTESIAN_POINT('',(7.437638112495,2.513174441754,2.595294117647
    ));
#6537 = CIRCLE('',#6538,0.493105882353);
#6538 = AXIS2_PLACEMENT_3D('',#6539,#6540,#6541);
#6539 = CARTESIAN_POINT('',(7.580740987498,2.041289944893,2.595294117647
    ));
#6540 = DIRECTION('',(0.,0.,-1.));
#6541 = DIRECTION('',(-0.96596433385,-0.25867529014,-0.));
#6542 = ORIENTED_EDGE('',*,*,#6543,.T.);
#6543 = EDGE_CURVE('',#6535,#6544,#6546,.T.);
#6544 = VERTEX_POINT('',#6545);
#6545 = CARTESIAN_POINT('',(8.105119697355,2.739691242724,2.595294117647
    ));
#6546 = LINE('',#6547,#6548);
#6547 = CARTESIAN_POINT('',(7.437638112495,2.513174441754,2.595294117647
    ));
#6548 = VECTOR('',#6549,1.);
#6549 = DIRECTION('',(0.946957186791,0.321359746056,0.));
#6550 = ORIENTED_EDGE('',*,*,#6551,.T.);
#6551 = EDGE_CURVE('',#6544,#6552,#6554,.T.);
#6552 = VERTEX_POINT('',#6553);
#6553 = CARTESIAN_POINT('',(8.506490848693,2.991422345993,2.595294117647
    ));
#6554 = B_SPLINE_CURVE_WITH_KNOTS('',3,(#6555,#6556,#6557,#6558),
  .UNSPECIFIED.,.F.,.F.,(4,4),(0.,1.),.PIECEWISE_BEZIER_KNOTS.);
#6555 = CARTESIAN_POINT('',(8.105119697355,2.739691242724,2.595294117647
    ));
#6556 = CARTESIAN_POINT('',(8.153263459438,2.759693916199,2.595294117647
    ));
#6557 = CARTESIAN_POINT('',(8.294988963409,2.826145295261,2.595294117647
    ));
#6558 = CARTESIAN_POINT('',(8.506490848693,2.991422345993,2.595294117647
    ));
#6559 = ORIENTED_EDGE('',*,*,#6560,.T.);
#6560 = EDGE_CURVE('',#6552,#6561,#6563,.T.);
#6561 = VERTEX_POINT('',#6562);
#6562 = CARTESIAN_POINT('',(9.444043577268,4.057590063027,2.595294117647
    ));
#6563 = B_SPLINE_CURVE_WITH_KNOTS('',3,(#6564,#6565,#6566,#6567),
  .UNSPECIFIED.,.F.,.F.,(4,4),(0.,1.),.PIECEWISE_BEZIER_KNOTS.);
#6564 = CARTESIAN_POINT('',(8.506490848693,2.991422345993,2.595294117647
    ));
#6565 = CARTESIAN_POINT('',(8.758316156034,3.189934410811,2.595294117647
    ));
#6566 = CARTESIAN_POINT('',(9.096055486172,3.522121668057,2.595294117647
    ));
#6567 = CARTESIAN_POINT('',(9.444043577268,4.057590063027,2.595294117647
    ));
#6568 = ORIENTED_EDGE('',*,*,#6569,.T.);
#6569 = EDGE_CURVE('',#6561,#6570,#6572,.T.);
#6570 = VERTEX_POINT('',#6571);
#6571 = CARTESIAN_POINT('',(9.059036323582,4.853667292444,2.595294117647
    ));
#6572 = CIRCLE('',#6573,10.277364705884);
#6573 = AXIS2_PLACEMENT_3D('',#6574,#6575,#6576);
#6574 = CARTESIAN_POINT('',(7.969045394155E-03,-1.484443327623E-02,
    2.595294117647));
#6575 = DIRECTION('',(0.,-0.,1.));
#6576 = DIRECTION('',(0.918141449867,0.396252795619,0.));
#6577 = ORIENTED_EDGE('',*,*,#6578,.T.);
#6578 = EDGE_CURVE('',#6570,#6579,#6581,.T.);
#6579 = VERTEX_POINT('',#6580);
#6580 = CARTESIAN_POINT('',(7.64249846122,4.785521025056,2.595294117647)
  );
#6581 = B_SPLINE_CURVE_WITH_KNOTS('',3,(#6582,#6583,#6584,#6585),
  .UNSPECIFIED.,.F.,.F.,(4,4),(0.,1.),.PIECEWISE_BEZIER_KNOTS.);
#6582 = CARTESIAN_POINT('',(9.059036323582,4.853667292444,2.595294117647
    ));
#6583 = CARTESIAN_POINT('',(8.425003437939,4.915575604426,2.595294117647
    ));
#6584 = CARTESIAN_POINT('',(7.954711954122,4.858635730456,2.595294117647
    ));
#6585 = CARTESIAN_POINT('',(7.64249846122,4.785521025056,2.595294117647)
  );
#6586 = ORIENTED_EDGE('',*,*,#6587,.T.);
#6587 = EDGE_CURVE('',#6579,#6588,#6590,.T.);
#6588 = VERTEX_POINT('',#6589);
#6589 = CARTESIAN_POINT('',(7.195436339949,4.628668198484,2.595294117647
    ));
#6590 = B_SPLINE_CURVE_WITH_KNOTS('',3,(#6591,#6592,#6593,#6594),
  .UNSPECIFIED.,.F.,.F.,(4,4),(0.,1.),.PIECEWISE_BEZIER_KNOTS.);
#6591 = CARTESIAN_POINT('',(7.64249846122,4.785521025056,2.595294117647)
  );
#6592 = CARTESIAN_POINT('',(7.38141039108,4.723210748152,2.595294117647)
  );
#6593 = CARTESIAN_POINT('',(7.241092204487,4.653837044443,2.595294117647
    ));
#6594 = CARTESIAN_POINT('',(7.195436339949,4.628668198484,2.595294117647
    ));
#6595 = ORIENTED_EDGE('',*,*,#6596,.T.);
#6596 = EDGE_CURVE('',#6588,#6597,#6599,.T.);
#6597 = VERTEX_POINT('',#6598);
#6598 = CARTESIAN_POINT('',(6.602170412554,4.248040996828,2.595294117647
    ));
#6599 = LINE('',#6600,#6601);
#6600 = CARTESIAN_POINT('',(7.195436339949,4.628668198484,2.595294117647
    ));
#6601 = VECTOR('',#6602,1.);
#6602 = DIRECTION('',(-0.841667315425,-0.539996416789,0.));
#6603 = ORIENTED_EDGE('',*,*,#6604,.T.);
#6604 = EDGE_CURVE('',#6597,#6605,#6607,.T.);
#6605 = VERTEX_POINT('',#6606);
#6606 = CARTESIAN_POINT('',(5.925751124088,4.361263232004,2.595294117647
    ));
#6607 = CIRCLE('',#6608,0.493105882353);
#6608 = AXIS2_PLACEMENT_3D('',#6609,#6610,#6611);
#6609 = CARTESIAN_POINT('',(6.32245944,4.654138501184,2.595294117647));
#6610 = DIRECTION('',(0.,-0.,-1.));
#6611 = DIRECTION('',(0.567243228206,-0.823550314221,0.));
#6612 = ORIENTED_EDGE('',*,*,#6613,.T.);
#6613 = EDGE_CURVE('',#6605,#6614,#6616,.T.);
#6614 = VERTEX_POINT('',#6615);
#6615 = CARTESIAN_POINT('',(5.570520931778,4.806707803901,2.595294117647
    ));
#6616 = CIRCLE('',#6617,7.357658823529);
#6617 = AXIS2_PLACEMENT_3D('',#6618,#6619,#6620);
#6618 = CARTESIAN_POINT('',(-3.515E-14,-1.412E-14,2.595294117647));
#6619 = DIRECTION('',(0.,-0.,1.));
#6620 = DIRECTION('',(0.805385417592,0.592751490196,0.));
#6621 = ORIENTED_EDGE('',*,*,#6622,.T.);
#6622 = EDGE_CURVE('',#6614,#6623,#6625,.T.);
#6623 = VERTEX_POINT('',#6624);
#6624 = CARTESIAN_POINT('',(5.61065486624,5.491362166081,2.595294117647)
  );
#6625 = CIRCLE('',#6626,0.493105882353);
#6626 = AXIS2_PLACEMENT_3D('',#6627,#6628,#6629);
#6627 = CARTESIAN_POINT('',(5.944329111454,5.128298935648,2.595294117647
    ));
#6628 = DIRECTION('',(0.,0.,-1.));
#6629 = DIRECTION('',(-0.7580687902,-0.652174600337,-0.));
#6630 = ORIENTED_EDGE('',*,*,#6631,.T.);
#6631 = EDGE_CURVE('',#6623,#6632,#6634,.T.);
#6632 = VERTEX_POINT('',#6633);
#6633 = CARTESIAN_POINT('',(6.113753037519,5.985056157643,2.595294117647
    ));
#6634 = LINE('',#6635,#6636);
#6635 = CARTESIAN_POINT('',(5.61065486624,5.491362166081,2.595294117647)
  );
#6636 = VECTOR('',#6637,1.);
#6637 = DIRECTION('',(0.713746176315,0.700404451582,0.));
#6638 = ORIENTED_EDGE('',*,*,#6639,.T.);
#6639 = EDGE_CURVE('',#6632,#6640,#6642,.T.);
#6640 = VERTEX_POINT('',#6641);
#6641 = CARTESIAN_POINT('',(6.36615391701,6.386006460687,2.595294117647)
  );
#6642 = B_SPLINE_CURVE_WITH_KNOTS('',3,(#6643,#6644,#6645,#6646),
  .UNSPECIFIED.,.F.,.F.,(4,4),(0.,1.),.PIECEWISE_BEZIER_KNOTS.);
#6643 = CARTESIAN_POINT('',(6.113753037519,5.985056157643,2.595294117647
    ));
#6644 = CARTESIAN_POINT('',(6.148450233579,6.023966739227,2.595294117647
    ));
#6645 = CARTESIAN_POINT('',(6.247308327628,6.145329754582,2.595294117647
    ));
#6646 = CARTESIAN_POINT('',(6.36615391701,6.386006460687,2.595294117647)
  );
#6647 = ORIENTED_EDGE('',*,*,#6648,.T.);
#6648 = EDGE_CURVE('',#6640,#6649,#6651,.T.);
#6649 = VERTEX_POINT('',#6650);
#6650 = CARTESIAN_POINT('',(6.74826690188,7.753379265191,2.595294117647)
  );
#6651 = B_SPLINE_CURVE_WITH_KNOTS('',3,(#6652,#6653,#6654,#6655),
  .UNSPECIFIED.,.F.,.F.,(4,4),(0.,1.),.PIECEWISE_BEZIER_KNOTS.);
#6652 = CARTESIAN_POINT('',(6.36615391701,6.386006460687,2.595294117647)
  );
#6653 = CARTESIAN_POINT('',(6.506909522131,6.674122556946,2.595294117647
    ));
#6654 = CARTESIAN_POINT('',(6.66707149479,7.119952537445,2.595294117647)
  );
#6655 = CARTESIAN_POINT('',(6.74826690188,7.753379265191,2.595294117647)
  );
#6656 = ORIENTED_EDGE('',*,*,#6657,.T.);
#6657 = EDGE_CURVE('',#6649,#6658,#6660,.T.);
#6658 = VERTEX_POINT('',#6659);
#6659 = CARTESIAN_POINT('',(6.055982387466,8.303571678526,2.595294117647
    ));
#6660 = CIRCLE('',#6661,10.277364705881);
#6661 = AXIS2_PLACEMENT_3D('',#6662,#6663,#6664);
#6662 = CARTESIAN_POINT('',(1.362062002376E-02,-9.916733028552E-03,
    2.595294117647));
#6663 = DIRECTION('',(0.,-0.,1.));
#6664 = DIRECTION('',(0.655289218062,0.755378077979,0.));
#6665 = ORIENTED_EDGE('',*,*,#6666,.T.);
#6666 = EDGE_CURVE('',#6658,#6667,#6669,.T.);
#6667 = VERTEX_POINT('',#6668);
#6668 = CARTESIAN_POINT('',(4.809293430575,7.627561268822,2.595294117647
    ));
#6669 = B_SPLINE_CURVE_WITH_KNOTS('',3,(#6670,#6671,#6672,#6673),
  .UNSPECIFIED.,.F.,.F.,(4,4),(0.,1.),.PIECEWISE_BEZIER_KNOTS.);
#6670 = CARTESIAN_POINT('',(6.055982387466,8.303571678526,2.595294117647
    ));
#6671 = CARTESIAN_POINT('',(5.457877486391,8.084252581139,2.595294117647
    ));
#6672 = CARTESIAN_POINT('',(5.058864786055,7.828899699877,2.595294117647
    ));
#6673 = CARTESIAN_POINT('',(4.809293430575,7.627561268822,2.595294117647
    ));
#6674 = ORIENTED_EDGE('',*,*,#6675,.T.);
#6675 = EDGE_CURVE('',#6667,#6676,#6678,.T.);
#6676 = VERTEX_POINT('',#6677);
#6677 = CARTESIAN_POINT('',(4.474560268175,7.292268770443,2.595294117647
    ));
#6678 = B_SPLINE_CURVE_WITH_KNOTS('',3,(#6679,#6680,#6681,#6682),
  .UNSPECIFIED.,.F.,.F.,(4,4),(0.,1.),.PIECEWISE_BEZIER_KNOTS.);
#6679 = CARTESIAN_POINT('',(4.809293430575,7.627561268822,2.595294117647
    ));
#6680 = CARTESIAN_POINT('',(4.601096623526,7.45813978107,2.595294117647)
  );
#6681 = CARTESIAN_POINT('',(4.504774427767,7.334754454312,2.595294117647
    ));
#6682 = CARTESIAN_POINT('',(4.474560268175,7.292268770443,2.595294117647
    ));
#6683 = ORIENTED_EDGE('',*,*,#6684,.T.);
#6684 = EDGE_CURVE('',#6676,#6685,#6687,.T.);
#6685 = VERTEX_POINT('',#6686);
#6686 = CARTESIAN_POINT('',(4.105194090669,6.691927072605,2.595294117647
    ));
#6687 = LINE('',#6688,#6689);
#6688 = CARTESIAN_POINT('',(4.474560268175,7.292268770443,2.595294117647
    ));
#6689 = VECTOR('',#6690,1.);
#6690 = DIRECTION('',(-0.524020383903,-0.851705722215,0.));
#6691 = ORIENTED_EDGE('',*,*,#6692,.T.);
#6692 = EDGE_CURVE('',#6685,#6693,#6695,.T.);
#6693 = VERTEX_POINT('',#6694);
#6694 = CARTESIAN_POINT('',(3.446636083363,6.500449451563,2.595294117647
    ));
#6695 = CIRCLE('',#6696,0.493105882353);
#6696 = AXIS2_PLACEMENT_3D('',#6697,#6698,#6699);
#6697 = CARTESIAN_POINT('',(3.676984108752,6.936446238719,2.595294117647
    ));
#6698 = DIRECTION('',(0.,-0.,-1.));
#6699 = DIRECTION('',(0.868393578828,-0.495875581421,0.));
#6700 = ORIENTED_EDGE('',*,*,#6701,.T.);
#6701 = EDGE_CURVE('',#6693,#6702,#6704,.T.);
#6702 = VERTEX_POINT('',#6703);
#6703 = CARTESIAN_POINT('',(2.933313582728,6.747652539131,2.595294117647
    ));
#6704 = CIRCLE('',#6705,7.357658823526);
#6705 = AXIS2_PLACEMENT_3D('',#6706,#6707,#6708);
#6706 = CARTESIAN_POINT('',(1.34704E-12,2.78685E-12,2.595294117647));
#6707 = DIRECTION('',(0.,-0.,1.));
#6708 = DIRECTION('',(0.468441954979,0.883494275485,0.));
#6709 = ORIENTED_EDGE('',*,*,#6710,.T.);
#6710 = EDGE_CURVE('',#6702,#6711,#6713,.T.);
#6711 = VERTEX_POINT('',#6712);
#6712 = CARTESIAN_POINT('',(2.67241261356,7.381918266278,2.595294117647)
  );
#6713 = CIRCLE('',#6714,0.493105882353);
#6714 = AXIS2_PLACEMENT_3D('',#6715,#6716,#6717);
#6715 = CARTESIAN_POINT('',(3.130569952474,7.199585427739,2.595294117647
    ));
#6716 = DIRECTION('',(0.,0.,-1.));
#6717 = DIRECTION('',(-0.400028425547,-0.91650273254,-0.));
#6718 = ORIENTED_EDGE('',*,*,#6719,.T.);
#6719 = EDGE_CURVE('',#6711,#6720,#6722,.T.);
#6720 = VERTEX_POINT('',#6721);
#6721 = CARTESIAN_POINT('',(2.911482608342,8.045007298644,2.595294117647
    ));
#6722 = LINE('',#6723,#6724);
#6723 = CARTESIAN_POINT('',(2.67241261356,7.381918266278,2.595294117647)
  );
#6724 = VECTOR('',#6725,1.);
#6725 = DIRECTION('',(0.339168982097,0.940725465576,0.));
#6726 = ORIENTED_EDGE('',*,*,#6727,.T.);
#6727 = EDGE_CURVE('',#6720,#6728,#6730,.T.);
#6728 = VERTEX_POINT('',#6729);
#6729 = CARTESIAN_POINT('',(2.964922126309,8.515763676613,2.595294117647
    ));
#6730 = B_SPLINE_CURVE_WITH_KNOTS('',3,(#6731,#6732,#6733,#6734),
  .UNSPECIFIED.,.F.,.F.,(4,4),(0.,1.),.PIECEWISE_BEZIER_KNOTS.);
#6731 = CARTESIAN_POINT('',(2.911482608342,8.045007298644,2.595294117647
    ));
#6732 = CARTESIAN_POINT('',(2.925861033167,8.095119070446,2.595294117647
    ));
#6733 = CARTESIAN_POINT('',(2.962271659352,8.247356288484,2.595294117647
    ));
#6734 = CARTESIAN_POINT('',(2.964922126309,8.515763676613,2.595294117647
    ));
#6735 = ORIENTED_EDGE('',*,*,#6736,.T.);
#6736 = EDGE_CURVE('',#6728,#6737,#6739,.T.);
#6737 = VERTEX_POINT('',#6738);
#6738 = CARTESIAN_POINT('',(2.715913204512,9.913516614929,2.595294117647
    ));
#6739 = B_SPLINE_CURVE_WITH_KNOTS('',3,(#6740,#6741,#6742,#6743),
  .UNSPECIFIED.,.F.,.F.,(4,4),(0.,1.),.PIECEWISE_BEZIER_KNOTS.);
#6740 = CARTESIAN_POINT('',(2.964922126309,8.515763676613,2.595294117647
    ));
#6741 = CARTESIAN_POINT('',(2.966729655361,8.836418877935,2.595294117647
    ));
#6742 = CARTESIAN_POINT('',(2.917592227599,9.307589486304,2.595294117647
    ));
#6743 = CARTESIAN_POINT('',(2.715913204512,9.913516614929,2.595294117647
    ));
#6744 = ORIENTED_EDGE('',*,*,#6745,.T.);
#6745 = EDGE_CURVE('',#6737,#6746,#6748,.T.);
#6746 = VERTEX_POINT('',#6747);
#6747 = CARTESIAN_POINT('',(1.853466867763,10.108851857052,
    2.595294117647));
#6748 = CIRCLE('',#6749,10.277364705882);
#6749 = AXIS2_PLACEMENT_3D('',#6750,#6751,#6752);
#6750 = CARTESIAN_POINT('',(1.657446380896E-02,-3.024902185995E-03,
    2.595294117647));
#6751 = DIRECTION('',(0.,-0.,1.));
#6752 = DIRECTION('',(0.262648920025,0.964891467891,0.));
#6753 = ORIENTED_EDGE('',*,*,#6754,.T.);
#6754 = EDGE_CURVE('',#6746,#6755,#6757,.T.);
#6755 = VERTEX_POINT('',#6756);
#6756 = CARTESIAN_POINT('',(1.023548853891,8.958869457398,2.595294117647
    ));
#6757 = B_SPLINE_CURVE_WITH_KNOTS('',3,(#6758,#6759,#6760,#6761),
  .UNSPECIFIED.,.F.,.F.,(4,4),(0.,1.),.PIECEWISE_BEZIER_KNOTS.);
#6758 = CARTESIAN_POINT('',(1.853466867763,10.108851857052,
    2.595294117647));
#6759 = CARTESIAN_POINT('',(1.409751962188,9.651744187307,2.595294117647
    ));
#6760 = CARTESIAN_POINT('',(1.161047404204,9.248554068584,2.595294117647
    ));
#6761 = CARTESIAN_POINT('',(1.023548853891,8.958869457398,2.595294117647
    ));
#6762 = ORIENTED_EDGE('',*,*,#6763,.T.);
#6763 = EDGE_CURVE('',#6755,#6764,#6766,.T.);
#6764 = VERTEX_POINT('',#6765);
#6765 = CARTESIAN_POINT('',(0.867442658408,8.511546078609,2.595294117647
    ));
#6766 = B_SPLINE_CURVE_WITH_KNOTS('',3,(#6767,#6768,#6769,#6770),
  .UNSPECIFIED.,.F.,.F.,(4,4),(0.,1.),.PIECEWISE_BEZIER_KNOTS.);
#6767 = CARTESIAN_POINT('',(1.023548853891,8.958869457398,2.595294117647
    ));
#6768 = CARTESIAN_POINT('',(0.909479240936,8.715892762265,2.595294117647
    ));
#6769 = CARTESIAN_POINT('',(0.876230828195,8.562933789644,2.595294117647
    ));
#6770 = CARTESIAN_POINT('',(0.867442658408,8.511546078609,2.595294117647
    ));
#6771 = ORIENTED_EDGE('',*,*,#6772,.T.);
#6772 = EDGE_CURVE('',#6764,#6773,#6775,.T.);
#6773 = VERTEX_POINT('',#6774);
#6774 = CARTESIAN_POINT('',(0.795133732226,7.810394920553,2.595294117647
    ));
#6775 = LINE('',#6776,#6777);
#6776 = CARTESIAN_POINT('',(0.867442658408,8.511546078609,2.595294117647
    ));
#6777 = VECTOR('',#6778,1.);
#6778 = DIRECTION('',(-0.10258478866,-0.994724263872,0.));
#6779 = ORIENTED_EDGE('',*,*,#6780,.T.);
#6780 = EDGE_CURVE('',#6773,#6781,#6783,.T.);
#6781 = VERTEX_POINT('',#6782);
#6782 = CARTESIAN_POINT('',(0.284872496111,7.352141934458,2.595294117647
    ));
#6783 = CIRCLE('',#6784,0.493105882353);
#6784 = AXIS2_PLACEMENT_3D('',#6785,#6786,#6787);
#6785 = CARTESIAN_POINT('',(0.303236979514,7.844905728746,2.595294117647
    ));
#6786 = DIRECTION('',(0.,0.,-1.));
#6787 = DIRECTION('',(0.997547931015,-6.9986608206E-02,0.));
#6788 = ORIENTED_EDGE('',*,*,#6789,.T.);
#6789 = EDGE_CURVE('',#6781,#6790,#6792,.T.);
#6790 = VERTEX_POINT('',#6791);
#6791 = CARTESIAN_POINT('',(-0.284872496111,7.352141934458,
    2.595294117647));
#6792 = CIRCLE('',#6793,7.357658823529);
#6793 = AXIS2_PLACEMENT_3D('',#6794,#6795,#6796);
#6794 = CARTESIAN_POINT('',(1.518E-14,4.178E-13,2.595294117647));
#6795 = DIRECTION('',(0.,-0.,1.));
#6796 = DIRECTION('',(3.871781811894E-02,0.999250184168,0.));
#6797 = ORIENTED_EDGE('',*,*,#6798,.T.);
#6798 = EDGE_CURVE('',#6790,#6799,#6801,.T.);
#6799 = VERTEX_POINT('',#6800);
#6800 = CARTESIAN_POINT('',(-0.795133732226,7.810394920553,
    2.595294117647));
#6801 = CIRCLE('',#6802,0.493105882353);
#6802 = AXIS2_PLACEMENT_3D('',#6803,#6804,#6805);
#6803 = CARTESIAN_POINT('',(-0.303236979514,7.844905728746,
    2.595294117647));
#6804 = DIRECTION('',(0.,0.,-1.));
#6805 = DIRECTION('',(3.724247481195E-02,-0.999306258396,0.));
#6806 = ORIENTED_EDGE('',*,*,#6807,.T.);
#6807 = EDGE_CURVE('',#6799,#6808,#6810,.T.);
#6808 = VERTEX_POINT('',#6809);
#6809 = CARTESIAN_POINT('',(-0.867442658408,8.511546078609,
    2.595294117647));
#6810 = LINE('',#6811,#6812);
#6811 = CARTESIAN_POINT('',(-0.795133732226,7.810394920553,
    2.595294117647));
#6812 = VECTOR('',#6813,1.);
#6813 = DIRECTION('',(-0.10258478866,0.994724263872,0.));
#6814 = ORIENTED_EDGE('',*,*,#6815,.T.);
#6815 = EDGE_CURVE('',#6808,#6816,#6818,.T.);
#6816 = VERTEX_POINT('',#6817);
#6817 = CARTESIAN_POINT('',(-1.023548853891,8.958869457398,
    2.595294117647));
#6818 = B_SPLINE_CURVE_WITH_KNOTS('',3,(#6819,#6820,#6821,#6822),
  .UNSPECIFIED.,.F.,.F.,(4,4),(0.,1.),.PIECEWISE_BEZIER_KNOTS.);
#6819 = CARTESIAN_POINT('',(-0.867442658408,8.511546078609,
    2.595294117647));
#6820 = CARTESIAN_POINT('',(-0.876230828195,8.562933789644,
    2.595294117647));
#6821 = CARTESIAN_POINT('',(-0.909479240936,8.715892762265,
    2.595294117647));
#6822 = CARTESIAN_POINT('',(-1.023548853891,8.958869457398,
    2.595294117647));
#6823 = ORIENTED_EDGE('',*,*,#6824,.T.);
#6824 = EDGE_CURVE('',#6816,#6825,#6827,.T.);
#6825 = VERTEX_POINT('',#6826);
#6826 = CARTESIAN_POINT('',(-1.854360411498,10.110160417777,
    2.595294117647));
#6827 = B_SPLINE_CURVE_WITH_KNOTS('',3,(#6828,#6829,#6830,#6831),
  .UNSPECIFIED.,.F.,.F.,(4,4),(0.,1.),.PIECEWISE_BEZIER_KNOTS.);
#6828 = CARTESIAN_POINT('',(-1.023548853891,8.958869457398,
    2.595294117647));
#6829 = CARTESIAN_POINT('',(-1.161047404204,9.248554068584,
    2.595294117647));
#6830 = CARTESIAN_POINT('',(-1.409751962188,9.651744187307,
    2.595294117647));
#6831 = CARTESIAN_POINT('',(-1.854360411498,10.110160417777,
    2.595294117647));
#6832 = ORIENTED_EDGE('',*,*,#6833,.T.);
#6833 = EDGE_CURVE('',#6825,#6834,#6836,.T.);
#6834 = VERTEX_POINT('',#6835);
#6835 = CARTESIAN_POINT('',(-2.716150496381,9.911949948357,
    2.595294117647));
#6836 = CIRCLE('',#6837,10.277364705883);
#6837 = AXIS2_PLACEMENT_3D('',#6838,#6839,#6840);
#6838 = CARTESIAN_POINT('',(1.624553176504E-02,4.466047632884E-03,
    2.595294117647));
#6839 = DIRECTION('',(0.,0.,1.));
#6840 = DIRECTION('',(-0.182012217801,0.98329626897,0.));
#6841 = ORIENTED_EDGE('',*,*,#6842,.T.);
#6842 = EDGE_CURVE('',#6834,#6843,#6845,.T.);
#6843 = VERTEX_POINT('',#6844);
#6844 = CARTESIAN_POINT('',(-2.964922126309,8.515763676613,
    2.595294117647));
#6845 = B_SPLINE_CURVE_WITH_KNOTS('',3,(#6846,#6847,#6848,#6849),
  .UNSPECIFIED.,.F.,.F.,(4,4),(0.,1.),.PIECEWISE_BEZIER_KNOTS.);
#6846 = CARTESIAN_POINT('',(-2.71615049638,9.911949948357,2.595294117647
    ));
#6847 = CARTESIAN_POINT('',(-2.917592227599,9.307589486304,
    2.595294117647));
#6848 = CARTESIAN_POINT('',(-2.966729655361,8.836418877935,
    2.595294117647));
#6849 = CARTESIAN_POINT('',(-2.964922126309,8.515763676613,
    2.595294117647));
#6850 = ORIENTED_EDGE('',*,*,#6851,.T.);
#6851 = EDGE_CURVE('',#6843,#6852,#6854,.T.);
#6852 = VERTEX_POINT('',#6853);
#6853 = CARTESIAN_POINT('',(-2.911482608342,8.045007298644,
    2.595294117647));
#6854 = B_SPLINE_CURVE_WITH_KNOTS('',3,(#6855,#6856,#6857,#6858),
  .UNSPECIFIED.,.F.,.F.,(4,4),(0.,1.),.PIECEWISE_BEZIER_KNOTS.);
#6855 = CARTESIAN_POINT('',(-2.964922126309,8.515763676613,
    2.595294117647));
#6856 = CARTESIAN_POINT('',(-2.962271659352,8.247356288484,
    2.595294117647));
#6857 = CARTESIAN_POINT('',(-2.925861033167,8.095119070446,
    2.595294117647));
#6858 = CARTESIAN_POINT('',(-2.911482608342,8.045007298644,
    2.595294117647));
#6859 = ORIENTED_EDGE('',*,*,#6860,.T.);
#6860 = EDGE_CURVE('',#6852,#6861,#6863,.T.);
#6861 = VERTEX_POINT('',#6862);
#6862 = CARTESIAN_POINT('',(-2.67241261356,7.381918266278,2.595294117647
    ));
#6863 = LINE('',#6864,#6865);
#6864 = CARTESIAN_POINT('',(-2.911482608342,8.045007298644,
    2.595294117647));
#6865 = VECTOR('',#6866,1.);
#6866 = DIRECTION('',(0.339168982097,-0.940725465576,0.));
#6867 = ORIENTED_EDGE('',*,*,#6868,.T.);
#6868 = EDGE_CURVE('',#6861,#6869,#6871,.T.);
#6869 = VERTEX_POINT('',#6870);
#6870 = CARTESIAN_POINT('',(-2.933313582728,6.747652539131,
    2.595294117647));
#6871 = CIRCLE('',#6872,0.493105882353);
#6872 = AXIS2_PLACEMENT_3D('',#6873,#6874,#6875);
#6873 = CARTESIAN_POINT('',(-3.130569952474,7.199585427739,
    2.595294117647));
#6874 = DIRECTION('',(0.,0.,-1.));
#6875 = DIRECTION('',(0.929125681341,0.369764071094,0.));
#6876 = ORIENTED_EDGE('',*,*,#6877,.T.);
#6877 = EDGE_CURVE('',#6869,#6878,#6880,.T.);
#6878 = VERTEX_POINT('',#6879);
#6879 = CARTESIAN_POINT('',(-3.446636083363,6.500449451563,
    2.595294117647));
#6880 = CIRCLE('',#6881,7.357658823528);
#6881 = AXIS2_PLACEMENT_3D('',#6882,#6883,#6884);
#6882 = CARTESIAN_POINT('',(-5.2066E-13,1.07417E-12,2.595294117647));
#6883 = DIRECTION('',(0.,0.,1.));
#6884 = DIRECTION('',(-0.398674857463,0.917092338877,0.));
#6885 = ORIENTED_EDGE('',*,*,#6886,.T.);
#6886 = EDGE_CURVE('',#6878,#6887,#6889,.T.);
#6887 = VERTEX_POINT('',#6888);
#6888 = CARTESIAN_POINT('',(-4.105194090669,6.691927072605,
    2.595294117647));
#6889 = CIRCLE('',#6890,0.493105882353);
#6890 = AXIS2_PLACEMENT_3D('',#6891,#6892,#6893);
#6891 = CARTESIAN_POINT('',(-3.676984108752,6.936446238719,
    2.595294117647));
#6892 = DIRECTION('',(0.,-0.,-1.));
#6893 = DIRECTION('',(0.467137046286,-0.88418492409,0.));
#6894 = ORIENTED_EDGE('',*,*,#6895,.T.);
#6895 = EDGE_CURVE('',#6887,#6896,#6898,.T.);
#6896 = VERTEX_POINT('',#6897);
#6897 = CARTESIAN_POINT('',(-4.474560268175,7.292268770443,
    2.595294117647));
#6898 = LINE('',#6899,#6900);
#6899 = CARTESIAN_POINT('',(-4.105194090669,6.691927072605,
    2.595294117647));
#6900 = VECTOR('',#6901,1.);
#6901 = DIRECTION('',(-0.524020383903,0.851705722215,0.));
#6902 = ORIENTED_EDGE('',*,*,#6903,.T.);
#6903 = EDGE_CURVE('',#6896,#6904,#6906,.T.);
#6904 = VERTEX_POINT('',#6905);
#6905 = CARTESIAN_POINT('',(-4.809293430575,7.627561268822,
    2.595294117647));
#6906 = B_SPLINE_CURVE_WITH_KNOTS('',3,(#6907,#6908,#6909,#6910),
  .UNSPECIFIED.,.F.,.F.,(4,4),(0.,1.),.PIECEWISE_BEZIER_KNOTS.);
#6907 = CARTESIAN_POINT('',(-4.474560268175,7.292268770443,
    2.595294117647));
#6908 = CARTESIAN_POINT('',(-4.504774427767,7.334754454312,
    2.595294117647));
#6909 = CARTESIAN_POINT('',(-4.601096623526,7.45813978107,2.595294117647
    ));
#6910 = CARTESIAN_POINT('',(-4.809293430575,7.627561268822,
    2.595294117647));
#6911 = ORIENTED_EDGE('',*,*,#6912,.T.);
#6912 = EDGE_CURVE('',#6904,#6913,#6915,.T.);
#6913 = VERTEX_POINT('',#6914);
#6914 = CARTESIAN_POINT('',(-6.057355205774,8.304362956903,
    2.595294117647));
#6915 = B_SPLINE_CURVE_WITH_KNOTS('',3,(#6916,#6917,#6918,#6919),
  .UNSPECIFIED.,.F.,.F.,(4,4),(0.,1.),.PIECEWISE_BEZIER_KNOTS.);
#6916 = CARTESIAN_POINT('',(-4.809293430575,7.627561268822,
    2.595294117647));
#6917 = CARTESIAN_POINT('',(-5.058864786055,7.828899699877,
    2.595294117647));
#6918 = CARTESIAN_POINT('',(-5.457877486391,8.084252581139,
    2.595294117647));
#6919 = CARTESIAN_POINT('',(-6.057355205774,8.304362956903,
    2.595294117647));
#6920 = ORIENTED_EDGE('',*,*,#6921,.T.);
#6921 = EDGE_CURVE('',#6913,#6922,#6924,.T.);
#6922 = VERTEX_POINT('',#6923);
#6923 = CARTESIAN_POINT('',(-6.747800943316,7.751864790301,
    2.595294117647));
#6924 = CIRCLE('',#6925,10.277364705884);
#6925 = AXIS2_PLACEMENT_3D('',#6926,#6927,#6928);
#6926 = CARTESIAN_POINT('',(1.269897291773E-02,1.107244194481E-02,
    2.595294117647));
#6927 = DIRECTION('',(0.,0.,1.));
#6928 = DIRECTION('',(-0.590623603658,0.806947184643,0.));
#6929 = ORIENTED_EDGE('',*,*,#6930,.T.);
#6930 = EDGE_CURVE('',#6922,#6931,#6933,.T.);
#6931 = VERTEX_POINT('',#6932);
#6932 = CARTESIAN_POINT('',(-6.36615391701,6.386006460687,2.595294117647
    ));
#6933 = B_SPLINE_CURVE_WITH_KNOTS('',3,(#6934,#6935,#6936,#6937),
  .UNSPECIFIED.,.F.,.F.,(4,4),(0.,1.),.PIECEWISE_BEZIER_KNOTS.);
#6934 = CARTESIAN_POINT('',(-6.747800943316,7.751864790301,
    2.595294117647));
#6935 = CARTESIAN_POINT('',(-6.66707149479,7.119952537445,2.595294117647
    ));
#6936 = CARTESIAN_POINT('',(-6.506909522131,6.674122556946,
    2.595294117647));
#6937 = CARTESIAN_POINT('',(-6.36615391701,6.386006460687,2.595294117647
    ));
#6938 = ORIENTED_EDGE('',*,*,#6939,.T.);
#6939 = EDGE_CURVE('',#6931,#6940,#6942,.T.);
#6940 = VERTEX_POINT('',#6941);
#6941 = CARTESIAN_POINT('',(-6.113753037519,5.985056157643,
    2.595294117647));
#6942 = B_SPLINE_CURVE_WITH_KNOTS('',3,(#6943,#6944,#6945,#6946),
  .UNSPECIFIED.,.F.,.F.,(4,4),(0.,1.),.PIECEWISE_BEZIER_KNOTS.);
#6943 = CARTESIAN_POINT('',(-6.36615391701,6.386006460687,2.595294117647
    ));
#6944 = CARTESIAN_POINT('',(-6.247308327628,6.145329754582,
    2.595294117647));
#6945 = CARTESIAN_POINT('',(-6.148450233579,6.023966739227,
    2.595294117647));
#6946 = CARTESIAN_POINT('',(-6.113753037519,5.985056157643,
    2.595294117647));
#6947 = ORIENTED_EDGE('',*,*,#6948,.T.);
#6948 = EDGE_CURVE('',#6940,#6949,#6951,.T.);
#6949 = VERTEX_POINT('',#6950);
#6950 = CARTESIAN_POINT('',(-5.61065486624,5.491362166081,2.595294117647
    ));
#6951 = LINE('',#6952,#6953);
#6952 = CARTESIAN_POINT('',(-6.113753037519,5.985056157643,
    2.595294117647));
#6953 = VECTOR('',#6954,1.);
#6954 = DIRECTION('',(0.713746176315,-0.700404451582,0.));
#6955 = ORIENTED_EDGE('',*,*,#6956,.T.);
#6956 = EDGE_CURVE('',#6949,#6957,#6959,.T.);
#6957 = VERTEX_POINT('',#6958);
#6958 = CARTESIAN_POINT('',(-5.570520931778,4.806707803901,
    2.595294117647));
#6959 = CIRCLE('',#6960,0.493105882353);
#6960 = AXIS2_PLACEMENT_3D('',#6961,#6962,#6963);
#6961 = CARTESIAN_POINT('',(-5.944329111454,5.128298935648,
    2.595294117647));
#6962 = DIRECTION('',(0.,0.,-1.));
#6963 = DIRECTION('',(0.6766786955,0.736278441255,0.));
#6964 = ORIENTED_EDGE('',*,*,#6965,.T.);
#6965 = EDGE_CURVE('',#6957,#6966,#6968,.T.);
#6966 = VERTEX_POINT('',#6967);
#6967 = CARTESIAN_POINT('',(-5.925751124088,4.361263232004,
    2.595294117647));
#6968 = CIRCLE('',#6969,7.357658823529);
#6969 = AXIS2_PLACEMENT_3D('',#6970,#6971,#6972);
#6970 = CARTESIAN_POINT('',(-3.9302E-13,3.1349E-13,2.595294117647));
#6971 = DIRECTION('',(0.,0.,1.));
#6972 = DIRECTION('',(-0.757105088097,0.653293108472,0.));
#6973 = ORIENTED_EDGE('',*,*,#6974,.T.);
#6974 = EDGE_CURVE('',#6966,#6975,#6977,.T.);
#6975 = VERTEX_POINT('',#6976);
#6976 = CARTESIAN_POINT('',(-6.602170412554,4.248040996828,
    2.595294117647));
#6977 = CIRCLE('',#6978,0.493105882353);
#6978 = AXIS2_PLACEMENT_3D('',#6979,#6980,#6981);
#6979 = CARTESIAN_POINT('',(-6.32245944,4.654138501184,2.595294117647));
#6980 = DIRECTION('',(0.,-0.,-1.));
#6981 = DIRECTION('',(0.804509396683,-0.593939921751,0.));
#6982 = ORIENTED_EDGE('',*,*,#6983,.T.);
#6983 = EDGE_CURVE('',#6975,#6984,#6986,.T.);
#6984 = VERTEX_POINT('',#6985);
#6985 = CARTESIAN_POINT('',(-7.195436339949,4.628668198484,
    2.595294117647));
#6986 = LINE('',#6987,#6988);
#6987 = CARTESIAN_POINT('',(-6.602170412554,4.248040996828,
    2.595294117647));
#6988 = VECTOR('',#6989,1.);
#6989 = DIRECTION('',(-0.841667315425,0.539996416789,0.));
#6990 = ORIENTED_EDGE('',*,*,#6991,.T.);
#6991 = EDGE_CURVE('',#6984,#6992,#6994,.T.);
#6992 = VERTEX_POINT('',#6993);
#6993 = CARTESIAN_POINT('',(-7.64249846122,4.785521025056,2.595294117647
    ));
#6994 = B_SPLINE_CURVE_WITH_KNOTS('',3,(#6995,#6996,#6997,#6998),
  .UNSPECIFIED.,.F.,.F.,(4,4),(0.,1.),.PIECEWISE_BEZIER_KNOTS.);
#6995 = CARTESIAN_POINT('',(-7.195436339949,4.628668198484,
    2.595294117647));
#6996 = CARTESIAN_POINT('',(-7.241092204487,4.653837044443,
    2.595294117647));
#6997 = CARTESIAN_POINT('',(-7.38141039108,4.723210748152,2.595294117647
    ));
#6998 = CARTESIAN_POINT('',(-7.64249846122,4.785521025056,2.595294117647
    ));
#6999 = ORIENTED_EDGE('',*,*,#7000,.T.);
#7000 = EDGE_CURVE('',#6992,#7001,#7003,.T.);
#7001 = VERTEX_POINT('',#7002);
#7002 = CARTESIAN_POINT('',(-9.06061651296,4.853784566088,2.595294117647
    ));
#7003 = B_SPLINE_CURVE_WITH_KNOTS('',3,(#7004,#7005,#7006,#7007),
  .UNSPECIFIED.,.F.,.F.,(4,4),(0.,1.),.PIECEWISE_BEZIER_KNOTS.);
#7004 = CARTESIAN_POINT('',(-7.64249846122,4.785521025056,2.595294117647
    ));
#7005 = CARTESIAN_POINT('',(-7.954711954122,4.858635730456,
    2.595294117647));
#7006 = CARTESIAN_POINT('',(-8.425003437939,4.915575604426,
    2.595294117647));
#7007 = CARTESIAN_POINT('',(-9.06061651296,4.853784566088,2.595294117647
    ));
#7008 = ORIENTED_EDGE('',*,*,#7009,.T.);
#7009 = EDGE_CURVE('',#7001,#7010,#7012,.T.);
#7010 = VERTEX_POINT('',#7011);
#7011 = CARTESIAN_POINT('',(-9.442966657079,4.056427740143,
    2.595294117647));
#7012 = CIRCLE('',#7013,10.277364705884);
#7013 = AXIS2_PLACEMENT_3D('',#7014,#7015,#7016);
#7014 = CARTESIAN_POINT('',(6.637226740383E-03,1.548580333675E-02,
    2.595294117647));
#7015 = DIRECTION('',(0.,0.,1.));
#7016 = DIRECTION('',(-0.882254741287,0.470772313838,0.));
#7017 = ORIENTED_EDGE('',*,*,#7018,.T.);
#7018 = EDGE_CURVE('',#7010,#7019,#7021,.T.);
#7019 = VERTEX_POINT('',#7020);
#7020 = CARTESIAN_POINT('',(-8.506490848693,2.991422345993,
    2.595294117647));
#7021 = B_SPLINE_CURVE_WITH_KNOTS('',3,(#7022,#7023,#7024,#7025),
  .UNSPECIFIED.,.F.,.F.,(4,4),(0.,1.),.PIECEWISE_BEZIER_KNOTS.);
#7022 = CARTESIAN_POINT('',(-9.442966657079,4.056427740143,
    2.595294117647));
#7023 = CARTESIAN_POINT('',(-9.096055486172,3.522121668057,
    2.595294117647));
#7024 = CARTESIAN_POINT('',(-8.758316156034,3.189934410811,
    2.595294117647));
#7025 = CARTESIAN_POINT('',(-8.506490848693,2.991422345993,
    2.595294117647));
#7026 = ORIENTED_EDGE('',*,*,#7027,.T.);
#7027 = EDGE_CURVE('',#7019,#7028,#7030,.T.);
#7028 = VERTEX_POINT('',#7029);
#7029 = CARTESIAN_POINT('',(-8.105119697355,2.739691242724,
    2.595294117647));
#7030 = B_SPLINE_CURVE_WITH_KNOTS('',3,(#7031,#7032,#7033,#7034),
  .UNSPECIFIED.,.F.,.F.,(4,4),(0.,1.),.PIECEWISE_BEZIER_KNOTS.);
#7031 = CARTESIAN_POINT('',(-8.506490848693,2.991422345993,
    2.595294117647));
#7032 = CARTESIAN_POINT('',(-8.294988963409,2.826145295261,
    2.595294117647));
#7033 = CARTESIAN_POINT('',(-8.153263459438,2.759693916199,
    2.595294117647));
#7034 = CARTESIAN_POINT('',(-8.105119697355,2.739691242724,
    2.595294117647));
#7035 = ORIENTED_EDGE('',*,*,#7036,.T.);
#7036 = EDGE_CURVE('',#7028,#7037,#7039,.T.);
#7037 = VERTEX_POINT('',#7038);
#7038 = CARTESIAN_POINT('',(-7.437638112495,2.513174441754,
    2.595294117647));
#7039 = LINE('',#7040,#7041);
#7040 = CARTESIAN_POINT('',(-8.105119697355,2.739691242724,
    2.595294117647));
#7041 = VECTOR('',#7042,1.);
#7042 = DIRECTION('',(0.946957186791,-0.321359746056,0.));
#7043 = ORIENTED_EDGE('',*,*,#7044,.T.);
#7044 = EDGE_CURVE('',#7037,#7045,#7047,.T.);
#7045 = VERTEX_POINT('',#7046);
#7046 = CARTESIAN_POINT('',(-7.104418292333,1.913735637706,
    2.595294117647));
#7047 = CIRCLE('',#7048,0.493105882353);
#7048 = AXIS2_PLACEMENT_3D('',#7049,#7050,#7051);
#7049 = CARTESIAN_POINT('',(-7.580740987498,2.041289944893,
    2.595294117647));
#7050 = DIRECTION('',(0.,0.,-1.));
#7051 = DIRECTION('',(0.290207195095,0.956963836263,0.));
#7052 = ORIENTED_EDGE('',*,*,#7053,.T.);
#7053 = EDGE_CURVE('',#7045,#7054,#7056,.T.);
#7054 = VERTEX_POINT('',#7055);
#7055 = CARTESIAN_POINT('',(-7.231198480119,1.358275341964,
    2.595294117647));
#7056 = CIRCLE('',#7057,7.357658823528);
#7057 = AXIS2_PLACEMENT_3D('',#7058,#7059,#7060);
#7058 = CARTESIAN_POINT('',(-1.84983E-12,4.3869E-13,2.595294117647));
#7059 = DIRECTION('',(0.,0.,1.));
#7060 = DIRECTION('',(-0.96558137075,0.26010116582,0.));
#7061 = ORIENTED_EDGE('',*,*,#7062,.T.);
#7062 = EDGE_CURVE('',#7054,#7063,#7065,.T.);
#7063 = VERTEX_POINT('',#7064);
#7064 = CARTESIAN_POINT('',(-7.791505913926,0.962778302825,
    2.595294117647));
#7065 = CIRCLE('',#7066,0.493105882353);
#7066 = AXIS2_PLACEMENT_3D('',#7067,#7068,#7069);
#7067 = CARTESIAN_POINT('',(-7.715694139281,1.450021554226,
    2.595294117647));
#7068 = DIRECTION('',(0.,0.,-1.));
#7069 = DIRECTION('',(0.982538794406,-0.186057833714,0.));
#7070 = ORIENTED_EDGE('',*,*,#7071,.T.);
#7071 = EDGE_CURVE('',#7063,#7072,#7074,.T.);
#7072 = VERTEX_POINT('',#7073);
#7073 = CARTESIAN_POINT('',(-8.49116799836,1.048303122925,2.595294117647
    ));
#7074 = LINE('',#7075,#7076);
#7075 = CARTESIAN_POINT('',(-7.791505913926,0.962778302825,
    2.595294117647));
#7076 = VECTOR('',#7077,1.);
#7077 = DIRECTION('',(-0.992611712756,0.121334198396,0.));
#7078 = ORIENTED_EDGE('',*,*,#7079,.T.);
#7079 = EDGE_CURVE('',#7072,#7080,#7082,.T.);
#7080 = VERTEX_POINT('',#7081);
#7081 = CARTESIAN_POINT('',(-8.962012942528,0.995649651713,
    2.595294117647));
#7082 = B_SPLINE_CURVE_WITH_KNOTS('',3,(#7083,#7084,#7085,#7086),
  .UNSPECIFIED.,.F.,.F.,(4,4),(0.,1.),.PIECEWISE_BEZIER_KNOTS.);
#7083 = CARTESIAN_POINT('',(-8.49116799836,1.048303122925,2.595294117647
    ));
#7084 = CARTESIAN_POINT('',(-8.54322286394,1.051170132356,2.595294117647
    ));
#7085 = CARTESIAN_POINT('',(-8.699745303623,1.052791900184,
    2.595294117647));
#7086 = CARTESIAN_POINT('',(-8.962012942528,0.995649651713,
    2.595294117647));
#7087 = ORIENTED_EDGE('',*,*,#7088,.T.);
#7088 = EDGE_CURVE('',#7080,#7089,#7091,.T.);
#7089 = VERTEX_POINT('',#7090);
#7090 = CARTESIAN_POINT('',(-10.26931159858,0.441854614197,
    2.595294117647));
#7091 = B_SPLINE_CURVE_WITH_KNOTS('',3,(#7092,#7093,#7094,#7095),
  .UNSPECIFIED.,.F.,.F.,(4,4),(0.,1.),.PIECEWISE_BEZIER_KNOTS.);
#7092 = CARTESIAN_POINT('',(-8.962012942528,0.995649651713,
    2.595294117647));
#7093 = CARTESIAN_POINT('',(-9.275030861536,0.926059367362,
    2.595294117647));
#7094 = CARTESIAN_POINT('',(-9.723454132717,0.773308593677,
    2.595294117647));
#7095 = CARTESIAN_POINT('',(-10.26931159858,0.441854614197,
    2.595294117647));
#7096 = ORIENTED_EDGE('',*,*,#7097,.T.);
#7097 = EDGE_CURVE('',#7089,#7098,#7100,.T.);
#7098 = VERTEX_POINT('',#7099);
#7099 = CARTESIAN_POINT('',(-10.26783701402,-0.442434572771,
    2.595294117647));
#7100 = CIRCLE('',#7101,10.277364705883);
#7101 = AXIS2_PLACEMENT_3D('',#7102,#7103,#7104);
#7102 = CARTESIAN_POINT('',(-7.391035936635E-04,1.683201145636E-02,
    2.595294117647));
#7103 = DIRECTION('',(0.,0.,1.));
#7104 = DIRECTION('',(-0.99914450726,4.135521263513E-02,0.));
#7105 = ORIENTED_EDGE('',*,*,#7106,.T.);
#7106 = EDGE_CURVE('',#7098,#7107,#7109,.T.);
#7107 = VERTEX_POINT('',#7108);
#7108 = CARTESIAN_POINT('',(-8.962012942528,-0.995649651713,
    2.595294117647));
#7109 = B_SPLINE_CURVE_WITH_KNOTS('',3,(#7110,#7111,#7112,#7113),
  .UNSPECIFIED.,.F.,.F.,(4,4),(0.,1.),.PIECEWISE_BEZIER_KNOTS.);
#7110 = CARTESIAN_POINT('',(-10.26783701402,-0.442434572771,
    2.595294117647));
#7111 = CARTESIAN_POINT('',(-9.723454132717,-0.773308593677,
    2.595294117647));
#7112 = CARTESIAN_POINT('',(-9.275030861536,-0.926059367362,
    2.595294117647));
#7113 = CARTESIAN_POINT('',(-8.962012942528,-0.995649651713,
    2.595294117647));
#7114 = ORIENTED_EDGE('',*,*,#7115,.T.);
#7115 = EDGE_CURVE('',#7107,#7116,#7118,.T.);
#7116 = VERTEX_POINT('',#7117);
#7117 = CARTESIAN_POINT('',(-8.49116799836,-1.048303122925,
    2.595294117647));
#7118 = B_SPLINE_CURVE_WITH_KNOTS('',3,(#7119,#7120,#7121,#7122),
  .UNSPECIFIED.,.F.,.F.,(4,4),(0.,1.),.PIECEWISE_BEZIER_KNOTS.);
#7119 = CARTESIAN_POINT('',(-8.962012942528,-0.995649651713,
    2.595294117647));
#7120 = CARTESIAN_POINT('',(-8.699745303623,-1.052791900184,
    2.595294117647));
#7121 = CARTESIAN_POINT('',(-8.54322286394,-1.051170132356,
    2.595294117647));
#7122 = CARTESIAN_POINT('',(-8.49116799836,-1.048303122925,
    2.595294117647));
#7123 = ORIENTED_EDGE('',*,*,#7124,.T.);
#7124 = EDGE_CURVE('',#7116,#7125,#7127,.T.);
#7125 = VERTEX_POINT('',#7126);
#7126 = CARTESIAN_POINT('',(-7.791505913926,-0.962778302825,
    2.595294117647));
#7127 = LINE('',#7128,#7129);
#7128 = CARTESIAN_POINT('',(-8.49116799836,-1.048303122925,
    2.595294117647));
#7129 = VECTOR('',#7130,1.);
#7130 = DIRECTION('',(0.992611712756,0.121334198396,0.));
#7131 = ORIENTED_EDGE('',*,*,#7132,.T.);
#7132 = EDGE_CURVE('',#7125,#7133,#7135,.T.);
#7133 = VERTEX_POINT('',#7134);
#7134 = CARTESIAN_POINT('',(-7.231198480119,-1.358275341964,
    2.595294117647));
#7135 = CIRCLE('',#7136,0.493105882353);
#7136 = AXIS2_PLACEMENT_3D('',#7137,#7138,#7139);
#7137 = CARTESIAN_POINT('',(-7.715694139281,-1.450021554226,
    2.595294117647));
#7138 = DIRECTION('',(0.,0.,-1.));
#7139 = DIRECTION('',(-0.153743399457,0.988110807108,0.));
#7140 = ORIENTED_EDGE('',*,*,#7141,.T.);
#7141 = EDGE_CURVE('',#7133,#7142,#7144,.T.);
#7142 = VERTEX_POINT('',#7143);
#7143 = CARTESIAN_POINT('',(-7.104418292333,-1.913735637706,
    2.595294117647));
#7144 = CIRCLE('',#7145,7.357658823531);
#7145 = AXIS2_PLACEMENT_3D('',#7146,#7147,#7148);
#7146 = CARTESIAN_POINT('',(1.13353E-12,2.5817E-13,2.595294117647));
#7147 = DIRECTION('',(0.,0.,1.));
#7148 = DIRECTION('',(-0.982812420847,-0.184607002654,0.));
#7149 = ORIENTED_EDGE('',*,*,#7150,.T.);
#7150 = EDGE_CURVE('',#7142,#7151,#7153,.T.);
#7151 = VERTEX_POINT('',#7152);
#7152 = CARTESIAN_POINT('',(-7.437638112495,-2.513174441754,
    2.595294117647));
#7153 = CIRCLE('',#7154,0.493105882353);
#7154 = AXIS2_PLACEMENT_3D('',#7155,#7156,#7157);
#7155 = CARTESIAN_POINT('',(-7.580740987498,-2.041289944893,
    2.595294117647));
#7156 = DIRECTION('',(0.,0.,-1.));
#7157 = DIRECTION('',(0.96596433385,0.25867529014,0.));
#7158 = ORIENTED_EDGE('',*,*,#7159,.T.);
#7159 = EDGE_CURVE('',#7151,#7160,#7162,.T.);
#7160 = VERTEX_POINT('',#7161);
#7161 = CARTESIAN_POINT('',(-8.105119697355,-2.739691242724,
    2.595294117647));
#7162 = LINE('',#7163,#7164);
#7163 = CARTESIAN_POINT('',(-7.437638112495,-2.513174441754,
    2.595294117647));
#7164 = VECTOR('',#7165,1.);
#7165 = DIRECTION('',(-0.946957186791,-0.321359746056,0.));
#7166 = ORIENTED_EDGE('',*,*,#7167,.T.);
#7167 = EDGE_CURVE('',#7160,#7168,#7170,.T.);
#7168 = VERTEX_POINT('',#7169);
#7169 = CARTESIAN_POINT('',(-8.506490848693,-2.991422345993,
    2.595294117647));
#7170 = B_SPLINE_CURVE_WITH_KNOTS('',3,(#7171,#7172,#7173,#7174),
  .UNSPECIFIED.,.F.,.F.,(4,4),(0.,1.),.PIECEWISE_BEZIER_KNOTS.);
#7171 = CARTESIAN_POINT('',(-8.105119697355,-2.739691242724,
    2.595294117647));
#7172 = CARTESIAN_POINT('',(-8.153263459438,-2.759693916199,
    2.595294117647));
#7173 = CARTESIAN_POINT('',(-8.294988963409,-2.826145295261,
    2.595294117647));
#7174 = CARTESIAN_POINT('',(-8.506490848693,-2.991422345993,
    2.595294117647));
#7175 = ORIENTED_EDGE('',*,*,#7176,.T.);
#7176 = EDGE_CURVE('',#7168,#7177,#7179,.T.);
#7177 = VERTEX_POINT('',#7178);
#7178 = CARTESIAN_POINT('',(-9.444043577268,-4.057590063027,
    2.595294117647));
#7179 = B_SPLINE_CURVE_WITH_KNOTS('',3,(#7180,#7181,#7182,#7183),
  .UNSPECIFIED.,.F.,.F.,(4,4),(0.,1.),.PIECEWISE_BEZIER_KNOTS.);
#7180 = CARTESIAN_POINT('',(-8.506490848693,-2.991422345993,
    2.595294117647));
#7181 = CARTESIAN_POINT('',(-8.758316156034,-3.189934410811,
    2.595294117647));
#7182 = CARTESIAN_POINT('',(-9.096055486172,-3.522121668057,
    2.595294117647));
#7183 = CARTESIAN_POINT('',(-9.444043577268,-4.057590063027,
    2.595294117647));
#7184 = ORIENTED_EDGE('',*,*,#7185,.T.);
#7185 = EDGE_CURVE('',#7177,#7186,#7188,.T.);
#7186 = VERTEX_POINT('',#7187);
#7187 = CARTESIAN_POINT('',(-9.059036323582,-4.853667292444,
    2.595294117647));
#7188 = CIRCLE('',#7189,10.277364705884);
#7189 = AXIS2_PLACEMENT_3D('',#7190,#7191,#7192);
#7190 = CARTESIAN_POINT('',(-7.969045394155E-03,1.484443327624E-02,
    2.595294117647));
#7191 = DIRECTION('',(0.,0.,1.));
#7192 = DIRECTION('',(-0.918141449867,-0.396252795619,0.));
#7193 = ORIENTED_EDGE('',*,*,#7194,.T.);
#7194 = EDGE_CURVE('',#7186,#7195,#7197,.T.);
#7195 = VERTEX_POINT('',#7196);
#7196 = CARTESIAN_POINT('',(-7.64249846122,-4.785521025056,
    2.595294117647));
#7197 = B_SPLINE_CURVE_WITH_KNOTS('',3,(#7198,#7199,#7200,#7201),
  .UNSPECIFIED.,.F.,.F.,(4,4),(0.,1.),.PIECEWISE_BEZIER_KNOTS.);
#7198 = CARTESIAN_POINT('',(-9.059036323582,-4.853667292444,
    2.595294117647));
#7199 = CARTESIAN_POINT('',(-8.425003437939,-4.915575604426,
    2.595294117647));
#7200 = CARTESIAN_POINT('',(-7.954711954122,-4.858635730456,
    2.595294117647));
#7201 = CARTESIAN_POINT('',(-7.64249846122,-4.785521025056,
    2.595294117647));
#7202 = ORIENTED_EDGE('',*,*,#7203,.T.);
#7203 = EDGE_CURVE('',#7195,#7204,#7206,.T.);
#7204 = VERTEX_POINT('',#7205);
#7205 = CARTESIAN_POINT('',(-7.195436339949,-4.628668198484,
    2.595294117647));
#7206 = B_SPLINE_CURVE_WITH_KNOTS('',3,(#7207,#7208,#7209,#7210),
  .UNSPECIFIED.,.F.,.F.,(4,4),(0.,1.),.PIECEWISE_BEZIER_KNOTS.);
#7207 = CARTESIAN_POINT('',(-7.64249846122,-4.785521025056,
    2.595294117647));
#7208 = CARTESIAN_POINT('',(-7.38141039108,-4.723210748152,
    2.595294117647));
#7209 = CARTESIAN_POINT('',(-7.241092204487,-4.653837044443,
    2.595294117647));
#7210 = CARTESIAN_POINT('',(-7.195436339949,-4.628668198484,
    2.595294117647));
#7211 = ORIENTED_EDGE('',*,*,#7212,.T.);
#7212 = EDGE_CURVE('',#7204,#7213,#7215,.T.);
#7213 = VERTEX_POINT('',#7214);
#7214 = CARTESIAN_POINT('',(-6.602170412554,-4.248040996828,
    2.595294117647));
#7215 = LINE('',#7216,#7217);
#7216 = CARTESIAN_POINT('',(-7.195436339949,-4.628668198484,
    2.595294117647));
#7217 = VECTOR('',#7218,1.);
#7218 = DIRECTION('',(0.841667315425,0.539996416789,0.));
#7219 = ORIENTED_EDGE('',*,*,#7220,.T.);
#7220 = EDGE_CURVE('',#7213,#7221,#7223,.T.);
#7221 = VERTEX_POINT('',#7222);
#7222 = CARTESIAN_POINT('',(-5.925751124088,-4.361263232004,
    2.595294117647));
#7223 = CIRCLE('',#7224,0.493105882353);
#7224 = AXIS2_PLACEMENT_3D('',#7225,#7226,#7227);
#7225 = CARTESIAN_POINT('',(-6.32245944,-4.654138501184,2.595294117647)
  );
#7226 = DIRECTION('',(0.,0.,-1.));
#7227 = DIRECTION('',(-0.567243228206,0.823550314221,0.));
#7228 = ORIENTED_EDGE('',*,*,#7229,.T.);
#7229 = EDGE_CURVE('',#7221,#7230,#7232,.T.);
#7230 = VERTEX_POINT('',#7231);
#7231 = CARTESIAN_POINT('',(-5.570520931778,-4.806707803901,
    2.595294117647));
#7232 = CIRCLE('',#7233,7.357658823528);
#7233 = AXIS2_PLACEMENT_3D('',#7234,#7235,#7236);
#7234 = CARTESIAN_POINT('',(-7.4051E-13,-5.8866E-13,2.595294117647));
#7235 = DIRECTION('',(0.,0.,1.));
#7236 = DIRECTION('',(-0.805385417592,-0.592751490196,0.));
#7237 = ORIENTED_EDGE('',*,*,#7238,.T.);
#7238 = EDGE_CURVE('',#7230,#7239,#7241,.T.);
#7239 = VERTEX_POINT('',#7240);
#7240 = CARTESIAN_POINT('',(-5.61065486624,-5.491362166081,
    2.595294117647));
#7241 = CIRCLE('',#7242,0.493105882353);
#7242 = AXIS2_PLACEMENT_3D('',#7243,#7244,#7245);
#7243 = CARTESIAN_POINT('',(-5.944329111454,-5.128298935648,
    2.595294117647));
#7244 = DIRECTION('',(0.,0.,-1.));
#7245 = DIRECTION('',(0.7580687902,0.652174600337,0.));
#7246 = ORIENTED_EDGE('',*,*,#7247,.T.);
#7247 = EDGE_CURVE('',#7239,#7248,#7250,.T.);
#7248 = VERTEX_POINT('',#7249);
#7249 = CARTESIAN_POINT('',(-6.113753037519,-5.985056157643,
    2.595294117647));
#7250 = LINE('',#7251,#7252);
#7251 = CARTESIAN_POINT('',(-5.61065486624,-5.491362166081,
    2.595294117647));
#7252 = VECTOR('',#7253,1.);
#7253 = DIRECTION('',(-0.713746176315,-0.700404451582,0.));
#7254 = ORIENTED_EDGE('',*,*,#7255,.T.);
#7255 = EDGE_CURVE('',#7248,#7256,#7258,.T.);
#7256 = VERTEX_POINT('',#7257);
#7257 = CARTESIAN_POINT('',(-6.36615391701,-6.386006460687,
    2.595294117647));
#7258 = B_SPLINE_CURVE_WITH_KNOTS('',3,(#7259,#7260,#7261,#7262),
  .UNSPECIFIED.,.F.,.F.,(4,4),(0.,1.),.PIECEWISE_BEZIER_KNOTS.);
#7259 = CARTESIAN_POINT('',(-6.113753037519,-5.985056157643,
    2.595294117647));
#7260 = CARTESIAN_POINT('',(-6.148450233579,-6.023966739227,
    2.595294117647));
#7261 = CARTESIAN_POINT('',(-6.247308327628,-6.145329754582,
    2.595294117647));
#7262 = CARTESIAN_POINT('',(-6.36615391701,-6.386006460687,
    2.595294117647));
#7263 = ORIENTED_EDGE('',*,*,#7264,.T.);
#7264 = EDGE_CURVE('',#7256,#7265,#7267,.T.);
#7265 = VERTEX_POINT('',#7266);
#7266 = CARTESIAN_POINT('',(-6.74826690188,-7.753379265191,
    2.595294117647));
#7267 = B_SPLINE_CURVE_WITH_KNOTS('',3,(#7268,#7269,#7270,#7271),
  .UNSPECIFIED.,.F.,.F.,(4,4),(0.,1.),.PIECEWISE_BEZIER_KNOTS.);
#7268 = CARTESIAN_POINT('',(-6.36615391701,-6.386006460687,
    2.595294117647));
#7269 = CARTESIAN_POINT('',(-6.506909522131,-6.674122556946,
    2.595294117647));
#7270 = CARTESIAN_POINT('',(-6.66707149479,-7.119952537445,
    2.595294117647));
#7271 = CARTESIAN_POINT('',(-6.74826690188,-7.753379265191,
    2.595294117647));
#7272 = ORIENTED_EDGE('',*,*,#7273,.T.);
#7273 = EDGE_CURVE('',#7265,#7274,#7276,.T.);
#7274 = VERTEX_POINT('',#7275);
#7275 = CARTESIAN_POINT('',(-6.055982387466,-8.303571678526,
    2.595294117647));
#7276 = CIRCLE('',#7277,10.277364705879);
#7277 = AXIS2_PLACEMENT_3D('',#7278,#7279,#7280);
#7278 = CARTESIAN_POINT('',(-1.36206200251E-02,9.916733026859E-03,
    2.595294117647));
#7279 = DIRECTION('',(0.,0.,1.));
#7280 = DIRECTION('',(-0.655289218062,-0.755378077979,0.));
#7281 = ORIENTED_EDGE('',*,*,#7282,.T.);
#7282 = EDGE_CURVE('',#7274,#7283,#7285,.T.);
#7283 = VERTEX_POINT('',#7284);
#7284 = CARTESIAN_POINT('',(-4.809293430575,-7.627561268822,
    2.595294117647));
#7285 = B_SPLINE_CURVE_WITH_KNOTS('',3,(#7286,#7287,#7288,#7289),
  .UNSPECIFIED.,.F.,.F.,(4,4),(0.,1.),.PIECEWISE_BEZIER_KNOTS.);
#7286 = CARTESIAN_POINT('',(-6.055982387466,-8.303571678526,
    2.595294117647));
#7287 = CARTESIAN_POINT('',(-5.457877486391,-8.084252581139,
    2.595294117647));
#7288 = CARTESIAN_POINT('',(-5.058864786055,-7.828899699877,
    2.595294117647));
#7289 = CARTESIAN_POINT('',(-4.809293430575,-7.627561268822,
    2.595294117647));
#7290 = ORIENTED_EDGE('',*,*,#7291,.T.);
#7291 = EDGE_CURVE('',#7283,#7292,#7294,.T.);
#7292 = VERTEX_POINT('',#7293);
#7293 = CARTESIAN_POINT('',(-4.474560268175,-7.292268770443,
    2.595294117647));
#7294 = B_SPLINE_CURVE_WITH_KNOTS('',3,(#7295,#7296,#7297,#7298),
  .UNSPECIFIED.,.F.,.F.,(4,4),(0.,1.),.PIECEWISE_BEZIER_KNOTS.);
#7295 = CARTESIAN_POINT('',(-4.809293430575,-7.627561268822,
    2.595294117647));
#7296 = CARTESIAN_POINT('',(-4.601096623526,-7.45813978107,
    2.595294117647));
#7297 = CARTESIAN_POINT('',(-4.504774427767,-7.334754454312,
    2.595294117647));
#7298 = CARTESIAN_POINT('',(-4.474560268175,-7.292268770443,
    2.595294117647));
#7299 = ORIENTED_EDGE('',*,*,#7300,.T.);
#7300 = EDGE_CURVE('',#7292,#7301,#7303,.T.);
#7301 = VERTEX_POINT('',#7302);
#7302 = CARTESIAN_POINT('',(-4.105194090669,-6.691927072605,
    2.595294117647));
#7303 = LINE('',#7304,#7305);
#7304 = CARTESIAN_POINT('',(-4.474560268175,-7.292268770443,
    2.595294117647));
#7305 = VECTOR('',#7306,1.);
#7306 = DIRECTION('',(0.524020383903,0.851705722215,0.));
#7307 = ORIENTED_EDGE('',*,*,#7308,.T.);
#7308 = EDGE_CURVE('',#7301,#7309,#7311,.T.);
#7309 = VERTEX_POINT('',#7310);
#7310 = CARTESIAN_POINT('',(-3.446636083363,-6.500449451563,
    2.595294117647));
#7311 = CIRCLE('',#7312,0.493105882353);
#7312 = AXIS2_PLACEMENT_3D('',#7313,#7314,#7315);
#7313 = CARTESIAN_POINT('',(-3.676984108752,-6.936446238719,
    2.595294117647));
#7314 = DIRECTION('',(0.,0.,-1.));
#7315 = DIRECTION('',(-0.868393578828,0.495875581421,0.));
#7316 = ORIENTED_EDGE('',*,*,#7317,.T.);
#7317 = EDGE_CURVE('',#7309,#7318,#7320,.T.);
#7318 = VERTEX_POINT('',#7319);
#7319 = CARTESIAN_POINT('',(-2.933313582728,-6.747652539131,
    2.595294117647));
#7320 = CIRCLE('',#7321,7.35765882353);
#7321 = AXIS2_PLACEMENT_3D('',#7322,#7323,#7324);
#7322 = CARTESIAN_POINT('',(8.644E-14,1.8383E-13,2.595294117647));
#7323 = DIRECTION('',(0.,0.,1.));
#7324 = DIRECTION('',(-0.468441954979,-0.883494275485,0.));
#7325 = ORIENTED_EDGE('',*,*,#7326,.T.);
#7326 = EDGE_CURVE('',#7318,#7327,#7329,.T.);
#7327 = VERTEX_POINT('',#7328);
#7328 = CARTESIAN_POINT('',(-2.67241261356,-7.381918266278,
    2.595294117647));
#7329 = CIRCLE('',#7330,0.493105882353);
#7330 = AXIS2_PLACEMENT_3D('',#7331,#7332,#7333);
#7331 = CARTESIAN_POINT('',(-3.130569952474,-7.199585427739,
    2.595294117647));
#7332 = DIRECTION('',(0.,0.,-1.));
#7333 = DIRECTION('',(0.400028425547,0.91650273254,0.));
#7334 = ORIENTED_EDGE('',*,*,#7335,.T.);
#7335 = EDGE_CURVE('',#7327,#7336,#7338,.T.);
#7336 = VERTEX_POINT('',#7337);
#7337 = CARTESIAN_POINT('',(-2.911482608342,-8.045007298644,
    2.595294117647));
#7338 = LINE('',#7339,#7340);
#7339 = CARTESIAN_POINT('',(-2.67241261356,-7.381918266278,
    2.595294117647));
#7340 = VECTOR('',#7341,1.);
#7341 = DIRECTION('',(-0.339168982097,-0.940725465576,0.));
#7342 = ORIENTED_EDGE('',*,*,#7343,.T.);
#7343 = EDGE_CURVE('',#7336,#7344,#7346,.T.);
#7344 = VERTEX_POINT('',#7345);
#7345 = CARTESIAN_POINT('',(-2.964922126309,-8.515763676613,
    2.595294117647));
#7346 = B_SPLINE_CURVE_WITH_KNOTS('',3,(#7347,#7348,#7349,#7350),
  .UNSPECIFIED.,.F.,.F.,(4,4),(0.,1.),.PIECEWISE_BEZIER_KNOTS.);
#7347 = CARTESIAN_POINT('',(-2.911482608342,-8.045007298644,
    2.595294117647));
#7348 = CARTESIAN_POINT('',(-2.925861033167,-8.095119070446,
    2.595294117647));
#7349 = CARTESIAN_POINT('',(-2.962271659352,-8.247356288484,
    2.595294117647));
#7350 = CARTESIAN_POINT('',(-2.964922126309,-8.515763676613,
    2.595294117647));
#7351 = ORIENTED_EDGE('',*,*,#7352,.T.);
#7352 = EDGE_CURVE('',#7344,#7353,#7355,.T.);
#7353 = VERTEX_POINT('',#7354);
#7354 = CARTESIAN_POINT('',(-2.715913204512,-9.913516614929,
    2.595294117647));
#7355 = B_SPLINE_CURVE_WITH_KNOTS('',3,(#7356,#7357,#7358,#7359),
  .UNSPECIFIED.,.F.,.F.,(4,4),(0.,1.),.PIECEWISE_BEZIER_KNOTS.);
#7356 = CARTESIAN_POINT('',(-2.964922126309,-8.515763676613,
    2.595294117647));
#7357 = CARTESIAN_POINT('',(-2.966729655361,-8.836418877935,
    2.595294117647));
#7358 = CARTESIAN_POINT('',(-2.917592227599,-9.307589486304,
    2.595294117647));
#7359 = CARTESIAN_POINT('',(-2.715913204512,-9.913516614929,
    2.595294117647));
#7360 = ORIENTED_EDGE('',*,*,#7361,.T.);
#7361 = EDGE_CURVE('',#7353,#7362,#7364,.T.);
#7362 = VERTEX_POINT('',#7363);
#7363 = CARTESIAN_POINT('',(-1.853466867763,-10.10885185705,
    2.595294117647));
#7364 = CIRCLE('',#7365,10.277364705884);
#7365 = AXIS2_PLACEMENT_3D('',#7366,#7367,#7368);
#7366 = CARTESIAN_POINT('',(-1.657446380869E-02,3.02490218716E-03,
    2.595294117647));
#7367 = DIRECTION('',(0.,0.,1.));
#7368 = DIRECTION('',(-0.262648920025,-0.964891467891,0.));
#7369 = ORIENTED_EDGE('',*,*,#7370,.T.);
#7370 = EDGE_CURVE('',#7362,#7371,#7373,.T.);
#7371 = VERTEX_POINT('',#7372);
#7372 = CARTESIAN_POINT('',(-1.023548853891,-8.958869457398,
    2.595294117647));
#7373 = B_SPLINE_CURVE_WITH_KNOTS('',3,(#7374,#7375,#7376,#7377),
  .UNSPECIFIED.,.F.,.F.,(4,4),(0.,1.),.PIECEWISE_BEZIER_KNOTS.);
#7374 = CARTESIAN_POINT('',(-1.853466867763,-10.10885185705,
    2.595294117647));
#7375 = CARTESIAN_POINT('',(-1.409751962188,-9.651744187307,
    2.595294117647));
#7376 = CARTESIAN_POINT('',(-1.161047404204,-9.248554068584,
    2.595294117647));
#7377 = CARTESIAN_POINT('',(-1.023548853891,-8.958869457398,
    2.595294117647));
#7378 = ORIENTED_EDGE('',*,*,#7379,.T.);
#7379 = EDGE_CURVE('',#7371,#7380,#7382,.T.);
#7380 = VERTEX_POINT('',#7381);
#7381 = CARTESIAN_POINT('',(-0.867442658408,-8.511546078609,
    2.595294117647));
#7382 = B_SPLINE_CURVE_WITH_KNOTS('',3,(#7383,#7384,#7385,#7386),
  .UNSPECIFIED.,.F.,.F.,(4,4),(0.,1.),.PIECEWISE_BEZIER_KNOTS.);
#7383 = CARTESIAN_POINT('',(-1.023548853891,-8.958869457398,
    2.595294117647));
#7384 = CARTESIAN_POINT('',(-0.909479240936,-8.715892762265,
    2.595294117647));
#7385 = CARTESIAN_POINT('',(-0.876230828195,-8.562933789644,
    2.595294117647));
#7386 = CARTESIAN_POINT('',(-0.867442658408,-8.511546078609,
    2.595294117647));
#7387 = ORIENTED_EDGE('',*,*,#7388,.T.);
#7388 = EDGE_CURVE('',#7380,#7389,#7391,.T.);
#7389 = VERTEX_POINT('',#7390);
#7390 = CARTESIAN_POINT('',(-0.795133732226,-7.810394920553,
    2.595294117647));
#7391 = LINE('',#7392,#7393);
#7392 = CARTESIAN_POINT('',(-0.867442658408,-8.511546078609,
    2.595294117647));
#7393 = VECTOR('',#7394,1.);
#7394 = DIRECTION('',(0.10258478866,0.994724263872,0.));
#7395 = ORIENTED_EDGE('',*,*,#7396,.T.);
#7396 = EDGE_CURVE('',#7389,#7397,#7399,.T.);
#7397 = VERTEX_POINT('',#7398);
#7398 = CARTESIAN_POINT('',(-0.284872496111,-7.352141934458,
    2.595294117647));
#7399 = CIRCLE('',#7400,0.493105882353);
#7400 = AXIS2_PLACEMENT_3D('',#7401,#7402,#7403);
#7401 = CARTESIAN_POINT('',(-0.303236979514,-7.844905728746,
    2.595294117647));
#7402 = DIRECTION('',(0.,0.,-1.));
#7403 = DIRECTION('',(-0.997547931015,6.9986608206E-02,0.));
#7404 = ORIENTED_EDGE('',*,*,#7405,.T.);
#7405 = EDGE_CURVE('',#7397,#7406,#7408,.T.);
#7406 = VERTEX_POINT('',#7407);
#7407 = CARTESIAN_POINT('',(0.284872496111,-7.352141934458,
    2.595294117647));
#7408 = CIRCLE('',#7409,7.357658823529);
#7409 = AXIS2_PLACEMENT_3D('',#7410,#7411,#7412);
#7410 = CARTESIAN_POINT('',(-1.619E-14,-4.178E-13,2.595294117647));
#7411 = DIRECTION('',(0.,0.,1.));
#7412 = DIRECTION('',(-3.871781811894E-02,-0.999250184168,0.));
#7413 = ORIENTED_EDGE('',*,*,#7414,.T.);
#7414 = EDGE_CURVE('',#7406,#7415,#7417,.T.);
#7415 = VERTEX_POINT('',#7416);
#7416 = CARTESIAN_POINT('',(0.795133732226,-7.810394920553,
    2.595294117647));
#7417 = CIRCLE('',#7418,0.493105882353);
#7418 = AXIS2_PLACEMENT_3D('',#7419,#7420,#7421);
#7419 = CARTESIAN_POINT('',(0.303236979514,-7.844905728746,
    2.595294117647));
#7420 = DIRECTION('',(0.,0.,-1.));
#7421 = DIRECTION('',(-3.724247481195E-02,0.999306258396,0.));
#7422 = ORIENTED_EDGE('',*,*,#7423,.T.);
#7423 = EDGE_CURVE('',#7415,#7424,#7426,.T.);
#7424 = VERTEX_POINT('',#7425);
#7425 = CARTESIAN_POINT('',(0.867442658408,-8.511546078609,
    2.595294117647));
#7426 = LINE('',#7427,#7428);
#7427 = CARTESIAN_POINT('',(0.795133732226,-7.810394920553,
    2.595294117647));
#7428 = VECTOR('',#7429,1.);
#7429 = DIRECTION('',(0.10258478866,-0.994724263872,0.));
#7430 = ORIENTED_EDGE('',*,*,#7431,.T.);
#7431 = EDGE_CURVE('',#7424,#7432,#7434,.T.);
#7432 = VERTEX_POINT('',#7433);
#7433 = CARTESIAN_POINT('',(1.023548853891,-8.958869457398,
    2.595294117647));
#7434 = B_SPLINE_CURVE_WITH_KNOTS('',3,(#7435,#7436,#7437,#7438),
  .UNSPECIFIED.,.F.,.F.,(4,4),(0.,1.),.PIECEWISE_BEZIER_KNOTS.);
#7435 = CARTESIAN_POINT('',(0.867442658408,-8.511546078609,
    2.595294117647));
#7436 = CARTESIAN_POINT('',(0.876230828195,-8.562933789644,
    2.595294117647));
#7437 = CARTESIAN_POINT('',(0.909479240936,-8.715892762265,
    2.595294117647));
#7438 = CARTESIAN_POINT('',(1.023548853891,-8.958869457398,
    2.595294117647));
#7439 = ORIENTED_EDGE('',*,*,#7440,.T.);
#7440 = EDGE_CURVE('',#7432,#7441,#7443,.T.);
#7441 = VERTEX_POINT('',#7442);
#7442 = CARTESIAN_POINT('',(1.854360411498,-10.11016041777,
    2.595294117647));
#7443 = B_SPLINE_CURVE_WITH_KNOTS('',3,(#7444,#7445,#7446,#7447),
  .UNSPECIFIED.,.F.,.F.,(4,4),(0.,1.),.PIECEWISE_BEZIER_KNOTS.);
#7444 = CARTESIAN_POINT('',(1.023548853891,-8.958869457398,
    2.595294117647));
#7445 = CARTESIAN_POINT('',(1.161047404204,-9.248554068584,
    2.595294117647));
#7446 = CARTESIAN_POINT('',(1.409751962188,-9.651744187307,
    2.595294117647));
#7447 = CARTESIAN_POINT('',(1.854360411498,-10.11016041777,
    2.595294117647));
#7448 = ORIENTED_EDGE('',*,*,#7449,.T.);
#7449 = EDGE_CURVE('',#7441,#7450,#7452,.T.);
#7450 = VERTEX_POINT('',#7451);
#7451 = CARTESIAN_POINT('',(2.71615049638,-9.911949948357,2.595294117647
    ));
#7452 = CIRCLE('',#7453,10.277364705883);
#7453 = AXIS2_PLACEMENT_3D('',#7454,#7455,#7456);
#7454 = CARTESIAN_POINT('',(-1.624553176504E-02,-4.466047632884E-03,
    2.595294117647));
#7455 = DIRECTION('',(-0.,0.,1.));
#7456 = DIRECTION('',(0.182012217801,-0.98329626897,0.));
#7457 = ORIENTED_EDGE('',*,*,#7458,.T.);
#7458 = EDGE_CURVE('',#7450,#7459,#7461,.T.);
#7459 = VERTEX_POINT('',#7460);
#7460 = CARTESIAN_POINT('',(2.964922126309,-8.515763676613,
    2.595294117647));
#7461 = B_SPLINE_CURVE_WITH_KNOTS('',3,(#7462,#7463,#7464,#7465),
  .UNSPECIFIED.,.F.,.F.,(4,4),(0.,1.),.PIECEWISE_BEZIER_KNOTS.);
#7462 = CARTESIAN_POINT('',(2.71615049638,-9.911949948357,2.595294117647
    ));
#7463 = CARTESIAN_POINT('',(2.917592227599,-9.307589486304,
    2.595294117647));
#7464 = CARTESIAN_POINT('',(2.966729655361,-8.836418877935,
    2.595294117647));
#7465 = CARTESIAN_POINT('',(2.964922126309,-8.515763676613,
    2.595294117647));
#7466 = ORIENTED_EDGE('',*,*,#7467,.T.);
#7467 = EDGE_CURVE('',#7459,#7468,#7470,.T.);
#7468 = VERTEX_POINT('',#7469);
#7469 = CARTESIAN_POINT('',(2.911482608342,-8.045007298644,
    2.595294117647));
#7470 = B_SPLINE_CURVE_WITH_KNOTS('',3,(#7471,#7472,#7473,#7474),
  .UNSPECIFIED.,.F.,.F.,(4,4),(0.,1.),.PIECEWISE_BEZIER_KNOTS.);
#7471 = CARTESIAN_POINT('',(2.964922126309,-8.515763676613,
    2.595294117647));
#7472 = CARTESIAN_POINT('',(2.962271659352,-8.247356288484,
    2.595294117647));
#7473 = CARTESIAN_POINT('',(2.925861033167,-8.095119070446,
    2.595294117647));
#7474 = CARTESIAN_POINT('',(2.911482608342,-8.045007298644,
    2.595294117647));
#7475 = ORIENTED_EDGE('',*,*,#7476,.T.);
#7476 = EDGE_CURVE('',#7468,#7477,#7479,.T.);
#7477 = VERTEX_POINT('',#7478);
#7478 = CARTESIAN_POINT('',(2.67241261356,-7.381918266278,2.595294117647
    ));
#7479 = LINE('',#7480,#7481);
#7480 = CARTESIAN_POINT('',(2.911482608342,-8.045007298644,
    2.595294117647));
#7481 = VECTOR('',#7482,1.);
#7482 = DIRECTION('',(-0.339168982097,0.940725465576,0.));
#7483 = ORIENTED_EDGE('',*,*,#7484,.T.);
#7484 = EDGE_CURVE('',#7477,#7485,#7487,.T.);
#7485 = VERTEX_POINT('',#7486);
#7486 = CARTESIAN_POINT('',(2.933313582728,-6.747652539131,
    2.595294117647));
#7487 = CIRCLE('',#7488,0.493105882353);
#7488 = AXIS2_PLACEMENT_3D('',#7489,#7490,#7491);
#7489 = CARTESIAN_POINT('',(3.130569952474,-7.199585427739,
    2.595294117647));
#7490 = DIRECTION('',(0.,0.,-1.));
#7491 = DIRECTION('',(-0.929125681341,-0.369764071094,-0.));
#7492 = ORIENTED_EDGE('',*,*,#7493,.T.);
#7493 = EDGE_CURVE('',#7485,#7494,#7496,.T.);
#7494 = VERTEX_POINT('',#7495);
#7495 = CARTESIAN_POINT('',(3.446636083363,-6.500449451563,
    2.595294117647));
#7496 = CIRCLE('',#7497,7.357658823529);
#7497 = AXIS2_PLACEMENT_3D('',#7498,#7499,#7500);
#7498 = CARTESIAN_POINT('',(2.5529E-13,-5.6302E-13,2.595294117647));
#7499 = DIRECTION('',(-0.,0.,1.));
#7500 = DIRECTION('',(0.398674857463,-0.917092338877,0.));
#7501 = ORIENTED_EDGE('',*,*,#7502,.T.);
#7502 = EDGE_CURVE('',#7494,#7503,#7505,.T.);
#7503 = VERTEX_POINT('',#7504);
#7504 = CARTESIAN_POINT('',(4.105194090669,-6.691927072605,
    2.595294117647));
#7505 = CIRCLE('',#7506,0.493105882353);
#7506 = AXIS2_PLACEMENT_3D('',#7507,#7508,#7509);
#7507 = CARTESIAN_POINT('',(3.676984108752,-6.936446238719,
    2.595294117647));
#7508 = DIRECTION('',(0.,0.,-1.));
#7509 = DIRECTION('',(-0.467137046286,0.88418492409,0.));
#7510 = ORIENTED_EDGE('',*,*,#7511,.T.);
#7511 = EDGE_CURVE('',#7503,#7512,#7514,.T.);
#7512 = VERTEX_POINT('',#7513);
#7513 = CARTESIAN_POINT('',(4.474560268175,-7.292268770443,
    2.595294117647));
#7514 = LINE('',#7515,#7516);
#7515 = CARTESIAN_POINT('',(4.105194090669,-6.691927072605,
    2.595294117647));
#7516 = VECTOR('',#7517,1.);
#7517 = DIRECTION('',(0.524020383903,-0.851705722215,0.));
#7518 = ORIENTED_EDGE('',*,*,#7519,.T.);
#7519 = EDGE_CURVE('',#7512,#7520,#7522,.T.);
#7520 = VERTEX_POINT('',#7521);
#7521 = CARTESIAN_POINT('',(4.809293430575,-7.627561268822,
    2.595294117647));
#7522 = B_SPLINE_CURVE_WITH_KNOTS('',3,(#7523,#7524,#7525,#7526),
  .UNSPECIFIED.,.F.,.F.,(4,4),(0.,1.),.PIECEWISE_BEZIER_KNOTS.);
#7523 = CARTESIAN_POINT('',(4.474560268175,-7.292268770443,
    2.595294117647));
#7524 = CARTESIAN_POINT('',(4.504774427767,-7.334754454312,
    2.595294117647));
#7525 = CARTESIAN_POINT('',(4.601096623526,-7.45813978107,2.595294117647
    ));
#7526 = CARTESIAN_POINT('',(4.809293430575,-7.627561268822,
    2.595294117647));
#7527 = ORIENTED_EDGE('',*,*,#7528,.T.);
#7528 = EDGE_CURVE('',#7520,#7529,#7531,.T.);
#7529 = VERTEX_POINT('',#7530);
#7530 = CARTESIAN_POINT('',(6.057355205774,-8.304362956903,
    2.595294117647));
#7531 = B_SPLINE_CURVE_WITH_KNOTS('',3,(#7532,#7533,#7534,#7535),
  .UNSPECIFIED.,.F.,.F.,(4,4),(0.,1.),.PIECEWISE_BEZIER_KNOTS.);
#7532 = CARTESIAN_POINT('',(4.809293430575,-7.627561268822,
    2.595294117647));
#7533 = CARTESIAN_POINT('',(5.058864786055,-7.828899699877,
    2.595294117647));
#7534 = CARTESIAN_POINT('',(5.457877486391,-8.084252581139,
    2.595294117647));
#7535 = CARTESIAN_POINT('',(6.057355205774,-8.304362956903,
    2.595294117647));
#7536 = ORIENTED_EDGE('',*,*,#7537,.T.);
#7537 = EDGE_CURVE('',#7529,#7538,#7540,.T.);
#7538 = VERTEX_POINT('',#7539);
#7539 = CARTESIAN_POINT('',(6.747800943316,-7.751864790301,
    2.595294117647));
#7540 = CIRCLE('',#7541,10.277364705881);
#7541 = AXIS2_PLACEMENT_3D('',#7542,#7543,#7544);
#7542 = CARTESIAN_POINT('',(-1.269897291591E-02,-1.107244194709E-02,
    2.595294117647));
#7543 = DIRECTION('',(-0.,0.,1.));
#7544 = DIRECTION('',(0.590623603657,-0.806947184643,0.));
#7545 = ORIENTED_EDGE('',*,*,#7546,.T.);
#7546 = EDGE_CURVE('',#7538,#7547,#7549,.T.);
#7547 = VERTEX_POINT('',#7548);
#7548 = CARTESIAN_POINT('',(6.36615391701,-6.386006460687,2.595294117647
    ));
#7549 = B_SPLINE_CURVE_WITH_KNOTS('',3,(#7550,#7551,#7552,#7553),
  .UNSPECIFIED.,.F.,.F.,(4,4),(0.,1.),.PIECEWISE_BEZIER_KNOTS.);
#7550 = CARTESIAN_POINT('',(6.747800943316,-7.751864790301,
    2.595294117647));
#7551 = CARTESIAN_POINT('',(6.66707149479,-7.119952537445,2.595294117647
    ));
#7552 = CARTESIAN_POINT('',(6.506909522131,-6.674122556946,
    2.595294117647));
#7553 = CARTESIAN_POINT('',(6.36615391701,-6.386006460687,2.595294117647
    ));
#7554 = ORIENTED_EDGE('',*,*,#7555,.T.);
#7555 = EDGE_CURVE('',#7547,#7556,#7558,.T.);
#7556 = VERTEX_POINT('',#7557);
#7557 = CARTESIAN_POINT('',(6.113753037519,-5.985056157643,
    2.595294117647));
#7558 = B_SPLINE_CURVE_WITH_KNOTS('',3,(#7559,#7560,#7561,#7562),
  .UNSPECIFIED.,.F.,.F.,(4,4),(0.,1.),.PIECEWISE_BEZIER_KNOTS.);
#7559 = CARTESIAN_POINT('',(6.36615391701,-6.386006460687,2.595294117647
    ));
#7560 = CARTESIAN_POINT('',(6.247308327628,-6.145329754582,
    2.595294117647));
#7561 = CARTESIAN_POINT('',(6.148450233579,-6.023966739227,
    2.595294117647));
#7562 = CARTESIAN_POINT('',(6.113753037519,-5.985056157643,
    2.595294117647));
#7563 = ORIENTED_EDGE('',*,*,#7564,.T.);
#7564 = EDGE_CURVE('',#7556,#7565,#7567,.T.);
#7565 = VERTEX_POINT('',#7566);
#7566 = CARTESIAN_POINT('',(5.61065486624,-5.491362166081,2.595294117647
    ));
#7567 = LINE('',#7568,#7569);
#7568 = CARTESIAN_POINT('',(6.113753037519,-5.985056157643,
    2.595294117647));
#7569 = VECTOR('',#7570,1.);
#7570 = DIRECTION('',(-0.713746176315,0.700404451582,0.));
#7571 = ORIENTED_EDGE('',*,*,#7572,.T.);
#7572 = EDGE_CURVE('',#7565,#7573,#7575,.T.);
#7573 = VERTEX_POINT('',#7574);
#7574 = CARTESIAN_POINT('',(5.570520931778,-4.806707803901,
    2.595294117647));
#7575 = CIRCLE('',#7576,0.493105882353);
#7576 = AXIS2_PLACEMENT_3D('',#7577,#7578,#7579);
#7577 = CARTESIAN_POINT('',(5.944329111454,-5.128298935648,
    2.595294117647));
#7578 = DIRECTION('',(0.,0.,-1.));
#7579 = DIRECTION('',(-0.6766786955,-0.736278441255,-0.));
#7580 = ORIENTED_EDGE('',*,*,#7581,.T.);
#7581 = EDGE_CURVE('',#7573,#7582,#7584,.T.);
#7582 = VERTEX_POINT('',#7583);
#7583 = CARTESIAN_POINT('',(5.925751124088,-4.361263232004,
    2.595294117647));
#7584 = CIRCLE('',#7585,7.357658823528);
#7585 = AXIS2_PLACEMENT_3D('',#7586,#7587,#7588);
#7586 = CARTESIAN_POINT('',(7.3935E-13,-5.9097E-13,2.595294117647));
#7587 = DIRECTION('',(-0.,0.,1.));
#7588 = DIRECTION('',(0.757105088097,-0.653293108472,0.));
#7589 = ORIENTED_EDGE('',*,*,#7590,.T.);
#7590 = EDGE_CURVE('',#7582,#7591,#7593,.T.);
#7591 = VERTEX_POINT('',#7592);
#7592 = CARTESIAN_POINT('',(6.602170412554,-4.248040996828,
    2.595294117647));
#7593 = CIRCLE('',#7594,0.493105882353);
#7594 = AXIS2_PLACEMENT_3D('',#7595,#7596,#7597);
#7595 = CARTESIAN_POINT('',(6.32245944,-4.654138501184,2.595294117647));
#7596 = DIRECTION('',(0.,0.,-1.));
#7597 = DIRECTION('',(-0.804509396683,0.593939921751,0.));
#7598 = ORIENTED_EDGE('',*,*,#7599,.T.);
#7599 = EDGE_CURVE('',#7591,#7600,#7602,.T.);
#7600 = VERTEX_POINT('',#7601);
#7601 = CARTESIAN_POINT('',(7.195436339949,-4.628668198484,
    2.595294117647));
#7602 = LINE('',#7603,#7604);
#7603 = CARTESIAN_POINT('',(6.602170412554,-4.248040996828,
    2.595294117647));
#7604 = VECTOR('',#7605,1.);
#7605 = DIRECTION('',(0.841667315425,-0.539996416789,0.));
#7606 = ORIENTED_EDGE('',*,*,#7607,.T.);
#7607 = EDGE_CURVE('',#7600,#7608,#7610,.T.);
#7608 = VERTEX_POINT('',#7609);
#7609 = CARTESIAN_POINT('',(7.64249846122,-4.785521025056,2.595294117647
    ));
#7610 = B_SPLINE_CURVE_WITH_KNOTS('',3,(#7611,#7612,#7613,#7614),
  .UNSPECIFIED.,.F.,.F.,(4,4),(0.,1.),.PIECEWISE_BEZIER_KNOTS.);
#7611 = CARTESIAN_POINT('',(7.195436339949,-4.628668198484,
    2.595294117647));
#7612 = CARTESIAN_POINT('',(7.241092204487,-4.653837044443,
    2.595294117647));
#7613 = CARTESIAN_POINT('',(7.38141039108,-4.723210748152,2.595294117647
    ));
#7614 = CARTESIAN_POINT('',(7.64249846122,-4.785521025056,2.595294117647
    ));
#7615 = ORIENTED_EDGE('',*,*,#7616,.T.);
#7616 = EDGE_CURVE('',#7608,#7617,#7619,.T.);
#7617 = VERTEX_POINT('',#7618);
#7618 = CARTESIAN_POINT('',(9.06061651296,-4.853784566088,2.595294117647
    ));
#7619 = B_SPLINE_CURVE_WITH_KNOTS('',3,(#7620,#7621,#7622,#7623),
  .UNSPECIFIED.,.F.,.F.,(4,4),(0.,1.),.PIECEWISE_BEZIER_KNOTS.);
#7620 = CARTESIAN_POINT('',(7.64249846122,-4.785521025056,2.595294117647
    ));
#7621 = CARTESIAN_POINT('',(7.954711954122,-4.858635730456,
    2.595294117647));
#7622 = CARTESIAN_POINT('',(8.425003437939,-4.915575604426,
    2.595294117647));
#7623 = CARTESIAN_POINT('',(9.06061651296,-4.853784566088,2.595294117647
    ));
#7624 = ORIENTED_EDGE('',*,*,#7625,.T.);
#7625 = EDGE_CURVE('',#7617,#7626,#7628,.T.);
#7626 = VERTEX_POINT('',#7627);
#7627 = CARTESIAN_POINT('',(9.442966657079,-4.056427740143,
    2.595294117647));
#7628 = CIRCLE('',#7629,10.277364705884);
#7629 = AXIS2_PLACEMENT_3D('',#7630,#7631,#7632);
#7630 = CARTESIAN_POINT('',(-6.637226740383E-03,-1.548580333675E-02,
    2.595294117647));
#7631 = DIRECTION('',(-0.,0.,1.));
#7632 = DIRECTION('',(0.882254741287,-0.470772313838,0.));
#7633 = ORIENTED_EDGE('',*,*,#7634,.T.);
#7634 = EDGE_CURVE('',#7626,#7635,#7637,.T.);
#7635 = VERTEX_POINT('',#7636);
#7636 = CARTESIAN_POINT('',(8.506490848693,-2.991422345993,
    2.595294117647));
#7637 = B_SPLINE_CURVE_WITH_KNOTS('',3,(#7638,#7639,#7640,#7641),
  .UNSPECIFIED.,.F.,.F.,(4,4),(0.,1.),.PIECEWISE_BEZIER_KNOTS.);
#7638 = CARTESIAN_POINT('',(9.442966657079,-4.056427740143,
    2.595294117647));
#7639 = CARTESIAN_POINT('',(9.096055486172,-3.522121668057,
    2.595294117647));
#7640 = CARTESIAN_POINT('',(8.758316156034,-3.189934410812,
    2.595294117647));
#7641 = CARTESIAN_POINT('',(8.506490848693,-2.991422345993,
    2.595294117647));
#7642 = ORIENTED_EDGE('',*,*,#7643,.T.);
#7643 = EDGE_CURVE('',#7635,#7644,#7646,.T.);
#7644 = VERTEX_POINT('',#7645);
#7645 = CARTESIAN_POINT('',(8.105119697355,-2.739691242724,
    2.595294117647));
#7646 = B_SPLINE_CURVE_WITH_KNOTS('',3,(#7647,#7648,#7649,#7650),
  .UNSPECIFIED.,.F.,.F.,(4,4),(0.,1.),.PIECEWISE_BEZIER_KNOTS.);
#7647 = CARTESIAN_POINT('',(8.506490848693,-2.991422345993,
    2.595294117647));
#7648 = CARTESIAN_POINT('',(8.294988963409,-2.826145295261,
    2.595294117647));
#7649 = CARTESIAN_POINT('',(8.153263459438,-2.759693916199,
    2.595294117647));
#7650 = CARTESIAN_POINT('',(8.105119697355,-2.739691242724,
    2.595294117647));
#7651 = ORIENTED_EDGE('',*,*,#7652,.T.);
#7652 = EDGE_CURVE('',#7644,#7653,#7655,.T.);
#7653 = VERTEX_POINT('',#7654);
#7654 = CARTESIAN_POINT('',(7.437638112495,-2.513174441754,
    2.595294117647));
#7655 = LINE('',#7656,#7657);
#7656 = CARTESIAN_POINT('',(8.105119697355,-2.739691242724,
    2.595294117647));
#7657 = VECTOR('',#7658,1.);
#7658 = DIRECTION('',(-0.946957186791,0.321359746056,0.));
#7659 = ORIENTED_EDGE('',*,*,#7660,.T.);
#7660 = EDGE_CURVE('',#7653,#7661,#7663,.T.);
#7661 = VERTEX_POINT('',#7662);
#7662 = CARTESIAN_POINT('',(7.104418292333,-1.913735637706,
    2.595294117647));
#7663 = CIRCLE('',#7664,0.493105882353);
#7664 = AXIS2_PLACEMENT_3D('',#7665,#7666,#7667);
#7665 = CARTESIAN_POINT('',(7.580740987498,-2.041289944893,
    2.595294117647));
#7666 = DIRECTION('',(0.,0.,-1.));
#7667 = DIRECTION('',(-0.290207195095,-0.956963836263,-0.));
#7668 = ORIENTED_EDGE('',*,*,#7669,.T.);
#7669 = EDGE_CURVE('',#7661,#5178,#7670,.T.);
#7670 = CIRCLE('',#7671,7.357658823528);
#7671 = AXIS2_PLACEMENT_3D('',#7672,#7673,#7674);
#7672 = CARTESIAN_POINT('',(1.84983E-12,-4.3926E-13,2.595294117647));
#7673 = DIRECTION('',(-0.,0.,1.));
#7674 = DIRECTION('',(0.96558137075,-0.26010116582,0.));
#7675 = ORIENTED_EDGE('',*,*,#5185,.T.);
#7676 = FACE_BOUND('',#7677,.T.);
#7677 = EDGE_LOOP('',(#7678));
#7678 = ORIENTED_EDGE('',*,*,#7679,.F.);
#7679 = EDGE_CURVE('',#7680,#7680,#7682,.T.);
#7680 = VERTEX_POINT('',#7681);
#7681 = CARTESIAN_POINT('',(1.881588235294,0.,2.595294117647));
#7682 = CIRCLE('',#7683,1.881588235294);
#7683 = AXIS2_PLACEMENT_3D('',#7684,#7685,#7686);
#7684 = CARTESIAN_POINT('',(0.,0.,2.595294117647));
#7685 = DIRECTION('',(0.,0.,1.));
#7686 = DIRECTION('',(1.,0.,0.));
#7687 = PLANE('',#7688);
#7688 = AXIS2_PLACEMENT_3D('',#7689,#7690,#7691);
#7689 = CARTESIAN_POINT('',(2.5E-16,3.6E-16,2.595294117647));
#7690 = DIRECTION('',(0.,0.,1.));
#7691 = DIRECTION('',(1.,0.,0.));
#7692 = ADVANCED_FACE('',(#7693),#7704,.T.);
#7693 = FACE_BOUND('',#7694,.F.);
#7694 = EDGE_LOOP('',(#7695,#7701,#7702,#7703));
#7695 = ORIENTED_EDGE('',*,*,#7696,.T.);
#7696 = EDGE_CURVE('',#6435,#7661,#7697,.T.);
#7697 = LINE('',#7698,#7699);
#7698 = CARTESIAN_POINT('',(7.104418292333,-1.913735637706,0.));
#7699 = VECTOR('',#7700,1.);
#7700 = DIRECTION('',(0.,0.,1.));
#7701 = ORIENTED_EDGE('',*,*,#7669,.T.);
#7702 = ORIENTED_EDGE('',*,*,#5175,.F.);
#7703 = ORIENTED_EDGE('',*,*,#6443,.F.);
#7704 = CYLINDRICAL_SURFACE('',#7705,7.357658823528);
#7705 = AXIS2_PLACEMENT_3D('',#7706,#7707,#7708);
#7706 = CARTESIAN_POINT('',(1.84983E-12,-4.3926E-13,0.));
#7707 = DIRECTION('',(-0.,-0.,-1.));
#7708 = DIRECTION('',(0.96558137075,-0.26010116582,0.));
#7709 = ADVANCED_FACE('',(#7710),#7721,.F.);
#7710 = FACE_BOUND('',#7711,.F.);
#7711 = EDGE_LOOP('',(#7712,#7713,#7714,#7720));
#7712 = ORIENTED_EDGE('',*,*,#5218,.T.);
#7713 = ORIENTED_EDGE('',*,*,#6472,.T.);
#7714 = ORIENTED_EDGE('',*,*,#7715,.F.);
#7715 = EDGE_CURVE('',#5247,#6473,#7716,.T.);
#7716 = LINE('',#7717,#7718);
#7717 = CARTESIAN_POINT('',(10.269311598585,-0.441854614197,0.));
#7718 = VECTOR('',#7719,1.);
#7719 = DIRECTION('',(0.,0.,1.));
#7720 = ORIENTED_EDGE('',*,*,#5246,.F.);
#7721 = SURFACE_OF_LINEAR_EXTRUSION('',#7722,#7727);
#7722 = B_SPLINE_CURVE_WITH_KNOTS('',3,(#7723,#7724,#7725,#7726),
  .UNSPECIFIED.,.F.,.F.,(4,4),(0.,1.),.PIECEWISE_BEZIER_KNOTS.);
#7723 = CARTESIAN_POINT('',(8.962012942528,-0.995649651713,0.));
#7724 = CARTESIAN_POINT('',(9.275030861536,-0.926059367362,0.));
#7725 = CARTESIAN_POINT('',(9.723454132717,-0.773308593677,0.));
#7726 = CARTESIAN_POINT('',(10.269311598585,-0.441854614197,0.));
#7727 = VECTOR('',#7728,1.);
#7728 = DIRECTION('',(-0.,-0.,-1.));
#7729 = ADVANCED_FACE('',(#7730),#7741,.F.);
#7730 = FACE_BOUND('',#7731,.F.);
#7731 = EDGE_LOOP('',(#7732,#7738,#7739,#7740));
#7732 = ORIENTED_EDGE('',*,*,#7733,.T.);
#7733 = EDGE_CURVE('',#6427,#7653,#7734,.T.);
#7734 = LINE('',#7735,#7736);
#7735 = CARTESIAN_POINT('',(7.437638112495,-2.513174441754,0.));
#7736 = VECTOR('',#7737,1.);
#7737 = DIRECTION('',(0.,0.,1.));
#7738 = ORIENTED_EDGE('',*,*,#7660,.T.);
#7739 = ORIENTED_EDGE('',*,*,#7696,.F.);
#7740 = ORIENTED_EDGE('',*,*,#6434,.F.);
#7741 = CYLINDRICAL_SURFACE('',#7742,0.493105882353);
#7742 = AXIS2_PLACEMENT_3D('',#7743,#7744,#7745);
#7743 = CARTESIAN_POINT('',(7.580740987498,-2.041289944893,0.));
#7744 = DIRECTION('',(0.,0.,-1.));
#7745 = DIRECTION('',(-0.290207195095,-0.956963836263,-0.));
#7746 = ADVANCED_FACE('',(#7747),#7758,.T.);
#7747 = FACE_BOUND('',#7748,.F.);
#7748 = EDGE_LOOP('',(#7749,#7750,#7751,#7757));
#7749 = ORIENTED_EDGE('',*,*,#7715,.T.);
#7750 = ORIENTED_EDGE('',*,*,#6481,.T.);
#7751 = ORIENTED_EDGE('',*,*,#7752,.F.);
#7752 = EDGE_CURVE('',#5256,#6482,#7753,.T.);
#7753 = LINE('',#7754,#7755);
#7754 = CARTESIAN_POINT('',(10.267837014023,0.442434572771,0.));
#7755 = VECTOR('',#7756,1.);
#7756 = DIRECTION('',(0.,0.,1.));
#7757 = ORIENTED_EDGE('',*,*,#5255,.F.);
#7758 = CYLINDRICAL_SURFACE('',#7759,10.277364705883);
#7759 = AXIS2_PLACEMENT_3D('',#7760,#7761,#7762);
#7760 = CARTESIAN_POINT('',(7.391035936635E-04,-1.683201145636E-02,0.));
#7761 = DIRECTION('',(0.,0.,-1.));
#7762 = DIRECTION('',(0.99914450726,-4.135521263513E-02,0.));
#7763 = ADVANCED_FACE('',(#7764),#7775,.F.);
#7764 = FACE_BOUND('',#7765,.F.);
#7765 = EDGE_LOOP('',(#7766,#7772,#7773,#7774));
#7766 = ORIENTED_EDGE('',*,*,#7767,.T.);
#7767 = EDGE_CURVE('',#6418,#7644,#7768,.T.);
#7768 = LINE('',#7769,#7770);
#7769 = CARTESIAN_POINT('',(8.105119697355,-2.739691242724,0.));
#7770 = VECTOR('',#7771,1.);
#7771 = DIRECTION('',(0.,0.,1.));
#7772 = ORIENTED_EDGE('',*,*,#7652,.T.);
#7773 = ORIENTED_EDGE('',*,*,#7733,.F.);
#7774 = ORIENTED_EDGE('',*,*,#6426,.F.);
#7775 = PLANE('',#7776);
#7776 = AXIS2_PLACEMENT_3D('',#7777,#7778,#7779);
#7777 = CARTESIAN_POINT('',(8.105119697355,-2.739691242724,0.));
#7778 = DIRECTION('',(-0.321359746056,-0.946957186791,0.));
#7779 = DIRECTION('',(-0.946957186791,0.321359746056,0.));
#7780 = ADVANCED_FACE('',(#7781),#7792,.F.);
#7781 = FACE_BOUND('',#7782,.F.);
#7782 = EDGE_LOOP('',(#7783,#7784,#7785,#7791));
#7783 = ORIENTED_EDGE('',*,*,#7752,.T.);
#7784 = ORIENTED_EDGE('',*,*,#6490,.T.);
#7785 = ORIENTED_EDGE('',*,*,#7786,.F.);
#7786 = EDGE_CURVE('',#5265,#6491,#7787,.T.);
#7787 = LINE('',#7788,#7789);
#7788 = CARTESIAN_POINT('',(8.962012942528,0.995649651713,0.));
#7789 = VECTOR('',#7790,1.);
#7790 = DIRECTION('',(0.,0.,1.));
#7791 = ORIENTED_EDGE('',*,*,#5264,.F.);
#7792 = SURFACE_OF_LINEAR_EXTRUSION('',#7793,#7798);
#7793 = B_SPLINE_CURVE_WITH_KNOTS('',3,(#7794,#7795,#7796,#7797),
  .UNSPECIFIED.,.F.,.F.,(4,4),(0.,1.),.PIECEWISE_BEZIER_KNOTS.);
#7794 = CARTESIAN_POINT('',(10.267837014023,0.442434572771,0.));
#7795 = CARTESIAN_POINT('',(9.723454132717,0.773308593677,0.));
#7796 = CARTESIAN_POINT('',(9.275030861536,0.926059367362,0.));
#7797 = CARTESIAN_POINT('',(8.962012942528,0.995649651713,0.));
#7798 = VECTOR('',#7799,1.);
#7799 = DIRECTION('',(-0.,-0.,-1.));
#7800 = ADVANCED_FACE('',(#7801),#7812,.F.);
#7801 = FACE_BOUND('',#7802,.F.);
#7802 = EDGE_LOOP('',(#7803,#7809,#7810,#7811));
#7803 = ORIENTED_EDGE('',*,*,#7804,.T.);
#7804 = EDGE_CURVE('',#6409,#7635,#7805,.T.);
#7805 = LINE('',#7806,#7807);
#7806 = CARTESIAN_POINT('',(8.506490848693,-2.991422345993,0.));
#7807 = VECTOR('',#7808,1.);
#7808 = DIRECTION('',(0.,0.,1.));
#7809 = ORIENTED_EDGE('',*,*,#7643,.T.);
#7810 = ORIENTED_EDGE('',*,*,#7767,.F.);
#7811 = ORIENTED_EDGE('',*,*,#6417,.F.);
#7812 = SURFACE_OF_LINEAR_EXTRUSION('',#7813,#7818);
#7813 = B_SPLINE_CURVE_WITH_KNOTS('',3,(#7814,#7815,#7816,#7817),
  .UNSPECIFIED.,.F.,.F.,(4,4),(0.,1.),.PIECEWISE_BEZIER_KNOTS.);
#7814 = CARTESIAN_POINT('',(8.506490848693,-2.991422345993,0.));
#7815 = CARTESIAN_POINT('',(8.294988963409,-2.826145295261,0.));
#7816 = CARTESIAN_POINT('',(8.153263459438,-2.759693916199,0.));
#7817 = CARTESIAN_POINT('',(8.105119697355,-2.739691242724,0.));
#7818 = VECTOR('',#7819,1.);
#7819 = DIRECTION('',(-0.,-0.,-1.));
#7820 = ADVANCED_FACE('',(#7821),#7832,.F.);
#7821 = FACE_BOUND('',#7822,.F.);
#7822 = EDGE_LOOP('',(#7823,#7824,#7825,#7831));
#7823 = ORIENTED_EDGE('',*,*,#7786,.T.);
#7824 = ORIENTED_EDGE('',*,*,#6499,.T.);
#7825 = ORIENTED_EDGE('',*,*,#7826,.F.);
#7826 = EDGE_CURVE('',#5274,#6500,#7827,.T.);
#7827 = LINE('',#7828,#7829);
#7828 = CARTESIAN_POINT('',(8.49116799836,1.048303122925,0.));
#7829 = VECTOR('',#7830,1.);
#7830 = DIRECTION('',(0.,0.,1.));
#7831 = ORIENTED_EDGE('',*,*,#5273,.F.);
#7832 = SURFACE_OF_LINEAR_EXTRUSION('',#7833,#7838);
#7833 = B_SPLINE_CURVE_WITH_KNOTS('',3,(#7834,#7835,#7836,#7837),
  .UNSPECIFIED.,.F.,.F.,(4,4),(0.,1.),.PIECEWISE_BEZIER_KNOTS.);
#7834 = CARTESIAN_POINT('',(8.962012942528,0.995649651713,0.));
#7835 = CARTESIAN_POINT('',(8.699745303623,1.052791900184,0.));
#7836 = CARTESIAN_POINT('',(8.54322286394,1.051170132356,0.));
#7837 = CARTESIAN_POINT('',(8.49116799836,1.048303122925,0.));
#7838 = VECTOR('',#7839,1.);
#7839 = DIRECTION('',(-0.,-0.,-1.));
#7840 = ADVANCED_FACE('',(#7841),#7852,.F.);
#7841 = FACE_BOUND('',#7842,.F.);
#7842 = EDGE_LOOP('',(#7843,#7849,#7850,#7851));
#7843 = ORIENTED_EDGE('',*,*,#7844,.T.);
#7844 = EDGE_CURVE('',#6400,#7626,#7845,.T.);
#7845 = LINE('',#7846,#7847);
#7846 = CARTESIAN_POINT('',(9.442966657079,-4.056427740143,0.));
#7847 = VECTOR('',#7848,1.);
#7848 = DIRECTION('',(0.,0.,1.));
#7849 = ORIENTED_EDGE('',*,*,#7634,.T.);
#7850 = ORIENTED_EDGE('',*,*,#7804,.F.);
#7851 = ORIENTED_EDGE('',*,*,#6408,.F.);
#7852 = SURFACE_OF_LINEAR_EXTRUSION('',#7853,#7858);
#7853 = B_SPLINE_CURVE_WITH_KNOTS('',3,(#7854,#7855,#7856,#7857),
  .UNSPECIFIED.,.F.,.F.,(4,4),(0.,1.),.PIECEWISE_BEZIER_KNOTS.);
#7854 = CARTESIAN_POINT('',(9.442966657079,-4.056427740143,0.));
#7855 = CARTESIAN_POINT('',(9.096055486172,-3.522121668057,0.));
#7856 = CARTESIAN_POINT('',(8.758316156034,-3.189934410812,0.));
#7857 = CARTESIAN_POINT('',(8.506490848693,-2.991422345993,0.));
#7858 = VECTOR('',#7859,1.);
#7859 = DIRECTION('',(-0.,-0.,-1.));
#7860 = ADVANCED_FACE('',(#7861),#7872,.F.);
#7861 = FACE_BOUND('',#7862,.F.);
#7862 = EDGE_LOOP('',(#7863,#7864,#7865,#7871));
#7863 = ORIENTED_EDGE('',*,*,#7826,.T.);
#7864 = ORIENTED_EDGE('',*,*,#6508,.T.);
#7865 = ORIENTED_EDGE('',*,*,#7866,.F.);
#7866 = EDGE_CURVE('',#5283,#6509,#7867,.T.);
#7867 = LINE('',#7868,#7869);
#7868 = CARTESIAN_POINT('',(7.791505913926,0.962778302825,0.));
#7869 = VECTOR('',#7870,1.);
#7870 = DIRECTION('',(0.,0.,1.));
#7871 = ORIENTED_EDGE('',*,*,#5282,.F.);
#7872 = PLANE('',#7873);
#7873 = AXIS2_PLACEMENT_3D('',#7874,#7875,#7876);
#7874 = CARTESIAN_POINT('',(8.49116799836,1.048303122925,0.));
#7875 = DIRECTION('',(0.121334198396,-0.992611712756,0.));
#7876 = DIRECTION('',(-0.992611712756,-0.121334198396,0.));
#7877 = ADVANCED_FACE('',(#7878),#7889,.T.);
#7878 = FACE_BOUND('',#7879,.F.);
#7879 = EDGE_LOOP('',(#7880,#7886,#7887,#7888));
#7880 = ORIENTED_EDGE('',*,*,#7881,.T.);
#7881 = EDGE_CURVE('',#6391,#7617,#7882,.T.);
#7882 = LINE('',#7883,#7884);
#7883 = CARTESIAN_POINT('',(9.06061651296,-4.853784566088,0.));
#7884 = VECTOR('',#7885,1.);
#7885 = DIRECTION('',(0.,0.,1.));
#7886 = ORIENTED_EDGE('',*,*,#7625,.T.);
#7887 = ORIENTED_EDGE('',*,*,#7844,.F.);
#7888 = ORIENTED_EDGE('',*,*,#6399,.F.);
#7889 = CYLINDRICAL_SURFACE('',#7890,10.277364705884);
#7890 = AXIS2_PLACEMENT_3D('',#7891,#7892,#7893);
#7891 = CARTESIAN_POINT('',(-6.637226740383E-03,-1.548580333675E-02,0.)
  );
#7892 = DIRECTION('',(-0.,-0.,-1.));
#7893 = DIRECTION('',(0.882254741287,-0.470772313838,0.));
#7894 = ADVANCED_FACE('',(#7895),#7906,.F.);
#7895 = FACE_BOUND('',#7896,.F.);
#7896 = EDGE_LOOP('',(#7897,#7898,#7899,#7905));
#7897 = ORIENTED_EDGE('',*,*,#7866,.T.);
#7898 = ORIENTED_EDGE('',*,*,#6516,.T.);
#7899 = ORIENTED_EDGE('',*,*,#7900,.F.);
#7900 = EDGE_CURVE('',#5291,#6517,#7901,.T.);
#7901 = LINE('',#7902,#7903);
#7902 = CARTESIAN_POINT('',(7.231198480119,1.358275341964,0.));
#7903 = VECTOR('',#7904,1.);
#7904 = DIRECTION('',(0.,0.,1.));
#7905 = ORIENTED_EDGE('',*,*,#5290,.F.);
#7906 = CYLINDRICAL_SURFACE('',#7907,0.493105882353);
#7907 = AXIS2_PLACEMENT_3D('',#7908,#7909,#7910);
#7908 = CARTESIAN_POINT('',(7.715694139281,1.450021554226,0.));
#7909 = DIRECTION('',(0.,0.,-1.));
#7910 = DIRECTION('',(0.153743399457,-0.988110807108,0.));
#7911 = ADVANCED_FACE('',(#7912),#7923,.F.);
#7912 = FACE_BOUND('',#7913,.F.);
#7913 = EDGE_LOOP('',(#7914,#7920,#7921,#7922));
#7914 = ORIENTED_EDGE('',*,*,#7915,.T.);
#7915 = EDGE_CURVE('',#6382,#7608,#7916,.T.);
#7916 = LINE('',#7917,#7918);
#7917 = CARTESIAN_POINT('',(7.64249846122,-4.785521025056,0.));
#7918 = VECTOR('',#7919,1.);
#7919 = DIRECTION('',(0.,0.,1.));
#7920 = ORIENTED_EDGE('',*,*,#7616,.T.);
#7921 = ORIENTED_EDGE('',*,*,#7881,.F.);
#7922 = ORIENTED_EDGE('',*,*,#6390,.F.);
#7923 = SURFACE_OF_LINEAR_EXTRUSION('',#7924,#7929);
#7924 = B_SPLINE_CURVE_WITH_KNOTS('',3,(#7925,#7926,#7927,#7928),
  .UNSPECIFIED.,.F.,.F.,(4,4),(0.,1.),.PIECEWISE_BEZIER_KNOTS.);
#7925 = CARTESIAN_POINT('',(7.64249846122,-4.785521025056,0.));
#7926 = CARTESIAN_POINT('',(7.954711954122,-4.858635730456,0.));
#7927 = CARTESIAN_POINT('',(8.425003437939,-4.915575604426,0.));
#7928 = CARTESIAN_POINT('',(9.06061651296,-4.853784566088,0.));
#7929 = VECTOR('',#7930,1.);
#7930 = DIRECTION('',(-0.,-0.,-1.));
#7931 = ADVANCED_FACE('',(#7932),#7943,.T.);
#7932 = FACE_BOUND('',#7933,.F.);
#7933 = EDGE_LOOP('',(#7934,#7935,#7936,#7942));
#7934 = ORIENTED_EDGE('',*,*,#7900,.T.);
#7935 = ORIENTED_EDGE('',*,*,#6525,.T.);
#7936 = ORIENTED_EDGE('',*,*,#7937,.F.);
#7937 = EDGE_CURVE('',#5300,#6526,#7938,.T.);
#7938 = LINE('',#7939,#7940);
#7939 = CARTESIAN_POINT('',(7.104418292333,1.913735637706,0.));
#7940 = VECTOR('',#7941,1.);
#7941 = DIRECTION('',(0.,0.,1.));
#7942 = ORIENTED_EDGE('',*,*,#5299,.F.);
#7943 = CYLINDRICAL_SURFACE('',#7944,7.357658823528);
#7944 = AXIS2_PLACEMENT_3D('',#7945,#7946,#7947);
#7945 = CARTESIAN_POINT('',(8.9322E-13,2.0515E-13,0.));
#7946 = DIRECTION('',(-0.,-0.,-1.));
#7947 = DIRECTION('',(0.982812420847,0.184607002654,0.));
#7948 = ADVANCED_FACE('',(#7949),#7960,.F.);
#7949 = FACE_BOUND('',#7950,.F.);
#7950 = EDGE_LOOP('',(#7951,#7957,#7958,#7959));
#7951 = ORIENTED_EDGE('',*,*,#7952,.T.);
#7952 = EDGE_CURVE('',#6374,#7600,#7953,.T.);
#7953 = LINE('',#7954,#7955);
#7954 = CARTESIAN_POINT('',(7.195436339949,-4.628668198484,0.));
#7955 = VECTOR('',#7956,1.);
#7956 = DIRECTION('',(0.,0.,1.));
#7957 = ORIENTED_EDGE('',*,*,#7607,.T.);
#7958 = ORIENTED_EDGE('',*,*,#7915,.F.);
#7959 = ORIENTED_EDGE('',*,*,#6381,.F.);
#7960 = SURFACE_OF_LINEAR_EXTRUSION('',#7961,#7966);
#7961 = B_SPLINE_CURVE_WITH_KNOTS('',3,(#7962,#7963,#7964,#7965),
  .UNSPECIFIED.,.F.,.F.,(4,4),(0.,1.),.PIECEWISE_BEZIER_KNOTS.);
#7962 = CARTESIAN_POINT('',(7.195436339949,-4.628668198484,0.));
#7963 = CARTESIAN_POINT('',(7.241092204487,-4.653837044443,0.));
#7964 = CARTESIAN_POINT('',(7.38141039108,-4.723210748152,0.));
#7965 = CARTESIAN_POINT('',(7.64249846122,-4.785521025056,0.));
#7966 = VECTOR('',#7967,1.);
#7967 = DIRECTION('',(-0.,-0.,-1.));
#7968 = ADVANCED_FACE('',(#7969),#7980,.F.);
#7969 = FACE_BOUND('',#7970,.F.);
#7970 = EDGE_LOOP('',(#7971,#7972,#7973,#7979));
#7971 = ORIENTED_EDGE('',*,*,#7937,.T.);
#7972 = ORIENTED_EDGE('',*,*,#6534,.T.);
#7973 = ORIENTED_EDGE('',*,*,#7974,.F.);
#7974 = EDGE_CURVE('',#5309,#6535,#7975,.T.);
#7975 = LINE('',#7976,#7977);
#7976 = CARTESIAN_POINT('',(7.437638112495,2.513174441754,0.));
#7977 = VECTOR('',#7978,1.);
#7978 = DIRECTION('',(0.,0.,1.));
#7979 = ORIENTED_EDGE('',*,*,#5308,.F.);
#7980 = CYLINDRICAL_SURFACE('',#7981,0.493105882353);
#7981 = AXIS2_PLACEMENT_3D('',#7982,#7983,#7984);
#7982 = CARTESIAN_POINT('',(7.580740987498,2.041289944893,0.));
#7983 = DIRECTION('',(0.,0.,-1.));
#7984 = DIRECTION('',(-0.96596433385,-0.25867529014,-0.));
#7985 = ADVANCED_FACE('',(#7986),#7997,.F.);
#7986 = FACE_BOUND('',#7987,.F.);
#7987 = EDGE_LOOP('',(#7988,#7994,#7995,#7996));
#7988 = ORIENTED_EDGE('',*,*,#7989,.T.);
#7989 = EDGE_CURVE('',#6365,#7591,#7990,.T.);
#7990 = LINE('',#7991,#7992);
#7991 = CARTESIAN_POINT('',(6.602170412554,-4.248040996828,0.));
#7992 = VECTOR('',#7993,1.);
#7993 = DIRECTION('',(0.,0.,1.));
#7994 = ORIENTED_EDGE('',*,*,#7599,.T.);
#7995 = ORIENTED_EDGE('',*,*,#7952,.F.);
#7996 = ORIENTED_EDGE('',*,*,#6373,.F.);
#7997 = PLANE('',#7998);
#7998 = AXIS2_PLACEMENT_3D('',#7999,#8000,#8001);
#7999 = CARTESIAN_POINT('',(6.602170412554,-4.248040996828,0.));
#8000 = DIRECTION('',(0.539996416789,0.841667315425,0.));
#8001 = DIRECTION('',(0.841667315425,-0.539996416789,0.));
#8002 = ADVANCED_FACE('',(#8003),#8014,.F.);
#8003 = FACE_BOUND('',#8004,.F.);
#8004 = EDGE_LOOP('',(#8005,#8006,#8007,#8013));
#8005 = ORIENTED_EDGE('',*,*,#7974,.T.);
#8006 = ORIENTED_EDGE('',*,*,#6543,.T.);
#8007 = ORIENTED_EDGE('',*,*,#8008,.F.);
#8008 = EDGE_CURVE('',#5318,#6544,#8009,.T.);
#8009 = LINE('',#8010,#8011);
#8010 = CARTESIAN_POINT('',(8.105119697355,2.739691242724,0.));
#8011 = VECTOR('',#8012,1.);
#8012 = DIRECTION('',(0.,0.,1.));
#8013 = ORIENTED_EDGE('',*,*,#5317,.F.);
#8014 = PLANE('',#8015);
#8015 = AXIS2_PLACEMENT_3D('',#8016,#8017,#8018);
#8016 = CARTESIAN_POINT('',(7.437638112495,2.513174441754,0.));
#8017 = DIRECTION('',(-0.321359746056,0.946957186791,0.));
#8018 = DIRECTION('',(0.946957186791,0.321359746056,0.));
#8019 = ADVANCED_FACE('',(#8020),#8031,.F.);
#8020 = FACE_BOUND('',#8021,.F.);
#8021 = EDGE_LOOP('',(#8022,#8028,#8029,#8030));
#8022 = ORIENTED_EDGE('',*,*,#8023,.T.);
#8023 = EDGE_CURVE('',#6356,#7582,#8024,.T.);
#8024 = LINE('',#8025,#8026);
#8025 = CARTESIAN_POINT('',(5.925751124088,-4.361263232004,0.));
#8026 = VECTOR('',#8027,1.);
#8027 = DIRECTION('',(0.,0.,1.));
#8028 = ORIENTED_EDGE('',*,*,#7590,.T.);
#8029 = ORIENTED_EDGE('',*,*,#7989,.F.);
#8030 = ORIENTED_EDGE('',*,*,#6364,.F.);
#8031 = CYLINDRICAL_SURFACE('',#8032,0.493105882353);
#8032 = AXIS2_PLACEMENT_3D('',#8033,#8034,#8035);
#8033 = CARTESIAN_POINT('',(6.32245944,-4.654138501184,0.));
#8034 = DIRECTION('',(0.,0.,-1.));
#8035 = DIRECTION('',(-0.804509396683,0.593939921751,0.));
#8036 = ADVANCED_FACE('',(#8037),#8048,.F.);
#8037 = FACE_BOUND('',#8038,.F.);
#8038 = EDGE_LOOP('',(#8039,#8040,#8041,#8047));
#8039 = ORIENTED_EDGE('',*,*,#8008,.T.);
#8040 = ORIENTED_EDGE('',*,*,#6551,.T.);
#8041 = ORIENTED_EDGE('',*,*,#8042,.F.);
#8042 = EDGE_CURVE('',#5326,#6552,#8043,.T.);
#8043 = LINE('',#8044,#8045);
#8044 = CARTESIAN_POINT('',(8.506490848693,2.991422345993,0.));
#8045 = VECTOR('',#8046,1.);
#8046 = DIRECTION('',(0.,0.,1.));
#8047 = ORIENTED_EDGE('',*,*,#5325,.F.);
#8048 = SURFACE_OF_LINEAR_EXTRUSION('',#8049,#8054);
#8049 = B_SPLINE_CURVE_WITH_KNOTS('',3,(#8050,#8051,#8052,#8053),
  .UNSPECIFIED.,.F.,.F.,(4,4),(0.,1.),.PIECEWISE_BEZIER_KNOTS.);
#8050 = CARTESIAN_POINT('',(8.105119697355,2.739691242724,0.));
#8051 = CARTESIAN_POINT('',(8.153263459438,2.759693916199,0.));
#8052 = CARTESIAN_POINT('',(8.294988963409,2.826145295261,0.));
#8053 = CARTESIAN_POINT('',(8.506490848693,2.991422345993,0.));
#8054 = VECTOR('',#8055,1.);
#8055 = DIRECTION('',(-0.,-0.,-1.));
#8056 = ADVANCED_FACE('',(#8057),#8068,.T.);
#8057 = FACE_BOUND('',#8058,.F.);
#8058 = EDGE_LOOP('',(#8059,#8065,#8066,#8067));
#8059 = ORIENTED_EDGE('',*,*,#8060,.T.);
#8060 = EDGE_CURVE('',#6347,#7573,#8061,.T.);
#8061 = LINE('',#8062,#8063);
#8062 = CARTESIAN_POINT('',(5.570520931778,-4.806707803901,0.));
#8063 = VECTOR('',#8064,1.);
#8064 = DIRECTION('',(0.,0.,1.));
#8065 = ORIENTED_EDGE('',*,*,#7581,.T.);
#8066 = ORIENTED_EDGE('',*,*,#8023,.F.);
#8067 = ORIENTED_EDGE('',*,*,#6355,.F.);
#8068 = CYLINDRICAL_SURFACE('',#8069,7.357658823528);
#8069 = AXIS2_PLACEMENT_3D('',#8070,#8071,#8072);
#8070 = CARTESIAN_POINT('',(7.3935E-13,-5.9097E-13,0.));
#8071 = DIRECTION('',(-0.,-0.,-1.));
#8072 = DIRECTION('',(0.757105088097,-0.653293108472,0.));
#8073 = ADVANCED_FACE('',(#8074),#8085,.F.);
#8074 = FACE_BOUND('',#8075,.F.);
#8075 = EDGE_LOOP('',(#8076,#8077,#8078,#8084));
#8076 = ORIENTED_EDGE('',*,*,#8042,.T.);
#8077 = ORIENTED_EDGE('',*,*,#6560,.T.);
#8078 = ORIENTED_EDGE('',*,*,#8079,.F.);
#8079 = EDGE_CURVE('',#5335,#6561,#8080,.T.);
#8080 = LINE('',#8081,#8082);
#8081 = CARTESIAN_POINT('',(9.444043577268,4.057590063027,0.));
#8082 = VECTOR('',#8083,1.);
#8083 = DIRECTION('',(0.,0.,1.));
#8084 = ORIENTED_EDGE('',*,*,#5334,.F.);
#8085 = SURFACE_OF_LINEAR_EXTRUSION('',#8086,#8091);
#8086 = B_SPLINE_CURVE_WITH_KNOTS('',3,(#8087,#8088,#8089,#8090),
  .UNSPECIFIED.,.F.,.F.,(4,4),(0.,1.),.PIECEWISE_BEZIER_KNOTS.);
#8087 = CARTESIAN_POINT('',(8.506490848693,2.991422345993,0.));
#8088 = CARTESIAN_POINT('',(8.758316156034,3.189934410811,0.));
#8089 = CARTESIAN_POINT('',(9.096055486172,3.522121668057,0.));
#8090 = CARTESIAN_POINT('',(9.444043577268,4.057590063027,0.));
#8091 = VECTOR('',#8092,1.);
#8092 = DIRECTION('',(-0.,-0.,-1.));
#8093 = ADVANCED_FACE('',(#8094),#8105,.F.);
#8094 = FACE_BOUND('',#8095,.F.);
#8095 = EDGE_LOOP('',(#8096,#8102,#8103,#8104));
#8096 = ORIENTED_EDGE('',*,*,#8097,.T.);
#8097 = EDGE_CURVE('',#6339,#7565,#8098,.T.);
#8098 = LINE('',#8099,#8100);
#8099 = CARTESIAN_POINT('',(5.61065486624,-5.491362166081,0.));
#8100 = VECTOR('',#8101,1.);
#8101 = DIRECTION('',(0.,0.,1.));
#8102 = ORIENTED_EDGE('',*,*,#7572,.T.);
#8103 = ORIENTED_EDGE('',*,*,#8060,.F.);
#8104 = ORIENTED_EDGE('',*,*,#6346,.F.);
#8105 = CYLINDRICAL_SURFACE('',#8106,0.493105882353);
#8106 = AXIS2_PLACEMENT_3D('',#8107,#8108,#8109);
#8107 = CARTESIAN_POINT('',(5.944329111454,-5.128298935648,0.));
#8108 = DIRECTION('',(0.,0.,-1.));
#8109 = DIRECTION('',(-0.6766786955,-0.736278441255,-0.));
#8110 = ADVANCED_FACE('',(#8111),#8122,.T.);
#8111 = FACE_BOUND('',#8112,.F.);
#8112 = EDGE_LOOP('',(#8113,#8114,#8115,#8121));
#8113 = ORIENTED_EDGE('',*,*,#8079,.T.);
#8114 = ORIENTED_EDGE('',*,*,#6569,.T.);
#8115 = ORIENTED_EDGE('',*,*,#8116,.F.);
#8116 = EDGE_CURVE('',#5344,#6570,#8117,.T.);
#8117 = LINE('',#8118,#8119);
#8118 = CARTESIAN_POINT('',(9.059036323582,4.853667292444,0.));
#8119 = VECTOR('',#8120,1.);
#8120 = DIRECTION('',(0.,0.,1.));
#8121 = ORIENTED_EDGE('',*,*,#5343,.F.);
#8122 = CYLINDRICAL_SURFACE('',#8123,10.277364705884);
#8123 = AXIS2_PLACEMENT_3D('',#8124,#8125,#8126);
#8124 = CARTESIAN_POINT('',(7.969045394155E-03,-1.484443327623E-02,0.));
#8125 = DIRECTION('',(-0.,-0.,-1.));
#8126 = DIRECTION('',(0.918141449867,0.396252795619,0.));
#8127 = ADVANCED_FACE('',(#8128),#8139,.F.);
#8128 = FACE_BOUND('',#8129,.F.);
#8129 = EDGE_LOOP('',(#8130,#8136,#8137,#8138));
#8130 = ORIENTED_EDGE('',*,*,#8131,.T.);
#8131 = EDGE_CURVE('',#6330,#7556,#8132,.T.);
#8132 = LINE('',#8133,#8134);
#8133 = CARTESIAN_POINT('',(6.113753037519,-5.985056157643,0.));
#8134 = VECTOR('',#8135,1.);
#8135 = DIRECTION('',(0.,0.,1.));
#8136 = ORIENTED_EDGE('',*,*,#7564,.T.);
#8137 = ORIENTED_EDGE('',*,*,#8097,.F.);
#8138 = ORIENTED_EDGE('',*,*,#6338,.F.);
#8139 = PLANE('',#8140);
#8140 = AXIS2_PLACEMENT_3D('',#8141,#8142,#8143);
#8141 = CARTESIAN_POINT('',(6.113753037519,-5.985056157643,0.));
#8142 = DIRECTION('',(-0.700404451582,-0.713746176315,0.));
#8143 = DIRECTION('',(-0.713746176315,0.700404451582,0.));
#8144 = ADVANCED_FACE('',(#8145),#8156,.F.);
#8145 = FACE_BOUND('',#8146,.F.);
#8146 = EDGE_LOOP('',(#8147,#8148,#8149,#8155));
#8147 = ORIENTED_EDGE('',*,*,#8116,.T.);
#8148 = ORIENTED_EDGE('',*,*,#6578,.T.);
#8149 = ORIENTED_EDGE('',*,*,#8150,.F.);
#8150 = EDGE_CURVE('',#5353,#6579,#8151,.T.);
#8151 = LINE('',#8152,#8153);
#8152 = CARTESIAN_POINT('',(7.64249846122,4.785521025056,0.));
#8153 = VECTOR('',#8154,1.);
#8154 = DIRECTION('',(0.,0.,1.));
#8155 = ORIENTED_EDGE('',*,*,#5352,.F.);
#8156 = SURFACE_OF_LINEAR_EXTRUSION('',#8157,#8162);
#8157 = B_SPLINE_CURVE_WITH_KNOTS('',3,(#8158,#8159,#8160,#8161),
  .UNSPECIFIED.,.F.,.F.,(4,4),(0.,1.),.PIECEWISE_BEZIER_KNOTS.);
#8158 = CARTESIAN_POINT('',(9.059036323582,4.853667292444,0.));
#8159 = CARTESIAN_POINT('',(8.425003437939,4.915575604426,0.));
#8160 = CARTESIAN_POINT('',(7.954711954122,4.858635730456,0.));
#8161 = CARTESIAN_POINT('',(7.64249846122,4.785521025056,0.));
#8162 = VECTOR('',#8163,1.);
#8163 = DIRECTION('',(-0.,-0.,-1.));
#8164 = ADVANCED_FACE('',(#8165),#8176,.F.);
#8165 = FACE_BOUND('',#8166,.F.);
#8166 = EDGE_LOOP('',(#8167,#8173,#8174,#8175));
#8167 = ORIENTED_EDGE('',*,*,#8168,.T.);
#8168 = EDGE_CURVE('',#6321,#7547,#8169,.T.);
#8169 = LINE('',#8170,#8171);
#8170 = CARTESIAN_POINT('',(6.36615391701,-6.386006460687,0.));
#8171 = VECTOR('',#8172,1.);
#8172 = DIRECTION('',(0.,0.,1.));
#8173 = ORIENTED_EDGE('',*,*,#7555,.T.);
#8174 = ORIENTED_EDGE('',*,*,#8131,.F.);
#8175 = ORIENTED_EDGE('',*,*,#6329,.F.);
#8176 = SURFACE_OF_LINEAR_EXTRUSION('',#8177,#8182);
#8177 = B_SPLINE_CURVE_WITH_KNOTS('',3,(#8178,#8179,#8180,#8181),
  .UNSPECIFIED.,.F.,.F.,(4,4),(0.,1.),.PIECEWISE_BEZIER_KNOTS.);
#8178 = CARTESIAN_POINT('',(6.36615391701,-6.386006460687,0.));
#8179 = CARTESIAN_POINT('',(6.247308327628,-6.145329754582,0.));
#8180 = CARTESIAN_POINT('',(6.148450233579,-6.023966739227,0.));
#8181 = CARTESIAN_POINT('',(6.113753037519,-5.985056157643,0.));
#8182 = VECTOR('',#8183,1.);
#8183 = DIRECTION('',(-0.,-0.,-1.));
#8184 = ADVANCED_FACE('',(#8185),#8196,.F.);
#8185 = FACE_BOUND('',#8186,.F.);
#8186 = EDGE_LOOP('',(#8187,#8188,#8189,#8195));
#8187 = ORIENTED_EDGE('',*,*,#8150,.T.);
#8188 = ORIENTED_EDGE('',*,*,#6587,.T.);
#8189 = ORIENTED_EDGE('',*,*,#8190,.F.);
#8190 = EDGE_CURVE('',#5362,#6588,#8191,.T.);
#8191 = LINE('',#8192,#8193);
#8192 = CARTESIAN_POINT('',(7.195436339949,4.628668198484,0.));
#8193 = VECTOR('',#8194,1.);
#8194 = DIRECTION('',(0.,0.,1.));
#8195 = ORIENTED_EDGE('',*,*,#5361,.F.);
#8196 = SURFACE_OF_LINEAR_EXTRUSION('',#8197,#8202);
#8197 = B_SPLINE_CURVE_WITH_KNOTS('',3,(#8198,#8199,#8200,#8201),
  .UNSPECIFIED.,.F.,.F.,(4,4),(0.,1.),.PIECEWISE_BEZIER_KNOTS.);
#8198 = CARTESIAN_POINT('',(7.64249846122,4.785521025056,0.));
#8199 = CARTESIAN_POINT('',(7.38141039108,4.723210748152,0.));
#8200 = CARTESIAN_POINT('',(7.241092204487,4.653837044443,0.));
#8201 = CARTESIAN_POINT('',(7.195436339949,4.628668198484,0.));
#8202 = VECTOR('',#8203,1.);
#8203 = DIRECTION('',(-0.,-0.,-1.));
#8204 = ADVANCED_FACE('',(#8205),#8216,.F.);
#8205 = FACE_BOUND('',#8206,.F.);
#8206 = EDGE_LOOP('',(#8207,#8213,#8214,#8215));
#8207 = ORIENTED_EDGE('',*,*,#8208,.T.);
#8208 = EDGE_CURVE('',#6312,#7538,#8209,.T.);
#8209 = LINE('',#8210,#8211);
#8210 = CARTESIAN_POINT('',(6.747800943316,-7.751864790301,0.));
#8211 = VECTOR('',#8212,1.);
#8212 = DIRECTION('',(0.,0.,1.));
#8213 = ORIENTED_EDGE('',*,*,#7546,.T.);
#8214 = ORIENTED_EDGE('',*,*,#8168,.F.);
#8215 = ORIENTED_EDGE('',*,*,#6320,.F.);
#8216 = SURFACE_OF_LINEAR_EXTRUSION('',#8217,#8222);
#8217 = B_SPLINE_CURVE_WITH_KNOTS('',3,(#8218,#8219,#8220,#8221),
  .UNSPECIFIED.,.F.,.F.,(4,4),(0.,1.),.PIECEWISE_BEZIER_KNOTS.);
#8218 = CARTESIAN_POINT('',(6.747800943316,-7.751864790301,0.));
#8219 = CARTESIAN_POINT('',(6.66707149479,-7.119952537445,0.));
#8220 = CARTESIAN_POINT('',(6.506909522131,-6.674122556946,0.));
#8221 = CARTESIAN_POINT('',(6.36615391701,-6.386006460687,0.));
#8222 = VECTOR('',#8223,1.);
#8223 = DIRECTION('',(-0.,-0.,-1.));
#8224 = ADVANCED_FACE('',(#8225),#8236,.F.);
#8225 = FACE_BOUND('',#8226,.F.);
#8226 = EDGE_LOOP('',(#8227,#8228,#8229,#8235));
#8227 = ORIENTED_EDGE('',*,*,#8190,.T.);
#8228 = ORIENTED_EDGE('',*,*,#6596,.T.);
#8229 = ORIENTED_EDGE('',*,*,#8230,.F.);
#8230 = EDGE_CURVE('',#5371,#6597,#8231,.T.);
#8231 = LINE('',#8232,#8233);
#8232 = CARTESIAN_POINT('',(6.602170412554,4.248040996828,0.));
#8233 = VECTOR('',#8234,1.);
#8234 = DIRECTION('',(0.,0.,1.));
#8235 = ORIENTED_EDGE('',*,*,#5370,.F.);
#8236 = PLANE('',#8237);
#8237 = AXIS2_PLACEMENT_3D('',#8238,#8239,#8240);
#8238 = CARTESIAN_POINT('',(7.195436339949,4.628668198484,0.));
#8239 = DIRECTION('',(0.539996416789,-0.841667315425,0.));
#8240 = DIRECTION('',(-0.841667315425,-0.539996416789,0.));
#8241 = ADVANCED_FACE('',(#8242),#8253,.T.);
#8242 = FACE_BOUND('',#8243,.F.);
#8243 = EDGE_LOOP('',(#8244,#8250,#8251,#8252));
#8244 = ORIENTED_EDGE('',*,*,#8245,.T.);
#8245 = EDGE_CURVE('',#6303,#7529,#8246,.T.);
#8246 = LINE('',#8247,#8248);
#8247 = CARTESIAN_POINT('',(6.057355205774,-8.304362956903,0.));
#8248 = VECTOR('',#8249,1.);
#8249 = DIRECTION('',(0.,0.,1.));
#8250 = ORIENTED_EDGE('',*,*,#7537,.T.);
#8251 = ORIENTED_EDGE('',*,*,#8208,.F.);
#8252 = ORIENTED_EDGE('',*,*,#6311,.F.);
#8253 = CYLINDRICAL_SURFACE('',#8254,10.277364705881);
#8254 = AXIS2_PLACEMENT_3D('',#8255,#8256,#8257);
#8255 = CARTESIAN_POINT('',(-1.269897291591E-02,-1.107244194709E-02,0.)
  );
#8256 = DIRECTION('',(-0.,-0.,-1.));
#8257 = DIRECTION('',(0.590623603657,-0.806947184643,0.));
#8258 = ADVANCED_FACE('',(#8259),#8270,.F.);
#8259 = FACE_BOUND('',#8260,.F.);
#8260 = EDGE_LOOP('',(#8261,#8262,#8263,#8269));
#8261 = ORIENTED_EDGE('',*,*,#8230,.T.);
#8262 = ORIENTED_EDGE('',*,*,#6604,.T.);
#8263 = ORIENTED_EDGE('',*,*,#8264,.F.);
#8264 = EDGE_CURVE('',#5379,#6605,#8265,.T.);
#8265 = LINE('',#8266,#8267);
#8266 = CARTESIAN_POINT('',(5.925751124088,4.361263232004,0.));
#8267 = VECTOR('',#8268,1.);
#8268 = DIRECTION('',(0.,0.,1.));
#8269 = ORIENTED_EDGE('',*,*,#5378,.F.);
#8270 = CYLINDRICAL_SURFACE('',#8271,0.493105882353);
#8271 = AXIS2_PLACEMENT_3D('',#8272,#8273,#8274);
#8272 = CARTESIAN_POINT('',(6.32245944,4.654138501184,0.));
#8273 = DIRECTION('',(0.,0.,-1.));
#8274 = DIRECTION('',(0.567243228206,-0.823550314221,0.));
#8275 = ADVANCED_FACE('',(#8276),#8287,.F.);
#8276 = FACE_BOUND('',#8277,.F.);
#8277 = EDGE_LOOP('',(#8278,#8284,#8285,#8286));
#8278 = ORIENTED_EDGE('',*,*,#8279,.T.);
#8279 = EDGE_CURVE('',#6294,#7520,#8280,.T.);
#8280 = LINE('',#8281,#8282);
#8281 = CARTESIAN_POINT('',(4.809293430575,-7.627561268822,0.));
#8282 = VECTOR('',#8283,1.);
#8283 = DIRECTION('',(0.,0.,1.));
#8284 = ORIENTED_EDGE('',*,*,#7528,.T.);
#8285 = ORIENTED_EDGE('',*,*,#8245,.F.);
#8286 = ORIENTED_EDGE('',*,*,#6302,.F.);
#8287 = SURFACE_OF_LINEAR_EXTRUSION('',#8288,#8293);
#8288 = B_SPLINE_CURVE_WITH_KNOTS('',3,(#8289,#8290,#8291,#8292),
  .UNSPECIFIED.,.F.,.F.,(4,4),(0.,1.),.PIECEWISE_BEZIER_KNOTS.);
#8289 = CARTESIAN_POINT('',(4.809293430575,-7.627561268822,0.));
#8290 = CARTESIAN_POINT('',(5.058864786055,-7.828899699877,0.));
#8291 = CARTESIAN_POINT('',(5.457877486391,-8.084252581139,0.));
#8292 = CARTESIAN_POINT('',(6.057355205774,-8.304362956903,0.));
#8293 = VECTOR('',#8294,1.);
#8294 = DIRECTION('',(-0.,-0.,-1.));
#8295 = ADVANCED_FACE('',(#8296),#8307,.T.);
#8296 = FACE_BOUND('',#8297,.F.);
#8297 = EDGE_LOOP('',(#8298,#8299,#8300,#8306));
#8298 = ORIENTED_EDGE('',*,*,#8264,.T.);
#8299 = ORIENTED_EDGE('',*,*,#6613,.T.);
#8300 = ORIENTED_EDGE('',*,*,#8301,.F.);
#8301 = EDGE_CURVE('',#5388,#6614,#8302,.T.);
#8302 = LINE('',#8303,#8304);
#8303 = CARTESIAN_POINT('',(5.570520931778,4.806707803901,0.));
#8304 = VECTOR('',#8305,1.);
#8305 = DIRECTION('',(0.,0.,1.));
#8306 = ORIENTED_EDGE('',*,*,#5387,.F.);
#8307 = CYLINDRICAL_SURFACE('',#8308,7.357658823529);
#8308 = AXIS2_PLACEMENT_3D('',#8309,#8310,#8311);
#8309 = CARTESIAN_POINT('',(-3.515E-14,-1.412E-14,0.));
#8310 = DIRECTION('',(-0.,-0.,-1.));
#8311 = DIRECTION('',(0.805385417592,0.592751490196,0.));
#8312 = ADVANCED_FACE('',(#8313),#8324,.F.);
#8313 = FACE_BOUND('',#8314,.F.);
#8314 = EDGE_LOOP('',(#8315,#8321,#8322,#8323));
#8315 = ORIENTED_EDGE('',*,*,#8316,.T.);
#8316 = EDGE_CURVE('',#6286,#7512,#8317,.T.);
#8317 = LINE('',#8318,#8319);
#8318 = CARTESIAN_POINT('',(4.474560268175,-7.292268770443,0.));
#8319 = VECTOR('',#8320,1.);
#8320 = DIRECTION('',(0.,0.,1.));
#8321 = ORIENTED_EDGE('',*,*,#7519,.T.);
#8322 = ORIENTED_EDGE('',*,*,#8279,.F.);
#8323 = ORIENTED_EDGE('',*,*,#6293,.F.);
#8324 = SURFACE_OF_LINEAR_EXTRUSION('',#8325,#8330);
#8325 = B_SPLINE_CURVE_WITH_KNOTS('',3,(#8326,#8327,#8328,#8329),
  .UNSPECIFIED.,.F.,.F.,(4,4),(0.,1.),.PIECEWISE_BEZIER_KNOTS.);
#8326 = CARTESIAN_POINT('',(4.474560268175,-7.292268770443,0.));
#8327 = CARTESIAN_POINT('',(4.504774427767,-7.334754454312,0.));
#8328 = CARTESIAN_POINT('',(4.601096623526,-7.45813978107,0.));
#8329 = CARTESIAN_POINT('',(4.809293430575,-7.627561268822,0.));
#8330 = VECTOR('',#8331,1.);
#8331 = DIRECTION('',(-0.,-0.,-1.));
#8332 = ADVANCED_FACE('',(#8333),#8344,.F.);
#8333 = FACE_BOUND('',#8334,.F.);
#8334 = EDGE_LOOP('',(#8335,#8336,#8337,#8343));
#8335 = ORIENTED_EDGE('',*,*,#8301,.T.);
#8336 = ORIENTED_EDGE('',*,*,#6622,.T.);
#8337 = ORIENTED_EDGE('',*,*,#8338,.F.);
#8338 = EDGE_CURVE('',#5397,#6623,#8339,.T.);
#8339 = LINE('',#8340,#8341);
#8340 = CARTESIAN_POINT('',(5.61065486624,5.491362166081,0.));
#8341 = VECTOR('',#8342,1.);
#8342 = DIRECTION('',(0.,0.,1.));
#8343 = ORIENTED_EDGE('',*,*,#5396,.F.);
#8344 = CYLINDRICAL_SURFACE('',#8345,0.493105882353);
#8345 = AXIS2_PLACEMENT_3D('',#8346,#8347,#8348);
#8346 = CARTESIAN_POINT('',(5.944329111454,5.128298935648,0.));
#8347 = DIRECTION('',(0.,0.,-1.));
#8348 = DIRECTION('',(-0.7580687902,-0.652174600337,-0.));
#8349 = ADVANCED_FACE('',(#8350),#8361,.F.);
#8350 = FACE_BOUND('',#8351,.F.);
#8351 = EDGE_LOOP('',(#8352,#8358,#8359,#8360));
#8352 = ORIENTED_EDGE('',*,*,#8353,.T.);
#8353 = EDGE_CURVE('',#6277,#7503,#8354,.T.);
#8354 = LINE('',#8355,#8356);
#8355 = CARTESIAN_POINT('',(4.105194090669,-6.691927072605,0.));
#8356 = VECTOR('',#8357,1.);
#8357 = DIRECTION('',(0.,0.,1.));
#8358 = ORIENTED_EDGE('',*,*,#7511,.T.);
#8359 = ORIENTED_EDGE('',*,*,#8316,.F.);
#8360 = ORIENTED_EDGE('',*,*,#6285,.F.);
#8361 = PLANE('',#8362);
#8362 = AXIS2_PLACEMENT_3D('',#8363,#8364,#8365);
#8363 = CARTESIAN_POINT('',(4.105194090669,-6.691927072605,0.));
#8364 = DIRECTION('',(0.851705722215,0.524020383903,0.));
#8365 = DIRECTION('',(0.524020383903,-0.851705722215,0.));
#8366 = ADVANCED_FACE('',(#8367),#8378,.F.);
#8367 = FACE_BOUND('',#8368,.F.);
#8368 = EDGE_LOOP('',(#8369,#8370,#8371,#8377));
#8369 = ORIENTED_EDGE('',*,*,#8338,.T.);
#8370 = ORIENTED_EDGE('',*,*,#6631,.T.);
#8371 = ORIENTED_EDGE('',*,*,#8372,.F.);
#8372 = EDGE_CURVE('',#5406,#6632,#8373,.T.);
#8373 = LINE('',#8374,#8375);
#8374 = CARTESIAN_POINT('',(6.113753037519,5.985056157643,0.));
#8375 = VECTOR('',#8376,1.);
#8376 = DIRECTION('',(0.,0.,1.));
#8377 = ORIENTED_EDGE('',*,*,#5405,.F.);
#8378 = PLANE('',#8379);
#8379 = AXIS2_PLACEMENT_3D('',#8380,#8381,#8382);
#8380 = CARTESIAN_POINT('',(5.61065486624,5.491362166081,0.));
#8381 = DIRECTION('',(-0.700404451582,0.713746176315,0.));
#8382 = DIRECTION('',(0.713746176315,0.700404451582,0.));
#8383 = ADVANCED_FACE('',(#8384),#8395,.F.);
#8384 = FACE_BOUND('',#8385,.F.);
#8385 = EDGE_LOOP('',(#8386,#8392,#8393,#8394));
#8386 = ORIENTED_EDGE('',*,*,#8387,.T.);
#8387 = EDGE_CURVE('',#6268,#7494,#8388,.T.);
#8388 = LINE('',#8389,#8390);
#8389 = CARTESIAN_POINT('',(3.446636083363,-6.500449451563,0.));
#8390 = VECTOR('',#8391,1.);
#8391 = DIRECTION('',(0.,0.,1.));
#8392 = ORIENTED_EDGE('',*,*,#7502,.T.);
#8393 = ORIENTED_EDGE('',*,*,#8353,.F.);
#8394 = ORIENTED_EDGE('',*,*,#6276,.F.);
#8395 = CYLINDRICAL_SURFACE('',#8396,0.493105882353);
#8396 = AXIS2_PLACEMENT_3D('',#8397,#8398,#8399);
#8397 = CARTESIAN_POINT('',(3.676984108752,-6.936446238719,0.));
#8398 = DIRECTION('',(0.,0.,-1.));
#8399 = DIRECTION('',(-0.467137046286,0.88418492409,0.));
#8400 = ADVANCED_FACE('',(#8401),#8412,.F.);
#8401 = FACE_BOUND('',#8402,.F.);
#8402 = EDGE_LOOP('',(#8403,#8404,#8405,#8411));
#8403 = ORIENTED_EDGE('',*,*,#8372,.T.);
#8404 = ORIENTED_EDGE('',*,*,#6639,.T.);
#8405 = ORIENTED_EDGE('',*,*,#8406,.F.);
#8406 = EDGE_CURVE('',#5414,#6640,#8407,.T.);
#8407 = LINE('',#8408,#8409);
#8408 = CARTESIAN_POINT('',(6.36615391701,6.386006460687,0.));
#8409 = VECTOR('',#8410,1.);
#8410 = DIRECTION('',(0.,0.,1.));
#8411 = ORIENTED_EDGE('',*,*,#5413,.F.);
#8412 = SURFACE_OF_LINEAR_EXTRUSION('',#8413,#8418);
#8413 = B_SPLINE_CURVE_WITH_KNOTS('',3,(#8414,#8415,#8416,#8417),
  .UNSPECIFIED.,.F.,.F.,(4,4),(0.,1.),.PIECEWISE_BEZIER_KNOTS.);
#8414 = CARTESIAN_POINT('',(6.113753037519,5.985056157643,0.));
#8415 = CARTESIAN_POINT('',(6.148450233579,6.023966739227,0.));
#8416 = CARTESIAN_POINT('',(6.247308327628,6.145329754582,0.));
#8417 = CARTESIAN_POINT('',(6.36615391701,6.386006460687,0.));
#8418 = VECTOR('',#8419,1.);
#8419 = DIRECTION('',(-0.,-0.,-1.));
#8420 = ADVANCED_FACE('',(#8421),#8432,.T.);
#8421 = FACE_BOUND('',#8422,.F.);
#8422 = EDGE_LOOP('',(#8423,#8429,#8430,#8431));
#8423 = ORIENTED_EDGE('',*,*,#8424,.T.);
#8424 = EDGE_CURVE('',#6259,#7485,#8425,.T.);
#8425 = LINE('',#8426,#8427);
#8426 = CARTESIAN_POINT('',(2.933313582728,-6.747652539131,0.));
#8427 = VECTOR('',#8428,1.);
#8428 = DIRECTION('',(0.,0.,1.));
#8429 = ORIENTED_EDGE('',*,*,#7493,.T.);
#8430 = ORIENTED_EDGE('',*,*,#8387,.F.);
#8431 = ORIENTED_EDGE('',*,*,#6267,.F.);
#8432 = CYLINDRICAL_SURFACE('',#8433,7.357658823529);
#8433 = AXIS2_PLACEMENT_3D('',#8434,#8435,#8436);
#8434 = CARTESIAN_POINT('',(2.5529E-13,-5.6302E-13,0.));
#8435 = DIRECTION('',(-0.,-0.,-1.));
#8436 = DIRECTION('',(0.398674857463,-0.917092338877,0.));
#8437 = ADVANCED_FACE('',(#8438),#8449,.F.);
#8438 = FACE_BOUND('',#8439,.F.);
#8439 = EDGE_LOOP('',(#8440,#8441,#8442,#8448));
#8440 = ORIENTED_EDGE('',*,*,#8406,.T.);
#8441 = ORIENTED_EDGE('',*,*,#6648,.T.);
#8442 = ORIENTED_EDGE('',*,*,#8443,.F.);
#8443 = EDGE_CURVE('',#5423,#6649,#8444,.T.);
#8444 = LINE('',#8445,#8446);
#8445 = CARTESIAN_POINT('',(6.74826690188,7.753379265191,0.));
#8446 = VECTOR('',#8447,1.);
#8447 = DIRECTION('',(0.,0.,1.));
#8448 = ORIENTED_EDGE('',*,*,#5422,.F.);
#8449 = SURFACE_OF_LINEAR_EXTRUSION('',#8450,#8455);
#8450 = B_SPLINE_CURVE_WITH_KNOTS('',3,(#8451,#8452,#8453,#8454),
  .UNSPECIFIED.,.F.,.F.,(4,4),(0.,1.),.PIECEWISE_BEZIER_KNOTS.);
#8451 = CARTESIAN_POINT('',(6.36615391701,6.386006460687,0.));
#8452 = CARTESIAN_POINT('',(6.506909522131,6.674122556946,0.));
#8453 = CARTESIAN_POINT('',(6.66707149479,7.119952537445,0.));
#8454 = CARTESIAN_POINT('',(6.74826690188,7.753379265191,0.));
#8455 = VECTOR('',#8456,1.);
#8456 = DIRECTION('',(-0.,-0.,-1.));
#8457 = ADVANCED_FACE('',(#8458),#8469,.F.);
#8458 = FACE_BOUND('',#8459,.F.);
#8459 = EDGE_LOOP('',(#8460,#8466,#8467,#8468));
#8460 = ORIENTED_EDGE('',*,*,#8461,.T.);
#8461 = EDGE_CURVE('',#6251,#7477,#8462,.T.);
#8462 = LINE('',#8463,#8464);
#8463 = CARTESIAN_POINT('',(2.67241261356,-7.381918266278,0.));
#8464 = VECTOR('',#8465,1.);
#8465 = DIRECTION('',(0.,0.,1.));
#8466 = ORIENTED_EDGE('',*,*,#7484,.T.);
#8467 = ORIENTED_EDGE('',*,*,#8424,.F.);
#8468 = ORIENTED_EDGE('',*,*,#6258,.F.);
#8469 = CYLINDRICAL_SURFACE('',#8470,0.493105882353);
#8470 = AXIS2_PLACEMENT_3D('',#8471,#8472,#8473);
#8471 = CARTESIAN_POINT('',(3.130569952474,-7.199585427739,0.));
#8472 = DIRECTION('',(0.,0.,-1.));
#8473 = DIRECTION('',(-0.929125681341,-0.369764071094,-0.));
#8474 = ADVANCED_FACE('',(#8475),#8486,.T.);
#8475 = FACE_BOUND('',#8476,.F.);
#8476 = EDGE_LOOP('',(#8477,#8478,#8479,#8485));
#8477 = ORIENTED_EDGE('',*,*,#8443,.T.);
#8478 = ORIENTED_EDGE('',*,*,#6657,.T.);
#8479 = ORIENTED_EDGE('',*,*,#8480,.F.);
#8480 = EDGE_CURVE('',#5432,#6658,#8481,.T.);
#8481 = LINE('',#8482,#8483);
#8482 = CARTESIAN_POINT('',(6.055982387466,8.303571678526,0.));
#8483 = VECTOR('',#8484,1.);
#8484 = DIRECTION('',(0.,0.,1.));
#8485 = ORIENTED_EDGE('',*,*,#5431,.F.);
#8486 = CYLINDRICAL_SURFACE('',#8487,10.277364705881);
#8487 = AXIS2_PLACEMENT_3D('',#8488,#8489,#8490);
#8488 = CARTESIAN_POINT('',(1.362062002376E-02,-9.916733028552E-03,0.));
#8489 = DIRECTION('',(-0.,-0.,-1.));
#8490 = DIRECTION('',(0.655289218062,0.755378077979,0.));
#8491 = ADVANCED_FACE('',(#8492),#8503,.F.);
#8492 = FACE_BOUND('',#8493,.F.);
#8493 = EDGE_LOOP('',(#8494,#8500,#8501,#8502));
#8494 = ORIENTED_EDGE('',*,*,#8495,.T.);
#8495 = EDGE_CURVE('',#6242,#7468,#8496,.T.);
#8496 = LINE('',#8497,#8498);
#8497 = CARTESIAN_POINT('',(2.911482608342,-8.045007298644,0.));
#8498 = VECTOR('',#8499,1.);
#8499 = DIRECTION('',(0.,0.,1.));
#8500 = ORIENTED_EDGE('',*,*,#7476,.T.);
#8501 = ORIENTED_EDGE('',*,*,#8461,.F.);
#8502 = ORIENTED_EDGE('',*,*,#6250,.F.);
#8503 = PLANE('',#8504);
#8504 = AXIS2_PLACEMENT_3D('',#8505,#8506,#8507);
#8505 = CARTESIAN_POINT('',(2.911482608342,-8.045007298644,0.));
#8506 = DIRECTION('',(-0.940725465576,-0.339168982097,0.));
#8507 = DIRECTION('',(-0.339168982097,0.940725465576,0.));
#8508 = ADVANCED_FACE('',(#8509),#8520,.F.);
#8509 = FACE_BOUND('',#8510,.F.);
#8510 = EDGE_LOOP('',(#8511,#8512,#8513,#8519));
#8511 = ORIENTED_EDGE('',*,*,#8480,.T.);
#8512 = ORIENTED_EDGE('',*,*,#6666,.T.);
#8513 = ORIENTED_EDGE('',*,*,#8514,.F.);
#8514 = EDGE_CURVE('',#5441,#6667,#8515,.T.);
#8515 = LINE('',#8516,#8517);
#8516 = CARTESIAN_POINT('',(4.809293430575,7.627561268822,0.));
#8517 = VECTOR('',#8518,1.);
#8518 = DIRECTION('',(0.,0.,1.));
#8519 = ORIENTED_EDGE('',*,*,#5440,.F.);
#8520 = SURFACE_OF_LINEAR_EXTRUSION('',#8521,#8526);
#8521 = B_SPLINE_CURVE_WITH_KNOTS('',3,(#8522,#8523,#8524,#8525),
  .UNSPECIFIED.,.F.,.F.,(4,4),(0.,1.),.PIECEWISE_BEZIER_KNOTS.);
#8522 = CARTESIAN_POINT('',(6.055982387466,8.303571678526,0.));
#8523 = CARTESIAN_POINT('',(5.457877486391,8.084252581139,0.));
#8524 = CARTESIAN_POINT('',(5.058864786055,7.828899699877,0.));
#8525 = CARTESIAN_POINT('',(4.809293430575,7.627561268822,0.));
#8526 = VECTOR('',#8527,1.);
#8527 = DIRECTION('',(-0.,-0.,-1.));
#8528 = ADVANCED_FACE('',(#8529),#8540,.F.);
#8529 = FACE_BOUND('',#8530,.F.);
#8530 = EDGE_LOOP('',(#8531,#8537,#8538,#8539));
#8531 = ORIENTED_EDGE('',*,*,#8532,.T.);
#8532 = EDGE_CURVE('',#6233,#7459,#8533,.T.);
#8533 = LINE('',#8534,#8535);
#8534 = CARTESIAN_POINT('',(2.964922126309,-8.515763676613,0.));
#8535 = VECTOR('',#8536,1.);
#8536 = DIRECTION('',(0.,0.,1.));
#8537 = ORIENTED_EDGE('',*,*,#7467,.T.);
#8538 = ORIENTED_EDGE('',*,*,#8495,.F.);
#8539 = ORIENTED_EDGE('',*,*,#6241,.F.);
#8540 = SURFACE_OF_LINEAR_EXTRUSION('',#8541,#8546);
#8541 = B_SPLINE_CURVE_WITH_KNOTS('',3,(#8542,#8543,#8544,#8545),
  .UNSPECIFIED.,.F.,.F.,(4,4),(0.,1.),.PIECEWISE_BEZIER_KNOTS.);
#8542 = CARTESIAN_POINT('',(2.964922126309,-8.515763676613,0.));
#8543 = CARTESIAN_POINT('',(2.962271659352,-8.247356288484,0.));
#8544 = CARTESIAN_POINT('',(2.925861033167,-8.095119070446,0.));
#8545 = CARTESIAN_POINT('',(2.911482608342,-8.045007298644,0.));
#8546 = VECTOR('',#8547,1.);
#8547 = DIRECTION('',(-0.,-0.,-1.));
#8548 = ADVANCED_FACE('',(#8549),#8560,.F.);
#8549 = FACE_BOUND('',#8550,.F.);
#8550 = EDGE_LOOP('',(#8551,#8552,#8553,#8559));
#8551 = ORIENTED_EDGE('',*,*,#8514,.T.);
#8552 = ORIENTED_EDGE('',*,*,#6675,.T.);
#8553 = ORIENTED_EDGE('',*,*,#8554,.F.);
#8554 = EDGE_CURVE('',#5450,#6676,#8555,.T.);
#8555 = LINE('',#8556,#8557);
#8556 = CARTESIAN_POINT('',(4.474560268175,7.292268770443,0.));
#8557 = VECTOR('',#8558,1.);
#8558 = DIRECTION('',(0.,0.,1.));
#8559 = ORIENTED_EDGE('',*,*,#5449,.F.);
#8560 = SURFACE_OF_LINEAR_EXTRUSION('',#8561,#8566);
#8561 = B_SPLINE_CURVE_WITH_KNOTS('',3,(#8562,#8563,#8564,#8565),
  .UNSPECIFIED.,.F.,.F.,(4,4),(0.,1.),.PIECEWISE_BEZIER_KNOTS.);
#8562 = CARTESIAN_POINT('',(4.809293430575,7.627561268822,0.));
#8563 = CARTESIAN_POINT('',(4.601096623526,7.45813978107,0.));
#8564 = CARTESIAN_POINT('',(4.504774427767,7.334754454312,0.));
#8565 = CARTESIAN_POINT('',(4.474560268175,7.292268770443,0.));
#8566 = VECTOR('',#8567,1.);
#8567 = DIRECTION('',(-0.,-0.,-1.));
#8568 = ADVANCED_FACE('',(#8569),#8580,.F.);
#8569 = FACE_BOUND('',#8570,.F.);
#8570 = EDGE_LOOP('',(#8571,#8577,#8578,#8579));
#8571 = ORIENTED_EDGE('',*,*,#8572,.T.);
#8572 = EDGE_CURVE('',#6224,#7450,#8573,.T.);
#8573 = LINE('',#8574,#8575);
#8574 = CARTESIAN_POINT('',(2.71615049638,-9.911949948357,0.));
#8575 = VECTOR('',#8576,1.);
#8576 = DIRECTION('',(0.,0.,1.));
#8577 = ORIENTED_EDGE('',*,*,#7458,.T.);
#8578 = ORIENTED_EDGE('',*,*,#8532,.F.);
#8579 = ORIENTED_EDGE('',*,*,#6232,.F.);
#8580 = SURFACE_OF_LINEAR_EXTRUSION('',#8581,#8586);
#8581 = B_SPLINE_CURVE_WITH_KNOTS('',3,(#8582,#8583,#8584,#8585),
  .UNSPECIFIED.,.F.,.F.,(4,4),(0.,1.),.PIECEWISE_BEZIER_KNOTS.);
#8582 = CARTESIAN_POINT('',(2.71615049638,-9.911949948357,0.));
#8583 = CARTESIAN_POINT('',(2.917592227599,-9.307589486304,0.));
#8584 = CARTESIAN_POINT('',(2.966729655361,-8.836418877935,0.));
#8585 = CARTESIAN_POINT('',(2.964922126309,-8.515763676613,0.));
#8586 = VECTOR('',#8587,1.);
#8587 = DIRECTION('',(-0.,-0.,-1.));
#8588 = ADVANCED_FACE('',(#8589),#8600,.F.);
#8589 = FACE_BOUND('',#8590,.F.);
#8590 = EDGE_LOOP('',(#8591,#8592,#8593,#8599));
#8591 = ORIENTED_EDGE('',*,*,#8554,.T.);
#8592 = ORIENTED_EDGE('',*,*,#6684,.T.);
#8593 = ORIENTED_EDGE('',*,*,#8594,.F.);
#8594 = EDGE_CURVE('',#5459,#6685,#8595,.T.);
#8595 = LINE('',#8596,#8597);
#8596 = CARTESIAN_POINT('',(4.105194090669,6.691927072605,0.));
#8597 = VECTOR('',#8598,1.);
#8598 = DIRECTION('',(0.,0.,1.));
#8599 = ORIENTED_EDGE('',*,*,#5458,.F.);
#8600 = PLANE('',#8601);
#8601 = AXIS2_PLACEMENT_3D('',#8602,#8603,#8604);
#8602 = CARTESIAN_POINT('',(4.474560268175,7.292268770443,0.));
#8603 = DIRECTION('',(0.851705722215,-0.524020383903,0.));
#8604 = DIRECTION('',(-0.524020383903,-0.851705722215,0.));
#8605 = ADVANCED_FACE('',(#8606),#8617,.T.);
#8606 = FACE_BOUND('',#8607,.F.);
#8607 = EDGE_LOOP('',(#8608,#8614,#8615,#8616));
#8608 = ORIENTED_EDGE('',*,*,#8609,.T.);
#8609 = EDGE_CURVE('',#6215,#7441,#8610,.T.);
#8610 = LINE('',#8611,#8612);
#8611 = CARTESIAN_POINT('',(1.854360411498,-10.11016041777,0.));
#8612 = VECTOR('',#8613,1.);
#8613 = DIRECTION('',(0.,0.,1.));
#8614 = ORIENTED_EDGE('',*,*,#7449,.T.);
#8615 = ORIENTED_EDGE('',*,*,#8572,.F.);
#8616 = ORIENTED_EDGE('',*,*,#6223,.F.);
#8617 = CYLINDRICAL_SURFACE('',#8618,10.277364705883);
#8618 = AXIS2_PLACEMENT_3D('',#8619,#8620,#8621);
#8619 = CARTESIAN_POINT('',(-1.624553176504E-02,-4.466047632884E-03,0.)
  );
#8620 = DIRECTION('',(-0.,-0.,-1.));
#8621 = DIRECTION('',(0.182012217801,-0.98329626897,0.));
#8622 = ADVANCED_FACE('',(#8623),#8634,.F.);
#8623 = FACE_BOUND('',#8624,.F.);
#8624 = EDGE_LOOP('',(#8625,#8626,#8627,#8633));
#8625 = ORIENTED_EDGE('',*,*,#8594,.T.);
#8626 = ORIENTED_EDGE('',*,*,#6692,.T.);
#8627 = ORIENTED_EDGE('',*,*,#8628,.F.);
#8628 = EDGE_CURVE('',#5467,#6693,#8629,.T.);
#8629 = LINE('',#8630,#8631);
#8630 = CARTESIAN_POINT('',(3.446636083363,6.500449451563,0.));
#8631 = VECTOR('',#8632,1.);
#8632 = DIRECTION('',(0.,0.,1.));
#8633 = ORIENTED_EDGE('',*,*,#5466,.F.);
#8634 = CYLINDRICAL_SURFACE('',#8635,0.493105882353);
#8635 = AXIS2_PLACEMENT_3D('',#8636,#8637,#8638);
#8636 = CARTESIAN_POINT('',(3.676984108752,6.936446238719,0.));
#8637 = DIRECTION('',(0.,0.,-1.));
#8638 = DIRECTION('',(0.868393578828,-0.495875581421,0.));
#8639 = ADVANCED_FACE('',(#8640),#8651,.F.);
#8640 = FACE_BOUND('',#8641,.F.);
#8641 = EDGE_LOOP('',(#8642,#8648,#8649,#8650));
#8642 = ORIENTED_EDGE('',*,*,#8643,.T.);
#8643 = EDGE_CURVE('',#6206,#7432,#8644,.T.);
#8644 = LINE('',#8645,#8646);
#8645 = CARTESIAN_POINT('',(1.023548853891,-8.958869457398,0.));
#8646 = VECTOR('',#8647,1.);
#8647 = DIRECTION('',(0.,0.,1.));
#8648 = ORIENTED_EDGE('',*,*,#7440,.T.);
#8649 = ORIENTED_EDGE('',*,*,#8609,.F.);
#8650 = ORIENTED_EDGE('',*,*,#6214,.F.);
#8651 = SURFACE_OF_LINEAR_EXTRUSION('',#8652,#8657);
#8652 = B_SPLINE_CURVE_WITH_KNOTS('',3,(#8653,#8654,#8655,#8656),
  .UNSPECIFIED.,.F.,.F.,(4,4),(0.,1.),.PIECEWISE_BEZIER_KNOTS.);
#8653 = CARTESIAN_POINT('',(1.023548853891,-8.958869457398,0.));
#8654 = CARTESIAN_POINT('',(1.161047404204,-9.248554068584,0.));
#8655 = CARTESIAN_POINT('',(1.409751962188,-9.651744187307,0.));
#8656 = CARTESIAN_POINT('',(1.854360411498,-10.11016041777,0.));
#8657 = VECTOR('',#8658,1.);
#8658 = DIRECTION('',(-0.,-0.,-1.));
#8659 = ADVANCED_FACE('',(#8660),#8671,.T.);
#8660 = FACE_BOUND('',#8661,.F.);
#8661 = EDGE_LOOP('',(#8662,#8663,#8664,#8670));
#8662 = ORIENTED_EDGE('',*,*,#8628,.T.);
#8663 = ORIENTED_EDGE('',*,*,#6701,.T.);
#8664 = ORIENTED_EDGE('',*,*,#8665,.F.);
#8665 = EDGE_CURVE('',#5476,#6702,#8666,.T.);
#8666 = LINE('',#8667,#8668);
#8667 = CARTESIAN_POINT('',(2.933313582728,6.747652539131,0.));
#8668 = VECTOR('',#8669,1.);
#8669 = DIRECTION('',(0.,0.,1.));
#8670 = ORIENTED_EDGE('',*,*,#5475,.F.);
#8671 = CYLINDRICAL_SURFACE('',#8672,7.357658823526);
#8672 = AXIS2_PLACEMENT_3D('',#8673,#8674,#8675);
#8673 = CARTESIAN_POINT('',(1.34704E-12,2.78685E-12,0.));
#8674 = DIRECTION('',(-0.,-0.,-1.));
#8675 = DIRECTION('',(0.468441954979,0.883494275485,0.));
#8676 = ADVANCED_FACE('',(#8677),#8688,.F.);
#8677 = FACE_BOUND('',#8678,.F.);
#8678 = EDGE_LOOP('',(#8679,#8685,#8686,#8687));
#8679 = ORIENTED_EDGE('',*,*,#8680,.T.);
#8680 = EDGE_CURVE('',#6198,#7424,#8681,.T.);
#8681 = LINE('',#8682,#8683);
#8682 = CARTESIAN_POINT('',(0.867442658408,-8.511546078609,0.));
#8683 = VECTOR('',#8684,1.);
#8684 = DIRECTION('',(0.,0.,1.));
#8685 = ORIENTED_EDGE('',*,*,#7431,.T.);
#8686 = ORIENTED_EDGE('',*,*,#8643,.F.);
#8687 = ORIENTED_EDGE('',*,*,#6205,.F.);
#8688 = SURFACE_OF_LINEAR_EXTRUSION('',#8689,#8694);
#8689 = B_SPLINE_CURVE_WITH_KNOTS('',3,(#8690,#8691,#8692,#8693),
  .UNSPECIFIED.,.F.,.F.,(4,4),(0.,1.),.PIECEWISE_BEZIER_KNOTS.);
#8690 = CARTESIAN_POINT('',(0.867442658408,-8.511546078609,0.));
#8691 = CARTESIAN_POINT('',(0.876230828195,-8.562933789644,0.));
#8692 = CARTESIAN_POINT('',(0.909479240936,-8.715892762265,0.));
#8693 = CARTESIAN_POINT('',(1.023548853891,-8.958869457398,0.));
#8694 = VECTOR('',#8695,1.);
#8695 = DIRECTION('',(-0.,-0.,-1.));
#8696 = ADVANCED_FACE('',(#8697),#8708,.F.);
#8697 = FACE_BOUND('',#8698,.F.);
#8698 = EDGE_LOOP('',(#8699,#8700,#8701,#8707));
#8699 = ORIENTED_EDGE('',*,*,#8665,.T.);
#8700 = ORIENTED_EDGE('',*,*,#6710,.T.);
#8701 = ORIENTED_EDGE('',*,*,#8702,.F.);
#8702 = EDGE_CURVE('',#5485,#6711,#8703,.T.);
#8703 = LINE('',#8704,#8705);
#8704 = CARTESIAN_POINT('',(2.67241261356,7.381918266278,0.));
#8705 = VECTOR('',#8706,1.);
#8706 = DIRECTION('',(0.,0.,1.));
#8707 = ORIENTED_EDGE('',*,*,#5484,.F.);
#8708 = CYLINDRICAL_SURFACE('',#8709,0.493105882353);
#8709 = AXIS2_PLACEMENT_3D('',#8710,#8711,#8712);
#8710 = CARTESIAN_POINT('',(3.130569952474,7.199585427739,0.));
#8711 = DIRECTION('',(0.,0.,-1.));
#8712 = DIRECTION('',(-0.400028425547,-0.91650273254,-0.));
#8713 = ADVANCED_FACE('',(#8714),#8725,.F.);
#8714 = FACE_BOUND('',#8715,.F.);
#8715 = EDGE_LOOP('',(#8716,#8722,#8723,#8724));
#8716 = ORIENTED_EDGE('',*,*,#8717,.T.);
#8717 = EDGE_CURVE('',#6189,#7415,#8718,.T.);
#8718 = LINE('',#8719,#8720);
#8719 = CARTESIAN_POINT('',(0.795133732226,-7.810394920553,0.));
#8720 = VECTOR('',#8721,1.);
#8721 = DIRECTION('',(0.,0.,1.));
#8722 = ORIENTED_EDGE('',*,*,#7423,.T.);
#8723 = ORIENTED_EDGE('',*,*,#8680,.F.);
#8724 = ORIENTED_EDGE('',*,*,#6197,.F.);
#8725 = PLANE('',#8726);
#8726 = AXIS2_PLACEMENT_3D('',#8727,#8728,#8729);
#8727 = CARTESIAN_POINT('',(0.795133732226,-7.810394920553,0.));
#8728 = DIRECTION('',(0.994724263872,0.10258478866,0.));
#8729 = DIRECTION('',(0.10258478866,-0.994724263872,0.));
#8730 = ADVANCED_FACE('',(#8731),#8742,.F.);
#8731 = FACE_BOUND('',#8732,.F.);
#8732 = EDGE_LOOP('',(#8733,#8734,#8735,#8741));
#8733 = ORIENTED_EDGE('',*,*,#8702,.T.);
#8734 = ORIENTED_EDGE('',*,*,#6719,.T.);
#8735 = ORIENTED_EDGE('',*,*,#8736,.F.);
#8736 = EDGE_CURVE('',#5494,#6720,#8737,.T.);
#8737 = LINE('',#8738,#8739);
#8738 = CARTESIAN_POINT('',(2.911482608342,8.045007298644,0.));
#8739 = VECTOR('',#8740,1.);
#8740 = DIRECTION('',(0.,0.,1.));
#8741 = ORIENTED_EDGE('',*,*,#5493,.F.);
#8742 = PLANE('',#8743);
#8743 = AXIS2_PLACEMENT_3D('',#8744,#8745,#8746);
#8744 = CARTESIAN_POINT('',(2.67241261356,7.381918266278,0.));
#8745 = DIRECTION('',(-0.940725465576,0.339168982097,0.));
#8746 = DIRECTION('',(0.339168982097,0.940725465576,0.));
#8747 = ADVANCED_FACE('',(#8748),#8759,.F.);
#8748 = FACE_BOUND('',#8749,.F.);
#8749 = EDGE_LOOP('',(#8750,#8756,#8757,#8758));
#8750 = ORIENTED_EDGE('',*,*,#8751,.T.);
#8751 = EDGE_CURVE('',#6180,#7406,#8752,.T.);
#8752 = LINE('',#8753,#8754);
#8753 = CARTESIAN_POINT('',(0.284872496111,-7.352141934458,0.));
#8754 = VECTOR('',#8755,1.);
#8755 = DIRECTION('',(0.,0.,1.));
#8756 = ORIENTED_EDGE('',*,*,#7414,.T.);
#8757 = ORIENTED_EDGE('',*,*,#8717,.F.);
#8758 = ORIENTED_EDGE('',*,*,#6188,.F.);
#8759 = CYLINDRICAL_SURFACE('',#8760,0.493105882353);
#8760 = AXIS2_PLACEMENT_3D('',#8761,#8762,#8763);
#8761 = CARTESIAN_POINT('',(0.303236979514,-7.844905728746,0.));
#8762 = DIRECTION('',(0.,0.,-1.));
#8763 = DIRECTION('',(-3.724247481195E-02,0.999306258396,0.));
#8764 = ADVANCED_FACE('',(#8765),#8776,.F.);
#8765 = FACE_BOUND('',#8766,.F.);
#8766 = EDGE_LOOP('',(#8767,#8768,#8769,#8775));
#8767 = ORIENTED_EDGE('',*,*,#8736,.T.);
#8768 = ORIENTED_EDGE('',*,*,#6727,.T.);
#8769 = ORIENTED_EDGE('',*,*,#8770,.F.);
#8770 = EDGE_CURVE('',#5502,#6728,#8771,.T.);
#8771 = LINE('',#8772,#8773);
#8772 = CARTESIAN_POINT('',(2.964922126309,8.515763676613,0.));
#8773 = VECTOR('',#8774,1.);
#8774 = DIRECTION('',(0.,0.,1.));
#8775 = ORIENTED_EDGE('',*,*,#5501,.F.);
#8776 = SURFACE_OF_LINEAR_EXTRUSION('',#8777,#8782);
#8777 = B_SPLINE_CURVE_WITH_KNOTS('',3,(#8778,#8779,#8780,#8781),
  .UNSPECIFIED.,.F.,.F.,(4,4),(0.,1.),.PIECEWISE_BEZIER_KNOTS.);
#8778 = CARTESIAN_POINT('',(2.911482608342,8.045007298644,0.));
#8779 = CARTESIAN_POINT('',(2.925861033167,8.095119070446,0.));
#8780 = CARTESIAN_POINT('',(2.962271659352,8.247356288484,0.));
#8781 = CARTESIAN_POINT('',(2.964922126309,8.515763676613,0.));
#8782 = VECTOR('',#8783,1.);
#8783 = DIRECTION('',(-0.,-0.,-1.));
#8784 = ADVANCED_FACE('',(#8785),#8796,.T.);
#8785 = FACE_BOUND('',#8786,.F.);
#8786 = EDGE_LOOP('',(#8787,#8793,#8794,#8795));
#8787 = ORIENTED_EDGE('',*,*,#8788,.T.);
#8788 = EDGE_CURVE('',#6171,#7397,#8789,.T.);
#8789 = LINE('',#8790,#8791);
#8790 = CARTESIAN_POINT('',(-0.284872496111,-7.352141934458,0.));
#8791 = VECTOR('',#8792,1.);
#8792 = DIRECTION('',(0.,0.,1.));
#8793 = ORIENTED_EDGE('',*,*,#7405,.T.);
#8794 = ORIENTED_EDGE('',*,*,#8751,.F.);
#8795 = ORIENTED_EDGE('',*,*,#6179,.F.);
#8796 = CYLINDRICAL_SURFACE('',#8797,7.357658823529);
#8797 = AXIS2_PLACEMENT_3D('',#8798,#8799,#8800);
#8798 = CARTESIAN_POINT('',(-1.619E-14,-4.178E-13,0.));
#8799 = DIRECTION('',(-0.,-0.,-1.));
#8800 = DIRECTION('',(-3.871781811894E-02,-0.999250184168,0.));
#8801 = ADVANCED_FACE('',(#8802),#8813,.F.);
#8802 = FACE_BOUND('',#8803,.F.);
#8803 = EDGE_LOOP('',(#8804,#8805,#8806,#8812));
#8804 = ORIENTED_EDGE('',*,*,#8770,.T.);
#8805 = ORIENTED_EDGE('',*,*,#6736,.T.);
#8806 = ORIENTED_EDGE('',*,*,#8807,.F.);
#8807 = EDGE_CURVE('',#5511,#6737,#8808,.T.);
#8808 = LINE('',#8809,#8810);
#8809 = CARTESIAN_POINT('',(2.715913204512,9.913516614929,0.));
#8810 = VECTOR('',#8811,1.);
#8811 = DIRECTION('',(0.,0.,1.));
#8812 = ORIENTED_EDGE('',*,*,#5510,.F.);
#8813 = SURFACE_OF_LINEAR_EXTRUSION('',#8814,#8819);
#8814 = B_SPLINE_CURVE_WITH_KNOTS('',3,(#8815,#8816,#8817,#8818),
  .UNSPECIFIED.,.F.,.F.,(4,4),(0.,1.),.PIECEWISE_BEZIER_KNOTS.);
#8815 = CARTESIAN_POINT('',(2.964922126309,8.515763676613,0.));
#8816 = CARTESIAN_POINT('',(2.966729655361,8.836418877935,0.));
#8817 = CARTESIAN_POINT('',(2.917592227599,9.307589486304,0.));
#8818 = CARTESIAN_POINT('',(2.715913204512,9.913516614929,0.));
#8819 = VECTOR('',#8820,1.);
#8820 = DIRECTION('',(-0.,-0.,-1.));
#8821 = ADVANCED_FACE('',(#8822),#8833,.F.);
#8822 = FACE_BOUND('',#8823,.F.);
#8823 = EDGE_LOOP('',(#8824,#8830,#8831,#8832));
#8824 = ORIENTED_EDGE('',*,*,#8825,.T.);
#8825 = EDGE_CURVE('',#6163,#7389,#8826,.T.);
#8826 = LINE('',#8827,#8828);
#8827 = CARTESIAN_POINT('',(-0.795133732226,-7.810394920553,0.));
#8828 = VECTOR('',#8829,1.);
#8829 = DIRECTION('',(0.,0.,1.));
#8830 = ORIENTED_EDGE('',*,*,#7396,.T.);
#8831 = ORIENTED_EDGE('',*,*,#8788,.F.);
#8832 = ORIENTED_EDGE('',*,*,#6170,.F.);
#8833 = CYLINDRICAL_SURFACE('',#8834,0.493105882353);
#8834 = AXIS2_PLACEMENT_3D('',#8835,#8836,#8837);
#8835 = CARTESIAN_POINT('',(-0.303236979514,-7.844905728746,0.));
#8836 = DIRECTION('',(0.,0.,-1.));
#8837 = DIRECTION('',(-0.997547931015,6.9986608206E-02,0.));
#8838 = ADVANCED_FACE('',(#8839),#8850,.T.);
#8839 = FACE_BOUND('',#8840,.F.);
#8840 = EDGE_LOOP('',(#8841,#8842,#8843,#8849));
#8841 = ORIENTED_EDGE('',*,*,#8807,.T.);
#8842 = ORIENTED_EDGE('',*,*,#6745,.T.);
#8843 = ORIENTED_EDGE('',*,*,#8844,.F.);
#8844 = EDGE_CURVE('',#5520,#6746,#8845,.T.);
#8845 = LINE('',#8846,#8847);
#8846 = CARTESIAN_POINT('',(1.853466867763,10.108851857052,0.));
#8847 = VECTOR('',#8848,1.);
#8848 = DIRECTION('',(0.,0.,1.));
#8849 = ORIENTED_EDGE('',*,*,#5519,.F.);
#8850 = CYLINDRICAL_SURFACE('',#8851,10.277364705882);
#8851 = AXIS2_PLACEMENT_3D('',#8852,#8853,#8854);
#8852 = CARTESIAN_POINT('',(1.657446380896E-02,-3.024902185995E-03,0.));
#8853 = DIRECTION('',(-0.,-0.,-1.));
#8854 = DIRECTION('',(0.262648920025,0.964891467891,0.));
#8855 = ADVANCED_FACE('',(#8856),#8867,.F.);
#8856 = FACE_BOUND('',#8857,.F.);
#8857 = EDGE_LOOP('',(#8858,#8864,#8865,#8866));
#8858 = ORIENTED_EDGE('',*,*,#8859,.T.);
#8859 = EDGE_CURVE('',#6154,#7380,#8860,.T.);
#8860 = LINE('',#8861,#8862);
#8861 = CARTESIAN_POINT('',(-0.867442658408,-8.511546078609,0.));
#8862 = VECTOR('',#8863,1.);
#8863 = DIRECTION('',(0.,0.,1.));
#8864 = ORIENTED_EDGE('',*,*,#7388,.T.);
#8865 = ORIENTED_EDGE('',*,*,#8825,.F.);
#8866 = ORIENTED_EDGE('',*,*,#6162,.F.);
#8867 = PLANE('',#8868);
#8868 = AXIS2_PLACEMENT_3D('',#8869,#8870,#8871);
#8869 = CARTESIAN_POINT('',(-0.867442658408,-8.511546078609,0.));
#8870 = DIRECTION('',(-0.994724263872,0.10258478866,0.));
#8871 = DIRECTION('',(0.10258478866,0.994724263872,0.));
#8872 = ADVANCED_FACE('',(#8873),#8884,.F.);
#8873 = FACE_BOUND('',#8874,.F.);
#8874 = EDGE_LOOP('',(#8875,#8876,#8877,#8883));
#8875 = ORIENTED_EDGE('',*,*,#8844,.T.);
#8876 = ORIENTED_EDGE('',*,*,#6754,.T.);
#8877 = ORIENTED_EDGE('',*,*,#8878,.F.);
#8878 = EDGE_CURVE('',#5529,#6755,#8879,.T.);
#8879 = LINE('',#8880,#8881);
#8880 = CARTESIAN_POINT('',(1.023548853891,8.958869457398,0.));
#8881 = VECTOR('',#8882,1.);
#8882 = DIRECTION('',(0.,0.,1.));
#8883 = ORIENTED_EDGE('',*,*,#5528,.F.);
#8884 = SURFACE_OF_LINEAR_EXTRUSION('',#8885,#8890);
#8885 = B_SPLINE_CURVE_WITH_KNOTS('',3,(#8886,#8887,#8888,#8889),
  .UNSPECIFIED.,.F.,.F.,(4,4),(0.,1.),.PIECEWISE_BEZIER_KNOTS.);
#8886 = CARTESIAN_POINT('',(1.853466867763,10.108851857052,0.));
#8887 = CARTESIAN_POINT('',(1.409751962188,9.651744187307,0.));
#8888 = CARTESIAN_POINT('',(1.161047404204,9.248554068584,0.));
#8889 = CARTESIAN_POINT('',(1.023548853891,8.958869457398,0.));
#8890 = VECTOR('',#8891,1.);
#8891 = DIRECTION('',(-0.,-0.,-1.));
#8892 = ADVANCED_FACE('',(#8893),#8904,.F.);
#8893 = FACE_BOUND('',#8894,.F.);
#8894 = EDGE_LOOP('',(#8895,#8901,#8902,#8903));
#8895 = ORIENTED_EDGE('',*,*,#8896,.T.);
#8896 = EDGE_CURVE('',#6145,#7371,#8897,.T.);
#8897 = LINE('',#8898,#8899);
#8898 = CARTESIAN_POINT('',(-1.023548853891,-8.958869457398,0.));
#8899 = VECTOR('',#8900,1.);
#8900 = DIRECTION('',(0.,0.,1.));
#8901 = ORIENTED_EDGE('',*,*,#7379,.T.);
#8902 = ORIENTED_EDGE('',*,*,#8859,.F.);
#8903 = ORIENTED_EDGE('',*,*,#6153,.F.);
#8904 = SURFACE_OF_LINEAR_EXTRUSION('',#8905,#8910);
#8905 = B_SPLINE_CURVE_WITH_KNOTS('',3,(#8906,#8907,#8908,#8909),
  .UNSPECIFIED.,.F.,.F.,(4,4),(0.,1.),.PIECEWISE_BEZIER_KNOTS.);
#8906 = CARTESIAN_POINT('',(-1.023548853891,-8.958869457398,0.));
#8907 = CARTESIAN_POINT('',(-0.909479240936,-8.715892762265,0.));
#8908 = CARTESIAN_POINT('',(-0.876230828195,-8.562933789644,0.));
#8909 = CARTESIAN_POINT('',(-0.867442658408,-8.511546078609,0.));
#8910 = VECTOR('',#8911,1.);
#8911 = DIRECTION('',(-0.,-0.,-1.));
#8912 = ADVANCED_FACE('',(#8913),#8924,.F.);
#8913 = FACE_BOUND('',#8914,.F.);
#8914 = EDGE_LOOP('',(#8915,#8916,#8917,#8923));
#8915 = ORIENTED_EDGE('',*,*,#8878,.T.);
#8916 = ORIENTED_EDGE('',*,*,#6763,.T.);
#8917 = ORIENTED_EDGE('',*,*,#8918,.F.);
#8918 = EDGE_CURVE('',#5538,#6764,#8919,.T.);
#8919 = LINE('',#8920,#8921);
#8920 = CARTESIAN_POINT('',(0.867442658408,8.511546078609,0.));
#8921 = VECTOR('',#8922,1.);
#8922 = DIRECTION('',(0.,0.,1.));
#8923 = ORIENTED_EDGE('',*,*,#5537,.F.);
#8924 = SURFACE_OF_LINEAR_EXTRUSION('',#8925,#8930);
#8925 = B_SPLINE_CURVE_WITH_KNOTS('',3,(#8926,#8927,#8928,#8929),
  .UNSPECIFIED.,.F.,.F.,(4,4),(0.,1.),.PIECEWISE_BEZIER_KNOTS.);
#8926 = CARTESIAN_POINT('',(1.023548853891,8.958869457398,0.));
#8927 = CARTESIAN_POINT('',(0.909479240936,8.715892762265,0.));
#8928 = CARTESIAN_POINT('',(0.876230828195,8.562933789644,0.));
#8929 = CARTESIAN_POINT('',(0.867442658408,8.511546078609,0.));
#8930 = VECTOR('',#8931,1.);
#8931 = DIRECTION('',(-0.,-0.,-1.));
#8932 = ADVANCED_FACE('',(#8933),#8944,.F.);
#8933 = FACE_BOUND('',#8934,.F.);
#8934 = EDGE_LOOP('',(#8935,#8941,#8942,#8943));
#8935 = ORIENTED_EDGE('',*,*,#8936,.T.);
#8936 = EDGE_CURVE('',#6136,#7362,#8937,.T.);
#8937 = LINE('',#8938,#8939);
#8938 = CARTESIAN_POINT('',(-1.853466867763,-10.10885185705,0.));
#8939 = VECTOR('',#8940,1.);
#8940 = DIRECTION('',(0.,0.,1.));
#8941 = ORIENTED_EDGE('',*,*,#7370,.T.);
#8942 = ORIENTED_EDGE('',*,*,#8896,.F.);
#8943 = ORIENTED_EDGE('',*,*,#6144,.F.);
#8944 = SURFACE_OF_LINEAR_EXTRUSION('',#8945,#8950);
#8945 = B_SPLINE_CURVE_WITH_KNOTS('',3,(#8946,#8947,#8948,#8949),
  .UNSPECIFIED.,.F.,.F.,(4,4),(0.,1.),.PIECEWISE_BEZIER_KNOTS.);
#8946 = CARTESIAN_POINT('',(-1.853466867763,-10.10885185705,0.));
#8947 = CARTESIAN_POINT('',(-1.409751962188,-9.651744187307,0.));
#8948 = CARTESIAN_POINT('',(-1.161047404204,-9.248554068584,0.));
#8949 = CARTESIAN_POINT('',(-1.023548853891,-8.958869457398,0.));
#8950 = VECTOR('',#8951,1.);
#8951 = DIRECTION('',(-0.,-0.,-1.));
#8952 = ADVANCED_FACE('',(#8953),#8964,.F.);
#8953 = FACE_BOUND('',#8954,.F.);
#8954 = EDGE_LOOP('',(#8955,#8956,#8957,#8963));
#8955 = ORIENTED_EDGE('',*,*,#8918,.T.);
#8956 = ORIENTED_EDGE('',*,*,#6772,.T.);
#8957 = ORIENTED_EDGE('',*,*,#8958,.F.);
#8958 = EDGE_CURVE('',#5547,#6773,#8959,.T.);
#8959 = LINE('',#8960,#8961);
#8960 = CARTESIAN_POINT('',(0.795133732226,7.810394920553,0.));
#8961 = VECTOR('',#8962,1.);
#8962 = DIRECTION('',(0.,0.,1.));
#8963 = ORIENTED_EDGE('',*,*,#5546,.F.);
#8964 = PLANE('',#8965);
#8965 = AXIS2_PLACEMENT_3D('',#8966,#8967,#8968);
#8966 = CARTESIAN_POINT('',(0.867442658408,8.511546078609,0.));
#8967 = DIRECTION('',(0.994724263872,-0.10258478866,0.));
#8968 = DIRECTION('',(-0.10258478866,-0.994724263872,0.));
#8969 = ADVANCED_FACE('',(#8970),#8981,.T.);
#8970 = FACE_BOUND('',#8971,.F.);
#8971 = EDGE_LOOP('',(#8972,#8978,#8979,#8980));
#8972 = ORIENTED_EDGE('',*,*,#8973,.T.);
#8973 = EDGE_CURVE('',#6127,#7353,#8974,.T.);
#8974 = LINE('',#8975,#8976);
#8975 = CARTESIAN_POINT('',(-2.715913204512,-9.913516614929,0.));
#8976 = VECTOR('',#8977,1.);
#8977 = DIRECTION('',(0.,0.,1.));
#8978 = ORIENTED_EDGE('',*,*,#7361,.T.);
#8979 = ORIENTED_EDGE('',*,*,#8936,.F.);
#8980 = ORIENTED_EDGE('',*,*,#6135,.F.);
#8981 = CYLINDRICAL_SURFACE('',#8982,10.277364705884);
#8982 = AXIS2_PLACEMENT_3D('',#8983,#8984,#8985);
#8983 = CARTESIAN_POINT('',(-1.657446380869E-02,3.02490218716E-03,0.));
#8984 = DIRECTION('',(-0.,-0.,-1.));
#8985 = DIRECTION('',(-0.262648920025,-0.964891467891,0.));
#8986 = ADVANCED_FACE('',(#8987),#8998,.F.);
#8987 = FACE_BOUND('',#8988,.F.);
#8988 = EDGE_LOOP('',(#8989,#8990,#8991,#8997));
#8989 = ORIENTED_EDGE('',*,*,#8958,.T.);
#8990 = ORIENTED_EDGE('',*,*,#6780,.T.);
#8991 = ORIENTED_EDGE('',*,*,#8992,.F.);
#8992 = EDGE_CURVE('',#5555,#6781,#8993,.T.);
#8993 = LINE('',#8994,#8995);
#8994 = CARTESIAN_POINT('',(0.284872496111,7.352141934458,0.));
#8995 = VECTOR('',#8996,1.);
#8996 = DIRECTION('',(0.,0.,1.));
#8997 = ORIENTED_EDGE('',*,*,#5554,.F.);
#8998 = CYLINDRICAL_SURFACE('',#8999,0.493105882353);
#8999 = AXIS2_PLACEMENT_3D('',#9000,#9001,#9002);
#9000 = CARTESIAN_POINT('',(0.303236979514,7.844905728746,0.));
#9001 = DIRECTION('',(0.,0.,-1.));
#9002 = DIRECTION('',(0.997547931015,-6.9986608206E-02,0.));
#9003 = ADVANCED_FACE('',(#9004),#9015,.F.);
#9004 = FACE_BOUND('',#9005,.F.);
#9005 = EDGE_LOOP('',(#9006,#9012,#9013,#9014));
#9006 = ORIENTED_EDGE('',*,*,#9007,.T.);
#9007 = EDGE_CURVE('',#6118,#7344,#9008,.T.);
#9008 = LINE('',#9009,#9010);
#9009 = CARTESIAN_POINT('',(-2.964922126309,-8.515763676613,0.));
#9010 = VECTOR('',#9011,1.);
#9011 = DIRECTION('',(0.,0.,1.));
#9012 = ORIENTED_EDGE('',*,*,#7352,.T.);
#9013 = ORIENTED_EDGE('',*,*,#8973,.F.);
#9014 = ORIENTED_EDGE('',*,*,#6126,.F.);
#9015 = SURFACE_OF_LINEAR_EXTRUSION('',#9016,#9021);
#9016 = B_SPLINE_CURVE_WITH_KNOTS('',3,(#9017,#9018,#9019,#9020),
  .UNSPECIFIED.,.F.,.F.,(4,4),(0.,1.),.PIECEWISE_BEZIER_KNOTS.);
#9017 = CARTESIAN_POINT('',(-2.964922126309,-8.515763676613,0.));
#9018 = CARTESIAN_POINT('',(-2.966729655361,-8.836418877935,0.));
#9019 = CARTESIAN_POINT('',(-2.917592227599,-9.307589486304,0.));
#9020 = CARTESIAN_POINT('',(-2.715913204512,-9.913516614929,0.));
#9021 = VECTOR('',#9022,1.);
#9022 = DIRECTION('',(-0.,-0.,-1.));
#9023 = ADVANCED_FACE('',(#9024),#9035,.T.);
#9024 = FACE_BOUND('',#9025,.F.);
#9025 = EDGE_LOOP('',(#9026,#9027,#9028,#9034));
#9026 = ORIENTED_EDGE('',*,*,#8992,.T.);
#9027 = ORIENTED_EDGE('',*,*,#6789,.T.);
#9028 = ORIENTED_EDGE('',*,*,#9029,.F.);
#9029 = EDGE_CURVE('',#5564,#6790,#9030,.T.);
#9030 = LINE('',#9031,#9032);
#9031 = CARTESIAN_POINT('',(-0.284872496111,7.352141934458,0.));
#9032 = VECTOR('',#9033,1.);
#9033 = DIRECTION('',(0.,0.,1.));
#9034 = ORIENTED_EDGE('',*,*,#5563,.F.);
#9035 = CYLINDRICAL_SURFACE('',#9036,7.357658823529);
#9036 = AXIS2_PLACEMENT_3D('',#9037,#9038,#9039);
#9037 = CARTESIAN_POINT('',(1.518E-14,4.178E-13,0.));
#9038 = DIRECTION('',(-0.,-0.,-1.));
#9039 = DIRECTION('',(3.871781811894E-02,0.999250184168,0.));
#9040 = ADVANCED_FACE('',(#9041),#9052,.F.);
#9041 = FACE_BOUND('',#9042,.F.);
#9042 = EDGE_LOOP('',(#9043,#9049,#9050,#9051));
#9043 = ORIENTED_EDGE('',*,*,#9044,.T.);
#9044 = EDGE_CURVE('',#6110,#7336,#9045,.T.);
#9045 = LINE('',#9046,#9047);
#9046 = CARTESIAN_POINT('',(-2.911482608342,-8.045007298644,0.));
#9047 = VECTOR('',#9048,1.);
#9048 = DIRECTION('',(0.,0.,1.));
#9049 = ORIENTED_EDGE('',*,*,#7343,.T.);
#9050 = ORIENTED_EDGE('',*,*,#9007,.F.);
#9051 = ORIENTED_EDGE('',*,*,#6117,.F.);
#9052 = SURFACE_OF_LINEAR_EXTRUSION('',#9053,#9058);
#9053 = B_SPLINE_CURVE_WITH_KNOTS('',3,(#9054,#9055,#9056,#9057),
  .UNSPECIFIED.,.F.,.F.,(4,4),(0.,1.),.PIECEWISE_BEZIER_KNOTS.);
#9054 = CARTESIAN_POINT('',(-2.911482608342,-8.045007298644,0.));
#9055 = CARTESIAN_POINT('',(-2.925861033167,-8.095119070446,0.));
#9056 = CARTESIAN_POINT('',(-2.962271659352,-8.247356288484,0.));
#9057 = CARTESIAN_POINT('',(-2.964922126309,-8.515763676613,0.));
#9058 = VECTOR('',#9059,1.);
#9059 = DIRECTION('',(-0.,-0.,-1.));
#9060 = ADVANCED_FACE('',(#9061),#9072,.F.);
#9061 = FACE_BOUND('',#9062,.F.);
#9062 = EDGE_LOOP('',(#9063,#9064,#9065,#9071));
#9063 = ORIENTED_EDGE('',*,*,#9029,.T.);
#9064 = ORIENTED_EDGE('',*,*,#6798,.T.);
#9065 = ORIENTED_EDGE('',*,*,#9066,.F.);
#9066 = EDGE_CURVE('',#5573,#6799,#9067,.T.);
#9067 = LINE('',#9068,#9069);
#9068 = CARTESIAN_POINT('',(-0.795133732226,7.810394920553,0.));
#9069 = VECTOR('',#9070,1.);
#9070 = DIRECTION('',(0.,0.,1.));
#9071 = ORIENTED_EDGE('',*,*,#5572,.F.);
#9072 = CYLINDRICAL_SURFACE('',#9073,0.493105882353);
#9073 = AXIS2_PLACEMENT_3D('',#9074,#9075,#9076);
#9074 = CARTESIAN_POINT('',(-0.303236979514,7.844905728746,0.));
#9075 = DIRECTION('',(0.,0.,-1.));
#9076 = DIRECTION('',(3.724247481195E-02,-0.999306258396,0.));
#9077 = ADVANCED_FACE('',(#9078),#9089,.F.);
#9078 = FACE_BOUND('',#9079,.F.);
#9079 = EDGE_LOOP('',(#9080,#9086,#9087,#9088));
#9080 = ORIENTED_EDGE('',*,*,#9081,.T.);
#9081 = EDGE_CURVE('',#6101,#7327,#9082,.T.);
#9082 = LINE('',#9083,#9084);
#9083 = CARTESIAN_POINT('',(-2.67241261356,-7.381918266278,0.));
#9084 = VECTOR('',#9085,1.);
#9085 = DIRECTION('',(0.,0.,1.));
#9086 = ORIENTED_EDGE('',*,*,#7335,.T.);
#9087 = ORIENTED_EDGE('',*,*,#9044,.F.);
#9088 = ORIENTED_EDGE('',*,*,#6109,.F.);
#9089 = PLANE('',#9090);
#9090 = AXIS2_PLACEMENT_3D('',#9091,#9092,#9093);
#9091 = CARTESIAN_POINT('',(-2.67241261356,-7.381918266278,0.));
#9092 = DIRECTION('',(0.940725465576,-0.339168982097,0.));
#9093 = DIRECTION('',(-0.339168982097,-0.940725465576,0.));
#9094 = ADVANCED_FACE('',(#9095),#9106,.F.);
#9095 = FACE_BOUND('',#9096,.F.);
#9096 = EDGE_LOOP('',(#9097,#9098,#9099,#9105));
#9097 = ORIENTED_EDGE('',*,*,#9066,.T.);
#9098 = ORIENTED_EDGE('',*,*,#6807,.T.);
#9099 = ORIENTED_EDGE('',*,*,#9100,.F.);
#9100 = EDGE_CURVE('',#5582,#6808,#9101,.T.);
#9101 = LINE('',#9102,#9103);
#9102 = CARTESIAN_POINT('',(-0.867442658408,8.511546078609,0.));
#9103 = VECTOR('',#9104,1.);
#9104 = DIRECTION('',(0.,0.,1.));
#9105 = ORIENTED_EDGE('',*,*,#5581,.F.);
#9106 = PLANE('',#9107);
#9107 = AXIS2_PLACEMENT_3D('',#9108,#9109,#9110);
#9108 = CARTESIAN_POINT('',(-0.795133732226,7.810394920553,0.));
#9109 = DIRECTION('',(-0.994724263872,-0.10258478866,0.));
#9110 = DIRECTION('',(-0.10258478866,0.994724263872,0.));
#9111 = ADVANCED_FACE('',(#9112),#9123,.F.);
#9112 = FACE_BOUND('',#9113,.F.);
#9113 = EDGE_LOOP('',(#9114,#9120,#9121,#9122));
#9114 = ORIENTED_EDGE('',*,*,#9115,.T.);
#9115 = EDGE_CURVE('',#6092,#7318,#9116,.T.);
#9116 = LINE('',#9117,#9118);
#9117 = CARTESIAN_POINT('',(-2.933313582728,-6.747652539131,0.));
#9118 = VECTOR('',#9119,1.);
#9119 = DIRECTION('',(0.,0.,1.));
#9120 = ORIENTED_EDGE('',*,*,#7326,.T.);
#9121 = ORIENTED_EDGE('',*,*,#9081,.F.);
#9122 = ORIENTED_EDGE('',*,*,#6100,.F.);
#9123 = CYLINDRICAL_SURFACE('',#9124,0.493105882353);
#9124 = AXIS2_PLACEMENT_3D('',#9125,#9126,#9127);
#9125 = CARTESIAN_POINT('',(-3.130569952474,-7.199585427739,0.));
#9126 = DIRECTION('',(0.,0.,-1.));
#9127 = DIRECTION('',(0.400028425547,0.91650273254,0.));
#9128 = ADVANCED_FACE('',(#9129),#9140,.F.);
#9129 = FACE_BOUND('',#9130,.F.);
#9130 = EDGE_LOOP('',(#9131,#9132,#9133,#9139));
#9131 = ORIENTED_EDGE('',*,*,#9100,.T.);
#9132 = ORIENTED_EDGE('',*,*,#6815,.T.);
#9133 = ORIENTED_EDGE('',*,*,#9134,.F.);
#9134 = EDGE_CURVE('',#5590,#6816,#9135,.T.);
#9135 = LINE('',#9136,#9137);
#9136 = CARTESIAN_POINT('',(-1.023548853891,8.958869457398,0.));
#9137 = VECTOR('',#9138,1.);
#9138 = DIRECTION('',(0.,0.,1.));
#9139 = ORIENTED_EDGE('',*,*,#5589,.F.);
#9140 = SURFACE_OF_LINEAR_EXTRUSION('',#9141,#9146);
#9141 = B_SPLINE_CURVE_WITH_KNOTS('',3,(#9142,#9143,#9144,#9145),
  .UNSPECIFIED.,.F.,.F.,(4,4),(0.,1.),.PIECEWISE_BEZIER_KNOTS.);
#9142 = CARTESIAN_POINT('',(-0.867442658408,8.511546078609,0.));
#9143 = CARTESIAN_POINT('',(-0.876230828195,8.562933789644,0.));
#9144 = CARTESIAN_POINT('',(-0.909479240936,8.715892762265,0.));
#9145 = CARTESIAN_POINT('',(-1.023548853891,8.958869457398,0.));
#9146 = VECTOR('',#9147,1.);
#9147 = DIRECTION('',(-0.,-0.,-1.));
#9148 = ADVANCED_FACE('',(#9149),#9160,.T.);
#9149 = FACE_BOUND('',#9150,.F.);
#9150 = EDGE_LOOP('',(#9151,#9157,#9158,#9159));
#9151 = ORIENTED_EDGE('',*,*,#9152,.T.);
#9152 = EDGE_CURVE('',#6083,#7309,#9153,.T.);
#9153 = LINE('',#9154,#9155);
#9154 = CARTESIAN_POINT('',(-3.446636083363,-6.500449451563,0.));
#9155 = VECTOR('',#9156,1.);
#9156 = DIRECTION('',(0.,0.,1.));
#9157 = ORIENTED_EDGE('',*,*,#7317,.T.);
#9158 = ORIENTED_EDGE('',*,*,#9115,.F.);
#9159 = ORIENTED_EDGE('',*,*,#6091,.F.);
#9160 = CYLINDRICAL_SURFACE('',#9161,7.35765882353);
#9161 = AXIS2_PLACEMENT_3D('',#9162,#9163,#9164);
#9162 = CARTESIAN_POINT('',(8.644E-14,1.8383E-13,0.));
#9163 = DIRECTION('',(-0.,-0.,-1.));
#9164 = DIRECTION('',(-0.468441954979,-0.883494275485,0.));
#9165 = ADVANCED_FACE('',(#9166),#9177,.F.);
#9166 = FACE_BOUND('',#9167,.F.);
#9167 = EDGE_LOOP('',(#9168,#9169,#9170,#9176));
#9168 = ORIENTED_EDGE('',*,*,#9134,.T.);
#9169 = ORIENTED_EDGE('',*,*,#6824,.T.);
#9170 = ORIENTED_EDGE('',*,*,#9171,.F.);
#9171 = EDGE_CURVE('',#5599,#6825,#9172,.T.);
#9172 = LINE('',#9173,#9174);
#9173 = CARTESIAN_POINT('',(-1.854360411498,10.110160417777,0.));
#9174 = VECTOR('',#9175,1.);
#9175 = DIRECTION('',(0.,0.,1.));
#9176 = ORIENTED_EDGE('',*,*,#5598,.F.);
#9177 = SURFACE_OF_LINEAR_EXTRUSION('',#9178,#9183);
#9178 = B_SPLINE_CURVE_WITH_KNOTS('',3,(#9179,#9180,#9181,#9182),
  .UNSPECIFIED.,.F.,.F.,(4,4),(0.,1.),.PIECEWISE_BEZIER_KNOTS.);
#9179 = CARTESIAN_POINT('',(-1.023548853891,8.958869457398,0.));
#9180 = CARTESIAN_POINT('',(-1.161047404204,9.248554068584,0.));
#9181 = CARTESIAN_POINT('',(-1.409751962188,9.651744187307,0.));
#9182 = CARTESIAN_POINT('',(-1.854360411498,10.110160417777,0.));
#9183 = VECTOR('',#9184,1.);
#9184 = DIRECTION('',(-0.,-0.,-1.));
#9185 = ADVANCED_FACE('',(#9186),#9197,.F.);
#9186 = FACE_BOUND('',#9187,.F.);
#9187 = EDGE_LOOP('',(#9188,#9194,#9195,#9196));
#9188 = ORIENTED_EDGE('',*,*,#9189,.T.);
#9189 = EDGE_CURVE('',#6075,#7301,#9190,.T.);
#9190 = LINE('',#9191,#9192);
#9191 = CARTESIAN_POINT('',(-4.105194090669,-6.691927072605,0.));
#9192 = VECTOR('',#9193,1.);
#9193 = DIRECTION('',(0.,0.,1.));
#9194 = ORIENTED_EDGE('',*,*,#7308,.T.);
#9195 = ORIENTED_EDGE('',*,*,#9152,.F.);
#9196 = ORIENTED_EDGE('',*,*,#6082,.F.);
#9197 = CYLINDRICAL_SURFACE('',#9198,0.493105882353);
#9198 = AXIS2_PLACEMENT_3D('',#9199,#9200,#9201);
#9199 = CARTESIAN_POINT('',(-3.676984108752,-6.936446238719,0.));
#9200 = DIRECTION('',(0.,0.,-1.));
#9201 = DIRECTION('',(-0.868393578828,0.495875581421,0.));
#9202 = ADVANCED_FACE('',(#9203),#9214,.T.);
#9203 = FACE_BOUND('',#9204,.F.);
#9204 = EDGE_LOOP('',(#9205,#9206,#9207,#9213));
#9205 = ORIENTED_EDGE('',*,*,#9171,.T.);
#9206 = ORIENTED_EDGE('',*,*,#6833,.T.);
#9207 = ORIENTED_EDGE('',*,*,#9208,.F.);
#9208 = EDGE_CURVE('',#5608,#6834,#9209,.T.);
#9209 = LINE('',#9210,#9211);
#9210 = CARTESIAN_POINT('',(-2.71615049638,9.911949948357,0.));
#9211 = VECTOR('',#9212,1.);
#9212 = DIRECTION('',(0.,0.,1.));
#9213 = ORIENTED_EDGE('',*,*,#5607,.F.);
#9214 = CYLINDRICAL_SURFACE('',#9215,10.277364705883);
#9215 = AXIS2_PLACEMENT_3D('',#9216,#9217,#9218);
#9216 = CARTESIAN_POINT('',(1.624553176504E-02,4.466047632884E-03,0.));
#9217 = DIRECTION('',(-0.,-0.,-1.));
#9218 = DIRECTION('',(-0.182012217801,0.98329626897,0.));
#9219 = ADVANCED_FACE('',(#9220),#9231,.F.);
#9220 = FACE_BOUND('',#9221,.F.);
#9221 = EDGE_LOOP('',(#9222,#9228,#9229,#9230));
#9222 = ORIENTED_EDGE('',*,*,#9223,.T.);
#9223 = EDGE_CURVE('',#6066,#7292,#9224,.T.);
#9224 = LINE('',#9225,#9226);
#9225 = CARTESIAN_POINT('',(-4.474560268175,-7.292268770443,0.));
#9226 = VECTOR('',#9227,1.);
#9227 = DIRECTION('',(0.,0.,1.));
#9228 = ORIENTED_EDGE('',*,*,#7300,.T.);
#9229 = ORIENTED_EDGE('',*,*,#9189,.F.);
#9230 = ORIENTED_EDGE('',*,*,#6074,.F.);
#9231 = PLANE('',#9232);
#9232 = AXIS2_PLACEMENT_3D('',#9233,#9234,#9235);
#9233 = CARTESIAN_POINT('',(-4.474560268175,-7.292268770443,0.));
#9234 = DIRECTION('',(-0.851705722215,0.524020383903,0.));
#9235 = DIRECTION('',(0.524020383903,0.851705722215,0.));
#9236 = ADVANCED_FACE('',(#9237),#9248,.F.);
#9237 = FACE_BOUND('',#9238,.F.);
#9238 = EDGE_LOOP('',(#9239,#9240,#9241,#9247));
#9239 = ORIENTED_EDGE('',*,*,#9208,.T.);
#9240 = ORIENTED_EDGE('',*,*,#6842,.T.);
#9241 = ORIENTED_EDGE('',*,*,#9242,.F.);
#9242 = EDGE_CURVE('',#5617,#6843,#9243,.T.);
#9243 = LINE('',#9244,#9245);
#9244 = CARTESIAN_POINT('',(-2.964922126309,8.515763676613,0.));
#9245 = VECTOR('',#9246,1.);
#9246 = DIRECTION('',(0.,0.,1.));
#9247 = ORIENTED_EDGE('',*,*,#5616,.F.);
#9248 = SURFACE_OF_LINEAR_EXTRUSION('',#9249,#9254);
#9249 = B_SPLINE_CURVE_WITH_KNOTS('',3,(#9250,#9251,#9252,#9253),
  .UNSPECIFIED.,.F.,.F.,(4,4),(0.,1.),.PIECEWISE_BEZIER_KNOTS.);
#9250 = CARTESIAN_POINT('',(-2.71615049638,9.911949948357,0.));
#9251 = CARTESIAN_POINT('',(-2.917592227599,9.307589486304,0.));
#9252 = CARTESIAN_POINT('',(-2.966729655361,8.836418877935,0.));
#9253 = CARTESIAN_POINT('',(-2.964922126309,8.515763676613,0.));
#9254 = VECTOR('',#9255,1.);
#9255 = DIRECTION('',(-0.,-0.,-1.));
#9256 = ADVANCED_FACE('',(#9257),#9268,.F.);
#9257 = FACE_BOUND('',#9258,.F.);
#9258 = EDGE_LOOP('',(#9259,#9265,#9266,#9267));
#9259 = ORIENTED_EDGE('',*,*,#9260,.T.);
#9260 = EDGE_CURVE('',#6057,#7283,#9261,.T.);
#9261 = LINE('',#9262,#9263);
#9262 = CARTESIAN_POINT('',(-4.809293430575,-7.627561268822,0.));
#9263 = VECTOR('',#9264,1.);
#9264 = DIRECTION('',(0.,0.,1.));
#9265 = ORIENTED_EDGE('',*,*,#7291,.T.);
#9266 = ORIENTED_EDGE('',*,*,#9223,.F.);
#9267 = ORIENTED_EDGE('',*,*,#6065,.F.);
#9268 = SURFACE_OF_LINEAR_EXTRUSION('',#9269,#9274);
#9269 = B_SPLINE_CURVE_WITH_KNOTS('',3,(#9270,#9271,#9272,#9273),
  .UNSPECIFIED.,.F.,.F.,(4,4),(0.,1.),.PIECEWISE_BEZIER_KNOTS.);
#9270 = CARTESIAN_POINT('',(-4.809293430575,-7.627561268822,0.));
#9271 = CARTESIAN_POINT('',(-4.601096623526,-7.45813978107,0.));
#9272 = CARTESIAN_POINT('',(-4.504774427767,-7.334754454312,0.));
#9273 = CARTESIAN_POINT('',(-4.474560268175,-7.292268770443,0.));
#9274 = VECTOR('',#9275,1.);
#9275 = DIRECTION('',(-0.,-0.,-1.));
#9276 = ADVANCED_FACE('',(#9277),#9288,.F.);
#9277 = FACE_BOUND('',#9278,.F.);
#9278 = EDGE_LOOP('',(#9279,#9280,#9281,#9287));
#9279 = ORIENTED_EDGE('',*,*,#9242,.T.);
#9280 = ORIENTED_EDGE('',*,*,#6851,.T.);
#9281 = ORIENTED_EDGE('',*,*,#9282,.F.);
#9282 = EDGE_CURVE('',#5626,#6852,#9283,.T.);
#9283 = LINE('',#9284,#9285);
#9284 = CARTESIAN_POINT('',(-2.911482608342,8.045007298644,0.));
#9285 = VECTOR('',#9286,1.);
#9286 = DIRECTION('',(0.,0.,1.));
#9287 = ORIENTED_EDGE('',*,*,#5625,.F.);
#9288 = SURFACE_OF_LINEAR_EXTRUSION('',#9289,#9294);
#9289 = B_SPLINE_CURVE_WITH_KNOTS('',3,(#9290,#9291,#9292,#9293),
  .UNSPECIFIED.,.F.,.F.,(4,4),(0.,1.),.PIECEWISE_BEZIER_KNOTS.);
#9290 = CARTESIAN_POINT('',(-2.964922126309,8.515763676613,0.));
#9291 = CARTESIAN_POINT('',(-2.962271659352,8.247356288484,0.));
#9292 = CARTESIAN_POINT('',(-2.925861033167,8.095119070446,0.));
#9293 = CARTESIAN_POINT('',(-2.911482608342,8.045007298644,0.));
#9294 = VECTOR('',#9295,1.);
#9295 = DIRECTION('',(-0.,-0.,-1.));
#9296 = ADVANCED_FACE('',(#9297),#9308,.F.);
#9297 = FACE_BOUND('',#9298,.F.);
#9298 = EDGE_LOOP('',(#9299,#9305,#9306,#9307));
#9299 = ORIENTED_EDGE('',*,*,#9300,.T.);
#9300 = EDGE_CURVE('',#6048,#7274,#9301,.T.);
#9301 = LINE('',#9302,#9303);
#9302 = CARTESIAN_POINT('',(-6.055982387466,-8.303571678526,0.));
#9303 = VECTOR('',#9304,1.);
#9304 = DIRECTION('',(0.,0.,1.));
#9305 = ORIENTED_EDGE('',*,*,#7282,.T.);
#9306 = ORIENTED_EDGE('',*,*,#9260,.F.);
#9307 = ORIENTED_EDGE('',*,*,#6056,.F.);
#9308 = SURFACE_OF_LINEAR_EXTRUSION('',#9309,#9314);
#9309 = B_SPLINE_CURVE_WITH_KNOTS('',3,(#9310,#9311,#9312,#9313),
  .UNSPECIFIED.,.F.,.F.,(4,4),(0.,1.),.PIECEWISE_BEZIER_KNOTS.);
#9310 = CARTESIAN_POINT('',(-6.055982387466,-8.303571678526,0.));
#9311 = CARTESIAN_POINT('',(-5.457877486391,-8.084252581139,0.));
#9312 = CARTESIAN_POINT('',(-5.058864786055,-7.828899699877,0.));
#9313 = CARTESIAN_POINT('',(-4.809293430575,-7.627561268822,0.));
#9314 = VECTOR('',#9315,1.);
#9315 = DIRECTION('',(-0.,-0.,-1.));
#9316 = ADVANCED_FACE('',(#9317),#9328,.F.);
#9317 = FACE_BOUND('',#9318,.F.);
#9318 = EDGE_LOOP('',(#9319,#9320,#9321,#9327));
#9319 = ORIENTED_EDGE('',*,*,#9282,.T.);
#9320 = ORIENTED_EDGE('',*,*,#6860,.T.);
#9321 = ORIENTED_EDGE('',*,*,#9322,.F.);
#9322 = EDGE_CURVE('',#5635,#6861,#9323,.T.);
#9323 = LINE('',#9324,#9325);
#9324 = CARTESIAN_POINT('',(-2.67241261356,7.381918266278,0.));
#9325 = VECTOR('',#9326,1.);
#9326 = DIRECTION('',(0.,0.,1.));
#9327 = ORIENTED_EDGE('',*,*,#5634,.F.);
#9328 = PLANE('',#9329);
#9329 = AXIS2_PLACEMENT_3D('',#9330,#9331,#9332);
#9330 = CARTESIAN_POINT('',(-2.911482608342,8.045007298644,0.));
#9331 = DIRECTION('',(0.940725465576,0.339168982097,0.));
#9332 = DIRECTION('',(0.339168982097,-0.940725465576,0.));
#9333 = ADVANCED_FACE('',(#9334),#9345,.T.);
#9334 = FACE_BOUND('',#9335,.F.);
#9335 = EDGE_LOOP('',(#9336,#9342,#9343,#9344));
#9336 = ORIENTED_EDGE('',*,*,#9337,.T.);
#9337 = EDGE_CURVE('',#6039,#7265,#9338,.T.);
#9338 = LINE('',#9339,#9340);
#9339 = CARTESIAN_POINT('',(-6.74826690188,-7.753379265191,0.));
#9340 = VECTOR('',#9341,1.);
#9341 = DIRECTION('',(0.,0.,1.));
#9342 = ORIENTED_EDGE('',*,*,#7273,.T.);
#9343 = ORIENTED_EDGE('',*,*,#9300,.F.);
#9344 = ORIENTED_EDGE('',*,*,#6047,.F.);
#9345 = CYLINDRICAL_SURFACE('',#9346,10.277364705879);
#9346 = AXIS2_PLACEMENT_3D('',#9347,#9348,#9349);
#9347 = CARTESIAN_POINT('',(-1.36206200251E-02,9.916733026859E-03,0.));
#9348 = DIRECTION('',(-0.,-0.,-1.));
#9349 = DIRECTION('',(-0.655289218062,-0.755378077979,0.));
#9350 = ADVANCED_FACE('',(#9351),#9362,.F.);
#9351 = FACE_BOUND('',#9352,.F.);
#9352 = EDGE_LOOP('',(#9353,#9354,#9355,#9361));
#9353 = ORIENTED_EDGE('',*,*,#9322,.T.);
#9354 = ORIENTED_EDGE('',*,*,#6868,.T.);
#9355 = ORIENTED_EDGE('',*,*,#9356,.F.);
#9356 = EDGE_CURVE('',#5643,#6869,#9357,.T.);
#9357 = LINE('',#9358,#9359);
#9358 = CARTESIAN_POINT('',(-2.933313582728,6.747652539131,0.));
#9359 = VECTOR('',#9360,1.);
#9360 = DIRECTION('',(0.,0.,1.));
#9361 = ORIENTED_EDGE('',*,*,#5642,.F.);
#9362 = CYLINDRICAL_SURFACE('',#9363,0.493105882353);
#9363 = AXIS2_PLACEMENT_3D('',#9364,#9365,#9366);
#9364 = CARTESIAN_POINT('',(-3.130569952474,7.199585427739,0.));
#9365 = DIRECTION('',(0.,0.,-1.));
#9366 = DIRECTION('',(0.929125681341,0.369764071094,0.));
#9367 = ADVANCED_FACE('',(#9368),#9379,.F.);
#9368 = FACE_BOUND('',#9369,.F.);
#9369 = EDGE_LOOP('',(#9370,#9376,#9377,#9378));
#9370 = ORIENTED_EDGE('',*,*,#9371,.T.);
#9371 = EDGE_CURVE('',#6030,#7256,#9372,.T.);
#9372 = LINE('',#9373,#9374);
#9373 = CARTESIAN_POINT('',(-6.36615391701,-6.386006460687,0.));
#9374 = VECTOR('',#9375,1.);
#9375 = DIRECTION('',(0.,0.,1.));
#9376 = ORIENTED_EDGE('',*,*,#7264,.T.);
#9377 = ORIENTED_EDGE('',*,*,#9337,.F.);
#9378 = ORIENTED_EDGE('',*,*,#6038,.F.);
#9379 = SURFACE_OF_LINEAR_EXTRUSION('',#9380,#9385);
#9380 = B_SPLINE_CURVE_WITH_KNOTS('',3,(#9381,#9382,#9383,#9384),
  .UNSPECIFIED.,.F.,.F.,(4,4),(0.,1.),.PIECEWISE_BEZIER_KNOTS.);
#9381 = CARTESIAN_POINT('',(-6.36615391701,-6.386006460687,0.));
#9382 = CARTESIAN_POINT('',(-6.506909522131,-6.674122556946,0.));
#9383 = CARTESIAN_POINT('',(-6.66707149479,-7.119952537445,0.));
#9384 = CARTESIAN_POINT('',(-6.74826690188,-7.753379265191,0.));
#9385 = VECTOR('',#9386,1.);
#9386 = DIRECTION('',(-0.,-0.,-1.));
#9387 = ADVANCED_FACE('',(#9388),#9399,.T.);
#9388 = FACE_BOUND('',#9389,.F.);
#9389 = EDGE_LOOP('',(#9390,#9391,#9392,#9398));
#9390 = ORIENTED_EDGE('',*,*,#9356,.T.);
#9391 = ORIENTED_EDGE('',*,*,#6877,.T.);
#9392 = ORIENTED_EDGE('',*,*,#9393,.F.);
#9393 = EDGE_CURVE('',#5652,#6878,#9394,.T.);
#9394 = LINE('',#9395,#9396);
#9395 = CARTESIAN_POINT('',(-3.446636083363,6.500449451563,0.));
#9396 = VECTOR('',#9397,1.);
#9397 = DIRECTION('',(0.,0.,1.));
#9398 = ORIENTED_EDGE('',*,*,#5651,.F.);
#9399 = CYLINDRICAL_SURFACE('',#9400,7.357658823528);
#9400 = AXIS2_PLACEMENT_3D('',#9401,#9402,#9403);
#9401 = CARTESIAN_POINT('',(-5.2066E-13,1.07417E-12,0.));
#9402 = DIRECTION('',(-0.,-0.,-1.));
#9403 = DIRECTION('',(-0.398674857463,0.917092338877,0.));
#9404 = ADVANCED_FACE('',(#9405),#9416,.F.);
#9405 = FACE_BOUND('',#9406,.F.);
#9406 = EDGE_LOOP('',(#9407,#9413,#9414,#9415));
#9407 = ORIENTED_EDGE('',*,*,#9408,.T.);
#9408 = EDGE_CURVE('',#6022,#7248,#9409,.T.);
#9409 = LINE('',#9410,#9411);
#9410 = CARTESIAN_POINT('',(-6.113753037519,-5.985056157643,0.));
#9411 = VECTOR('',#9412,1.);
#9412 = DIRECTION('',(0.,0.,1.));
#9413 = ORIENTED_EDGE('',*,*,#7255,.T.);
#9414 = ORIENTED_EDGE('',*,*,#9371,.F.);
#9415 = ORIENTED_EDGE('',*,*,#6029,.F.);
#9416 = SURFACE_OF_LINEAR_EXTRUSION('',#9417,#9422);
#9417 = B_SPLINE_CURVE_WITH_KNOTS('',3,(#9418,#9419,#9420,#9421),
  .UNSPECIFIED.,.F.,.F.,(4,4),(0.,1.),.PIECEWISE_BEZIER_KNOTS.);
#9418 = CARTESIAN_POINT('',(-6.113753037519,-5.985056157643,0.));
#9419 = CARTESIAN_POINT('',(-6.148450233579,-6.023966739227,0.));
#9420 = CARTESIAN_POINT('',(-6.247308327628,-6.145329754582,0.));
#9421 = CARTESIAN_POINT('',(-6.36615391701,-6.386006460687,0.));
#9422 = VECTOR('',#9423,1.);
#9423 = DIRECTION('',(-0.,-0.,-1.));
#9424 = ADVANCED_FACE('',(#9425),#9436,.F.);
#9425 = FACE_BOUND('',#9426,.F.);
#9426 = EDGE_LOOP('',(#9427,#9428,#9429,#9435));
#9427 = ORIENTED_EDGE('',*,*,#9393,.T.);
#9428 = ORIENTED_EDGE('',*,*,#6886,.T.);
#9429 = ORIENTED_EDGE('',*,*,#9430,.F.);
#9430 = EDGE_CURVE('',#5661,#6887,#9431,.T.);
#9431 = LINE('',#9432,#9433);
#9432 = CARTESIAN_POINT('',(-4.105194090669,6.691927072605,0.));
#9433 = VECTOR('',#9434,1.);
#9434 = DIRECTION('',(0.,0.,1.));
#9435 = ORIENTED_EDGE('',*,*,#5660,.F.);
#9436 = CYLINDRICAL_SURFACE('',#9437,0.493105882353);
#9437 = AXIS2_PLACEMENT_3D('',#9438,#9439,#9440);
#9438 = CARTESIAN_POINT('',(-3.676984108752,6.936446238719,0.));
#9439 = DIRECTION('',(0.,0.,-1.));
#9440 = DIRECTION('',(0.467137046286,-0.88418492409,0.));
#9441 = ADVANCED_FACE('',(#9442),#9453,.F.);
#9442 = FACE_BOUND('',#9443,.F.);
#9443 = EDGE_LOOP('',(#9444,#9450,#9451,#9452));
#9444 = ORIENTED_EDGE('',*,*,#9445,.T.);
#9445 = EDGE_CURVE('',#6013,#7239,#9446,.T.);
#9446 = LINE('',#9447,#9448);
#9447 = CARTESIAN_POINT('',(-5.61065486624,-5.491362166081,0.));
#9448 = VECTOR('',#9449,1.);
#9449 = DIRECTION('',(0.,0.,1.));
#9450 = ORIENTED_EDGE('',*,*,#7247,.T.);
#9451 = ORIENTED_EDGE('',*,*,#9408,.F.);
#9452 = ORIENTED_EDGE('',*,*,#6021,.F.);
#9453 = PLANE('',#9454);
#9454 = AXIS2_PLACEMENT_3D('',#9455,#9456,#9457);
#9455 = CARTESIAN_POINT('',(-5.61065486624,-5.491362166081,0.));
#9456 = DIRECTION('',(0.700404451582,-0.713746176315,0.));
#9457 = DIRECTION('',(-0.713746176315,-0.700404451582,0.));
#9458 = ADVANCED_FACE('',(#9459),#9470,.F.);
#9459 = FACE_BOUND('',#9460,.F.);
#9460 = EDGE_LOOP('',(#9461,#9462,#9463,#9469));
#9461 = ORIENTED_EDGE('',*,*,#9430,.T.);
#9462 = ORIENTED_EDGE('',*,*,#6895,.T.);
#9463 = ORIENTED_EDGE('',*,*,#9464,.F.);
#9464 = EDGE_CURVE('',#5670,#6896,#9465,.T.);
#9465 = LINE('',#9466,#9467);
#9466 = CARTESIAN_POINT('',(-4.474560268175,7.292268770443,0.));
#9467 = VECTOR('',#9468,1.);
#9468 = DIRECTION('',(0.,0.,1.));
#9469 = ORIENTED_EDGE('',*,*,#5669,.F.);
#9470 = PLANE('',#9471);
#9471 = AXIS2_PLACEMENT_3D('',#9472,#9473,#9474);
#9472 = CARTESIAN_POINT('',(-4.105194090669,6.691927072605,0.));
#9473 = DIRECTION('',(-0.851705722215,-0.524020383903,0.));
#9474 = DIRECTION('',(-0.524020383903,0.851705722215,0.));
#9475 = ADVANCED_FACE('',(#9476),#9487,.F.);
#9476 = FACE_BOUND('',#9477,.F.);
#9477 = EDGE_LOOP('',(#9478,#9484,#9485,#9486));
#9478 = ORIENTED_EDGE('',*,*,#9479,.T.);
#9479 = EDGE_CURVE('',#6004,#7230,#9480,.T.);
#9480 = LINE('',#9481,#9482);
#9481 = CARTESIAN_POINT('',(-5.570520931778,-4.806707803901,0.));
#9482 = VECTOR('',#9483,1.);
#9483 = DIRECTION('',(0.,0.,1.));
#9484 = ORIENTED_EDGE('',*,*,#7238,.T.);
#9485 = ORIENTED_EDGE('',*,*,#9445,.F.);
#9486 = ORIENTED_EDGE('',*,*,#6012,.F.);
#9487 = CYLINDRICAL_SURFACE('',#9488,0.493105882353);
#9488 = AXIS2_PLACEMENT_3D('',#9489,#9490,#9491);
#9489 = CARTESIAN_POINT('',(-5.944329111454,-5.128298935648,0.));
#9490 = DIRECTION('',(0.,0.,-1.));
#9491 = DIRECTION('',(0.7580687902,0.652174600337,0.));
#9492 = ADVANCED_FACE('',(#9493),#9504,.F.);
#9493 = FACE_BOUND('',#9494,.F.);
#9494 = EDGE_LOOP('',(#9495,#9496,#9497,#9503));
#9495 = ORIENTED_EDGE('',*,*,#9464,.T.);
#9496 = ORIENTED_EDGE('',*,*,#6903,.T.);
#9497 = ORIENTED_EDGE('',*,*,#9498,.F.);
#9498 = EDGE_CURVE('',#5678,#6904,#9499,.T.);
#9499 = LINE('',#9500,#9501);
#9500 = CARTESIAN_POINT('',(-4.809293430575,7.627561268822,0.));
#9501 = VECTOR('',#9502,1.);
#9502 = DIRECTION('',(0.,0.,1.));
#9503 = ORIENTED_EDGE('',*,*,#5677,.F.);
#9504 = SURFACE_OF_LINEAR_EXTRUSION('',#9505,#9510);
#9505 = B_SPLINE_CURVE_WITH_KNOTS('',3,(#9506,#9507,#9508,#9509),
  .UNSPECIFIED.,.F.,.F.,(4,4),(0.,1.),.PIECEWISE_BEZIER_KNOTS.);
#9506 = CARTESIAN_POINT('',(-4.474560268175,7.292268770443,0.));
#9507 = CARTESIAN_POINT('',(-4.504774427767,7.334754454312,0.));
#9508 = CARTESIAN_POINT('',(-4.601096623526,7.45813978107,0.));
#9509 = CARTESIAN_POINT('',(-4.809293430575,7.627561268822,0.));
#9510 = VECTOR('',#9511,1.);
#9511 = DIRECTION('',(-0.,-0.,-1.));
#9512 = ADVANCED_FACE('',(#9513),#9524,.T.);
#9513 = FACE_BOUND('',#9514,.F.);
#9514 = EDGE_LOOP('',(#9515,#9521,#9522,#9523));
#9515 = ORIENTED_EDGE('',*,*,#9516,.T.);
#9516 = EDGE_CURVE('',#5995,#7221,#9517,.T.);
#9517 = LINE('',#9518,#9519);
#9518 = CARTESIAN_POINT('',(-5.925751124088,-4.361263232004,0.));
#9519 = VECTOR('',#9520,1.);
#9520 = DIRECTION('',(0.,0.,1.));
#9521 = ORIENTED_EDGE('',*,*,#7229,.T.);
#9522 = ORIENTED_EDGE('',*,*,#9479,.F.);
#9523 = ORIENTED_EDGE('',*,*,#6003,.F.);
#9524 = CYLINDRICAL_SURFACE('',#9525,7.357658823528);
#9525 = AXIS2_PLACEMENT_3D('',#9526,#9527,#9528);
#9526 = CARTESIAN_POINT('',(-7.4051E-13,-5.8866E-13,0.));
#9527 = DIRECTION('',(-0.,-0.,-1.));
#9528 = DIRECTION('',(-0.805385417592,-0.592751490196,0.));
#9529 = ADVANCED_FACE('',(#9530),#9541,.F.);
#9530 = FACE_BOUND('',#9531,.F.);
#9531 = EDGE_LOOP('',(#9532,#9533,#9534,#9540));
#9532 = ORIENTED_EDGE('',*,*,#9498,.T.);
#9533 = ORIENTED_EDGE('',*,*,#6912,.T.);
#9534 = ORIENTED_EDGE('',*,*,#9535,.F.);
#9535 = EDGE_CURVE('',#5687,#6913,#9536,.T.);
#9536 = LINE('',#9537,#9538);
#9537 = CARTESIAN_POINT('',(-6.057355205774,8.304362956903,0.));
#9538 = VECTOR('',#9539,1.);
#9539 = DIRECTION('',(0.,0.,1.));
#9540 = ORIENTED_EDGE('',*,*,#5686,.F.);
#9541 = SURFACE_OF_LINEAR_EXTRUSION('',#9542,#9547);
#9542 = B_SPLINE_CURVE_WITH_KNOTS('',3,(#9543,#9544,#9545,#9546),
  .UNSPECIFIED.,.F.,.F.,(4,4),(0.,1.),.PIECEWISE_BEZIER_KNOTS.);
#9543 = CARTESIAN_POINT('',(-4.809293430575,7.627561268822,0.));
#9544 = CARTESIAN_POINT('',(-5.058864786055,7.828899699877,0.));
#9545 = CARTESIAN_POINT('',(-5.457877486391,8.084252581139,0.));
#9546 = CARTESIAN_POINT('',(-6.057355205774,8.304362956903,0.));
#9547 = VECTOR('',#9548,1.);
#9548 = DIRECTION('',(-0.,-0.,-1.));
#9549 = ADVANCED_FACE('',(#9550),#9561,.F.);
#9550 = FACE_BOUND('',#9551,.F.);
#9551 = EDGE_LOOP('',(#9552,#9558,#9559,#9560));
#9552 = ORIENTED_EDGE('',*,*,#9553,.T.);
#9553 = EDGE_CURVE('',#5987,#7213,#9554,.T.);
#9554 = LINE('',#9555,#9556);
#9555 = CARTESIAN_POINT('',(-6.602170412554,-4.248040996828,0.));
#9556 = VECTOR('',#9557,1.);
#9557 = DIRECTION('',(0.,0.,1.));
#9558 = ORIENTED_EDGE('',*,*,#7220,.T.);
#9559 = ORIENTED_EDGE('',*,*,#9516,.F.);
#9560 = ORIENTED_EDGE('',*,*,#5994,.F.);
#9561 = CYLINDRICAL_SURFACE('',#9562,0.493105882353);
#9562 = AXIS2_PLACEMENT_3D('',#9563,#9564,#9565);
#9563 = CARTESIAN_POINT('',(-6.32245944,-4.654138501184,0.));
#9564 = DIRECTION('',(0.,0.,-1.));
#9565 = DIRECTION('',(-0.567243228206,0.823550314221,0.));
#9566 = ADVANCED_FACE('',(#9567),#9578,.T.);
#9567 = FACE_BOUND('',#9568,.F.);
#9568 = EDGE_LOOP('',(#9569,#9570,#9571,#9577));
#9569 = ORIENTED_EDGE('',*,*,#9535,.T.);
#9570 = ORIENTED_EDGE('',*,*,#6921,.T.);
#9571 = ORIENTED_EDGE('',*,*,#9572,.F.);
#9572 = EDGE_CURVE('',#5696,#6922,#9573,.T.);
#9573 = LINE('',#9574,#9575);
#9574 = CARTESIAN_POINT('',(-6.747800943316,7.751864790301,0.));
#9575 = VECTOR('',#9576,1.);
#9576 = DIRECTION('',(0.,0.,1.));
#9577 = ORIENTED_EDGE('',*,*,#5695,.F.);
#9578 = CYLINDRICAL_SURFACE('',#9579,10.277364705884);
#9579 = AXIS2_PLACEMENT_3D('',#9580,#9581,#9582);
#9580 = CARTESIAN_POINT('',(1.269897291773E-02,1.107244194481E-02,0.));
#9581 = DIRECTION('',(-0.,-0.,-1.));
#9582 = DIRECTION('',(-0.590623603658,0.806947184643,0.));
#9583 = ADVANCED_FACE('',(#9584),#9595,.F.);
#9584 = FACE_BOUND('',#9585,.F.);
#9585 = EDGE_LOOP('',(#9586,#9592,#9593,#9594));
#9586 = ORIENTED_EDGE('',*,*,#9587,.T.);
#9587 = EDGE_CURVE('',#5978,#7204,#9588,.T.);
#9588 = LINE('',#9589,#9590);
#9589 = CARTESIAN_POINT('',(-7.195436339949,-4.628668198484,0.));
#9590 = VECTOR('',#9591,1.);
#9591 = DIRECTION('',(0.,0.,1.));
#9592 = ORIENTED_EDGE('',*,*,#7212,.T.);
#9593 = ORIENTED_EDGE('',*,*,#9553,.F.);
#9594 = ORIENTED_EDGE('',*,*,#5986,.F.);
#9595 = PLANE('',#9596);
#9596 = AXIS2_PLACEMENT_3D('',#9597,#9598,#9599);
#9597 = CARTESIAN_POINT('',(-7.195436339949,-4.628668198484,0.));
#9598 = DIRECTION('',(-0.539996416789,0.841667315425,0.));
#9599 = DIRECTION('',(0.841667315425,0.539996416789,0.));
#9600 = ADVANCED_FACE('',(#9601),#9612,.F.);
#9601 = FACE_BOUND('',#9602,.F.);
#9602 = EDGE_LOOP('',(#9603,#9604,#9605,#9611));
#9603 = ORIENTED_EDGE('',*,*,#9572,.T.);
#9604 = ORIENTED_EDGE('',*,*,#6930,.T.);
#9605 = ORIENTED_EDGE('',*,*,#9606,.F.);
#9606 = EDGE_CURVE('',#5705,#6931,#9607,.T.);
#9607 = LINE('',#9608,#9609);
#9608 = CARTESIAN_POINT('',(-6.36615391701,6.386006460687,0.));
#9609 = VECTOR('',#9610,1.);
#9610 = DIRECTION('',(0.,0.,1.));
#9611 = ORIENTED_EDGE('',*,*,#5704,.F.);
#9612 = SURFACE_OF_LINEAR_EXTRUSION('',#9613,#9618);
#9613 = B_SPLINE_CURVE_WITH_KNOTS('',3,(#9614,#9615,#9616,#9617),
  .UNSPECIFIED.,.F.,.F.,(4,4),(0.,1.),.PIECEWISE_BEZIER_KNOTS.);
#9614 = CARTESIAN_POINT('',(-6.747800943316,7.751864790301,0.));
#9615 = CARTESIAN_POINT('',(-6.66707149479,7.119952537445,0.));
#9616 = CARTESIAN_POINT('',(-6.506909522131,6.674122556946,0.));
#9617 = CARTESIAN_POINT('',(-6.36615391701,6.386006460687,0.));
#9618 = VECTOR('',#9619,1.);
#9619 = DIRECTION('',(-0.,-0.,-1.));
#9620 = ADVANCED_FACE('',(#9621),#9632,.F.);
#9621 = FACE_BOUND('',#9622,.F.);
#9622 = EDGE_LOOP('',(#9623,#9629,#9630,#9631));
#9623 = ORIENTED_EDGE('',*,*,#9624,.T.);
#9624 = EDGE_CURVE('',#5969,#7195,#9625,.T.);
#9625 = LINE('',#9626,#9627);
#9626 = CARTESIAN_POINT('',(-7.64249846122,-4.785521025056,0.));
#9627 = VECTOR('',#9628,1.);
#9628 = DIRECTION('',(0.,0.,1.));
#9629 = ORIENTED_EDGE('',*,*,#7203,.T.);
#9630 = ORIENTED_EDGE('',*,*,#9587,.F.);
#9631 = ORIENTED_EDGE('',*,*,#5977,.F.);
#9632 = SURFACE_OF_LINEAR_EXTRUSION('',#9633,#9638);
#9633 = B_SPLINE_CURVE_WITH_KNOTS('',3,(#9634,#9635,#9636,#9637),
  .UNSPECIFIED.,.F.,.F.,(4,4),(0.,1.),.PIECEWISE_BEZIER_KNOTS.);
#9634 = CARTESIAN_POINT('',(-7.64249846122,-4.785521025056,0.));
#9635 = CARTESIAN_POINT('',(-7.38141039108,-4.723210748152,0.));
#9636 = CARTESIAN_POINT('',(-7.241092204487,-4.653837044443,0.));
#9637 = CARTESIAN_POINT('',(-7.195436339949,-4.628668198484,0.));
#9638 = VECTOR('',#9639,1.);
#9639 = DIRECTION('',(-0.,-0.,-1.));
#9640 = ADVANCED_FACE('',(#9641),#9652,.F.);
#9641 = FACE_BOUND('',#9642,.F.);
#9642 = EDGE_LOOP('',(#9643,#9644,#9645,#9651));
#9643 = ORIENTED_EDGE('',*,*,#9606,.T.);
#9644 = ORIENTED_EDGE('',*,*,#6939,.T.);
#9645 = ORIENTED_EDGE('',*,*,#9646,.F.);
#9646 = EDGE_CURVE('',#5714,#6940,#9647,.T.);
#9647 = LINE('',#9648,#9649);
#9648 = CARTESIAN_POINT('',(-6.113753037519,5.985056157643,0.));
#9649 = VECTOR('',#9650,1.);
#9650 = DIRECTION('',(0.,0.,1.));
#9651 = ORIENTED_EDGE('',*,*,#5713,.F.);
#9652 = SURFACE_OF_LINEAR_EXTRUSION('',#9653,#9658);
#9653 = B_SPLINE_CURVE_WITH_KNOTS('',3,(#9654,#9655,#9656,#9657),
  .UNSPECIFIED.,.F.,.F.,(4,4),(0.,1.),.PIECEWISE_BEZIER_KNOTS.);
#9654 = CARTESIAN_POINT('',(-6.36615391701,6.386006460687,0.));
#9655 = CARTESIAN_POINT('',(-6.247308327628,6.145329754582,0.));
#9656 = CARTESIAN_POINT('',(-6.148450233579,6.023966739227,0.));
#9657 = CARTESIAN_POINT('',(-6.113753037519,5.985056157643,0.));
#9658 = VECTOR('',#9659,1.);
#9659 = DIRECTION('',(-0.,-0.,-1.));
#9660 = ADVANCED_FACE('',(#9661),#9672,.F.);
#9661 = FACE_BOUND('',#9662,.F.);
#9662 = EDGE_LOOP('',(#9663,#9669,#9670,#9671));
#9663 = ORIENTED_EDGE('',*,*,#9664,.T.);
#9664 = EDGE_CURVE('',#5960,#7186,#9665,.T.);
#9665 = LINE('',#9666,#9667);
#9666 = CARTESIAN_POINT('',(-9.059036323582,-4.853667292444,0.));
#9667 = VECTOR('',#9668,1.);
#9668 = DIRECTION('',(0.,0.,1.));
#9669 = ORIENTED_EDGE('',*,*,#7194,.T.);
#9670 = ORIENTED_EDGE('',*,*,#9624,.F.);
#9671 = ORIENTED_EDGE('',*,*,#5968,.F.);
#9672 = SURFACE_OF_LINEAR_EXTRUSION('',#9673,#9678);
#9673 = B_SPLINE_CURVE_WITH_KNOTS('',3,(#9674,#9675,#9676,#9677),
  .UNSPECIFIED.,.F.,.F.,(4,4),(0.,1.),.PIECEWISE_BEZIER_KNOTS.);
#9674 = CARTESIAN_POINT('',(-9.059036323582,-4.853667292444,0.));
#9675 = CARTESIAN_POINT('',(-8.425003437939,-4.915575604426,0.));
#9676 = CARTESIAN_POINT('',(-7.954711954122,-4.858635730456,0.));
#9677 = CARTESIAN_POINT('',(-7.64249846122,-4.785521025056,0.));
#9678 = VECTOR('',#9679,1.);
#9679 = DIRECTION('',(-0.,-0.,-1.));
#9680 = ADVANCED_FACE('',(#9681),#9692,.F.);
#9681 = FACE_BOUND('',#9682,.F.);
#9682 = EDGE_LOOP('',(#9683,#9684,#9685,#9691));
#9683 = ORIENTED_EDGE('',*,*,#9646,.T.);
#9684 = ORIENTED_EDGE('',*,*,#6948,.T.);
#9685 = ORIENTED_EDGE('',*,*,#9686,.F.);
#9686 = EDGE_CURVE('',#5723,#6949,#9687,.T.);
#9687 = LINE('',#9688,#9689);
#9688 = CARTESIAN_POINT('',(-5.61065486624,5.491362166081,0.));
#9689 = VECTOR('',#9690,1.);
#9690 = DIRECTION('',(0.,0.,1.));
#9691 = ORIENTED_EDGE('',*,*,#5722,.F.);
#9692 = PLANE('',#9693);
#9693 = AXIS2_PLACEMENT_3D('',#9694,#9695,#9696);
#9694 = CARTESIAN_POINT('',(-6.113753037519,5.985056157643,0.));
#9695 = DIRECTION('',(0.700404451582,0.713746176315,0.));
#9696 = DIRECTION('',(0.713746176315,-0.700404451582,0.));
#9697 = ADVANCED_FACE('',(#9698),#9709,.T.);
#9698 = FACE_BOUND('',#9699,.F.);
#9699 = EDGE_LOOP('',(#9700,#9706,#9707,#9708));
#9700 = ORIENTED_EDGE('',*,*,#9701,.T.);
#9701 = EDGE_CURVE('',#5951,#7177,#9702,.T.);
#9702 = LINE('',#9703,#9704);
#9703 = CARTESIAN_POINT('',(-9.444043577268,-4.057590063027,0.));
#9704 = VECTOR('',#9705,1.);
#9705 = DIRECTION('',(0.,0.,1.));
#9706 = ORIENTED_EDGE('',*,*,#7185,.T.);
#9707 = ORIENTED_EDGE('',*,*,#9664,.F.);
#9708 = ORIENTED_EDGE('',*,*,#5959,.F.);
#9709 = CYLINDRICAL_SURFACE('',#9710,10.277364705884);
#9710 = AXIS2_PLACEMENT_3D('',#9711,#9712,#9713);
#9711 = CARTESIAN_POINT('',(-7.969045394155E-03,1.484443327624E-02,0.));
#9712 = DIRECTION('',(-0.,-0.,-1.));
#9713 = DIRECTION('',(-0.918141449867,-0.396252795619,0.));
#9714 = ADVANCED_FACE('',(#9715),#9726,.F.);
#9715 = FACE_BOUND('',#9716,.F.);
#9716 = EDGE_LOOP('',(#9717,#9718,#9719,#9725));
#9717 = ORIENTED_EDGE('',*,*,#9686,.T.);
#9718 = ORIENTED_EDGE('',*,*,#6956,.T.);
#9719 = ORIENTED_EDGE('',*,*,#9720,.F.);
#9720 = EDGE_CURVE('',#5731,#6957,#9721,.T.);
#9721 = LINE('',#9722,#9723);
#9722 = CARTESIAN_POINT('',(-5.570520931778,4.806707803901,0.));
#9723 = VECTOR('',#9724,1.);
#9724 = DIRECTION('',(0.,0.,1.));
#9725 = ORIENTED_EDGE('',*,*,#5730,.F.);
#9726 = CYLINDRICAL_SURFACE('',#9727,0.493105882353);
#9727 = AXIS2_PLACEMENT_3D('',#9728,#9729,#9730);
#9728 = CARTESIAN_POINT('',(-5.944329111454,5.128298935648,0.));
#9729 = DIRECTION('',(0.,0.,-1.));
#9730 = DIRECTION('',(0.6766786955,0.736278441255,0.));
#9731 = ADVANCED_FACE('',(#9732),#9743,.F.);
#9732 = FACE_BOUND('',#9733,.F.);
#9733 = EDGE_LOOP('',(#9734,#9740,#9741,#9742));
#9734 = ORIENTED_EDGE('',*,*,#9735,.T.);
#9735 = EDGE_CURVE('',#5942,#7168,#9736,.T.);
#9736 = LINE('',#9737,#9738);
#9737 = CARTESIAN_POINT('',(-8.506490848693,-2.991422345993,0.));
#9738 = VECTOR('',#9739,1.);
#9739 = DIRECTION('',(0.,0.,1.));
#9740 = ORIENTED_EDGE('',*,*,#7176,.T.);
#9741 = ORIENTED_EDGE('',*,*,#9701,.F.);
#9742 = ORIENTED_EDGE('',*,*,#5950,.F.);
#9743 = SURFACE_OF_LINEAR_EXTRUSION('',#9744,#9749);
#9744 = B_SPLINE_CURVE_WITH_KNOTS('',3,(#9745,#9746,#9747,#9748),
  .UNSPECIFIED.,.F.,.F.,(4,4),(0.,1.),.PIECEWISE_BEZIER_KNOTS.);
#9745 = CARTESIAN_POINT('',(-8.506490848693,-2.991422345993,0.));
#9746 = CARTESIAN_POINT('',(-8.758316156034,-3.189934410811,0.));
#9747 = CARTESIAN_POINT('',(-9.096055486172,-3.522121668057,0.));
#9748 = CARTESIAN_POINT('',(-9.444043577268,-4.057590063027,0.));
#9749 = VECTOR('',#9750,1.);
#9750 = DIRECTION('',(-0.,-0.,-1.));
#9751 = ADVANCED_FACE('',(#9752),#9763,.T.);
#9752 = FACE_BOUND('',#9753,.F.);
#9753 = EDGE_LOOP('',(#9754,#9755,#9756,#9762));
#9754 = ORIENTED_EDGE('',*,*,#9720,.T.);
#9755 = ORIENTED_EDGE('',*,*,#6965,.T.);
#9756 = ORIENTED_EDGE('',*,*,#9757,.F.);
#9757 = EDGE_CURVE('',#5740,#6966,#9758,.T.);
#9758 = LINE('',#9759,#9760);
#9759 = CARTESIAN_POINT('',(-5.925751124088,4.361263232004,0.));
#9760 = VECTOR('',#9761,1.);
#9761 = DIRECTION('',(0.,0.,1.));
#9762 = ORIENTED_EDGE('',*,*,#5739,.F.);
#9763 = CYLINDRICAL_SURFACE('',#9764,7.357658823529);
#9764 = AXIS2_PLACEMENT_3D('',#9765,#9766,#9767);
#9765 = CARTESIAN_POINT('',(-3.9302E-13,3.1349E-13,0.));
#9766 = DIRECTION('',(-0.,-0.,-1.));
#9767 = DIRECTION('',(-0.757105088097,0.653293108472,0.));
#9768 = ADVANCED_FACE('',(#9769),#9780,.F.);
#9769 = FACE_BOUND('',#9770,.F.);
#9770 = EDGE_LOOP('',(#9771,#9777,#9778,#9779));
#9771 = ORIENTED_EDGE('',*,*,#9772,.T.);
#9772 = EDGE_CURVE('',#5934,#7160,#9773,.T.);
#9773 = LINE('',#9774,#9775);
#9774 = CARTESIAN_POINT('',(-8.105119697355,-2.739691242724,0.));
#9775 = VECTOR('',#9776,1.);
#9776 = DIRECTION('',(0.,0.,1.));
#9777 = ORIENTED_EDGE('',*,*,#7167,.T.);
#9778 = ORIENTED_EDGE('',*,*,#9735,.F.);
#9779 = ORIENTED_EDGE('',*,*,#5941,.F.);
#9780 = SURFACE_OF_LINEAR_EXTRUSION('',#9781,#9786);
#9781 = B_SPLINE_CURVE_WITH_KNOTS('',3,(#9782,#9783,#9784,#9785),
  .UNSPECIFIED.,.F.,.F.,(4,4),(0.,1.),.PIECEWISE_BEZIER_KNOTS.);
#9782 = CARTESIAN_POINT('',(-8.105119697355,-2.739691242724,0.));
#9783 = CARTESIAN_POINT('',(-8.153263459438,-2.759693916199,0.));
#9784 = CARTESIAN_POINT('',(-8.294988963409,-2.826145295261,0.));
#9785 = CARTESIAN_POINT('',(-8.506490848693,-2.991422345993,0.));
#9786 = VECTOR('',#9787,1.);
#9787 = DIRECTION('',(-0.,-0.,-1.));
#9788 = ADVANCED_FACE('',(#9789),#9800,.F.);
#9789 = FACE_BOUND('',#9790,.F.);
#9790 = EDGE_LOOP('',(#9791,#9792,#9793,#9799));
#9791 = ORIENTED_EDGE('',*,*,#9757,.T.);
#9792 = ORIENTED_EDGE('',*,*,#6974,.T.);
#9793 = ORIENTED_EDGE('',*,*,#9794,.F.);
#9794 = EDGE_CURVE('',#5749,#6975,#9795,.T.);
#9795 = LINE('',#9796,#9797);
#9796 = CARTESIAN_POINT('',(-6.602170412554,4.248040996828,0.));
#9797 = VECTOR('',#9798,1.);
#9798 = DIRECTION('',(0.,0.,1.));
#9799 = ORIENTED_EDGE('',*,*,#5748,.F.);
#9800 = CYLINDRICAL_SURFACE('',#9801,0.493105882353);
#9801 = AXIS2_PLACEMENT_3D('',#9802,#9803,#9804);
#9802 = CARTESIAN_POINT('',(-6.32245944,4.654138501184,0.));
#9803 = DIRECTION('',(0.,0.,-1.));
#9804 = DIRECTION('',(0.804509396683,-0.593939921751,0.));
#9805 = ADVANCED_FACE('',(#9806),#9817,.F.);
#9806 = FACE_BOUND('',#9807,.F.);
#9807 = EDGE_LOOP('',(#9808,#9814,#9815,#9816));
#9808 = ORIENTED_EDGE('',*,*,#9809,.T.);
#9809 = EDGE_CURVE('',#5925,#7151,#9810,.T.);
#9810 = LINE('',#9811,#9812);
#9811 = CARTESIAN_POINT('',(-7.437638112495,-2.513174441754,0.));
#9812 = VECTOR('',#9813,1.);
#9813 = DIRECTION('',(0.,0.,1.));
#9814 = ORIENTED_EDGE('',*,*,#7159,.T.);
#9815 = ORIENTED_EDGE('',*,*,#9772,.F.);
#9816 = ORIENTED_EDGE('',*,*,#5933,.F.);
#9817 = PLANE('',#9818);
#9818 = AXIS2_PLACEMENT_3D('',#9819,#9820,#9821);
#9819 = CARTESIAN_POINT('',(-7.437638112495,-2.513174441754,0.));
#9820 = DIRECTION('',(0.321359746056,-0.946957186791,0.));
#9821 = DIRECTION('',(-0.946957186791,-0.321359746056,0.));
#9822 = ADVANCED_FACE('',(#9823),#9834,.F.);
#9823 = FACE_BOUND('',#9824,.F.);
#9824 = EDGE_LOOP('',(#9825,#9826,#9827,#9833));
#9825 = ORIENTED_EDGE('',*,*,#9794,.T.);
#9826 = ORIENTED_EDGE('',*,*,#6983,.T.);
#9827 = ORIENTED_EDGE('',*,*,#9828,.F.);
#9828 = EDGE_CURVE('',#5758,#6984,#9829,.T.);
#9829 = LINE('',#9830,#9831);
#9830 = CARTESIAN_POINT('',(-7.195436339949,4.628668198484,0.));
#9831 = VECTOR('',#9832,1.);
#9832 = DIRECTION('',(0.,0.,1.));
#9833 = ORIENTED_EDGE('',*,*,#5757,.F.);
#9834 = PLANE('',#9835);
#9835 = AXIS2_PLACEMENT_3D('',#9836,#9837,#9838);
#9836 = CARTESIAN_POINT('',(-6.602170412554,4.248040996828,0.));
#9837 = DIRECTION('',(-0.539996416789,-0.841667315425,0.));
#9838 = DIRECTION('',(-0.841667315425,0.539996416789,0.));
#9839 = ADVANCED_FACE('',(#9840),#9851,.F.);
#9840 = FACE_BOUND('',#9841,.F.);
#9841 = EDGE_LOOP('',(#9842,#9848,#9849,#9850));
#9842 = ORIENTED_EDGE('',*,*,#9843,.T.);
#9843 = EDGE_CURVE('',#5916,#7142,#9844,.T.);
#9844 = LINE('',#9845,#9846);
#9845 = CARTESIAN_POINT('',(-7.104418292333,-1.913735637706,0.));
#9846 = VECTOR('',#9847,1.);
#9847 = DIRECTION('',(0.,0.,1.));
#9848 = ORIENTED_EDGE('',*,*,#7150,.T.);
#9849 = ORIENTED_EDGE('',*,*,#9809,.F.);
#9850 = ORIENTED_EDGE('',*,*,#5924,.F.);
#9851 = CYLINDRICAL_SURFACE('',#9852,0.493105882353);
#9852 = AXIS2_PLACEMENT_3D('',#9853,#9854,#9855);
#9853 = CARTESIAN_POINT('',(-7.580740987498,-2.041289944893,0.));
#9854 = DIRECTION('',(0.,0.,-1.));
#9855 = DIRECTION('',(0.96596433385,0.25867529014,0.));
#9856 = ADVANCED_FACE('',(#9857),#9868,.F.);
#9857 = FACE_BOUND('',#9858,.F.);
#9858 = EDGE_LOOP('',(#9859,#9860,#9861,#9867));
#9859 = ORIENTED_EDGE('',*,*,#9828,.T.);
#9860 = ORIENTED_EDGE('',*,*,#6991,.T.);
#9861 = ORIENTED_EDGE('',*,*,#9862,.F.);
#9862 = EDGE_CURVE('',#5766,#6992,#9863,.T.);
#9863 = LINE('',#9864,#9865);
#9864 = CARTESIAN_POINT('',(-7.64249846122,4.785521025056,0.));
#9865 = VECTOR('',#9866,1.);
#9866 = DIRECTION('',(0.,0.,1.));
#9867 = ORIENTED_EDGE('',*,*,#5765,.F.);
#9868 = SURFACE_OF_LINEAR_EXTRUSION('',#9869,#9874);
#9869 = B_SPLINE_CURVE_WITH_KNOTS('',3,(#9870,#9871,#9872,#9873),
  .UNSPECIFIED.,.F.,.F.,(4,4),(0.,1.),.PIECEWISE_BEZIER_KNOTS.);
#9870 = CARTESIAN_POINT('',(-7.195436339949,4.628668198484,0.));
#9871 = CARTESIAN_POINT('',(-7.241092204487,4.653837044443,0.));
#9872 = CARTESIAN_POINT('',(-7.38141039108,4.723210748152,0.));
#9873 = CARTESIAN_POINT('',(-7.64249846122,4.785521025056,0.));
#9874 = VECTOR('',#9875,1.);
#9875 = DIRECTION('',(-0.,-0.,-1.));
#9876 = ADVANCED_FACE('',(#9877),#9888,.T.);
#9877 = FACE_BOUND('',#9878,.F.);
#9878 = EDGE_LOOP('',(#9879,#9885,#9886,#9887));
#9879 = ORIENTED_EDGE('',*,*,#9880,.T.);
#9880 = EDGE_CURVE('',#5907,#7133,#9881,.T.);
#9881 = LINE('',#9882,#9883);
#9882 = CARTESIAN_POINT('',(-7.231198480119,-1.358275341964,0.));
#9883 = VECTOR('',#9884,1.);
#9884 = DIRECTION('',(0.,0.,1.));
#9885 = ORIENTED_EDGE('',*,*,#7141,.T.);
#9886 = ORIENTED_EDGE('',*,*,#9843,.F.);
#9887 = ORIENTED_EDGE('',*,*,#5915,.F.);
#9888 = CYLINDRICAL_SURFACE('',#9889,7.357658823531);
#9889 = AXIS2_PLACEMENT_3D('',#9890,#9891,#9892);
#9890 = CARTESIAN_POINT('',(1.13353E-12,2.5817E-13,0.));
#9891 = DIRECTION('',(-0.,-0.,-1.));
#9892 = DIRECTION('',(-0.982812420847,-0.184607002654,0.));
#9893 = ADVANCED_FACE('',(#9894),#9905,.F.);
#9894 = FACE_BOUND('',#9895,.F.);
#9895 = EDGE_LOOP('',(#9896,#9897,#9898,#9904));
#9896 = ORIENTED_EDGE('',*,*,#9862,.T.);
#9897 = ORIENTED_EDGE('',*,*,#7000,.T.);
#9898 = ORIENTED_EDGE('',*,*,#9899,.F.);
#9899 = EDGE_CURVE('',#5775,#7001,#9900,.T.);
#9900 = LINE('',#9901,#9902);
#9901 = CARTESIAN_POINT('',(-9.06061651296,4.853784566088,0.));
#9902 = VECTOR('',#9903,1.);
#9903 = DIRECTION('',(0.,0.,1.));
#9904 = ORIENTED_EDGE('',*,*,#5774,.F.);
#9905 = SURFACE_OF_LINEAR_EXTRUSION('',#9906,#9911);
#9906 = B_SPLINE_CURVE_WITH_KNOTS('',3,(#9907,#9908,#9909,#9910),
  .UNSPECIFIED.,.F.,.F.,(4,4),(0.,1.),.PIECEWISE_BEZIER_KNOTS.);
#9907 = CARTESIAN_POINT('',(-7.64249846122,4.785521025056,0.));
#9908 = CARTESIAN_POINT('',(-7.954711954122,4.858635730456,0.));
#9909 = CARTESIAN_POINT('',(-8.425003437939,4.915575604426,0.));
#9910 = CARTESIAN_POINT('',(-9.06061651296,4.853784566088,0.));
#9911 = VECTOR('',#9912,1.);
#9912 = DIRECTION('',(-0.,-0.,-1.));
#9913 = ADVANCED_FACE('',(#9914),#9925,.F.);
#9914 = FACE_BOUND('',#9915,.F.);
#9915 = EDGE_LOOP('',(#9916,#9922,#9923,#9924));
#9916 = ORIENTED_EDGE('',*,*,#9917,.T.);
#9917 = EDGE_CURVE('',#5899,#7125,#9918,.T.);
#9918 = LINE('',#9919,#9920);
#9919 = CARTESIAN_POINT('',(-7.791505913926,-0.962778302825,0.));
#9920 = VECTOR('',#9921,1.);
#9921 = DIRECTION('',(0.,0.,1.));
#9922 = ORIENTED_EDGE('',*,*,#7132,.T.);
#9923 = ORIENTED_EDGE('',*,*,#9880,.F.);
#9924 = ORIENTED_EDGE('',*,*,#5906,.F.);
#9925 = CYLINDRICAL_SURFACE('',#9926,0.493105882353);
#9926 = AXIS2_PLACEMENT_3D('',#9927,#9928,#9929);
#9927 = CARTESIAN_POINT('',(-7.715694139281,-1.450021554226,0.));
#9928 = DIRECTION('',(0.,0.,-1.));
#9929 = DIRECTION('',(-0.153743399457,0.988110807108,0.));
#9930 = ADVANCED_FACE('',(#9931),#9942,.T.);
#9931 = FACE_BOUND('',#9932,.F.);
#9932 = EDGE_LOOP('',(#9933,#9934,#9935,#9941));
#9933 = ORIENTED_EDGE('',*,*,#9899,.T.);
#9934 = ORIENTED_EDGE('',*,*,#7009,.T.);
#9935 = ORIENTED_EDGE('',*,*,#9936,.F.);
#9936 = EDGE_CURVE('',#5784,#7010,#9937,.T.);
#9937 = LINE('',#9938,#9939);
#9938 = CARTESIAN_POINT('',(-9.442966657079,4.056427740143,0.));
#9939 = VECTOR('',#9940,1.);
#9940 = DIRECTION('',(0.,0.,1.));
#9941 = ORIENTED_EDGE('',*,*,#5783,.F.);
#9942 = CYLINDRICAL_SURFACE('',#9943,10.277364705884);
#9943 = AXIS2_PLACEMENT_3D('',#9944,#9945,#9946);
#9944 = CARTESIAN_POINT('',(6.637226740383E-03,1.548580333675E-02,0.));
#9945 = DIRECTION('',(-0.,-0.,-1.));
#9946 = DIRECTION('',(-0.882254741287,0.470772313838,0.));
#9947 = ADVANCED_FACE('',(#9948),#9959,.F.);
#9948 = FACE_BOUND('',#9949,.F.);
#9949 = EDGE_LOOP('',(#9950,#9956,#9957,#9958));
#9950 = ORIENTED_EDGE('',*,*,#9951,.T.);
#9951 = EDGE_CURVE('',#5890,#7116,#9952,.T.);
#9952 = LINE('',#9953,#9954);
#9953 = CARTESIAN_POINT('',(-8.49116799836,-1.048303122925,0.));
#9954 = VECTOR('',#9955,1.);
#9955 = DIRECTION('',(0.,0.,1.));
#9956 = ORIENTED_EDGE('',*,*,#7124,.T.);
#9957 = ORIENTED_EDGE('',*,*,#9917,.F.);
#9958 = ORIENTED_EDGE('',*,*,#5898,.F.);
#9959 = PLANE('',#9960);
#9960 = AXIS2_PLACEMENT_3D('',#9961,#9962,#9963);
#9961 = CARTESIAN_POINT('',(-8.49116799836,-1.048303122925,0.));
#9962 = DIRECTION('',(-0.121334198396,0.992611712756,0.));
#9963 = DIRECTION('',(0.992611712756,0.121334198396,0.));
#9964 = ADVANCED_FACE('',(#9965),#9976,.F.);
#9965 = FACE_BOUND('',#9966,.F.);
#9966 = EDGE_LOOP('',(#9967,#9968,#9969,#9975));
#9967 = ORIENTED_EDGE('',*,*,#9936,.T.);
#9968 = ORIENTED_EDGE('',*,*,#7018,.T.);
#9969 = ORIENTED_EDGE('',*,*,#9970,.F.);
#9970 = EDGE_CURVE('',#5793,#7019,#9971,.T.);
#9971 = LINE('',#9972,#9973);
#9972 = CARTESIAN_POINT('',(-8.506490848693,2.991422345993,0.));
#9973 = VECTOR('',#9974,1.);
#9974 = DIRECTION('',(0.,0.,1.));
#9975 = ORIENTED_EDGE('',*,*,#5792,.F.);
#9976 = SURFACE_OF_LINEAR_EXTRUSION('',#9977,#9982);
#9977 = B_SPLINE_CURVE_WITH_KNOTS('',3,(#9978,#9979,#9980,#9981),
  .UNSPECIFIED.,.F.,.F.,(4,4),(0.,1.),.PIECEWISE_BEZIER_KNOTS.);
#9978 = CARTESIAN_POINT('',(-9.442966657079,4.056427740143,0.));
#9979 = CARTESIAN_POINT('',(-9.096055486172,3.522121668057,0.));
#9980 = CARTESIAN_POINT('',(-8.758316156034,3.189934410811,0.));
#9981 = CARTESIAN_POINT('',(-8.506490848693,2.991422345993,0.));
#9982 = VECTOR('',#9983,1.);
#9983 = DIRECTION('',(-0.,-0.,-1.));
#9984 = ADVANCED_FACE('',(#9985),#9996,.F.);
#9985 = FACE_BOUND('',#9986,.F.);
#9986 = EDGE_LOOP('',(#9987,#9993,#9994,#9995));
#9987 = ORIENTED_EDGE('',*,*,#9988,.T.);
#9988 = EDGE_CURVE('',#5881,#7107,#9989,.T.);
#9989 = LINE('',#9990,#9991);
#9990 = CARTESIAN_POINT('',(-8.962012942528,-0.995649651713,0.));
#9991 = VECTOR('',#9992,1.);
#9992 = DIRECTION('',(0.,0.,1.));
#9993 = ORIENTED_EDGE('',*,*,#7115,.T.);
#9994 = ORIENTED_EDGE('',*,*,#9951,.F.);
#9995 = ORIENTED_EDGE('',*,*,#5889,.F.);
#9996 = SURFACE_OF_LINEAR_EXTRUSION('',#9997,#10002);
#9997 = B_SPLINE_CURVE_WITH_KNOTS('',3,(#9998,#9999,#10000,#10001),
  .UNSPECIFIED.,.F.,.F.,(4,4),(0.,1.),.PIECEWISE_BEZIER_KNOTS.);
#9998 = CARTESIAN_POINT('',(-8.962012942528,-0.995649651713,0.));
#9999 = CARTESIAN_POINT('',(-8.699745303623,-1.052791900184,0.));
#10000 = CARTESIAN_POINT('',(-8.54322286394,-1.051170132356,0.));
#10001 = CARTESIAN_POINT('',(-8.49116799836,-1.048303122925,0.));
#10002 = VECTOR('',#10003,1.);
#10003 = DIRECTION('',(-0.,-0.,-1.));
#10004 = ADVANCED_FACE('',(#10005),#10016,.F.);
#10005 = FACE_BOUND('',#10006,.F.);
#10006 = EDGE_LOOP('',(#10007,#10008,#10009,#10015));
#10007 = ORIENTED_EDGE('',*,*,#9970,.T.);
#10008 = ORIENTED_EDGE('',*,*,#7027,.T.);
#10009 = ORIENTED_EDGE('',*,*,#10010,.F.);
#10010 = EDGE_CURVE('',#5802,#7028,#10011,.T.);
#10011 = LINE('',#10012,#10013);
#10012 = CARTESIAN_POINT('',(-8.105119697355,2.739691242724,0.));
#10013 = VECTOR('',#10014,1.);
#10014 = DIRECTION('',(0.,0.,1.));
#10015 = ORIENTED_EDGE('',*,*,#5801,.F.);
#10016 = SURFACE_OF_LINEAR_EXTRUSION('',#10017,#10022);
#10017 = B_SPLINE_CURVE_WITH_KNOTS('',3,(#10018,#10019,#10020,#10021),
  .UNSPECIFIED.,.F.,.F.,(4,4),(0.,1.),.PIECEWISE_BEZIER_KNOTS.);
#10018 = CARTESIAN_POINT('',(-8.506490848693,2.991422345993,0.));
#10019 = CARTESIAN_POINT('',(-8.294988963409,2.826145295261,0.));
#10020 = CARTESIAN_POINT('',(-8.153263459438,2.759693916199,0.));
#10021 = CARTESIAN_POINT('',(-8.105119697355,2.739691242724,0.));
#10022 = VECTOR('',#10023,1.);
#10023 = DIRECTION('',(-0.,-0.,-1.));
#10024 = ADVANCED_FACE('',(#10025),#10036,.F.);
#10025 = FACE_BOUND('',#10026,.F.);
#10026 = EDGE_LOOP('',(#10027,#10033,#10034,#10035));
#10027 = ORIENTED_EDGE('',*,*,#10028,.T.);
#10028 = EDGE_CURVE('',#5872,#7098,#10029,.T.);
#10029 = LINE('',#10030,#10031);
#10030 = CARTESIAN_POINT('',(-10.26783701402,-0.442434572771,0.));
#10031 = VECTOR('',#10032,1.);
#10032 = DIRECTION('',(0.,0.,1.));
#10033 = ORIENTED_EDGE('',*,*,#7106,.T.);
#10034 = ORIENTED_EDGE('',*,*,#9988,.F.);
#10035 = ORIENTED_EDGE('',*,*,#5880,.F.);
#10036 = SURFACE_OF_LINEAR_EXTRUSION('',#10037,#10042);
#10037 = B_SPLINE_CURVE_WITH_KNOTS('',3,(#10038,#10039,#10040,#10041),
  .UNSPECIFIED.,.F.,.F.,(4,4),(0.,1.),.PIECEWISE_BEZIER_KNOTS.);
#10038 = CARTESIAN_POINT('',(-10.26783701402,-0.442434572771,0.));
#10039 = CARTESIAN_POINT('',(-9.723454132717,-0.773308593677,0.));
#10040 = CARTESIAN_POINT('',(-9.275030861536,-0.926059367362,0.));
#10041 = CARTESIAN_POINT('',(-8.962012942528,-0.995649651713,0.));
#10042 = VECTOR('',#10043,1.);
#10043 = DIRECTION('',(-0.,-0.,-1.));
#10044 = ADVANCED_FACE('',(#10045),#10056,.F.);
#10045 = FACE_BOUND('',#10046,.F.);
#10046 = EDGE_LOOP('',(#10047,#10048,#10049,#10055));
#10047 = ORIENTED_EDGE('',*,*,#10010,.T.);
#10048 = ORIENTED_EDGE('',*,*,#7036,.T.);
#10049 = ORIENTED_EDGE('',*,*,#10050,.F.);
#10050 = EDGE_CURVE('',#5811,#7037,#10051,.T.);
#10051 = LINE('',#10052,#10053);
#10052 = CARTESIAN_POINT('',(-7.437638112495,2.513174441754,0.));
#10053 = VECTOR('',#10054,1.);
#10054 = DIRECTION('',(0.,0.,1.));
#10055 = ORIENTED_EDGE('',*,*,#5810,.F.);
#10056 = PLANE('',#10057);
#10057 = AXIS2_PLACEMENT_3D('',#10058,#10059,#10060);
#10058 = CARTESIAN_POINT('',(-8.105119697355,2.739691242724,0.));
#10059 = DIRECTION('',(0.321359746056,0.946957186791,0.));
#10060 = DIRECTION('',(0.946957186791,-0.321359746056,0.));
#10061 = ADVANCED_FACE('',(#10062),#10073,.T.);
#10062 = FACE_BOUND('',#10063,.F.);
#10063 = EDGE_LOOP('',(#10064,#10070,#10071,#10072));
#10064 = ORIENTED_EDGE('',*,*,#10065,.T.);
#10065 = EDGE_CURVE('',#5863,#7089,#10066,.T.);
#10066 = LINE('',#10067,#10068);
#10067 = CARTESIAN_POINT('',(-10.26931159858,0.441854614197,0.));
#10068 = VECTOR('',#10069,1.);
#10069 = DIRECTION('',(0.,0.,1.));
#10070 = ORIENTED_EDGE('',*,*,#7097,.T.);
#10071 = ORIENTED_EDGE('',*,*,#10028,.F.);
#10072 = ORIENTED_EDGE('',*,*,#5871,.F.);
#10073 = CYLINDRICAL_SURFACE('',#10074,10.277364705883);
#10074 = AXIS2_PLACEMENT_3D('',#10075,#10076,#10077);
#10075 = CARTESIAN_POINT('',(-7.391035936635E-04,1.683201145636E-02,0.)
  );
#10076 = DIRECTION('',(-0.,-0.,-1.));
#10077 = DIRECTION('',(-0.99914450726,4.135521263513E-02,0.));
#10078 = ADVANCED_FACE('',(#10079),#10090,.F.);
#10079 = FACE_BOUND('',#10080,.F.);
#10080 = EDGE_LOOP('',(#10081,#10082,#10083,#10089));
#10081 = ORIENTED_EDGE('',*,*,#10050,.T.);
#10082 = ORIENTED_EDGE('',*,*,#7044,.T.);
#10083 = ORIENTED_EDGE('',*,*,#10084,.F.);
#10084 = EDGE_CURVE('',#5819,#7045,#10085,.T.);
#10085 = LINE('',#10086,#10087);
#10086 = CARTESIAN_POINT('',(-7.104418292333,1.913735637706,0.));
#10087 = VECTOR('',#10088,1.);
#10088 = DIRECTION('',(0.,0.,1.));
#10089 = ORIENTED_EDGE('',*,*,#5818,.F.);
#10090 = CYLINDRICAL_SURFACE('',#10091,0.493105882353);
#10091 = AXIS2_PLACEMENT_3D('',#10092,#10093,#10094);
#10092 = CARTESIAN_POINT('',(-7.580740987498,2.041289944893,0.));
#10093 = DIRECTION('',(0.,0.,-1.));
#10094 = DIRECTION('',(0.290207195095,0.956963836263,0.));
#10095 = ADVANCED_FACE('',(#10096),#10107,.F.);
#10096 = FACE_BOUND('',#10097,.F.);
#10097 = EDGE_LOOP('',(#10098,#10104,#10105,#10106));
#10098 = ORIENTED_EDGE('',*,*,#10099,.T.);
#10099 = EDGE_CURVE('',#5854,#7080,#10100,.T.);
#10100 = LINE('',#10101,#10102);
#10101 = CARTESIAN_POINT('',(-8.962012942528,0.995649651713,0.));
#10102 = VECTOR('',#10103,1.);
#10103 = DIRECTION('',(0.,0.,1.));
#10104 = ORIENTED_EDGE('',*,*,#7088,.T.);
#10105 = ORIENTED_EDGE('',*,*,#10065,.F.);
#10106 = ORIENTED_EDGE('',*,*,#5862,.F.);
#10107 = SURFACE_OF_LINEAR_EXTRUSION('',#10108,#10113);
#10108 = B_SPLINE_CURVE_WITH_KNOTS('',3,(#10109,#10110,#10111,#10112),
  .UNSPECIFIED.,.F.,.F.,(4,4),(0.,1.),.PIECEWISE_BEZIER_KNOTS.);
#10109 = CARTESIAN_POINT('',(-8.962012942528,0.995649651713,0.));
#10110 = CARTESIAN_POINT('',(-9.275030861536,0.926059367362,0.));
#10111 = CARTESIAN_POINT('',(-9.723454132717,0.773308593677,0.));
#10112 = CARTESIAN_POINT('',(-10.26931159858,0.441854614197,0.));
#10113 = VECTOR('',#10114,1.);
#10114 = DIRECTION('',(-0.,-0.,-1.));
#10115 = ADVANCED_FACE('',(#10116),#10127,.T.);
#10116 = FACE_BOUND('',#10117,.F.);
#10117 = EDGE_LOOP('',(#10118,#10119,#10120,#10126));
#10118 = ORIENTED_EDGE('',*,*,#10084,.T.);
#10119 = ORIENTED_EDGE('',*,*,#7053,.T.);
#10120 = ORIENTED_EDGE('',*,*,#10121,.F.);
#10121 = EDGE_CURVE('',#5828,#7054,#10122,.T.);
#10122 = LINE('',#10123,#10124);
#10123 = CARTESIAN_POINT('',(-7.231198480119,1.358275341964,0.));
#10124 = VECTOR('',#10125,1.);
#10125 = DIRECTION('',(0.,0.,1.));
#10126 = ORIENTED_EDGE('',*,*,#5827,.F.);
#10127 = CYLINDRICAL_SURFACE('',#10128,7.357658823528);
#10128 = AXIS2_PLACEMENT_3D('',#10129,#10130,#10131);
#10129 = CARTESIAN_POINT('',(-1.84983E-12,4.3869E-13,0.));
#10130 = DIRECTION('',(-0.,-0.,-1.));
#10131 = DIRECTION('',(-0.96558137075,0.26010116582,0.));
#10132 = ADVANCED_FACE('',(#10133),#10144,.F.);
#10133 = FACE_BOUND('',#10134,.F.);
#10134 = EDGE_LOOP('',(#10135,#10141,#10142,#10143));
#10135 = ORIENTED_EDGE('',*,*,#10136,.T.);
#10136 = EDGE_CURVE('',#5846,#7072,#10137,.T.);
#10137 = LINE('',#10138,#10139);
#10138 = CARTESIAN_POINT('',(-8.49116799836,1.048303122925,0.));
#10139 = VECTOR('',#10140,1.);
#10140 = DIRECTION('',(0.,0.,1.));
#10141 = ORIENTED_EDGE('',*,*,#7079,.T.);
#10142 = ORIENTED_EDGE('',*,*,#10099,.F.);
#10143 = ORIENTED_EDGE('',*,*,#5853,.F.);
#10144 = SURFACE_OF_LINEAR_EXTRUSION('',#10145,#10150);
#10145 = B_SPLINE_CURVE_WITH_KNOTS('',3,(#10146,#10147,#10148,#10149),
  .UNSPECIFIED.,.F.,.F.,(4,4),(0.,1.),.PIECEWISE_BEZIER_KNOTS.);
#10146 = CARTESIAN_POINT('',(-8.49116799836,1.048303122925,0.));
#10147 = CARTESIAN_POINT('',(-8.54322286394,1.051170132356,0.));
#10148 = CARTESIAN_POINT('',(-8.699745303623,1.052791900184,0.));
#10149 = CARTESIAN_POINT('',(-8.962012942528,0.995649651713,0.));
#10150 = VECTOR('',#10151,1.);
#10151 = DIRECTION('',(-0.,-0.,-1.));
#10152 = ADVANCED_FACE('',(#10153),#10164,.F.);
#10153 = FACE_BOUND('',#10154,.F.);
#10154 = EDGE_LOOP('',(#10155,#10156,#10157,#10163));
#10155 = ORIENTED_EDGE('',*,*,#10121,.T.);
#10156 = ORIENTED_EDGE('',*,*,#7062,.T.);
#10157 = ORIENTED_EDGE('',*,*,#10158,.F.);
#10158 = EDGE_CURVE('',#5837,#7063,#10159,.T.);
#10159 = LINE('',#10160,#10161);
#10160 = CARTESIAN_POINT('',(-7.791505913926,0.962778302825,0.));
#10161 = VECTOR('',#10162,1.);
#10162 = DIRECTION('',(0.,0.,1.));
#10163 = ORIENTED_EDGE('',*,*,#5836,.F.);
#10164 = CYLINDRICAL_SURFACE('',#10165,0.493105882353);
#10165 = AXIS2_PLACEMENT_3D('',#10166,#10167,#10168);
#10166 = CARTESIAN_POINT('',(-7.715694139281,1.450021554226,0.));
#10167 = DIRECTION('',(0.,0.,-1.));
#10168 = DIRECTION('',(0.982538794406,-0.186057833714,0.));
#10169 = ADVANCED_FACE('',(#10170),#10176,.F.);
#10170 = FACE_BOUND('',#10171,.F.);
#10171 = EDGE_LOOP('',(#10172,#10173,#10174,#10175));
#10172 = ORIENTED_EDGE('',*,*,#10158,.T.);
#10173 = ORIENTED_EDGE('',*,*,#7071,.T.);
#10174 = ORIENTED_EDGE('',*,*,#10136,.F.);
#10175 = ORIENTED_EDGE('',*,*,#5845,.F.);
#10176 = PLANE('',#10177);
#10177 = AXIS2_PLACEMENT_3D('',#10178,#10179,#10180);
#10178 = CARTESIAN_POINT('',(-7.791505913926,0.962778302825,0.));
#10179 = DIRECTION('',(-0.121334198396,-0.992611712756,0.));
#10180 = DIRECTION('',(-0.992611712756,0.121334198396,0.));
#10181 = ADVANCED_FACE('',(#10182),#10193,.F.);
#10182 = FACE_BOUND('',#10183,.F.);
#10183 = EDGE_LOOP('',(#10184,#10185,#10191,#10192));
#10184 = ORIENTED_EDGE('',*,*,#7679,.F.);
#10185 = ORIENTED_EDGE('',*,*,#10186,.F.);
#10186 = EDGE_CURVE('',#6454,#7680,#10187,.T.);
#10187 = LINE('',#10188,#10189);
#10188 = CARTESIAN_POINT('',(1.881588235294,-4.6E-16,-0.324411764706));
#10189 = VECTOR('',#10190,1.);
#10190 = DIRECTION('',(0.,0.,1.));
#10191 = ORIENTED_EDGE('',*,*,#6453,.T.);
#10192 = ORIENTED_EDGE('',*,*,#10186,.T.);
#10193 = CYLINDRICAL_SURFACE('',#10194,1.881588235294);
#10194 = AXIS2_PLACEMENT_3D('',#10195,#10196,#10197);
#10195 = CARTESIAN_POINT('',(0.,0.,-0.324411764706));
#10196 = DIRECTION('',(0.,0.,1.));
#10197 = DIRECTION('',(1.,0.,0.));
#10198 = ( GEOMETRIC_REPRESENTATION_CONTEXT(3) 
GLOBAL_UNCERTAINTY_ASSIGNED_CONTEXT((#10202)) 
GLOBAL_UNIT_ASSIGNED_CONTEXT((#10199,#10200,#10201)) 
REPRESENTATION_CONTEXT('Context #1',
  '3D Context with UNIT and UNCERTAINTY') );
#10199 = ( LENGTH_UNIT() NAMED_UNIT(*) SI_UNIT(.MILLI.,.METRE.) );
#10200 = ( NAMED_UNIT(*) PLANE_ANGLE_UNIT() SI_UNIT($,.RADIAN.) );
#10201 = ( NAMED_UNIT(*) SI_UNIT($,.STERADIAN.) SOLID_ANGLE_UNIT() );
#10202 = UNCERTAINTY_MEASURE_WITH_UNIT(LENGTH_MEASURE(1.E-07),#10199,
  'distance_accuracy_value','confusion accuracy');
#10203 = CONTEXT_DEPENDENT_SHAPE_REPRESENTATION(#10204,#10206);
#10204 = ( REPRESENTATION_RELATIONSHIP('','',#5128,#10) 
REPRESENTATION_RELATIONSHIP_WITH_TRANSFORMATION(#10205) 
SHAPE_REPRESENTATION_RELATIONSHIP() );
#10205 = ITEM_DEFINED_TRANSFORMATION('','',#11,#19);
#10206 = PRODUCT_DEFINITION_SHAPE('Placement','Placement of an item',
  #10207);
#10207 = NEXT_ASSEMBLY_USAGE_OCCURRENCE('5','Idler_1','',#5,#5123,$);
#10208 = PRODUCT_RELATED_PRODUCT_CATEGORY('part',$,(#5125));
#10209 = SHAPE_DEFINITION_REPRESENTATION(#10210,#10216);
#10210 = PRODUCT_DEFINITION_SHAPE('','',#10211);
#10211 = PRODUCT_DEFINITION('design','',#10212,#10215);
#10212 = PRODUCT_DEFINITION_FORMATION('','',#10213);
#10213 = PRODUCT('Idler_2','Idler_2','',(#10214));
#10214 = PRODUCT_CONTEXT('',#2,'mechanical');
#10215 = PRODUCT_DEFINITION_CONTEXT('part definition',#2,'design');
#10216 = ADVANCED_BREP_SHAPE_REPRESENTATION('',(#11,#10217),#15286);
#10217 = MANIFOLD_SOLID_BREP('',#10218);
#10218 = CLOSED_SHELL('',(#10219,#10259,#10292,#10328,#11554,#12780,
    #12797,#12817,#12834,#12851,#12868,#12888,#12908,#12928,#12948,
    #12965,#12982,#12999,#13019,#13036,#13056,#13073,#13090,#13107,
    #13124,#13144,#13161,#13181,#13198,#13215,#13232,#13252,#13272,
    #13292,#13312,#13329,#13346,#13363,#13383,#13400,#13420,#13437,
    #13454,#13471,#13488,#13508,#13525,#13545,#13562,#13579,#13596,
    #13616,#13636,#13656,#13676,#13693,#13710,#13727,#13747,#13764,
    #13784,#13801,#13818,#13835,#13852,#13872,#13889,#13909,#13926,
    #13943,#13960,#13980,#14000,#14020,#14040,#14057,#14074,#14091,
    #14111,#14128,#14148,#14165,#14182,#14199,#14216,#14236,#14253,
    #14273,#14290,#14307,#14324,#14344,#14364,#14384,#14404,#14421,
    #14438,#14455,#14475,#14492,#14512,#14529,#14546,#14563,#14580,
    #14600,#14617,#14637,#14654,#14671,#14688,#14708,#14728,#14748,
    #14768,#14785,#14802,#14819,#14839,#14856,#14876,#14893,#14910,
    #14927,#14944,#14964,#14981,#15001,#15018,#15035,#15052,#15072,
    #15092,#15112,#15132,#15149,#15166,#15183,#15203,#15220,#15240,
    #15257,#15269));
#10219 = ADVANCED_FACE('',(#10220),#10254,.F.);
#10220 = FACE_BOUND('',#10221,.F.);
#10221 = EDGE_LOOP('',(#10222,#10232,#10240,#10248));
#10222 = ORIENTED_EDGE('',*,*,#10223,.T.);
#10223 = EDGE_CURVE('',#10224,#10226,#10228,.T.);
#10224 = VERTEX_POINT('',#10225);
#10225 = CARTESIAN_POINT('',(7.791505913926,-0.962778302825,0.));
#10226 = VERTEX_POINT('',#10227);
#10227 = CARTESIAN_POINT('',(7.791505913926,-0.962778302825,
    2.595294117647));
#10228 = LINE('',#10229,#10230);
#10229 = CARTESIAN_POINT('',(7.791505913926,-0.962778302825,0.));
#10230 = VECTOR('',#10231,1.);
#10231 = DIRECTION('',(0.,0.,1.));
#10232 = ORIENTED_EDGE('',*,*,#10233,.T.);
#10233 = EDGE_CURVE('',#10226,#10234,#10236,.T.);
#10234 = VERTEX_POINT('',#10235);
#10235 = CARTESIAN_POINT('',(8.49116799836,-1.048303122925,
    2.595294117647));
#10236 = LINE('',#10237,#10238);
#10237 = CARTESIAN_POINT('',(7.791505913926,-0.962778302825,
    2.595294117647));
#10238 = VECTOR('',#10239,1.);
#10239 = DIRECTION('',(0.992611712756,-0.121334198396,0.));
#10240 = ORIENTED_EDGE('',*,*,#10241,.F.);
#10241 = EDGE_CURVE('',#10242,#10234,#10244,.T.);
#10242 = VERTEX_POINT('',#10243);
#10243 = CARTESIAN_POINT('',(8.49116799836,-1.048303122925,0.));
#10244 = LINE('',#10245,#10246);
#10245 = CARTESIAN_POINT('',(8.49116799836,-1.048303122925,0.));
#10246 = VECTOR('',#10247,1.);
#10247 = DIRECTION('',(0.,0.,1.));
#10248 = ORIENTED_EDGE('',*,*,#10249,.F.);
#10249 = EDGE_CURVE('',#10224,#10242,#10250,.T.);
#10250 = LINE('',#10251,#10252);
#10251 = CARTESIAN_POINT('',(7.791505913926,-0.962778302825,0.));
#10252 = VECTOR('',#10253,1.);
#10253 = DIRECTION('',(0.992611712756,-0.121334198396,0.));
#10254 = PLANE('',#10255);
#10255 = AXIS2_PLACEMENT_3D('',#10256,#10257,#10258);
#10256 = CARTESIAN_POINT('',(7.791505913926,-0.962778302825,0.));
#10257 = DIRECTION('',(0.121334198396,0.992611712756,0.));
#10258 = DIRECTION('',(0.992611712756,-0.121334198396,0.));
#10259 = ADVANCED_FACE('',(#10260),#10287,.F.);
#10260 = FACE_BOUND('',#10261,.F.);
#10261 = EDGE_LOOP('',(#10262,#10272,#10279,#10280));
#10262 = ORIENTED_EDGE('',*,*,#10263,.T.);
#10263 = EDGE_CURVE('',#10264,#10266,#10268,.T.);
#10264 = VERTEX_POINT('',#10265);
#10265 = CARTESIAN_POINT('',(7.231198480119,-1.358275341964,0.));
#10266 = VERTEX_POINT('',#10267);
#10267 = CARTESIAN_POINT('',(7.231198480119,-1.358275341964,
    2.595294117647));
#10268 = LINE('',#10269,#10270);
#10269 = CARTESIAN_POINT('',(7.231198480119,-1.358275341964,0.));
#10270 = VECTOR('',#10271,1.);
#10271 = DIRECTION('',(0.,0.,1.));
#10272 = ORIENTED_EDGE('',*,*,#10273,.T.);
#10273 = EDGE_CURVE('',#10266,#10226,#10274,.T.);
#10274 = CIRCLE('',#10275,0.493105882353);
#10275 = AXIS2_PLACEMENT_3D('',#10276,#10277,#10278);
#10276 = CARTESIAN_POINT('',(7.715694139281,-1.450021554226,
    2.595294117647));
#10277 = DIRECTION('',(0.,0.,-1.));
#10278 = DIRECTION('',(-0.982538794406,0.186057833714,0.));
#10279 = ORIENTED_EDGE('',*,*,#10223,.F.);
#10280 = ORIENTED_EDGE('',*,*,#10281,.F.);
#10281 = EDGE_CURVE('',#10264,#10224,#10282,.T.);
#10282 = CIRCLE('',#10283,0.493105882353);
#10283 = AXIS2_PLACEMENT_3D('',#10284,#10285,#10286);
#10284 = CARTESIAN_POINT('',(7.715694139281,-1.450021554226,0.));
#10285 = DIRECTION('',(0.,0.,-1.));
#10286 = DIRECTION('',(-0.982538794406,0.186057833714,0.));
#10287 = CYLINDRICAL_SURFACE('',#10288,0.493105882353);
#10288 = AXIS2_PLACEMENT_3D('',#10289,#10290,#10291);
#10289 = CARTESIAN_POINT('',(7.715694139281,-1.450021554226,0.));
#10290 = DIRECTION('',(0.,0.,-1.));
#10291 = DIRECTION('',(-0.982538794406,0.186057833714,0.));
#10292 = ADVANCED_FACE('',(#10293),#10320,.F.);
#10293 = FACE_BOUND('',#10294,.F.);
#10294 = EDGE_LOOP('',(#10295,#10296,#10305,#10313));
#10295 = ORIENTED_EDGE('',*,*,#10241,.T.);
#10296 = ORIENTED_EDGE('',*,*,#10297,.T.);
#10297 = EDGE_CURVE('',#10234,#10298,#10300,.T.);
#10298 = VERTEX_POINT('',#10299);
#10299 = CARTESIAN_POINT('',(8.962012942528,-0.995649651713,
    2.595294117647));
#10300 = B_SPLINE_CURVE_WITH_KNOTS('',3,(#10301,#10302,#10303,#10304),
  .UNSPECIFIED.,.F.,.F.,(4,4),(0.,1.),.PIECEWISE_BEZIER_KNOTS.);
#10301 = CARTESIAN_POINT('',(8.49116799836,-1.048303122925,
    2.595294117647));
#10302 = CARTESIAN_POINT('',(8.54322286394,-1.051170132356,
    2.595294117647));
#10303 = CARTESIAN_POINT('',(8.699745303623,-1.052791900184,
    2.595294117647));
#10304 = CARTESIAN_POINT('',(8.962012942528,-0.995649651713,
    2.595294117647));
#10305 = ORIENTED_EDGE('',*,*,#10306,.F.);
#10306 = EDGE_CURVE('',#10307,#10298,#10309,.T.);
#10307 = VERTEX_POINT('',#10308);
#10308 = CARTESIAN_POINT('',(8.962012942528,-0.995649651713,0.));
#10309 = LINE('',#10310,#10311);
#10310 = CARTESIAN_POINT('',(8.962012942528,-0.995649651713,0.));
#10311 = VECTOR('',#10312,1.);
#10312 = DIRECTION('',(0.,0.,1.));
#10313 = ORIENTED_EDGE('',*,*,#10314,.F.);
#10314 = EDGE_CURVE('',#10242,#10307,#10315,.T.);
#10315 = B_SPLINE_CURVE_WITH_KNOTS('',3,(#10316,#10317,#10318,#10319),
  .UNSPECIFIED.,.F.,.F.,(4,4),(0.,1.),.PIECEWISE_BEZIER_KNOTS.);
#10316 = CARTESIAN_POINT('',(8.49116799836,-1.048303122925,0.));
#10317 = CARTESIAN_POINT('',(8.54322286394,-1.051170132356,0.));
#10318 = CARTESIAN_POINT('',(8.699745303623,-1.052791900184,0.));
#10319 = CARTESIAN_POINT('',(8.962012942528,-0.995649651713,0.));
#10320 = SURFACE_OF_LINEAR_EXTRUSION('',#10321,#10326);
#10321 = B_SPLINE_CURVE_WITH_KNOTS('',3,(#10322,#10323,#10324,#10325),
  .UNSPECIFIED.,.F.,.F.,(4,4),(0.,1.),.PIECEWISE_BEZIER_KNOTS.);
#10322 = CARTESIAN_POINT('',(8.49116799836,-1.048303122925,0.));
#10323 = CARTESIAN_POINT('',(8.54322286394,-1.051170132356,0.));
#10324 = CARTESIAN_POINT('',(8.699745303623,-1.052791900184,0.));
#10325 = CARTESIAN_POINT('',(8.962012942528,-0.995649651713,0.));
#10326 = VECTOR('',#10327,1.);
#10327 = DIRECTION('',(-0.,-0.,-1.));
#10328 = ADVANCED_FACE('',(#10329,#11538),#11549,.F.);
#10329 = FACE_BOUND('',#10330,.F.);
#10330 = EDGE_LOOP('',(#10331,#10332,#10333,#10342,#10351,#10360,#10369,
    #10377,#10386,#10395,#10404,#10412,#10421,#10430,#10439,#10448,
    #10457,#10465,#10474,#10483,#10492,#10500,#10509,#10518,#10527,
    #10536,#10545,#10553,#10562,#10571,#10580,#10588,#10597,#10606,
    #10615,#10624,#10633,#10641,#10650,#10659,#10668,#10676,#10685,
    #10694,#10703,#10712,#10721,#10729,#10738,#10747,#10756,#10764,
    #10773,#10782,#10791,#10800,#10809,#10817,#10826,#10835,#10844,
    #10852,#10861,#10870,#10879,#10888,#10897,#10905,#10914,#10923,
    #10932,#10940,#10949,#10958,#10967,#10976,#10985,#10993,#11002,
    #11011,#11020,#11028,#11037,#11046,#11055,#11064,#11073,#11081,
    #11090,#11099,#11108,#11116,#11125,#11134,#11143,#11152,#11161,
    #11169,#11178,#11187,#11196,#11204,#11213,#11222,#11231,#11240,
    #11249,#11257,#11266,#11275,#11284,#11292,#11301,#11310,#11319,
    #11328,#11337,#11345,#11354,#11363,#11372,#11380,#11389,#11398,
    #11407,#11416,#11425,#11433,#11442,#11451,#11460,#11468,#11477,
    #11486,#11495,#11504,#11513,#11521,#11530,#11537));
#10331 = ORIENTED_EDGE('',*,*,#10249,.T.);
#10332 = ORIENTED_EDGE('',*,*,#10314,.T.);
#10333 = ORIENTED_EDGE('',*,*,#10334,.T.);
#10334 = EDGE_CURVE('',#10307,#10335,#10337,.T.);
#10335 = VERTEX_POINT('',#10336);
#10336 = CARTESIAN_POINT('',(10.269311598584,-0.441854614197,0.));
#10337 = B_SPLINE_CURVE_WITH_KNOTS('',3,(#10338,#10339,#10340,#10341),
  .UNSPECIFIED.,.F.,.F.,(4,4),(0.,1.),.PIECEWISE_BEZIER_KNOTS.);
#10338 = CARTESIAN_POINT('',(8.962012942528,-0.995649651713,0.));
#10339 = CARTESIAN_POINT('',(9.275030861536,-0.926059367362,0.));
#10340 = CARTESIAN_POINT('',(9.723454132717,-0.773308593677,0.));
#10341 = CARTESIAN_POINT('',(10.269311598585,-0.441854614197,0.));
#10342 = ORIENTED_EDGE('',*,*,#10343,.T.);
#10343 = EDGE_CURVE('',#10335,#10344,#10346,.T.);
#10344 = VERTEX_POINT('',#10345);
#10345 = CARTESIAN_POINT('',(10.267837014023,0.442434572771,0.));
#10346 = CIRCLE('',#10347,10.277364705883);
#10347 = AXIS2_PLACEMENT_3D('',#10348,#10349,#10350);
#10348 = CARTESIAN_POINT('',(7.391035936635E-04,-1.683201145636E-02,0.)
  );
#10349 = DIRECTION('',(-0.,0.,1.));
#10350 = DIRECTION('',(0.99914450726,-4.135521263513E-02,0.));
#10351 = ORIENTED_EDGE('',*,*,#10352,.T.);
#10352 = EDGE_CURVE('',#10344,#10353,#10355,.T.);
#10353 = VERTEX_POINT('',#10354);
#10354 = CARTESIAN_POINT('',(8.962012942528,0.995649651713,0.));
#10355 = B_SPLINE_CURVE_WITH_KNOTS('',3,(#10356,#10357,#10358,#10359),
  .UNSPECIFIED.,.F.,.F.,(4,4),(0.,1.),.PIECEWISE_BEZIER_KNOTS.);
#10356 = CARTESIAN_POINT('',(10.267837014023,0.442434572771,0.));
#10357 = CARTESIAN_POINT('',(9.723454132717,0.773308593677,0.));
#10358 = CARTESIAN_POINT('',(9.275030861536,0.926059367362,0.));
#10359 = CARTESIAN_POINT('',(8.962012942528,0.995649651713,0.));
#10360 = ORIENTED_EDGE('',*,*,#10361,.T.);
#10361 = EDGE_CURVE('',#10353,#10362,#10364,.T.);
#10362 = VERTEX_POINT('',#10363);
#10363 = CARTESIAN_POINT('',(8.49116799836,1.048303122925,0.));
#10364 = B_SPLINE_CURVE_WITH_KNOTS('',3,(#10365,#10366,#10367,#10368),
  .UNSPECIFIED.,.F.,.F.,(4,4),(0.,1.),.PIECEWISE_BEZIER_KNOTS.);
#10365 = CARTESIAN_POINT('',(8.962012942528,0.995649651713,0.));
#10366 = CARTESIAN_POINT('',(8.699745303623,1.052791900184,0.));
#10367 = CARTESIAN_POINT('',(8.54322286394,1.051170132356,0.));
#10368 = CARTESIAN_POINT('',(8.49116799836,1.048303122925,0.));
#10369 = ORIENTED_EDGE('',*,*,#10370,.T.);
#10370 = EDGE_CURVE('',#10362,#10371,#10373,.T.);
#10371 = VERTEX_POINT('',#10372);
#10372 = CARTESIAN_POINT('',(7.791505913926,0.962778302825,0.));
#10373 = LINE('',#10374,#10375);
#10374 = CARTESIAN_POINT('',(8.49116799836,1.048303122925,0.));
#10375 = VECTOR('',#10376,1.);
#10376 = DIRECTION('',(-0.992611712756,-0.121334198396,0.));
#10377 = ORIENTED_EDGE('',*,*,#10378,.T.);
#10378 = EDGE_CURVE('',#10371,#10379,#10381,.T.);
#10379 = VERTEX_POINT('',#10380);
#10380 = CARTESIAN_POINT('',(7.231198480119,1.358275341964,0.));
#10381 = CIRCLE('',#10382,0.493105882353);
#10382 = AXIS2_PLACEMENT_3D('',#10383,#10384,#10385);
#10383 = CARTESIAN_POINT('',(7.715694139281,1.450021554226,0.));
#10384 = DIRECTION('',(0.,0.,-1.));
#10385 = DIRECTION('',(0.153743399457,-0.988110807108,0.));
#10386 = ORIENTED_EDGE('',*,*,#10387,.T.);
#10387 = EDGE_CURVE('',#10379,#10388,#10390,.T.);
#10388 = VERTEX_POINT('',#10389);
#10389 = CARTESIAN_POINT('',(7.104418292333,1.913735637706,0.));
#10390 = CIRCLE('',#10391,7.357658823528);
#10391 = AXIS2_PLACEMENT_3D('',#10392,#10393,#10394);
#10392 = CARTESIAN_POINT('',(8.9322E-13,2.0515E-13,0.));
#10393 = DIRECTION('',(0.,-0.,1.));
#10394 = DIRECTION('',(0.982812420847,0.184607002654,0.));
#10395 = ORIENTED_EDGE('',*,*,#10396,.T.);
#10396 = EDGE_CURVE('',#10388,#10397,#10399,.T.);
#10397 = VERTEX_POINT('',#10398);
#10398 = CARTESIAN_POINT('',(7.437638112495,2.513174441754,0.));
#10399 = CIRCLE('',#10400,0.493105882353);
#10400 = AXIS2_PLACEMENT_3D('',#10401,#10402,#10403);
#10401 = CARTESIAN_POINT('',(7.580740987498,2.041289944893,0.));
#10402 = DIRECTION('',(0.,0.,-1.));
#10403 = DIRECTION('',(-0.96596433385,-0.25867529014,-0.));
#10404 = ORIENTED_EDGE('',*,*,#10405,.T.);
#10405 = EDGE_CURVE('',#10397,#10406,#10408,.T.);
#10406 = VERTEX_POINT('',#10407);
#10407 = CARTESIAN_POINT('',(8.105119697355,2.739691242724,0.));
#10408 = LINE('',#10409,#10410);
#10409 = CARTESIAN_POINT('',(7.437638112495,2.513174441754,0.));
#10410 = VECTOR('',#10411,1.);
#10411 = DIRECTION('',(0.946957186791,0.321359746056,0.));
#10412 = ORIENTED_EDGE('',*,*,#10413,.T.);
#10413 = EDGE_CURVE('',#10406,#10414,#10416,.T.);
#10414 = VERTEX_POINT('',#10415);
#10415 = CARTESIAN_POINT('',(8.506490848693,2.991422345993,0.));
#10416 = B_SPLINE_CURVE_WITH_KNOTS('',3,(#10417,#10418,#10419,#10420),
  .UNSPECIFIED.,.F.,.F.,(4,4),(0.,1.),.PIECEWISE_BEZIER_KNOTS.);
#10417 = CARTESIAN_POINT('',(8.105119697355,2.739691242724,0.));
#10418 = CARTESIAN_POINT('',(8.153263459438,2.759693916199,0.));
#10419 = CARTESIAN_POINT('',(8.294988963409,2.826145295261,0.));
#10420 = CARTESIAN_POINT('',(8.506490848693,2.991422345993,0.));
#10421 = ORIENTED_EDGE('',*,*,#10422,.T.);
#10422 = EDGE_CURVE('',#10414,#10423,#10425,.T.);
#10423 = VERTEX_POINT('',#10424);
#10424 = CARTESIAN_POINT('',(9.444043577268,4.057590063027,0.));
#10425 = B_SPLINE_CURVE_WITH_KNOTS('',3,(#10426,#10427,#10428,#10429),
  .UNSPECIFIED.,.F.,.F.,(4,4),(0.,1.),.PIECEWISE_BEZIER_KNOTS.);
#10426 = CARTESIAN_POINT('',(8.506490848693,2.991422345993,0.));
#10427 = CARTESIAN_POINT('',(8.758316156034,3.189934410811,0.));
#10428 = CARTESIAN_POINT('',(9.096055486172,3.522121668057,0.));
#10429 = CARTESIAN_POINT('',(9.444043577268,4.057590063027,0.));
#10430 = ORIENTED_EDGE('',*,*,#10431,.T.);
#10431 = EDGE_CURVE('',#10423,#10432,#10434,.T.);
#10432 = VERTEX_POINT('',#10433);
#10433 = CARTESIAN_POINT('',(9.059036323582,4.853667292444,0.));
#10434 = CIRCLE('',#10435,10.277364705884);
#10435 = AXIS2_PLACEMENT_3D('',#10436,#10437,#10438);
#10436 = CARTESIAN_POINT('',(7.969045394155E-03,-1.484443327623E-02,0.)
  );
#10437 = DIRECTION('',(0.,-0.,1.));
#10438 = DIRECTION('',(0.918141449867,0.396252795619,0.));
#10439 = ORIENTED_EDGE('',*,*,#10440,.T.);
#10440 = EDGE_CURVE('',#10432,#10441,#10443,.T.);
#10441 = VERTEX_POINT('',#10442);
#10442 = CARTESIAN_POINT('',(7.64249846122,4.785521025056,0.));
#10443 = B_SPLINE_CURVE_WITH_KNOTS('',3,(#10444,#10445,#10446,#10447),
  .UNSPECIFIED.,.F.,.F.,(4,4),(0.,1.),.PIECEWISE_BEZIER_KNOTS.);
#10444 = CARTESIAN_POINT('',(9.059036323582,4.853667292444,0.));
#10445 = CARTESIAN_POINT('',(8.425003437939,4.915575604426,0.));
#10446 = CARTESIAN_POINT('',(7.954711954122,4.858635730456,0.));
#10447 = CARTESIAN_POINT('',(7.64249846122,4.785521025056,0.));
#10448 = ORIENTED_EDGE('',*,*,#10449,.T.);
#10449 = EDGE_CURVE('',#10441,#10450,#10452,.T.);
#10450 = VERTEX_POINT('',#10451);
#10451 = CARTESIAN_POINT('',(7.195436339949,4.628668198484,0.));
#10452 = B_SPLINE_CURVE_WITH_KNOTS('',3,(#10453,#10454,#10455,#10456),
  .UNSPECIFIED.,.F.,.F.,(4,4),(0.,1.),.PIECEWISE_BEZIER_KNOTS.);
#10453 = CARTESIAN_POINT('',(7.64249846122,4.785521025056,0.));
#10454 = CARTESIAN_POINT('',(7.38141039108,4.723210748152,0.));
#10455 = CARTESIAN_POINT('',(7.241092204487,4.653837044443,0.));
#10456 = CARTESIAN_POINT('',(7.195436339949,4.628668198484,0.));
#10457 = ORIENTED_EDGE('',*,*,#10458,.T.);
#10458 = EDGE_CURVE('',#10450,#10459,#10461,.T.);
#10459 = VERTEX_POINT('',#10460);
#10460 = CARTESIAN_POINT('',(6.602170412554,4.248040996828,0.));
#10461 = LINE('',#10462,#10463);
#10462 = CARTESIAN_POINT('',(7.195436339949,4.628668198484,0.));
#10463 = VECTOR('',#10464,1.);
#10464 = DIRECTION('',(-0.841667315425,-0.539996416789,0.));
#10465 = ORIENTED_EDGE('',*,*,#10466,.T.);
#10466 = EDGE_CURVE('',#10459,#10467,#10469,.T.);
#10467 = VERTEX_POINT('',#10468);
#10468 = CARTESIAN_POINT('',(5.925751124088,4.361263232004,0.));
#10469 = CIRCLE('',#10470,0.493105882353);
#10470 = AXIS2_PLACEMENT_3D('',#10471,#10472,#10473);
#10471 = CARTESIAN_POINT('',(6.32245944,4.654138501184,0.));
#10472 = DIRECTION('',(0.,-0.,-1.));
#10473 = DIRECTION('',(0.567243228206,-0.823550314221,0.));
#10474 = ORIENTED_EDGE('',*,*,#10475,.T.);
#10475 = EDGE_CURVE('',#10467,#10476,#10478,.T.);
#10476 = VERTEX_POINT('',#10477);
#10477 = CARTESIAN_POINT('',(5.570520931778,4.806707803901,0.));
#10478 = CIRCLE('',#10479,7.357658823529);
#10479 = AXIS2_PLACEMENT_3D('',#10480,#10481,#10482);
#10480 = CARTESIAN_POINT('',(-3.515E-14,-1.412E-14,0.));
#10481 = DIRECTION('',(0.,-0.,1.));
#10482 = DIRECTION('',(0.805385417592,0.592751490196,0.));
#10483 = ORIENTED_EDGE('',*,*,#10484,.T.);
#10484 = EDGE_CURVE('',#10476,#10485,#10487,.T.);
#10485 = VERTEX_POINT('',#10486);
#10486 = CARTESIAN_POINT('',(5.61065486624,5.491362166081,0.));
#10487 = CIRCLE('',#10488,0.493105882353);
#10488 = AXIS2_PLACEMENT_3D('',#10489,#10490,#10491);
#10489 = CARTESIAN_POINT('',(5.944329111454,5.128298935648,0.));
#10490 = DIRECTION('',(0.,0.,-1.));
#10491 = DIRECTION('',(-0.7580687902,-0.652174600337,-0.));
#10492 = ORIENTED_EDGE('',*,*,#10493,.T.);
#10493 = EDGE_CURVE('',#10485,#10494,#10496,.T.);
#10494 = VERTEX_POINT('',#10495);
#10495 = CARTESIAN_POINT('',(6.113753037519,5.985056157643,0.));
#10496 = LINE('',#10497,#10498);
#10497 = CARTESIAN_POINT('',(5.61065486624,5.491362166081,0.));
#10498 = VECTOR('',#10499,1.);
#10499 = DIRECTION('',(0.713746176315,0.700404451582,0.));
#10500 = ORIENTED_EDGE('',*,*,#10501,.T.);
#10501 = EDGE_CURVE('',#10494,#10502,#10504,.T.);
#10502 = VERTEX_POINT('',#10503);
#10503 = CARTESIAN_POINT('',(6.36615391701,6.386006460687,0.));
#10504 = B_SPLINE_CURVE_WITH_KNOTS('',3,(#10505,#10506,#10507,#10508),
  .UNSPECIFIED.,.F.,.F.,(4,4),(0.,1.),.PIECEWISE_BEZIER_KNOTS.);
#10505 = CARTESIAN_POINT('',(6.113753037519,5.985056157643,0.));
#10506 = CARTESIAN_POINT('',(6.148450233579,6.023966739227,0.));
#10507 = CARTESIAN_POINT('',(6.247308327628,6.145329754582,0.));
#10508 = CARTESIAN_POINT('',(6.36615391701,6.386006460687,0.));
#10509 = ORIENTED_EDGE('',*,*,#10510,.T.);
#10510 = EDGE_CURVE('',#10502,#10511,#10513,.T.);
#10511 = VERTEX_POINT('',#10512);
#10512 = CARTESIAN_POINT('',(6.74826690188,7.753379265191,0.));
#10513 = B_SPLINE_CURVE_WITH_KNOTS('',3,(#10514,#10515,#10516,#10517),
  .UNSPECIFIED.,.F.,.F.,(4,4),(0.,1.),.PIECEWISE_BEZIER_KNOTS.);
#10514 = CARTESIAN_POINT('',(6.36615391701,6.386006460687,0.));
#10515 = CARTESIAN_POINT('',(6.506909522131,6.674122556946,0.));
#10516 = CARTESIAN_POINT('',(6.66707149479,7.119952537445,0.));
#10517 = CARTESIAN_POINT('',(6.74826690188,7.753379265191,0.));
#10518 = ORIENTED_EDGE('',*,*,#10519,.T.);
#10519 = EDGE_CURVE('',#10511,#10520,#10522,.T.);
#10520 = VERTEX_POINT('',#10521);
#10521 = CARTESIAN_POINT('',(6.055982387466,8.303571678526,0.));
#10522 = CIRCLE('',#10523,10.277364705881);
#10523 = AXIS2_PLACEMENT_3D('',#10524,#10525,#10526);
#10524 = CARTESIAN_POINT('',(1.362062002376E-02,-9.916733028552E-03,0.)
  );
#10525 = DIRECTION('',(0.,-0.,1.));
#10526 = DIRECTION('',(0.655289218062,0.755378077979,0.));
#10527 = ORIENTED_EDGE('',*,*,#10528,.T.);
#10528 = EDGE_CURVE('',#10520,#10529,#10531,.T.);
#10529 = VERTEX_POINT('',#10530);
#10530 = CARTESIAN_POINT('',(4.809293430575,7.627561268822,0.));
#10531 = B_SPLINE_CURVE_WITH_KNOTS('',3,(#10532,#10533,#10534,#10535),
  .UNSPECIFIED.,.F.,.F.,(4,4),(0.,1.),.PIECEWISE_BEZIER_KNOTS.);
#10532 = CARTESIAN_POINT('',(6.055982387466,8.303571678526,0.));
#10533 = CARTESIAN_POINT('',(5.457877486391,8.084252581139,0.));
#10534 = CARTESIAN_POINT('',(5.058864786055,7.828899699877,0.));
#10535 = CARTESIAN_POINT('',(4.809293430575,7.627561268822,0.));
#10536 = ORIENTED_EDGE('',*,*,#10537,.T.);
#10537 = EDGE_CURVE('',#10529,#10538,#10540,.T.);
#10538 = VERTEX_POINT('',#10539);
#10539 = CARTESIAN_POINT('',(4.474560268175,7.292268770443,0.));
#10540 = B_SPLINE_CURVE_WITH_KNOTS('',3,(#10541,#10542,#10543,#10544),
  .UNSPECIFIED.,.F.,.F.,(4,4),(0.,1.),.PIECEWISE_BEZIER_KNOTS.);
#10541 = CARTESIAN_POINT('',(4.809293430575,7.627561268822,0.));
#10542 = CARTESIAN_POINT('',(4.601096623526,7.45813978107,0.));
#10543 = CARTESIAN_POINT('',(4.504774427767,7.334754454312,0.));
#10544 = CARTESIAN_POINT('',(4.474560268175,7.292268770443,0.));
#10545 = ORIENTED_EDGE('',*,*,#10546,.T.);
#10546 = EDGE_CURVE('',#10538,#10547,#10549,.T.);
#10547 = VERTEX_POINT('',#10548);
#10548 = CARTESIAN_POINT('',(4.105194090669,6.691927072605,0.));
#10549 = LINE('',#10550,#10551);
#10550 = CARTESIAN_POINT('',(4.474560268175,7.292268770443,0.));
#10551 = VECTOR('',#10552,1.);
#10552 = DIRECTION('',(-0.524020383903,-0.851705722215,0.));
#10553 = ORIENTED_EDGE('',*,*,#10554,.T.);
#10554 = EDGE_CURVE('',#10547,#10555,#10557,.T.);
#10555 = VERTEX_POINT('',#10556);
#10556 = CARTESIAN_POINT('',(3.446636083363,6.500449451563,0.));
#10557 = CIRCLE('',#10558,0.493105882353);
#10558 = AXIS2_PLACEMENT_3D('',#10559,#10560,#10561);
#10559 = CARTESIAN_POINT('',(3.676984108752,6.936446238719,0.));
#10560 = DIRECTION('',(0.,-0.,-1.));
#10561 = DIRECTION('',(0.868393578828,-0.495875581421,0.));
#10562 = ORIENTED_EDGE('',*,*,#10563,.T.);
#10563 = EDGE_CURVE('',#10555,#10564,#10566,.T.);
#10564 = VERTEX_POINT('',#10565);
#10565 = CARTESIAN_POINT('',(2.933313582728,6.747652539131,0.));
#10566 = CIRCLE('',#10567,7.357658823526);
#10567 = AXIS2_PLACEMENT_3D('',#10568,#10569,#10570);
#10568 = CARTESIAN_POINT('',(1.34704E-12,2.78685E-12,0.));
#10569 = DIRECTION('',(0.,-0.,1.));
#10570 = DIRECTION('',(0.468441954979,0.883494275485,0.));
#10571 = ORIENTED_EDGE('',*,*,#10572,.T.);
#10572 = EDGE_CURVE('',#10564,#10573,#10575,.T.);
#10573 = VERTEX_POINT('',#10574);
#10574 = CARTESIAN_POINT('',(2.67241261356,7.381918266278,0.));
#10575 = CIRCLE('',#10576,0.493105882353);
#10576 = AXIS2_PLACEMENT_3D('',#10577,#10578,#10579);
#10577 = CARTESIAN_POINT('',(3.130569952474,7.199585427739,0.));
#10578 = DIRECTION('',(0.,0.,-1.));
#10579 = DIRECTION('',(-0.400028425547,-0.91650273254,-0.));
#10580 = ORIENTED_EDGE('',*,*,#10581,.T.);
#10581 = EDGE_CURVE('',#10573,#10582,#10584,.T.);
#10582 = VERTEX_POINT('',#10583);
#10583 = CARTESIAN_POINT('',(2.911482608342,8.045007298644,0.));
#10584 = LINE('',#10585,#10586);
#10585 = CARTESIAN_POINT('',(2.67241261356,7.381918266278,0.));
#10586 = VECTOR('',#10587,1.);
#10587 = DIRECTION('',(0.339168982097,0.940725465576,0.));
#10588 = ORIENTED_EDGE('',*,*,#10589,.T.);
#10589 = EDGE_CURVE('',#10582,#10590,#10592,.T.);
#10590 = VERTEX_POINT('',#10591);
#10591 = CARTESIAN_POINT('',(2.964922126309,8.515763676613,0.));
#10592 = B_SPLINE_CURVE_WITH_KNOTS('',3,(#10593,#10594,#10595,#10596),
  .UNSPECIFIED.,.F.,.F.,(4,4),(0.,1.),.PIECEWISE_BEZIER_KNOTS.);
#10593 = CARTESIAN_POINT('',(2.911482608342,8.045007298644,0.));
#10594 = CARTESIAN_POINT('',(2.925861033167,8.095119070446,0.));
#10595 = CARTESIAN_POINT('',(2.962271659352,8.247356288484,0.));
#10596 = CARTESIAN_POINT('',(2.964922126309,8.515763676613,0.));
#10597 = ORIENTED_EDGE('',*,*,#10598,.T.);
#10598 = EDGE_CURVE('',#10590,#10599,#10601,.T.);
#10599 = VERTEX_POINT('',#10600);
#10600 = CARTESIAN_POINT('',(2.715913204512,9.913516614929,0.));
#10601 = B_SPLINE_CURVE_WITH_KNOTS('',3,(#10602,#10603,#10604,#10605),
  .UNSPECIFIED.,.F.,.F.,(4,4),(0.,1.),.PIECEWISE_BEZIER_KNOTS.);
#10602 = CARTESIAN_POINT('',(2.964922126309,8.515763676613,0.));
#10603 = CARTESIAN_POINT('',(2.966729655361,8.836418877935,0.));
#10604 = CARTESIAN_POINT('',(2.917592227599,9.307589486304,0.));
#10605 = CARTESIAN_POINT('',(2.715913204512,9.913516614929,0.));
#10606 = ORIENTED_EDGE('',*,*,#10607,.T.);
#10607 = EDGE_CURVE('',#10599,#10608,#10610,.T.);
#10608 = VERTEX_POINT('',#10609);
#10609 = CARTESIAN_POINT('',(1.853466867763,10.108851857052,0.));
#10610 = CIRCLE('',#10611,10.277364705882);
#10611 = AXIS2_PLACEMENT_3D('',#10612,#10613,#10614);
#10612 = CARTESIAN_POINT('',(1.657446380896E-02,-3.024902185995E-03,0.)
  );
#10613 = DIRECTION('',(0.,-0.,1.));
#10614 = DIRECTION('',(0.262648920025,0.964891467891,0.));
#10615 = ORIENTED_EDGE('',*,*,#10616,.T.);
#10616 = EDGE_CURVE('',#10608,#10617,#10619,.T.);
#10617 = VERTEX_POINT('',#10618);
#10618 = CARTESIAN_POINT('',(1.023548853891,8.958869457398,0.));
#10619 = B_SPLINE_CURVE_WITH_KNOTS('',3,(#10620,#10621,#10622,#10623),
  .UNSPECIFIED.,.F.,.F.,(4,4),(0.,1.),.PIECEWISE_BEZIER_KNOTS.);
#10620 = CARTESIAN_POINT('',(1.853466867763,10.108851857052,0.));
#10621 = CARTESIAN_POINT('',(1.409751962188,9.651744187307,0.));
#10622 = CARTESIAN_POINT('',(1.161047404204,9.248554068584,0.));
#10623 = CARTESIAN_POINT('',(1.023548853891,8.958869457398,0.));
#10624 = ORIENTED_EDGE('',*,*,#10625,.T.);
#10625 = EDGE_CURVE('',#10617,#10626,#10628,.T.);
#10626 = VERTEX_POINT('',#10627);
#10627 = CARTESIAN_POINT('',(0.867442658408,8.511546078609,0.));
#10628 = B_SPLINE_CURVE_WITH_KNOTS('',3,(#10629,#10630,#10631,#10632),
  .UNSPECIFIED.,.F.,.F.,(4,4),(0.,1.),.PIECEWISE_BEZIER_KNOTS.);
#10629 = CARTESIAN_POINT('',(1.023548853891,8.958869457398,0.));
#10630 = CARTESIAN_POINT('',(0.909479240936,8.715892762265,0.));
#10631 = CARTESIAN_POINT('',(0.876230828195,8.562933789644,0.));
#10632 = CARTESIAN_POINT('',(0.867442658408,8.511546078609,0.));
#10633 = ORIENTED_EDGE('',*,*,#10634,.T.);
#10634 = EDGE_CURVE('',#10626,#10635,#10637,.T.);
#10635 = VERTEX_POINT('',#10636);
#10636 = CARTESIAN_POINT('',(0.795133732226,7.810394920553,0.));
#10637 = LINE('',#10638,#10639);
#10638 = CARTESIAN_POINT('',(0.867442658408,8.511546078609,0.));
#10639 = VECTOR('',#10640,1.);
#10640 = DIRECTION('',(-0.10258478866,-0.994724263872,0.));
#10641 = ORIENTED_EDGE('',*,*,#10642,.T.);
#10642 = EDGE_CURVE('',#10635,#10643,#10645,.T.);
#10643 = VERTEX_POINT('',#10644);
#10644 = CARTESIAN_POINT('',(0.284872496111,7.352141934458,0.));
#10645 = CIRCLE('',#10646,0.493105882353);
#10646 = AXIS2_PLACEMENT_3D('',#10647,#10648,#10649);
#10647 = CARTESIAN_POINT('',(0.303236979514,7.844905728746,0.));
#10648 = DIRECTION('',(0.,0.,-1.));
#10649 = DIRECTION('',(0.997547931015,-6.9986608206E-02,0.));
#10650 = ORIENTED_EDGE('',*,*,#10651,.T.);
#10651 = EDGE_CURVE('',#10643,#10652,#10654,.T.);
#10652 = VERTEX_POINT('',#10653);
#10653 = CARTESIAN_POINT('',(-0.284872496111,7.352141934458,0.));
#10654 = CIRCLE('',#10655,7.357658823529);
#10655 = AXIS2_PLACEMENT_3D('',#10656,#10657,#10658);
#10656 = CARTESIAN_POINT('',(1.518E-14,4.178E-13,0.));
#10657 = DIRECTION('',(0.,-0.,1.));
#10658 = DIRECTION('',(3.871781811894E-02,0.999250184168,0.));
#10659 = ORIENTED_EDGE('',*,*,#10660,.T.);
#10660 = EDGE_CURVE('',#10652,#10661,#10663,.T.);
#10661 = VERTEX_POINT('',#10662);
#10662 = CARTESIAN_POINT('',(-0.795133732226,7.810394920553,0.));
#10663 = CIRCLE('',#10664,0.493105882353);
#10664 = AXIS2_PLACEMENT_3D('',#10665,#10666,#10667);
#10665 = CARTESIAN_POINT('',(-0.303236979514,7.844905728746,0.));
#10666 = DIRECTION('',(0.,0.,-1.));
#10667 = DIRECTION('',(3.724247481195E-02,-0.999306258396,0.));
#10668 = ORIENTED_EDGE('',*,*,#10669,.T.);
#10669 = EDGE_CURVE('',#10661,#10670,#10672,.T.);
#10670 = VERTEX_POINT('',#10671);
#10671 = CARTESIAN_POINT('',(-0.867442658408,8.511546078609,0.));
#10672 = LINE('',#10673,#10674);
#10673 = CARTESIAN_POINT('',(-0.795133732226,7.810394920553,0.));
#10674 = VECTOR('',#10675,1.);
#10675 = DIRECTION('',(-0.10258478866,0.994724263872,0.));
#10676 = ORIENTED_EDGE('',*,*,#10677,.T.);
#10677 = EDGE_CURVE('',#10670,#10678,#10680,.T.);
#10678 = VERTEX_POINT('',#10679);
#10679 = CARTESIAN_POINT('',(-1.023548853891,8.958869457398,0.));
#10680 = B_SPLINE_CURVE_WITH_KNOTS('',3,(#10681,#10682,#10683,#10684),
  .UNSPECIFIED.,.F.,.F.,(4,4),(0.,1.),.PIECEWISE_BEZIER_KNOTS.);
#10681 = CARTESIAN_POINT('',(-0.867442658408,8.511546078609,0.));
#10682 = CARTESIAN_POINT('',(-0.876230828195,8.562933789644,0.));
#10683 = CARTESIAN_POINT('',(-0.909479240936,8.715892762265,0.));
#10684 = CARTESIAN_POINT('',(-1.023548853891,8.958869457398,0.));
#10685 = ORIENTED_EDGE('',*,*,#10686,.T.);
#10686 = EDGE_CURVE('',#10678,#10687,#10689,.T.);
#10687 = VERTEX_POINT('',#10688);
#10688 = CARTESIAN_POINT('',(-1.854360411499,10.110160417777,0.));
#10689 = B_SPLINE_CURVE_WITH_KNOTS('',3,(#10690,#10691,#10692,#10693),
  .UNSPECIFIED.,.F.,.F.,(4,4),(0.,1.),.PIECEWISE_BEZIER_KNOTS.);
#10690 = CARTESIAN_POINT('',(-1.023548853891,8.958869457398,0.));
#10691 = CARTESIAN_POINT('',(-1.161047404204,9.248554068584,0.));
#10692 = CARTESIAN_POINT('',(-1.409751962188,9.651744187307,0.));
#10693 = CARTESIAN_POINT('',(-1.854360411498,10.110160417777,0.));
#10694 = ORIENTED_EDGE('',*,*,#10695,.T.);
#10695 = EDGE_CURVE('',#10687,#10696,#10698,.T.);
#10696 = VERTEX_POINT('',#10697);
#10697 = CARTESIAN_POINT('',(-2.716150496381,9.911949948357,0.));
#10698 = CIRCLE('',#10699,10.277364705883);
#10699 = AXIS2_PLACEMENT_3D('',#10700,#10701,#10702);
#10700 = CARTESIAN_POINT('',(1.624553176504E-02,4.466047632884E-03,0.));
#10701 = DIRECTION('',(0.,0.,1.));
#10702 = DIRECTION('',(-0.182012217801,0.98329626897,0.));
#10703 = ORIENTED_EDGE('',*,*,#10704,.T.);
#10704 = EDGE_CURVE('',#10696,#10705,#10707,.T.);
#10705 = VERTEX_POINT('',#10706);
#10706 = CARTESIAN_POINT('',(-2.964922126309,8.515763676613,0.));
#10707 = B_SPLINE_CURVE_WITH_KNOTS('',3,(#10708,#10709,#10710,#10711),
  .UNSPECIFIED.,.F.,.F.,(4,4),(0.,1.),.PIECEWISE_BEZIER_KNOTS.);
#10708 = CARTESIAN_POINT('',(-2.71615049638,9.911949948357,0.));
#10709 = CARTESIAN_POINT('',(-2.917592227599,9.307589486304,0.));
#10710 = CARTESIAN_POINT('',(-2.966729655361,8.836418877935,0.));
#10711 = CARTESIAN_POINT('',(-2.964922126309,8.515763676613,0.));
#10712 = ORIENTED_EDGE('',*,*,#10713,.T.);
#10713 = EDGE_CURVE('',#10705,#10714,#10716,.T.);
#10714 = VERTEX_POINT('',#10715);
#10715 = CARTESIAN_POINT('',(-2.911482608342,8.045007298644,0.));
#10716 = B_SPLINE_CURVE_WITH_KNOTS('',3,(#10717,#10718,#10719,#10720),
  .UNSPECIFIED.,.F.,.F.,(4,4),(0.,1.),.PIECEWISE_BEZIER_KNOTS.);
#10717 = CARTESIAN_POINT('',(-2.964922126309,8.515763676613,0.));
#10718 = CARTESIAN_POINT('',(-2.962271659352,8.247356288484,0.));
#10719 = CARTESIAN_POINT('',(-2.925861033167,8.095119070446,0.));
#10720 = CARTESIAN_POINT('',(-2.911482608342,8.045007298644,0.));
#10721 = ORIENTED_EDGE('',*,*,#10722,.T.);
#10722 = EDGE_CURVE('',#10714,#10723,#10725,.T.);
#10723 = VERTEX_POINT('',#10724);
#10724 = CARTESIAN_POINT('',(-2.67241261356,7.381918266278,0.));
#10725 = LINE('',#10726,#10727);
#10726 = CARTESIAN_POINT('',(-2.911482608342,8.045007298644,0.));
#10727 = VECTOR('',#10728,1.);
#10728 = DIRECTION('',(0.339168982097,-0.940725465576,0.));
#10729 = ORIENTED_EDGE('',*,*,#10730,.T.);
#10730 = EDGE_CURVE('',#10723,#10731,#10733,.T.);
#10731 = VERTEX_POINT('',#10732);
#10732 = CARTESIAN_POINT('',(-2.933313582728,6.747652539131,0.));
#10733 = CIRCLE('',#10734,0.493105882353);
#10734 = AXIS2_PLACEMENT_3D('',#10735,#10736,#10737);
#10735 = CARTESIAN_POINT('',(-3.130569952474,7.199585427739,0.));
#10736 = DIRECTION('',(0.,0.,-1.));
#10737 = DIRECTION('',(0.929125681341,0.369764071094,0.));
#10738 = ORIENTED_EDGE('',*,*,#10739,.T.);
#10739 = EDGE_CURVE('',#10731,#10740,#10742,.T.);
#10740 = VERTEX_POINT('',#10741);
#10741 = CARTESIAN_POINT('',(-3.446636083363,6.500449451563,0.));
#10742 = CIRCLE('',#10743,7.357658823528);
#10743 = AXIS2_PLACEMENT_3D('',#10744,#10745,#10746);
#10744 = CARTESIAN_POINT('',(-5.2066E-13,1.07417E-12,0.));
#10745 = DIRECTION('',(0.,0.,1.));
#10746 = DIRECTION('',(-0.398674857463,0.917092338877,0.));
#10747 = ORIENTED_EDGE('',*,*,#10748,.T.);
#10748 = EDGE_CURVE('',#10740,#10749,#10751,.T.);
#10749 = VERTEX_POINT('',#10750);
#10750 = CARTESIAN_POINT('',(-4.105194090669,6.691927072605,0.));
#10751 = CIRCLE('',#10752,0.493105882353);
#10752 = AXIS2_PLACEMENT_3D('',#10753,#10754,#10755);
#10753 = CARTESIAN_POINT('',(-3.676984108752,6.936446238719,0.));
#10754 = DIRECTION('',(0.,-0.,-1.));
#10755 = DIRECTION('',(0.467137046286,-0.88418492409,0.));
#10756 = ORIENTED_EDGE('',*,*,#10757,.T.);
#10757 = EDGE_CURVE('',#10749,#10758,#10760,.T.);
#10758 = VERTEX_POINT('',#10759);
#10759 = CARTESIAN_POINT('',(-4.474560268175,7.292268770443,0.));
#10760 = LINE('',#10761,#10762);
#10761 = CARTESIAN_POINT('',(-4.105194090669,6.691927072605,0.));
#10762 = VECTOR('',#10763,1.);
#10763 = DIRECTION('',(-0.524020383903,0.851705722215,0.));
#10764 = ORIENTED_EDGE('',*,*,#10765,.T.);
#10765 = EDGE_CURVE('',#10758,#10766,#10768,.T.);
#10766 = VERTEX_POINT('',#10767);
#10767 = CARTESIAN_POINT('',(-4.809293430575,7.627561268822,0.));
#10768 = B_SPLINE_CURVE_WITH_KNOTS('',3,(#10769,#10770,#10771,#10772),
  .UNSPECIFIED.,.F.,.F.,(4,4),(0.,1.),.PIECEWISE_BEZIER_KNOTS.);
#10769 = CARTESIAN_POINT('',(-4.474560268175,7.292268770443,0.));
#10770 = CARTESIAN_POINT('',(-4.504774427767,7.334754454312,0.));
#10771 = CARTESIAN_POINT('',(-4.601096623526,7.45813978107,0.));
#10772 = CARTESIAN_POINT('',(-4.809293430575,7.627561268822,0.));
#10773 = ORIENTED_EDGE('',*,*,#10774,.T.);
#10774 = EDGE_CURVE('',#10766,#10775,#10777,.T.);
#10775 = VERTEX_POINT('',#10776);
#10776 = CARTESIAN_POINT('',(-6.057355205774,8.304362956903,0.));
#10777 = B_SPLINE_CURVE_WITH_KNOTS('',3,(#10778,#10779,#10780,#10781),
  .UNSPECIFIED.,.F.,.F.,(4,4),(0.,1.),.PIECEWISE_BEZIER_KNOTS.);
#10778 = CARTESIAN_POINT('',(-4.809293430575,7.627561268822,0.));
#10779 = CARTESIAN_POINT('',(-5.058864786055,7.828899699877,0.));
#10780 = CARTESIAN_POINT('',(-5.457877486391,8.084252581139,0.));
#10781 = CARTESIAN_POINT('',(-6.057355205774,8.304362956903,0.));
#10782 = ORIENTED_EDGE('',*,*,#10783,.T.);
#10783 = EDGE_CURVE('',#10775,#10784,#10786,.T.);
#10784 = VERTEX_POINT('',#10785);
#10785 = CARTESIAN_POINT('',(-6.747800943316,7.751864790301,0.));
#10786 = CIRCLE('',#10787,10.277364705884);
#10787 = AXIS2_PLACEMENT_3D('',#10788,#10789,#10790);
#10788 = CARTESIAN_POINT('',(1.269897291773E-02,1.107244194481E-02,0.));
#10789 = DIRECTION('',(0.,0.,1.));
#10790 = DIRECTION('',(-0.590623603658,0.806947184643,0.));
#10791 = ORIENTED_EDGE('',*,*,#10792,.T.);
#10792 = EDGE_CURVE('',#10784,#10793,#10795,.T.);
#10793 = VERTEX_POINT('',#10794);
#10794 = CARTESIAN_POINT('',(-6.36615391701,6.386006460687,0.));
#10795 = B_SPLINE_CURVE_WITH_KNOTS('',3,(#10796,#10797,#10798,#10799),
  .UNSPECIFIED.,.F.,.F.,(4,4),(0.,1.),.PIECEWISE_BEZIER_KNOTS.);
#10796 = CARTESIAN_POINT('',(-6.747800943316,7.751864790301,0.));
#10797 = CARTESIAN_POINT('',(-6.66707149479,7.119952537445,0.));
#10798 = CARTESIAN_POINT('',(-6.506909522131,6.674122556946,0.));
#10799 = CARTESIAN_POINT('',(-6.36615391701,6.386006460687,0.));
#10800 = ORIENTED_EDGE('',*,*,#10801,.T.);
#10801 = EDGE_CURVE('',#10793,#10802,#10804,.T.);
#10802 = VERTEX_POINT('',#10803);
#10803 = CARTESIAN_POINT('',(-6.113753037519,5.985056157643,0.));
#10804 = B_SPLINE_CURVE_WITH_KNOTS('',3,(#10805,#10806,#10807,#10808),
  .UNSPECIFIED.,.F.,.F.,(4,4),(0.,1.),.PIECEWISE_BEZIER_KNOTS.);
#10805 = CARTESIAN_POINT('',(-6.36615391701,6.386006460687,0.));
#10806 = CARTESIAN_POINT('',(-6.247308327628,6.145329754582,0.));
#10807 = CARTESIAN_POINT('',(-6.148450233579,6.023966739227,0.));
#10808 = CARTESIAN_POINT('',(-6.113753037519,5.985056157643,0.));
#10809 = ORIENTED_EDGE('',*,*,#10810,.T.);
#10810 = EDGE_CURVE('',#10802,#10811,#10813,.T.);
#10811 = VERTEX_POINT('',#10812);
#10812 = CARTESIAN_POINT('',(-5.61065486624,5.491362166081,0.));
#10813 = LINE('',#10814,#10815);
#10814 = CARTESIAN_POINT('',(-6.113753037519,5.985056157643,0.));
#10815 = VECTOR('',#10816,1.);
#10816 = DIRECTION('',(0.713746176315,-0.700404451582,0.));
#10817 = ORIENTED_EDGE('',*,*,#10818,.T.);
#10818 = EDGE_CURVE('',#10811,#10819,#10821,.T.);
#10819 = VERTEX_POINT('',#10820);
#10820 = CARTESIAN_POINT('',(-5.570520931778,4.806707803901,0.));
#10821 = CIRCLE('',#10822,0.493105882353);
#10822 = AXIS2_PLACEMENT_3D('',#10823,#10824,#10825);
#10823 = CARTESIAN_POINT('',(-5.944329111454,5.128298935648,0.));
#10824 = DIRECTION('',(0.,0.,-1.));
#10825 = DIRECTION('',(0.6766786955,0.736278441255,0.));
#10826 = ORIENTED_EDGE('',*,*,#10827,.T.);
#10827 = EDGE_CURVE('',#10819,#10828,#10830,.T.);
#10828 = VERTEX_POINT('',#10829);
#10829 = CARTESIAN_POINT('',(-5.925751124088,4.361263232004,0.));
#10830 = CIRCLE('',#10831,7.357658823529);
#10831 = AXIS2_PLACEMENT_3D('',#10832,#10833,#10834);
#10832 = CARTESIAN_POINT('',(-3.9302E-13,3.1349E-13,0.));
#10833 = DIRECTION('',(0.,0.,1.));
#10834 = DIRECTION('',(-0.757105088097,0.653293108472,0.));
#10835 = ORIENTED_EDGE('',*,*,#10836,.T.);
#10836 = EDGE_CURVE('',#10828,#10837,#10839,.T.);
#10837 = VERTEX_POINT('',#10838);
#10838 = CARTESIAN_POINT('',(-6.602170412554,4.248040996828,0.));
#10839 = CIRCLE('',#10840,0.493105882353);
#10840 = AXIS2_PLACEMENT_3D('',#10841,#10842,#10843);
#10841 = CARTESIAN_POINT('',(-6.32245944,4.654138501184,0.));
#10842 = DIRECTION('',(0.,-0.,-1.));
#10843 = DIRECTION('',(0.804509396683,-0.593939921751,0.));
#10844 = ORIENTED_EDGE('',*,*,#10845,.T.);
#10845 = EDGE_CURVE('',#10837,#10846,#10848,.T.);
#10846 = VERTEX_POINT('',#10847);
#10847 = CARTESIAN_POINT('',(-7.195436339949,4.628668198484,0.));
#10848 = LINE('',#10849,#10850);
#10849 = CARTESIAN_POINT('',(-6.602170412554,4.248040996828,0.));
#10850 = VECTOR('',#10851,1.);
#10851 = DIRECTION('',(-0.841667315425,0.539996416789,0.));
#10852 = ORIENTED_EDGE('',*,*,#10853,.T.);
#10853 = EDGE_CURVE('',#10846,#10854,#10856,.T.);
#10854 = VERTEX_POINT('',#10855);
#10855 = CARTESIAN_POINT('',(-7.64249846122,4.785521025056,0.));
#10856 = B_SPLINE_CURVE_WITH_KNOTS('',3,(#10857,#10858,#10859,#10860),
  .UNSPECIFIED.,.F.,.F.,(4,4),(0.,1.),.PIECEWISE_BEZIER_KNOTS.);
#10857 = CARTESIAN_POINT('',(-7.195436339949,4.628668198484,0.));
#10858 = CARTESIAN_POINT('',(-7.241092204487,4.653837044443,0.));
#10859 = CARTESIAN_POINT('',(-7.38141039108,4.723210748152,0.));
#10860 = CARTESIAN_POINT('',(-7.64249846122,4.785521025056,0.));
#10861 = ORIENTED_EDGE('',*,*,#10862,.T.);
#10862 = EDGE_CURVE('',#10854,#10863,#10865,.T.);
#10863 = VERTEX_POINT('',#10864);
#10864 = CARTESIAN_POINT('',(-9.06061651296,4.853784566088,0.));
#10865 = B_SPLINE_CURVE_WITH_KNOTS('',3,(#10866,#10867,#10868,#10869),
  .UNSPECIFIED.,.F.,.F.,(4,4),(0.,1.),.PIECEWISE_BEZIER_KNOTS.);
#10866 = CARTESIAN_POINT('',(-7.64249846122,4.785521025056,0.));
#10867 = CARTESIAN_POINT('',(-7.954711954122,4.858635730456,0.));
#10868 = CARTESIAN_POINT('',(-8.425003437939,4.915575604426,0.));
#10869 = CARTESIAN_POINT('',(-9.06061651296,4.853784566088,0.));
#10870 = ORIENTED_EDGE('',*,*,#10871,.T.);
#10871 = EDGE_CURVE('',#10863,#10872,#10874,.T.);
#10872 = VERTEX_POINT('',#10873);
#10873 = CARTESIAN_POINT('',(-9.442966657079,4.056427740143,0.));
#10874 = CIRCLE('',#10875,10.277364705884);
#10875 = AXIS2_PLACEMENT_3D('',#10876,#10877,#10878);
#10876 = CARTESIAN_POINT('',(6.637226740383E-03,1.548580333675E-02,0.));
#10877 = DIRECTION('',(0.,0.,1.));
#10878 = DIRECTION('',(-0.882254741287,0.470772313838,0.));
#10879 = ORIENTED_EDGE('',*,*,#10880,.T.);
#10880 = EDGE_CURVE('',#10872,#10881,#10883,.T.);
#10881 = VERTEX_POINT('',#10882);
#10882 = CARTESIAN_POINT('',(-8.506490848693,2.991422345993,0.));
#10883 = B_SPLINE_CURVE_WITH_KNOTS('',3,(#10884,#10885,#10886,#10887),
  .UNSPECIFIED.,.F.,.F.,(4,4),(0.,1.),.PIECEWISE_BEZIER_KNOTS.);
#10884 = CARTESIAN_POINT('',(-9.442966657079,4.056427740143,0.));
#10885 = CARTESIAN_POINT('',(-9.096055486172,3.522121668057,0.));
#10886 = CARTESIAN_POINT('',(-8.758316156034,3.189934410811,0.));
#10887 = CARTESIAN_POINT('',(-8.506490848693,2.991422345993,0.));
#10888 = ORIENTED_EDGE('',*,*,#10889,.T.);
#10889 = EDGE_CURVE('',#10881,#10890,#10892,.T.);
#10890 = VERTEX_POINT('',#10891);
#10891 = CARTESIAN_POINT('',(-8.105119697355,2.739691242724,0.));
#10892 = B_SPLINE_CURVE_WITH_KNOTS('',3,(#10893,#10894,#10895,#10896),
  .UNSPECIFIED.,.F.,.F.,(4,4),(0.,1.),.PIECEWISE_BEZIER_KNOTS.);
#10893 = CARTESIAN_POINT('',(-8.506490848693,2.991422345993,0.));
#10894 = CARTESIAN_POINT('',(-8.294988963409,2.826145295261,0.));
#10895 = CARTESIAN_POINT('',(-8.153263459438,2.759693916199,0.));
#10896 = CARTESIAN_POINT('',(-8.105119697355,2.739691242724,0.));
#10897 = ORIENTED_EDGE('',*,*,#10898,.T.);
#10898 = EDGE_CURVE('',#10890,#10899,#10901,.T.);
#10899 = VERTEX_POINT('',#10900);
#10900 = CARTESIAN_POINT('',(-7.437638112495,2.513174441754,0.));
#10901 = LINE('',#10902,#10903);
#10902 = CARTESIAN_POINT('',(-8.105119697355,2.739691242724,0.));
#10903 = VECTOR('',#10904,1.);
#10904 = DIRECTION('',(0.946957186791,-0.321359746056,0.));
#10905 = ORIENTED_EDGE('',*,*,#10906,.T.);
#10906 = EDGE_CURVE('',#10899,#10907,#10909,.T.);
#10907 = VERTEX_POINT('',#10908);
#10908 = CARTESIAN_POINT('',(-7.104418292333,1.913735637706,0.));
#10909 = CIRCLE('',#10910,0.493105882353);
#10910 = AXIS2_PLACEMENT_3D('',#10911,#10912,#10913);
#10911 = CARTESIAN_POINT('',(-7.580740987498,2.041289944893,0.));
#10912 = DIRECTION('',(0.,0.,-1.));
#10913 = DIRECTION('',(0.290207195095,0.956963836263,0.));
#10914 = ORIENTED_EDGE('',*,*,#10915,.T.);
#10915 = EDGE_CURVE('',#10907,#10916,#10918,.T.);
#10916 = VERTEX_POINT('',#10917);
#10917 = CARTESIAN_POINT('',(-7.231198480119,1.358275341964,0.));
#10918 = CIRCLE('',#10919,7.357658823528);
#10919 = AXIS2_PLACEMENT_3D('',#10920,#10921,#10922);
#10920 = CARTESIAN_POINT('',(-1.84983E-12,4.3869E-13,0.));
#10921 = DIRECTION('',(0.,0.,1.));
#10922 = DIRECTION('',(-0.96558137075,0.26010116582,0.));
#10923 = ORIENTED_EDGE('',*,*,#10924,.T.);
#10924 = EDGE_CURVE('',#10916,#10925,#10927,.T.);
#10925 = VERTEX_POINT('',#10926);
#10926 = CARTESIAN_POINT('',(-7.791505913926,0.962778302825,0.));
#10927 = CIRCLE('',#10928,0.493105882353);
#10928 = AXIS2_PLACEMENT_3D('',#10929,#10930,#10931);
#10929 = CARTESIAN_POINT('',(-7.715694139281,1.450021554226,0.));
#10930 = DIRECTION('',(0.,0.,-1.));
#10931 = DIRECTION('',(0.982538794406,-0.186057833714,0.));
#10932 = ORIENTED_EDGE('',*,*,#10933,.T.);
#10933 = EDGE_CURVE('',#10925,#10934,#10936,.T.);
#10934 = VERTEX_POINT('',#10935);
#10935 = CARTESIAN_POINT('',(-8.49116799836,1.048303122925,0.));
#10936 = LINE('',#10937,#10938);
#10937 = CARTESIAN_POINT('',(-7.791505913926,0.962778302825,0.));
#10938 = VECTOR('',#10939,1.);
#10939 = DIRECTION('',(-0.992611712756,0.121334198396,0.));
#10940 = ORIENTED_EDGE('',*,*,#10941,.T.);
#10941 = EDGE_CURVE('',#10934,#10942,#10944,.T.);
#10942 = VERTEX_POINT('',#10943);
#10943 = CARTESIAN_POINT('',(-8.962012942528,0.995649651713,0.));
#10944 = B_SPLINE_CURVE_WITH_KNOTS('',3,(#10945,#10946,#10947,#10948),
  .UNSPECIFIED.,.F.,.F.,(4,4),(0.,1.),.PIECEWISE_BEZIER_KNOTS.);
#10945 = CARTESIAN_POINT('',(-8.49116799836,1.048303122925,0.));
#10946 = CARTESIAN_POINT('',(-8.54322286394,1.051170132356,0.));
#10947 = CARTESIAN_POINT('',(-8.699745303623,1.052791900184,0.));
#10948 = CARTESIAN_POINT('',(-8.962012942528,0.995649651713,0.));
#10949 = ORIENTED_EDGE('',*,*,#10950,.T.);
#10950 = EDGE_CURVE('',#10942,#10951,#10953,.T.);
#10951 = VERTEX_POINT('',#10952);
#10952 = CARTESIAN_POINT('',(-10.26931159858,0.441854614197,0.));
#10953 = B_SPLINE_CURVE_WITH_KNOTS('',3,(#10954,#10955,#10956,#10957),
  .UNSPECIFIED.,.F.,.F.,(4,4),(0.,1.),.PIECEWISE_BEZIER_KNOTS.);
#10954 = CARTESIAN_POINT('',(-8.962012942528,0.995649651713,0.));
#10955 = CARTESIAN_POINT('',(-9.275030861536,0.926059367362,0.));
#10956 = CARTESIAN_POINT('',(-9.723454132717,0.773308593677,0.));
#10957 = CARTESIAN_POINT('',(-10.26931159858,0.441854614197,0.));
#10958 = ORIENTED_EDGE('',*,*,#10959,.T.);
#10959 = EDGE_CURVE('',#10951,#10960,#10962,.T.);
#10960 = VERTEX_POINT('',#10961);
#10961 = CARTESIAN_POINT('',(-10.26783701402,-0.442434572771,0.));
#10962 = CIRCLE('',#10963,10.277364705883);
#10963 = AXIS2_PLACEMENT_3D('',#10964,#10965,#10966);
#10964 = CARTESIAN_POINT('',(-7.391035936635E-04,1.683201145636E-02,0.)
  );
#10965 = DIRECTION('',(0.,0.,1.));
#10966 = DIRECTION('',(-0.99914450726,4.135521263513E-02,0.));
#10967 = ORIENTED_EDGE('',*,*,#10968,.T.);
#10968 = EDGE_CURVE('',#10960,#10969,#10971,.T.);
#10969 = VERTEX_POINT('',#10970);
#10970 = CARTESIAN_POINT('',(-8.962012942528,-0.995649651713,0.));
#10971 = B_SPLINE_CURVE_WITH_KNOTS('',3,(#10972,#10973,#10974,#10975),
  .UNSPECIFIED.,.F.,.F.,(4,4),(0.,1.),.PIECEWISE_BEZIER_KNOTS.);
#10972 = CARTESIAN_POINT('',(-10.26783701402,-0.442434572771,0.));
#10973 = CARTESIAN_POINT('',(-9.723454132717,-0.773308593677,0.));
#10974 = CARTESIAN_POINT('',(-9.275030861536,-0.926059367362,0.));
#10975 = CARTESIAN_POINT('',(-8.962012942528,-0.995649651713,0.));
#10976 = ORIENTED_EDGE('',*,*,#10977,.T.);
#10977 = EDGE_CURVE('',#10969,#10978,#10980,.T.);
#10978 = VERTEX_POINT('',#10979);
#10979 = CARTESIAN_POINT('',(-8.49116799836,-1.048303122925,0.));
#10980 = B_SPLINE_CURVE_WITH_KNOTS('',3,(#10981,#10982,#10983,#10984),
  .UNSPECIFIED.,.F.,.F.,(4,4),(0.,1.),.PIECEWISE_BEZIER_KNOTS.);
#10981 = CARTESIAN_POINT('',(-8.962012942528,-0.995649651713,0.));
#10982 = CARTESIAN_POINT('',(-8.699745303623,-1.052791900184,0.));
#10983 = CARTESIAN_POINT('',(-8.54322286394,-1.051170132356,0.));
#10984 = CARTESIAN_POINT('',(-8.49116799836,-1.048303122925,0.));
#10985 = ORIENTED_EDGE('',*,*,#10986,.T.);
#10986 = EDGE_CURVE('',#10978,#10987,#10989,.T.);
#10987 = VERTEX_POINT('',#10988);
#10988 = CARTESIAN_POINT('',(-7.791505913926,-0.962778302825,0.));
#10989 = LINE('',#10990,#10991);
#10990 = CARTESIAN_POINT('',(-8.49116799836,-1.048303122925,0.));
#10991 = VECTOR('',#10992,1.);
#10992 = DIRECTION('',(0.992611712756,0.121334198396,0.));
#10993 = ORIENTED_EDGE('',*,*,#10994,.T.);
#10994 = EDGE_CURVE('',#10987,#10995,#10997,.T.);
#10995 = VERTEX_POINT('',#10996);
#10996 = CARTESIAN_POINT('',(-7.231198480119,-1.358275341964,0.));
#10997 = CIRCLE('',#10998,0.493105882353);
#10998 = AXIS2_PLACEMENT_3D('',#10999,#11000,#11001);
#10999 = CARTESIAN_POINT('',(-7.715694139281,-1.450021554226,0.));
#11000 = DIRECTION('',(0.,0.,-1.));
#11001 = DIRECTION('',(-0.153743399457,0.988110807108,0.));
#11002 = ORIENTED_EDGE('',*,*,#11003,.T.);
#11003 = EDGE_CURVE('',#10995,#11004,#11006,.T.);
#11004 = VERTEX_POINT('',#11005);
#11005 = CARTESIAN_POINT('',(-7.104418292333,-1.913735637706,0.));
#11006 = CIRCLE('',#11007,7.357658823531);
#11007 = AXIS2_PLACEMENT_3D('',#11008,#11009,#11010);
#11008 = CARTESIAN_POINT('',(1.13353E-12,2.5817E-13,0.));
#11009 = DIRECTION('',(0.,0.,1.));
#11010 = DIRECTION('',(-0.982812420847,-0.184607002654,0.));
#11011 = ORIENTED_EDGE('',*,*,#11012,.T.);
#11012 = EDGE_CURVE('',#11004,#11013,#11015,.T.);
#11013 = VERTEX_POINT('',#11014);
#11014 = CARTESIAN_POINT('',(-7.437638112495,-2.513174441754,0.));
#11015 = CIRCLE('',#11016,0.493105882353);
#11016 = AXIS2_PLACEMENT_3D('',#11017,#11018,#11019);
#11017 = CARTESIAN_POINT('',(-7.580740987498,-2.041289944893,0.));
#11018 = DIRECTION('',(0.,0.,-1.));
#11019 = DIRECTION('',(0.96596433385,0.25867529014,0.));
#11020 = ORIENTED_EDGE('',*,*,#11021,.T.);
#11021 = EDGE_CURVE('',#11013,#11022,#11024,.T.);
#11022 = VERTEX_POINT('',#11023);
#11023 = CARTESIAN_POINT('',(-8.105119697355,-2.739691242724,0.));
#11024 = LINE('',#11025,#11026);
#11025 = CARTESIAN_POINT('',(-7.437638112495,-2.513174441754,0.));
#11026 = VECTOR('',#11027,1.);
#11027 = DIRECTION('',(-0.946957186791,-0.321359746056,0.));
#11028 = ORIENTED_EDGE('',*,*,#11029,.T.);
#11029 = EDGE_CURVE('',#11022,#11030,#11032,.T.);
#11030 = VERTEX_POINT('',#11031);
#11031 = CARTESIAN_POINT('',(-8.506490848693,-2.991422345993,0.));
#11032 = B_SPLINE_CURVE_WITH_KNOTS('',3,(#11033,#11034,#11035,#11036),
  .UNSPECIFIED.,.F.,.F.,(4,4),(0.,1.),.PIECEWISE_BEZIER_KNOTS.);
#11033 = CARTESIAN_POINT('',(-8.105119697355,-2.739691242724,0.));
#11034 = CARTESIAN_POINT('',(-8.153263459438,-2.759693916199,0.));
#11035 = CARTESIAN_POINT('',(-8.294988963409,-2.826145295261,0.));
#11036 = CARTESIAN_POINT('',(-8.506490848693,-2.991422345993,0.));
#11037 = ORIENTED_EDGE('',*,*,#11038,.T.);
#11038 = EDGE_CURVE('',#11030,#11039,#11041,.T.);
#11039 = VERTEX_POINT('',#11040);
#11040 = CARTESIAN_POINT('',(-9.444043577268,-4.057590063027,0.));
#11041 = B_SPLINE_CURVE_WITH_KNOTS('',3,(#11042,#11043,#11044,#11045),
  .UNSPECIFIED.,.F.,.F.,(4,4),(0.,1.),.PIECEWISE_BEZIER_KNOTS.);
#11042 = CARTESIAN_POINT('',(-8.506490848693,-2.991422345993,0.));
#11043 = CARTESIAN_POINT('',(-8.758316156034,-3.189934410811,0.));
#11044 = CARTESIAN_POINT('',(-9.096055486172,-3.522121668057,0.));
#11045 = CARTESIAN_POINT('',(-9.444043577268,-4.057590063027,0.));
#11046 = ORIENTED_EDGE('',*,*,#11047,.T.);
#11047 = EDGE_CURVE('',#11039,#11048,#11050,.T.);
#11048 = VERTEX_POINT('',#11049);
#11049 = CARTESIAN_POINT('',(-9.059036323582,-4.853667292444,0.));
#11050 = CIRCLE('',#11051,10.277364705884);
#11051 = AXIS2_PLACEMENT_3D('',#11052,#11053,#11054);
#11052 = CARTESIAN_POINT('',(-7.969045394155E-03,1.484443327624E-02,0.)
  );
#11053 = DIRECTION('',(0.,0.,1.));
#11054 = DIRECTION('',(-0.918141449867,-0.396252795619,0.));
#11055 = ORIENTED_EDGE('',*,*,#11056,.T.);
#11056 = EDGE_CURVE('',#11048,#11057,#11059,.T.);
#11057 = VERTEX_POINT('',#11058);
#11058 = CARTESIAN_POINT('',(-7.64249846122,-4.785521025056,0.));
#11059 = B_SPLINE_CURVE_WITH_KNOTS('',3,(#11060,#11061,#11062,#11063),
  .UNSPECIFIED.,.F.,.F.,(4,4),(0.,1.),.PIECEWISE_BEZIER_KNOTS.);
#11060 = CARTESIAN_POINT('',(-9.059036323582,-4.853667292444,0.));
#11061 = CARTESIAN_POINT('',(-8.425003437939,-4.915575604426,0.));
#11062 = CARTESIAN_POINT('',(-7.954711954122,-4.858635730456,0.));
#11063 = CARTESIAN_POINT('',(-7.64249846122,-4.785521025056,0.));
#11064 = ORIENTED_EDGE('',*,*,#11065,.T.);
#11065 = EDGE_CURVE('',#11057,#11066,#11068,.T.);
#11066 = VERTEX_POINT('',#11067);
#11067 = CARTESIAN_POINT('',(-7.195436339949,-4.628668198484,0.));
#11068 = B_SPLINE_CURVE_WITH_KNOTS('',3,(#11069,#11070,#11071,#11072),
  .UNSPECIFIED.,.F.,.F.,(4,4),(0.,1.),.PIECEWISE_BEZIER_KNOTS.);
#11069 = CARTESIAN_POINT('',(-7.64249846122,-4.785521025056,0.));
#11070 = CARTESIAN_POINT('',(-7.38141039108,-4.723210748152,0.));
#11071 = CARTESIAN_POINT('',(-7.241092204487,-4.653837044443,0.));
#11072 = CARTESIAN_POINT('',(-7.195436339949,-4.628668198484,0.));
#11073 = ORIENTED_EDGE('',*,*,#11074,.T.);
#11074 = EDGE_CURVE('',#11066,#11075,#11077,.T.);
#11075 = VERTEX_POINT('',#11076);
#11076 = CARTESIAN_POINT('',(-6.602170412554,-4.248040996828,0.));
#11077 = LINE('',#11078,#11079);
#11078 = CARTESIAN_POINT('',(-7.195436339949,-4.628668198484,0.));
#11079 = VECTOR('',#11080,1.);
#11080 = DIRECTION('',(0.841667315425,0.539996416789,0.));
#11081 = ORIENTED_EDGE('',*,*,#11082,.T.);
#11082 = EDGE_CURVE('',#11075,#11083,#11085,.T.);
#11083 = VERTEX_POINT('',#11084);
#11084 = CARTESIAN_POINT('',(-5.925751124088,-4.361263232004,0.));
#11085 = CIRCLE('',#11086,0.493105882353);
#11086 = AXIS2_PLACEMENT_3D('',#11087,#11088,#11089);
#11087 = CARTESIAN_POINT('',(-6.32245944,-4.654138501184,0.));
#11088 = DIRECTION('',(0.,0.,-1.));
#11089 = DIRECTION('',(-0.567243228206,0.823550314221,0.));
#11090 = ORIENTED_EDGE('',*,*,#11091,.T.);
#11091 = EDGE_CURVE('',#11083,#11092,#11094,.T.);
#11092 = VERTEX_POINT('',#11093);
#11093 = CARTESIAN_POINT('',(-5.570520931778,-4.806707803901,0.));
#11094 = CIRCLE('',#11095,7.357658823528);
#11095 = AXIS2_PLACEMENT_3D('',#11096,#11097,#11098);
#11096 = CARTESIAN_POINT('',(-7.4051E-13,-5.8866E-13,0.));
#11097 = DIRECTION('',(0.,0.,1.));
#11098 = DIRECTION('',(-0.805385417592,-0.592751490196,0.));
#11099 = ORIENTED_EDGE('',*,*,#11100,.T.);
#11100 = EDGE_CURVE('',#11092,#11101,#11103,.T.);
#11101 = VERTEX_POINT('',#11102);
#11102 = CARTESIAN_POINT('',(-5.61065486624,-5.491362166081,0.));
#11103 = CIRCLE('',#11104,0.493105882353);
#11104 = AXIS2_PLACEMENT_3D('',#11105,#11106,#11107);
#11105 = CARTESIAN_POINT('',(-5.944329111454,-5.128298935648,0.));
#11106 = DIRECTION('',(0.,0.,-1.));
#11107 = DIRECTION('',(0.7580687902,0.652174600337,0.));
#11108 = ORIENTED_EDGE('',*,*,#11109,.T.);
#11109 = EDGE_CURVE('',#11101,#11110,#11112,.T.);
#11110 = VERTEX_POINT('',#11111);
#11111 = CARTESIAN_POINT('',(-6.113753037519,-5.985056157643,0.));
#11112 = LINE('',#11113,#11114);
#11113 = CARTESIAN_POINT('',(-5.61065486624,-5.491362166081,0.));
#11114 = VECTOR('',#11115,1.);
#11115 = DIRECTION('',(-0.713746176315,-0.700404451582,0.));
#11116 = ORIENTED_EDGE('',*,*,#11117,.T.);
#11117 = EDGE_CURVE('',#11110,#11118,#11120,.T.);
#11118 = VERTEX_POINT('',#11119);
#11119 = CARTESIAN_POINT('',(-6.36615391701,-6.386006460687,0.));
#11120 = B_SPLINE_CURVE_WITH_KNOTS('',3,(#11121,#11122,#11123,#11124),
  .UNSPECIFIED.,.F.,.F.,(4,4),(0.,1.),.PIECEWISE_BEZIER_KNOTS.);
#11121 = CARTESIAN_POINT('',(-6.113753037519,-5.985056157643,0.));
#11122 = CARTESIAN_POINT('',(-6.148450233579,-6.023966739227,0.));
#11123 = CARTESIAN_POINT('',(-6.247308327628,-6.145329754582,0.));
#11124 = CARTESIAN_POINT('',(-6.36615391701,-6.386006460687,0.));
#11125 = ORIENTED_EDGE('',*,*,#11126,.T.);
#11126 = EDGE_CURVE('',#11118,#11127,#11129,.T.);
#11127 = VERTEX_POINT('',#11128);
#11128 = CARTESIAN_POINT('',(-6.74826690188,-7.753379265191,0.));
#11129 = B_SPLINE_CURVE_WITH_KNOTS('',3,(#11130,#11131,#11132,#11133),
  .UNSPECIFIED.,.F.,.F.,(4,4),(0.,1.),.PIECEWISE_BEZIER_KNOTS.);
#11130 = CARTESIAN_POINT('',(-6.36615391701,-6.386006460687,0.));
#11131 = CARTESIAN_POINT('',(-6.506909522131,-6.674122556946,0.));
#11132 = CARTESIAN_POINT('',(-6.66707149479,-7.119952537445,0.));
#11133 = CARTESIAN_POINT('',(-6.74826690188,-7.753379265191,0.));
#11134 = ORIENTED_EDGE('',*,*,#11135,.T.);
#11135 = EDGE_CURVE('',#11127,#11136,#11138,.T.);
#11136 = VERTEX_POINT('',#11137);
#11137 = CARTESIAN_POINT('',(-6.055982387466,-8.303571678526,0.));
#11138 = CIRCLE('',#11139,10.277364705879);
#11139 = AXIS2_PLACEMENT_3D('',#11140,#11141,#11142);
#11140 = CARTESIAN_POINT('',(-1.36206200251E-02,9.916733026859E-03,0.));
#11141 = DIRECTION('',(0.,0.,1.));
#11142 = DIRECTION('',(-0.655289218062,-0.755378077979,0.));
#11143 = ORIENTED_EDGE('',*,*,#11144,.T.);
#11144 = EDGE_CURVE('',#11136,#11145,#11147,.T.);
#11145 = VERTEX_POINT('',#11146);
#11146 = CARTESIAN_POINT('',(-4.809293430575,-7.627561268822,0.));
#11147 = B_SPLINE_CURVE_WITH_KNOTS('',3,(#11148,#11149,#11150,#11151),
  .UNSPECIFIED.,.F.,.F.,(4,4),(0.,1.),.PIECEWISE_BEZIER_KNOTS.);
#11148 = CARTESIAN_POINT('',(-6.055982387466,-8.303571678526,0.));
#11149 = CARTESIAN_POINT('',(-5.457877486391,-8.084252581139,0.));
#11150 = CARTESIAN_POINT('',(-5.058864786055,-7.828899699877,0.));
#11151 = CARTESIAN_POINT('',(-4.809293430575,-7.627561268822,0.));
#11152 = ORIENTED_EDGE('',*,*,#11153,.T.);
#11153 = EDGE_CURVE('',#11145,#11154,#11156,.T.);
#11154 = VERTEX_POINT('',#11155);
#11155 = CARTESIAN_POINT('',(-4.474560268175,-7.292268770443,0.));
#11156 = B_SPLINE_CURVE_WITH_KNOTS('',3,(#11157,#11158,#11159,#11160),
  .UNSPECIFIED.,.F.,.F.,(4,4),(0.,1.),.PIECEWISE_BEZIER_KNOTS.);
#11157 = CARTESIAN_POINT('',(-4.809293430575,-7.627561268822,0.));
#11158 = CARTESIAN_POINT('',(-4.601096623526,-7.45813978107,0.));
#11159 = CARTESIAN_POINT('',(-4.504774427767,-7.334754454312,0.));
#11160 = CARTESIAN_POINT('',(-4.474560268175,-7.292268770443,0.));
#11161 = ORIENTED_EDGE('',*,*,#11162,.T.);
#11162 = EDGE_CURVE('',#11154,#11163,#11165,.T.);
#11163 = VERTEX_POINT('',#11164);
#11164 = CARTESIAN_POINT('',(-4.105194090669,-6.691927072605,0.));
#11165 = LINE('',#11166,#11167);
#11166 = CARTESIAN_POINT('',(-4.474560268175,-7.292268770443,0.));
#11167 = VECTOR('',#11168,1.);
#11168 = DIRECTION('',(0.524020383903,0.851705722215,0.));
#11169 = ORIENTED_EDGE('',*,*,#11170,.T.);
#11170 = EDGE_CURVE('',#11163,#11171,#11173,.T.);
#11171 = VERTEX_POINT('',#11172);
#11172 = CARTESIAN_POINT('',(-3.446636083363,-6.500449451563,0.));
#11173 = CIRCLE('',#11174,0.493105882353);
#11174 = AXIS2_PLACEMENT_3D('',#11175,#11176,#11177);
#11175 = CARTESIAN_POINT('',(-3.676984108752,-6.936446238719,0.));
#11176 = DIRECTION('',(0.,0.,-1.));
#11177 = DIRECTION('',(-0.868393578828,0.495875581421,0.));
#11178 = ORIENTED_EDGE('',*,*,#11179,.T.);
#11179 = EDGE_CURVE('',#11171,#11180,#11182,.T.);
#11180 = VERTEX_POINT('',#11181);
#11181 = CARTESIAN_POINT('',(-2.933313582728,-6.747652539131,0.));
#11182 = CIRCLE('',#11183,7.35765882353);
#11183 = AXIS2_PLACEMENT_3D('',#11184,#11185,#11186);
#11184 = CARTESIAN_POINT('',(8.644E-14,1.8383E-13,0.));
#11185 = DIRECTION('',(0.,0.,1.));
#11186 = DIRECTION('',(-0.468441954979,-0.883494275485,0.));
#11187 = ORIENTED_EDGE('',*,*,#11188,.T.);
#11188 = EDGE_CURVE('',#11180,#11189,#11191,.T.);
#11189 = VERTEX_POINT('',#11190);
#11190 = CARTESIAN_POINT('',(-2.67241261356,-7.381918266278,0.));
#11191 = CIRCLE('',#11192,0.493105882353);
#11192 = AXIS2_PLACEMENT_3D('',#11193,#11194,#11195);
#11193 = CARTESIAN_POINT('',(-3.130569952474,-7.199585427739,0.));
#11194 = DIRECTION('',(0.,0.,-1.));
#11195 = DIRECTION('',(0.400028425547,0.91650273254,0.));
#11196 = ORIENTED_EDGE('',*,*,#11197,.T.);
#11197 = EDGE_CURVE('',#11189,#11198,#11200,.T.);
#11198 = VERTEX_POINT('',#11199);
#11199 = CARTESIAN_POINT('',(-2.911482608342,-8.045007298644,0.));
#11200 = LINE('',#11201,#11202);
#11201 = CARTESIAN_POINT('',(-2.67241261356,-7.381918266278,0.));
#11202 = VECTOR('',#11203,1.);
#11203 = DIRECTION('',(-0.339168982097,-0.940725465576,0.));
#11204 = ORIENTED_EDGE('',*,*,#11205,.T.);
#11205 = EDGE_CURVE('',#11198,#11206,#11208,.T.);
#11206 = VERTEX_POINT('',#11207);
#11207 = CARTESIAN_POINT('',(-2.964922126309,-8.515763676613,0.));
#11208 = B_SPLINE_CURVE_WITH_KNOTS('',3,(#11209,#11210,#11211,#11212),
  .UNSPECIFIED.,.F.,.F.,(4,4),(0.,1.),.PIECEWISE_BEZIER_KNOTS.);
#11209 = CARTESIAN_POINT('',(-2.911482608342,-8.045007298644,0.));
#11210 = CARTESIAN_POINT('',(-2.925861033167,-8.095119070446,0.));
#11211 = CARTESIAN_POINT('',(-2.962271659352,-8.247356288484,0.));
#11212 = CARTESIAN_POINT('',(-2.964922126309,-8.515763676613,0.));
#11213 = ORIENTED_EDGE('',*,*,#11214,.T.);
#11214 = EDGE_CURVE('',#11206,#11215,#11217,.T.);
#11215 = VERTEX_POINT('',#11216);
#11216 = CARTESIAN_POINT('',(-2.715913204512,-9.913516614929,0.));
#11217 = B_SPLINE_CURVE_WITH_KNOTS('',3,(#11218,#11219,#11220,#11221),
  .UNSPECIFIED.,.F.,.F.,(4,4),(0.,1.),.PIECEWISE_BEZIER_KNOTS.);
#11218 = CARTESIAN_POINT('',(-2.964922126309,-8.515763676613,0.));
#11219 = CARTESIAN_POINT('',(-2.966729655361,-8.836418877935,0.));
#11220 = CARTESIAN_POINT('',(-2.917592227599,-9.307589486304,0.));
#11221 = CARTESIAN_POINT('',(-2.715913204512,-9.913516614929,0.));
#11222 = ORIENTED_EDGE('',*,*,#11223,.T.);
#11223 = EDGE_CURVE('',#11215,#11224,#11226,.T.);
#11224 = VERTEX_POINT('',#11225);
#11225 = CARTESIAN_POINT('',(-1.853466867763,-10.10885185705,0.));
#11226 = CIRCLE('',#11227,10.277364705884);
#11227 = AXIS2_PLACEMENT_3D('',#11228,#11229,#11230);
#11228 = CARTESIAN_POINT('',(-1.657446380869E-02,3.02490218716E-03,0.));
#11229 = DIRECTION('',(0.,0.,1.));
#11230 = DIRECTION('',(-0.262648920025,-0.964891467891,0.));
#11231 = ORIENTED_EDGE('',*,*,#11232,.T.);
#11232 = EDGE_CURVE('',#11224,#11233,#11235,.T.);
#11233 = VERTEX_POINT('',#11234);
#11234 = CARTESIAN_POINT('',(-1.023548853891,-8.958869457398,0.));
#11235 = B_SPLINE_CURVE_WITH_KNOTS('',3,(#11236,#11237,#11238,#11239),
  .UNSPECIFIED.,.F.,.F.,(4,4),(0.,1.),.PIECEWISE_BEZIER_KNOTS.);
#11236 = CARTESIAN_POINT('',(-1.853466867763,-10.10885185705,0.));
#11237 = CARTESIAN_POINT('',(-1.409751962188,-9.651744187307,0.));
#11238 = CARTESIAN_POINT('',(-1.161047404204,-9.248554068584,0.));
#11239 = CARTESIAN_POINT('',(-1.023548853891,-8.958869457398,0.));
#11240 = ORIENTED_EDGE('',*,*,#11241,.T.);
#11241 = EDGE_CURVE('',#11233,#11242,#11244,.T.);
#11242 = VERTEX_POINT('',#11243);
#11243 = CARTESIAN_POINT('',(-0.867442658408,-8.511546078609,0.));
#11244 = B_SPLINE_CURVE_WITH_KNOTS('',3,(#11245,#11246,#11247,#11248),
  .UNSPECIFIED.,.F.,.F.,(4,4),(0.,1.),.PIECEWISE_BEZIER_KNOTS.);
#11245 = CARTESIAN_POINT('',(-1.023548853891,-8.958869457398,0.));
#11246 = CARTESIAN_POINT('',(-0.909479240936,-8.715892762265,0.));
#11247 = CARTESIAN_POINT('',(-0.876230828195,-8.562933789644,0.));
#11248 = CARTESIAN_POINT('',(-0.867442658408,-8.511546078609,0.));
#11249 = ORIENTED_EDGE('',*,*,#11250,.T.);
#11250 = EDGE_CURVE('',#11242,#11251,#11253,.T.);
#11251 = VERTEX_POINT('',#11252);
#11252 = CARTESIAN_POINT('',(-0.795133732226,-7.810394920553,0.));
#11253 = LINE('',#11254,#11255);
#11254 = CARTESIAN_POINT('',(-0.867442658408,-8.511546078609,0.));
#11255 = VECTOR('',#11256,1.);
#11256 = DIRECTION('',(0.10258478866,0.994724263872,0.));
#11257 = ORIENTED_EDGE('',*,*,#11258,.T.);
#11258 = EDGE_CURVE('',#11251,#11259,#11261,.T.);
#11259 = VERTEX_POINT('',#11260);
#11260 = CARTESIAN_POINT('',(-0.284872496111,-7.352141934458,0.));
#11261 = CIRCLE('',#11262,0.493105882353);
#11262 = AXIS2_PLACEMENT_3D('',#11263,#11264,#11265);
#11263 = CARTESIAN_POINT('',(-0.303236979514,-7.844905728746,0.));
#11264 = DIRECTION('',(0.,0.,-1.));
#11265 = DIRECTION('',(-0.997547931015,6.9986608206E-02,0.));
#11266 = ORIENTED_EDGE('',*,*,#11267,.T.);
#11267 = EDGE_CURVE('',#11259,#11268,#11270,.T.);
#11268 = VERTEX_POINT('',#11269);
#11269 = CARTESIAN_POINT('',(0.284872496111,-7.352141934458,0.));
#11270 = CIRCLE('',#11271,7.357658823529);
#11271 = AXIS2_PLACEMENT_3D('',#11272,#11273,#11274);
#11272 = CARTESIAN_POINT('',(-1.619E-14,-4.178E-13,0.));
#11273 = DIRECTION('',(0.,0.,1.));
#11274 = DIRECTION('',(-3.871781811894E-02,-0.999250184168,0.));
#11275 = ORIENTED_EDGE('',*,*,#11276,.T.);
#11276 = EDGE_CURVE('',#11268,#11277,#11279,.T.);
#11277 = VERTEX_POINT('',#11278);
#11278 = CARTESIAN_POINT('',(0.795133732226,-7.810394920553,0.));
#11279 = CIRCLE('',#11280,0.493105882353);
#11280 = AXIS2_PLACEMENT_3D('',#11281,#11282,#11283);
#11281 = CARTESIAN_POINT('',(0.303236979514,-7.844905728746,0.));
#11282 = DIRECTION('',(0.,0.,-1.));
#11283 = DIRECTION('',(-3.724247481195E-02,0.999306258396,0.));
#11284 = ORIENTED_EDGE('',*,*,#11285,.T.);
#11285 = EDGE_CURVE('',#11277,#11286,#11288,.T.);
#11286 = VERTEX_POINT('',#11287);
#11287 = CARTESIAN_POINT('',(0.867442658408,-8.511546078609,0.));
#11288 = LINE('',#11289,#11290);
#11289 = CARTESIAN_POINT('',(0.795133732226,-7.810394920553,0.));
#11290 = VECTOR('',#11291,1.);
#11291 = DIRECTION('',(0.10258478866,-0.994724263872,0.));
#11292 = ORIENTED_EDGE('',*,*,#11293,.T.);
#11293 = EDGE_CURVE('',#11286,#11294,#11296,.T.);
#11294 = VERTEX_POINT('',#11295);
#11295 = CARTESIAN_POINT('',(1.023548853891,-8.958869457398,0.));
#11296 = B_SPLINE_CURVE_WITH_KNOTS('',3,(#11297,#11298,#11299,#11300),
  .UNSPECIFIED.,.F.,.F.,(4,4),(0.,1.),.PIECEWISE_BEZIER_KNOTS.);
#11297 = CARTESIAN_POINT('',(0.867442658408,-8.511546078609,0.));
#11298 = CARTESIAN_POINT('',(0.876230828195,-8.562933789644,0.));
#11299 = CARTESIAN_POINT('',(0.909479240936,-8.715892762265,0.));
#11300 = CARTESIAN_POINT('',(1.023548853891,-8.958869457398,0.));
#11301 = ORIENTED_EDGE('',*,*,#11302,.T.);
#11302 = EDGE_CURVE('',#11294,#11303,#11305,.T.);
#11303 = VERTEX_POINT('',#11304);
#11304 = CARTESIAN_POINT('',(1.854360411498,-10.11016041777,0.));
#11305 = B_SPLINE_CURVE_WITH_KNOTS('',3,(#11306,#11307,#11308,#11309),
  .UNSPECIFIED.,.F.,.F.,(4,4),(0.,1.),.PIECEWISE_BEZIER_KNOTS.);
#11306 = CARTESIAN_POINT('',(1.023548853891,-8.958869457398,0.));
#11307 = CARTESIAN_POINT('',(1.161047404204,-9.248554068584,0.));
#11308 = CARTESIAN_POINT('',(1.409751962188,-9.651744187307,0.));
#11309 = CARTESIAN_POINT('',(1.854360411498,-10.11016041777,0.));
#11310 = ORIENTED_EDGE('',*,*,#11311,.T.);
#11311 = EDGE_CURVE('',#11303,#11312,#11314,.T.);
#11312 = VERTEX_POINT('',#11313);
#11313 = CARTESIAN_POINT('',(2.716150496381,-9.911949948357,0.));
#11314 = CIRCLE('',#11315,10.277364705883);
#11315 = AXIS2_PLACEMENT_3D('',#11316,#11317,#11318);
#11316 = CARTESIAN_POINT('',(-1.624553176504E-02,-4.466047632884E-03,0.)
  );
#11317 = DIRECTION('',(-0.,0.,1.));
#11318 = DIRECTION('',(0.182012217801,-0.98329626897,0.));
#11319 = ORIENTED_EDGE('',*,*,#11320,.T.);
#11320 = EDGE_CURVE('',#11312,#11321,#11323,.T.);
#11321 = VERTEX_POINT('',#11322);
#11322 = CARTESIAN_POINT('',(2.964922126309,-8.515763676613,0.));
#11323 = B_SPLINE_CURVE_WITH_KNOTS('',3,(#11324,#11325,#11326,#11327),
  .UNSPECIFIED.,.F.,.F.,(4,4),(0.,1.),.PIECEWISE_BEZIER_KNOTS.);
#11324 = CARTESIAN_POINT('',(2.71615049638,-9.911949948357,0.));
#11325 = CARTESIAN_POINT('',(2.917592227599,-9.307589486304,0.));
#11326 = CARTESIAN_POINT('',(2.966729655361,-8.836418877935,0.));
#11327 = CARTESIAN_POINT('',(2.964922126309,-8.515763676613,0.));
#11328 = ORIENTED_EDGE('',*,*,#11329,.T.);
#11329 = EDGE_CURVE('',#11321,#11330,#11332,.T.);
#11330 = VERTEX_POINT('',#11331);
#11331 = CARTESIAN_POINT('',(2.911482608342,-8.045007298644,0.));
#11332 = B_SPLINE_CURVE_WITH_KNOTS('',3,(#11333,#11334,#11335,#11336),
  .UNSPECIFIED.,.F.,.F.,(4,4),(0.,1.),.PIECEWISE_BEZIER_KNOTS.);
#11333 = CARTESIAN_POINT('',(2.964922126309,-8.515763676613,0.));
#11334 = CARTESIAN_POINT('',(2.962271659352,-8.247356288484,0.));
#11335 = CARTESIAN_POINT('',(2.925861033167,-8.095119070446,0.));
#11336 = CARTESIAN_POINT('',(2.911482608342,-8.045007298644,0.));
#11337 = ORIENTED_EDGE('',*,*,#11338,.T.);
#11338 = EDGE_CURVE('',#11330,#11339,#11341,.T.);
#11339 = VERTEX_POINT('',#11340);
#11340 = CARTESIAN_POINT('',(2.67241261356,-7.381918266278,0.));
#11341 = LINE('',#11342,#11343);
#11342 = CARTESIAN_POINT('',(2.911482608342,-8.045007298644,0.));
#11343 = VECTOR('',#11344,1.);
#11344 = DIRECTION('',(-0.339168982097,0.940725465576,0.));
#11345 = ORIENTED_EDGE('',*,*,#11346,.T.);
#11346 = EDGE_CURVE('',#11339,#11347,#11349,.T.);
#11347 = VERTEX_POINT('',#11348);
#11348 = CARTESIAN_POINT('',(2.933313582728,-6.747652539131,0.));
#11349 = CIRCLE('',#11350,0.493105882353);
#11350 = AXIS2_PLACEMENT_3D('',#11351,#11352,#11353);
#11351 = CARTESIAN_POINT('',(3.130569952474,-7.199585427739,0.));
#11352 = DIRECTION('',(0.,0.,-1.));
#11353 = DIRECTION('',(-0.929125681341,-0.369764071094,-0.));
#11354 = ORIENTED_EDGE('',*,*,#11355,.T.);
#11355 = EDGE_CURVE('',#11347,#11356,#11358,.T.);
#11356 = VERTEX_POINT('',#11357);
#11357 = CARTESIAN_POINT('',(3.446636083363,-6.500449451563,0.));
#11358 = CIRCLE('',#11359,7.357658823529);
#11359 = AXIS2_PLACEMENT_3D('',#11360,#11361,#11362);
#11360 = CARTESIAN_POINT('',(2.5529E-13,-5.6302E-13,0.));
#11361 = DIRECTION('',(-0.,0.,1.));
#11362 = DIRECTION('',(0.398674857463,-0.917092338877,0.));
#11363 = ORIENTED_EDGE('',*,*,#11364,.T.);
#11364 = EDGE_CURVE('',#11356,#11365,#11367,.T.);
#11365 = VERTEX_POINT('',#11366);
#11366 = CARTESIAN_POINT('',(4.105194090669,-6.691927072605,0.));
#11367 = CIRCLE('',#11368,0.493105882353);
#11368 = AXIS2_PLACEMENT_3D('',#11369,#11370,#11371);
#11369 = CARTESIAN_POINT('',(3.676984108752,-6.936446238719,0.));
#11370 = DIRECTION('',(0.,0.,-1.));
#11371 = DIRECTION('',(-0.467137046286,0.88418492409,0.));
#11372 = ORIENTED_EDGE('',*,*,#11373,.T.);
#11373 = EDGE_CURVE('',#11365,#11374,#11376,.T.);
#11374 = VERTEX_POINT('',#11375);
#11375 = CARTESIAN_POINT('',(4.474560268175,-7.292268770443,0.));
#11376 = LINE('',#11377,#11378);
#11377 = CARTESIAN_POINT('',(4.105194090669,-6.691927072605,0.));
#11378 = VECTOR('',#11379,1.);
#11379 = DIRECTION('',(0.524020383903,-0.851705722215,0.));
#11380 = ORIENTED_EDGE('',*,*,#11381,.T.);
#11381 = EDGE_CURVE('',#11374,#11382,#11384,.T.);
#11382 = VERTEX_POINT('',#11383);
#11383 = CARTESIAN_POINT('',(4.809293430575,-7.627561268822,0.));
#11384 = B_SPLINE_CURVE_WITH_KNOTS('',3,(#11385,#11386,#11387,#11388),
  .UNSPECIFIED.,.F.,.F.,(4,4),(0.,1.),.PIECEWISE_BEZIER_KNOTS.);
#11385 = CARTESIAN_POINT('',(4.474560268175,-7.292268770443,0.));
#11386 = CARTESIAN_POINT('',(4.504774427767,-7.334754454312,0.));
#11387 = CARTESIAN_POINT('',(4.601096623526,-7.45813978107,0.));
#11388 = CARTESIAN_POINT('',(4.809293430575,-7.627561268822,0.));
#11389 = ORIENTED_EDGE('',*,*,#11390,.T.);
#11390 = EDGE_CURVE('',#11382,#11391,#11393,.T.);
#11391 = VERTEX_POINT('',#11392);
#11392 = CARTESIAN_POINT('',(6.057355205774,-8.304362956903,0.));
#11393 = B_SPLINE_CURVE_WITH_KNOTS('',3,(#11394,#11395,#11396,#11397),
  .UNSPECIFIED.,.F.,.F.,(4,4),(0.,1.),.PIECEWISE_BEZIER_KNOTS.);
#11394 = CARTESIAN_POINT('',(4.809293430575,-7.627561268822,0.));
#11395 = CARTESIAN_POINT('',(5.058864786055,-7.828899699877,0.));
#11396 = CARTESIAN_POINT('',(5.457877486391,-8.084252581139,0.));
#11397 = CARTESIAN_POINT('',(6.057355205774,-8.304362956903,0.));
#11398 = ORIENTED_EDGE('',*,*,#11399,.T.);
#11399 = EDGE_CURVE('',#11391,#11400,#11402,.T.);
#11400 = VERTEX_POINT('',#11401);
#11401 = CARTESIAN_POINT('',(6.747800943316,-7.751864790301,0.));
#11402 = CIRCLE('',#11403,10.277364705881);
#11403 = AXIS2_PLACEMENT_3D('',#11404,#11405,#11406);
#11404 = CARTESIAN_POINT('',(-1.269897291591E-02,-1.107244194709E-02,0.)
  );
#11405 = DIRECTION('',(-0.,0.,1.));
#11406 = DIRECTION('',(0.590623603657,-0.806947184643,0.));
#11407 = ORIENTED_EDGE('',*,*,#11408,.T.);
#11408 = EDGE_CURVE('',#11400,#11409,#11411,.T.);
#11409 = VERTEX_POINT('',#11410);
#11410 = CARTESIAN_POINT('',(6.36615391701,-6.386006460687,0.));
#11411 = B_SPLINE_CURVE_WITH_KNOTS('',3,(#11412,#11413,#11414,#11415),
  .UNSPECIFIED.,.F.,.F.,(4,4),(0.,1.),.PIECEWISE_BEZIER_KNOTS.);
#11412 = CARTESIAN_POINT('',(6.747800943316,-7.751864790301,0.));
#11413 = CARTESIAN_POINT('',(6.66707149479,-7.119952537445,0.));
#11414 = CARTESIAN_POINT('',(6.506909522131,-6.674122556946,0.));
#11415 = CARTESIAN_POINT('',(6.36615391701,-6.386006460687,0.));
#11416 = ORIENTED_EDGE('',*,*,#11417,.T.);
#11417 = EDGE_CURVE('',#11409,#11418,#11420,.T.);
#11418 = VERTEX_POINT('',#11419);
#11419 = CARTESIAN_POINT('',(6.113753037519,-5.985056157643,0.));
#11420 = B_SPLINE_CURVE_WITH_KNOTS('',3,(#11421,#11422,#11423,#11424),
  .UNSPECIFIED.,.F.,.F.,(4,4),(0.,1.),.PIECEWISE_BEZIER_KNOTS.);
#11421 = CARTESIAN_POINT('',(6.36615391701,-6.386006460687,0.));
#11422 = CARTESIAN_POINT('',(6.247308327628,-6.145329754582,0.));
#11423 = CARTESIAN_POINT('',(6.148450233579,-6.023966739227,0.));
#11424 = CARTESIAN_POINT('',(6.113753037519,-5.985056157643,0.));
#11425 = ORIENTED_EDGE('',*,*,#11426,.T.);
#11426 = EDGE_CURVE('',#11418,#11427,#11429,.T.);
#11427 = VERTEX_POINT('',#11428);
#11428 = CARTESIAN_POINT('',(5.61065486624,-5.491362166081,0.));
#11429 = LINE('',#11430,#11431);
#11430 = CARTESIAN_POINT('',(6.113753037519,-5.985056157643,0.));
#11431 = VECTOR('',#11432,1.);
#11432 = DIRECTION('',(-0.713746176315,0.700404451582,0.));
#11433 = ORIENTED_EDGE('',*,*,#11434,.T.);
#11434 = EDGE_CURVE('',#11427,#11435,#11437,.T.);
#11435 = VERTEX_POINT('',#11436);
#11436 = CARTESIAN_POINT('',(5.570520931778,-4.806707803901,0.));
#11437 = CIRCLE('',#11438,0.493105882353);
#11438 = AXIS2_PLACEMENT_3D('',#11439,#11440,#11441);
#11439 = CARTESIAN_POINT('',(5.944329111454,-5.128298935648,0.));
#11440 = DIRECTION('',(0.,0.,-1.));
#11441 = DIRECTION('',(-0.6766786955,-0.736278441255,-0.));
#11442 = ORIENTED_EDGE('',*,*,#11443,.T.);
#11443 = EDGE_CURVE('',#11435,#11444,#11446,.T.);
#11444 = VERTEX_POINT('',#11445);
#11445 = CARTESIAN_POINT('',(5.925751124088,-4.361263232004,0.));
#11446 = CIRCLE('',#11447,7.357658823528);
#11447 = AXIS2_PLACEMENT_3D('',#11448,#11449,#11450);
#11448 = CARTESIAN_POINT('',(7.3935E-13,-5.9097E-13,0.));
#11449 = DIRECTION('',(-0.,0.,1.));
#11450 = DIRECTION('',(0.757105088097,-0.653293108472,0.));
#11451 = ORIENTED_EDGE('',*,*,#11452,.T.);
#11452 = EDGE_CURVE('',#11444,#11453,#11455,.T.);
#11453 = VERTEX_POINT('',#11454);
#11454 = CARTESIAN_POINT('',(6.602170412554,-4.248040996828,0.));
#11455 = CIRCLE('',#11456,0.493105882353);
#11456 = AXIS2_PLACEMENT_3D('',#11457,#11458,#11459);
#11457 = CARTESIAN_POINT('',(6.32245944,-4.654138501184,0.));
#11458 = DIRECTION('',(0.,0.,-1.));
#11459 = DIRECTION('',(-0.804509396683,0.593939921751,0.));
#11460 = ORIENTED_EDGE('',*,*,#11461,.T.);
#11461 = EDGE_CURVE('',#11453,#11462,#11464,.T.);
#11462 = VERTEX_POINT('',#11463);
#11463 = CARTESIAN_POINT('',(7.195436339949,-4.628668198484,0.));
#11464 = LINE('',#11465,#11466);
#11465 = CARTESIAN_POINT('',(6.602170412554,-4.248040996828,0.));
#11466 = VECTOR('',#11467,1.);
#11467 = DIRECTION('',(0.841667315425,-0.539996416789,0.));
#11468 = ORIENTED_EDGE('',*,*,#11469,.T.);
#11469 = EDGE_CURVE('',#11462,#11470,#11472,.T.);
#11470 = VERTEX_POINT('',#11471);
#11471 = CARTESIAN_POINT('',(7.64249846122,-4.785521025056,0.));
#11472 = B_SPLINE_CURVE_WITH_KNOTS('',3,(#11473,#11474,#11475,#11476),
  .UNSPECIFIED.,.F.,.F.,(4,4),(0.,1.),.PIECEWISE_BEZIER_KNOTS.);
#11473 = CARTESIAN_POINT('',(7.195436339949,-4.628668198484,0.));
#11474 = CARTESIAN_POINT('',(7.241092204487,-4.653837044443,0.));
#11475 = CARTESIAN_POINT('',(7.38141039108,-4.723210748152,0.));
#11476 = CARTESIAN_POINT('',(7.64249846122,-4.785521025056,0.));
#11477 = ORIENTED_EDGE('',*,*,#11478,.T.);
#11478 = EDGE_CURVE('',#11470,#11479,#11481,.T.);
#11479 = VERTEX_POINT('',#11480);
#11480 = CARTESIAN_POINT('',(9.06061651296,-4.853784566088,0.));
#11481 = B_SPLINE_CURVE_WITH_KNOTS('',3,(#11482,#11483,#11484,#11485),
  .UNSPECIFIED.,.F.,.F.,(4,4),(0.,1.),.PIECEWISE_BEZIER_KNOTS.);
#11482 = CARTESIAN_POINT('',(7.64249846122,-4.785521025056,0.));
#11483 = CARTESIAN_POINT('',(7.954711954122,-4.858635730456,0.));
#11484 = CARTESIAN_POINT('',(8.425003437939,-4.915575604426,0.));
#11485 = CARTESIAN_POINT('',(9.06061651296,-4.853784566088,0.));
#11486 = ORIENTED_EDGE('',*,*,#11487,.T.);
#11487 = EDGE_CURVE('',#11479,#11488,#11490,.T.);
#11488 = VERTEX_POINT('',#11489);
#11489 = CARTESIAN_POINT('',(9.442966657079,-4.056427740143,0.));
#11490 = CIRCLE('',#11491,10.277364705884);
#11491 = AXIS2_PLACEMENT_3D('',#11492,#11493,#11494);
#11492 = CARTESIAN_POINT('',(-6.637226740383E-03,-1.548580333675E-02,0.)
  );
#11493 = DIRECTION('',(-0.,0.,1.));
#11494 = DIRECTION('',(0.882254741287,-0.470772313838,0.));
#11495 = ORIENTED_EDGE('',*,*,#11496,.T.);
#11496 = EDGE_CURVE('',#11488,#11497,#11499,.T.);
#11497 = VERTEX_POINT('',#11498);
#11498 = CARTESIAN_POINT('',(8.506490848693,-2.991422345993,0.));
#11499 = B_SPLINE_CURVE_WITH_KNOTS('',3,(#11500,#11501,#11502,#11503),
  .UNSPECIFIED.,.F.,.F.,(4,4),(0.,1.),.PIECEWISE_BEZIER_KNOTS.);
#11500 = CARTESIAN_POINT('',(9.442966657079,-4.056427740143,0.));
#11501 = CARTESIAN_POINT('',(9.096055486172,-3.522121668057,0.));
#11502 = CARTESIAN_POINT('',(8.758316156034,-3.189934410812,0.));
#11503 = CARTESIAN_POINT('',(8.506490848693,-2.991422345993,0.));
#11504 = ORIENTED_EDGE('',*,*,#11505,.T.);
#11505 = EDGE_CURVE('',#11497,#11506,#11508,.T.);
#11506 = VERTEX_POINT('',#11507);
#11507 = CARTESIAN_POINT('',(8.105119697355,-2.739691242724,0.));
#11508 = B_SPLINE_CURVE_WITH_KNOTS('',3,(#11509,#11510,#11511,#11512),
  .UNSPECIFIED.,.F.,.F.,(4,4),(0.,1.),.PIECEWISE_BEZIER_KNOTS.);
#11509 = CARTESIAN_POINT('',(8.506490848693,-2.991422345993,0.));
#11510 = CARTESIAN_POINT('',(8.294988963409,-2.826145295261,0.));
#11511 = CARTESIAN_POINT('',(8.153263459438,-2.759693916199,0.));
#11512 = CARTESIAN_POINT('',(8.105119697355,-2.739691242724,0.));
#11513 = ORIENTED_EDGE('',*,*,#11514,.T.);
#11514 = EDGE_CURVE('',#11506,#11515,#11517,.T.);
#11515 = VERTEX_POINT('',#11516);
#11516 = CARTESIAN_POINT('',(7.437638112495,-2.513174441754,0.));
#11517 = LINE('',#11518,#11519);
#11518 = CARTESIAN_POINT('',(8.105119697355,-2.739691242724,0.));
#11519 = VECTOR('',#11520,1.);
#11520 = DIRECTION('',(-0.946957186791,0.321359746056,0.));
#11521 = ORIENTED_EDGE('',*,*,#11522,.T.);
#11522 = EDGE_CURVE('',#11515,#11523,#11525,.T.);
#11523 = VERTEX_POINT('',#11524);
#11524 = CARTESIAN_POINT('',(7.104418292333,-1.913735637706,0.));
#11525 = CIRCLE('',#11526,0.493105882353);
#11526 = AXIS2_PLACEMENT_3D('',#11527,#11528,#11529);
#11527 = CARTESIAN_POINT('',(7.580740987498,-2.041289944893,0.));
#11528 = DIRECTION('',(0.,0.,-1.));
#11529 = DIRECTION('',(-0.290207195095,-0.956963836263,-0.));
#11530 = ORIENTED_EDGE('',*,*,#11531,.T.);
#11531 = EDGE_CURVE('',#11523,#10264,#11532,.T.);
#11532 = CIRCLE('',#11533,7.357658823528);
#11533 = AXIS2_PLACEMENT_3D('',#11534,#11535,#11536);
#11534 = CARTESIAN_POINT('',(1.84983E-12,-4.3926E-13,0.));
#11535 = DIRECTION('',(-0.,0.,1.));
#11536 = DIRECTION('',(0.96558137075,-0.26010116582,0.));
#11537 = ORIENTED_EDGE('',*,*,#10281,.T.);
#11538 = FACE_BOUND('',#11539,.F.);
#11539 = EDGE_LOOP('',(#11540));
#11540 = ORIENTED_EDGE('',*,*,#11541,.F.);
#11541 = EDGE_CURVE('',#11542,#11542,#11544,.T.);
#11542 = VERTEX_POINT('',#11543);
#11543 = CARTESIAN_POINT('',(1.881588235294,-3.552713678801E-15,0.));
#11544 = CIRCLE('',#11545,1.881588235294);
#11545 = AXIS2_PLACEMENT_3D('',#11546,#11547,#11548);
#11546 = CARTESIAN_POINT('',(0.,0.,0.));
#11547 = DIRECTION('',(0.,0.,1.));
#11548 = DIRECTION('',(1.,0.,0.));
#11549 = PLANE('',#11550);
#11550 = AXIS2_PLACEMENT_3D('',#11551,#11552,#11553);
#11551 = CARTESIAN_POINT('',(2.5E-16,3.6E-16,0.));
#11552 = DIRECTION('',(0.,0.,1.));
#11553 = DIRECTION('',(1.,0.,0.));
#11554 = ADVANCED_FACE('',(#11555,#12764),#12775,.T.);
#11555 = FACE_BOUND('',#11556,.T.);
#11556 = EDGE_LOOP('',(#11557,#11558,#11559,#11568,#11577,#11586,#11595,
    #11603,#11612,#11621,#11630,#11638,#11647,#11656,#11665,#11674,
    #11683,#11691,#11700,#11709,#11718,#11726,#11735,#11744,#11753,
    #11762,#11771,#11779,#11788,#11797,#11806,#11814,#11823,#11832,
    #11841,#11850,#11859,#11867,#11876,#11885,#11894,#11902,#11911,
    #11920,#11929,#11938,#11947,#11955,#11964,#11973,#11982,#11990,
    #11999,#12008,#12017,#12026,#12035,#12043,#12052,#12061,#12070,
    #12078,#12087,#12096,#12105,#12114,#12123,#12131,#12140,#12149,
    #12158,#12166,#12175,#12184,#12193,#12202,#12211,#12219,#12228,
    #12237,#12246,#12254,#12263,#12272,#12281,#12290,#12299,#12307,
    #12316,#12325,#12334,#12342,#12351,#12360,#12369,#12378,#12387,
    #12395,#12404,#12413,#12422,#12430,#12439,#12448,#12457,#12466,
    #12475,#12483,#12492,#12501,#12510,#12518,#12527,#12536,#12545,
    #12554,#12563,#12571,#12580,#12589,#12598,#12606,#12615,#12624,
    #12633,#12642,#12651,#12659,#12668,#12677,#12686,#12694,#12703,
    #12712,#12721,#12730,#12739,#12747,#12756,#12763));
#11557 = ORIENTED_EDGE('',*,*,#10233,.T.);
#11558 = ORIENTED_EDGE('',*,*,#10297,.T.);
#11559 = ORIENTED_EDGE('',*,*,#11560,.T.);
#11560 = EDGE_CURVE('',#10298,#11561,#11563,.T.);
#11561 = VERTEX_POINT('',#11562);
#11562 = CARTESIAN_POINT('',(10.269311598584,-0.441854614197,
    2.595294117647));
#11563 = B_SPLINE_CURVE_WITH_KNOTS('',3,(#11564,#11565,#11566,#11567),
  .UNSPECIFIED.,.F.,.F.,(4,4),(0.,1.),.PIECEWISE_BEZIER_KNOTS.);
#11564 = CARTESIAN_POINT('',(8.962012942528,-0.995649651713,
    2.595294117647));
#11565 = CARTESIAN_POINT('',(9.275030861536,-0.926059367362,
    2.595294117647));
#11566 = CARTESIAN_POINT('',(9.723454132717,-0.773308593677,
    2.595294117647));
#11567 = CARTESIAN_POINT('',(10.269311598585,-0.441854614197,
    2.595294117647));
#11568 = ORIENTED_EDGE('',*,*,#11569,.T.);
#11569 = EDGE_CURVE('',#11561,#11570,#11572,.T.);
#11570 = VERTEX_POINT('',#11571);
#11571 = CARTESIAN_POINT('',(10.267837014023,0.442434572771,
    2.595294117647));
#11572 = CIRCLE('',#11573,10.277364705883);
#11573 = AXIS2_PLACEMENT_3D('',#11574,#11575,#11576);
#11574 = CARTESIAN_POINT('',(7.391035936635E-04,-1.683201145636E-02,
    2.595294117647));
#11575 = DIRECTION('',(-0.,0.,1.));
#11576 = DIRECTION('',(0.99914450726,-4.135521263513E-02,0.));
#11577 = ORIENTED_EDGE('',*,*,#11578,.T.);
#11578 = EDGE_CURVE('',#11570,#11579,#11581,.T.);
#11579 = VERTEX_POINT('',#11580);
#11580 = CARTESIAN_POINT('',(8.962012942528,0.995649651713,
    2.595294117647));
#11581 = B_SPLINE_CURVE_WITH_KNOTS('',3,(#11582,#11583,#11584,#11585),
  .UNSPECIFIED.,.F.,.F.,(4,4),(0.,1.),.PIECEWISE_BEZIER_KNOTS.);
#11582 = CARTESIAN_POINT('',(10.267837014023,0.442434572771,
    2.595294117647));
#11583 = CARTESIAN_POINT('',(9.723454132717,0.773308593677,
    2.595294117647));
#11584 = CARTESIAN_POINT('',(9.275030861536,0.926059367362,
    2.595294117647));
#11585 = CARTESIAN_POINT('',(8.962012942528,0.995649651713,
    2.595294117647));
#11586 = ORIENTED_EDGE('',*,*,#11587,.T.);
#11587 = EDGE_CURVE('',#11579,#11588,#11590,.T.);
#11588 = VERTEX_POINT('',#11589);
#11589 = CARTESIAN_POINT('',(8.49116799836,1.048303122925,2.595294117647
    ));
#11590 = B_SPLINE_CURVE_WITH_KNOTS('',3,(#11591,#11592,#11593,#11594),
  .UNSPECIFIED.,.F.,.F.,(4,4),(0.,1.),.PIECEWISE_BEZIER_KNOTS.);
#11591 = CARTESIAN_POINT('',(8.962012942528,0.995649651713,
    2.595294117647));
#11592 = CARTESIAN_POINT('',(8.699745303623,1.052791900184,
    2.595294117647));
#11593 = CARTESIAN_POINT('',(8.54322286394,1.051170132356,2.595294117647
    ));
#11594 = CARTESIAN_POINT('',(8.49116799836,1.048303122925,2.595294117647
    ));
#11595 = ORIENTED_EDGE('',*,*,#11596,.T.);
#11596 = EDGE_CURVE('',#11588,#11597,#11599,.T.);
#11597 = VERTEX_POINT('',#11598);
#11598 = CARTESIAN_POINT('',(7.791505913926,0.962778302825,
    2.595294117647));
#11599 = LINE('',#11600,#11601);
#11600 = CARTESIAN_POINT('',(8.49116799836,1.048303122925,2.595294117647
    ));
#11601 = VECTOR('',#11602,1.);
#11602 = DIRECTION('',(-0.992611712756,-0.121334198396,0.));
#11603 = ORIENTED_EDGE('',*,*,#11604,.T.);
#11604 = EDGE_CURVE('',#11597,#11605,#11607,.T.);
#11605 = VERTEX_POINT('',#11606);
#11606 = CARTESIAN_POINT('',(7.231198480119,1.358275341964,
    2.595294117647));
#11607 = CIRCLE('',#11608,0.493105882353);
#11608 = AXIS2_PLACEMENT_3D('',#11609,#11610,#11611);
#11609 = CARTESIAN_POINT('',(7.715694139281,1.450021554226,
    2.595294117647));
#11610 = DIRECTION('',(0.,0.,-1.));
#11611 = DIRECTION('',(0.153743399457,-0.988110807108,0.));
#11612 = ORIENTED_EDGE('',*,*,#11613,.T.);
#11613 = EDGE_CURVE('',#11605,#11614,#11616,.T.);
#11614 = VERTEX_POINT('',#11615);
#11615 = CARTESIAN_POINT('',(7.104418292333,1.913735637706,
    2.595294117647));
#11616 = CIRCLE('',#11617,7.357658823528);
#11617 = AXIS2_PLACEMENT_3D('',#11618,#11619,#11620);
#11618 = CARTESIAN_POINT('',(8.9322E-13,2.0515E-13,2.595294117647));
#11619 = DIRECTION('',(0.,-0.,1.));
#11620 = DIRECTION('',(0.982812420847,0.184607002654,0.));
#11621 = ORIENTED_EDGE('',*,*,#11622,.T.);
#11622 = EDGE_CURVE('',#11614,#11623,#11625,.T.);
#11623 = VERTEX_POINT('',#11624);
#11624 = CARTESIAN_POINT('',(7.437638112495,2.513174441754,
    2.595294117647));
#11625 = CIRCLE('',#11626,0.493105882353);
#11626 = AXIS2_PLACEMENT_3D('',#11627,#11628,#11629);
#11627 = CARTESIAN_POINT('',(7.580740987498,2.041289944893,
    2.595294117647));
#11628 = DIRECTION('',(0.,0.,-1.));
#11629 = DIRECTION('',(-0.96596433385,-0.25867529014,-0.));
#11630 = ORIENTED_EDGE('',*,*,#11631,.T.);
#11631 = EDGE_CURVE('',#11623,#11632,#11634,.T.);
#11632 = VERTEX_POINT('',#11633);
#11633 = CARTESIAN_POINT('',(8.105119697355,2.739691242724,
    2.595294117647));
#11634 = LINE('',#11635,#11636);
#11635 = CARTESIAN_POINT('',(7.437638112495,2.513174441754,
    2.595294117647));
#11636 = VECTOR('',#11637,1.);
#11637 = DIRECTION('',(0.946957186791,0.321359746056,0.));
#11638 = ORIENTED_EDGE('',*,*,#11639,.T.);
#11639 = EDGE_CURVE('',#11632,#11640,#11642,.T.);
#11640 = VERTEX_POINT('',#11641);
#11641 = CARTESIAN_POINT('',(8.506490848693,2.991422345993,
    2.595294117647));
#11642 = B_SPLINE_CURVE_WITH_KNOTS('',3,(#11643,#11644,#11645,#11646),
  .UNSPECIFIED.,.F.,.F.,(4,4),(0.,1.),.PIECEWISE_BEZIER_KNOTS.);
#11643 = CARTESIAN_POINT('',(8.105119697355,2.739691242724,
    2.595294117647));
#11644 = CARTESIAN_POINT('',(8.153263459438,2.759693916199,
    2.595294117647));
#11645 = CARTESIAN_POINT('',(8.294988963409,2.826145295261,
    2.595294117647));
#11646 = CARTESIAN_POINT('',(8.506490848693,2.991422345993,
    2.595294117647));
#11647 = ORIENTED_EDGE('',*,*,#11648,.T.);
#11648 = EDGE_CURVE('',#11640,#11649,#11651,.T.);
#11649 = VERTEX_POINT('',#11650);
#11650 = CARTESIAN_POINT('',(9.444043577268,4.057590063027,
    2.595294117647));
#11651 = B_SPLINE_CURVE_WITH_KNOTS('',3,(#11652,#11653,#11654,#11655),
  .UNSPECIFIED.,.F.,.F.,(4,4),(0.,1.),.PIECEWISE_BEZIER_KNOTS.);
#11652 = CARTESIAN_POINT('',(8.506490848693,2.991422345993,
    2.595294117647));
#11653 = CARTESIAN_POINT('',(8.758316156034,3.189934410811,
    2.595294117647));
#11654 = CARTESIAN_POINT('',(9.096055486172,3.522121668057,
    2.595294117647));
#11655 = CARTESIAN_POINT('',(9.444043577268,4.057590063027,
    2.595294117647));
#11656 = ORIENTED_EDGE('',*,*,#11657,.T.);
#11657 = EDGE_CURVE('',#11649,#11658,#11660,.T.);
#11658 = VERTEX_POINT('',#11659);
#11659 = CARTESIAN_POINT('',(9.059036323582,4.853667292444,
    2.595294117647));
#11660 = CIRCLE('',#11661,10.277364705884);
#11661 = AXIS2_PLACEMENT_3D('',#11662,#11663,#11664);
#11662 = CARTESIAN_POINT('',(7.969045394155E-03,-1.484443327623E-02,
    2.595294117647));
#11663 = DIRECTION('',(0.,-0.,1.));
#11664 = DIRECTION('',(0.918141449867,0.396252795619,0.));
#11665 = ORIENTED_EDGE('',*,*,#11666,.T.);
#11666 = EDGE_CURVE('',#11658,#11667,#11669,.T.);
#11667 = VERTEX_POINT('',#11668);
#11668 = CARTESIAN_POINT('',(7.64249846122,4.785521025056,2.595294117647
    ));
#11669 = B_SPLINE_CURVE_WITH_KNOTS('',3,(#11670,#11671,#11672,#11673),
  .UNSPECIFIED.,.F.,.F.,(4,4),(0.,1.),.PIECEWISE_BEZIER_KNOTS.);
#11670 = CARTESIAN_POINT('',(9.059036323582,4.853667292444,
    2.595294117647));
#11671 = CARTESIAN_POINT('',(8.425003437939,4.915575604426,
    2.595294117647));
#11672 = CARTESIAN_POINT('',(7.954711954122,4.858635730456,
    2.595294117647));
#11673 = CARTESIAN_POINT('',(7.64249846122,4.785521025056,2.595294117647
    ));
#11674 = ORIENTED_EDGE('',*,*,#11675,.T.);
#11675 = EDGE_CURVE('',#11667,#11676,#11678,.T.);
#11676 = VERTEX_POINT('',#11677);
#11677 = CARTESIAN_POINT('',(7.195436339949,4.628668198484,
    2.595294117647));
#11678 = B_SPLINE_CURVE_WITH_KNOTS('',3,(#11679,#11680,#11681,#11682),
  .UNSPECIFIED.,.F.,.F.,(4,4),(0.,1.),.PIECEWISE_BEZIER_KNOTS.);
#11679 = CARTESIAN_POINT('',(7.64249846122,4.785521025056,2.595294117647
    ));
#11680 = CARTESIAN_POINT('',(7.38141039108,4.723210748152,2.595294117647
    ));
#11681 = CARTESIAN_POINT('',(7.241092204487,4.653837044443,
    2.595294117647));
#11682 = CARTESIAN_POINT('',(7.195436339949,4.628668198484,
    2.595294117647));
#11683 = ORIENTED_EDGE('',*,*,#11684,.T.);
#11684 = EDGE_CURVE('',#11676,#11685,#11687,.T.);
#11685 = VERTEX_POINT('',#11686);
#11686 = CARTESIAN_POINT('',(6.602170412554,4.248040996828,
    2.595294117647));
#11687 = LINE('',#11688,#11689);
#11688 = CARTESIAN_POINT('',(7.195436339949,4.628668198484,
    2.595294117647));
#11689 = VECTOR('',#11690,1.);
#11690 = DIRECTION('',(-0.841667315425,-0.539996416789,0.));
#11691 = ORIENTED_EDGE('',*,*,#11692,.T.);
#11692 = EDGE_CURVE('',#11685,#11693,#11695,.T.);
#11693 = VERTEX_POINT('',#11694);
#11694 = CARTESIAN_POINT('',(5.925751124088,4.361263232004,
    2.595294117647));
#11695 = CIRCLE('',#11696,0.493105882353);
#11696 = AXIS2_PLACEMENT_3D('',#11697,#11698,#11699);
#11697 = CARTESIAN_POINT('',(6.32245944,4.654138501184,2.595294117647));
#11698 = DIRECTION('',(0.,-0.,-1.));
#11699 = DIRECTION('',(0.567243228206,-0.823550314221,0.));
#11700 = ORIENTED_EDGE('',*,*,#11701,.T.);
#11701 = EDGE_CURVE('',#11693,#11702,#11704,.T.);
#11702 = VERTEX_POINT('',#11703);
#11703 = CARTESIAN_POINT('',(5.570520931778,4.806707803901,
    2.595294117647));
#11704 = CIRCLE('',#11705,7.357658823529);
#11705 = AXIS2_PLACEMENT_3D('',#11706,#11707,#11708);
#11706 = CARTESIAN_POINT('',(-3.515E-14,-1.412E-14,2.595294117647));
#11707 = DIRECTION('',(0.,-0.,1.));
#11708 = DIRECTION('',(0.805385417592,0.592751490196,0.));
#11709 = ORIENTED_EDGE('',*,*,#11710,.T.);
#11710 = EDGE_CURVE('',#11702,#11711,#11713,.T.);
#11711 = VERTEX_POINT('',#11712);
#11712 = CARTESIAN_POINT('',(5.61065486624,5.491362166081,2.595294117647
    ));
#11713 = CIRCLE('',#11714,0.493105882353);
#11714 = AXIS2_PLACEMENT_3D('',#11715,#11716,#11717);
#11715 = CARTESIAN_POINT('',(5.944329111454,5.128298935648,
    2.595294117647));
#11716 = DIRECTION('',(0.,0.,-1.));
#11717 = DIRECTION('',(-0.7580687902,-0.652174600337,-0.));
#11718 = ORIENTED_EDGE('',*,*,#11719,.T.);
#11719 = EDGE_CURVE('',#11711,#11720,#11722,.T.);
#11720 = VERTEX_POINT('',#11721);
#11721 = CARTESIAN_POINT('',(6.113753037519,5.985056157643,
    2.595294117647));
#11722 = LINE('',#11723,#11724);
#11723 = CARTESIAN_POINT('',(5.61065486624,5.491362166081,2.595294117647
    ));
#11724 = VECTOR('',#11725,1.);
#11725 = DIRECTION('',(0.713746176315,0.700404451582,0.));
#11726 = ORIENTED_EDGE('',*,*,#11727,.T.);
#11727 = EDGE_CURVE('',#11720,#11728,#11730,.T.);
#11728 = VERTEX_POINT('',#11729);
#11729 = CARTESIAN_POINT('',(6.36615391701,6.386006460687,2.595294117647
    ));
#11730 = B_SPLINE_CURVE_WITH_KNOTS('',3,(#11731,#11732,#11733,#11734),
  .UNSPECIFIED.,.F.,.F.,(4,4),(0.,1.),.PIECEWISE_BEZIER_KNOTS.);
#11731 = CARTESIAN_POINT('',(6.113753037519,5.985056157643,
    2.595294117647));
#11732 = CARTESIAN_POINT('',(6.148450233579,6.023966739227,
    2.595294117647));
#11733 = CARTESIAN_POINT('',(6.247308327628,6.145329754582,
    2.595294117647));
#11734 = CARTESIAN_POINT('',(6.36615391701,6.386006460687,2.595294117647
    ));
#11735 = ORIENTED_EDGE('',*,*,#11736,.T.);
#11736 = EDGE_CURVE('',#11728,#11737,#11739,.T.);
#11737 = VERTEX_POINT('',#11738);
#11738 = CARTESIAN_POINT('',(6.74826690188,7.753379265191,2.595294117647
    ));
#11739 = B_SPLINE_CURVE_WITH_KNOTS('',3,(#11740,#11741,#11742,#11743),
  .UNSPECIFIED.,.F.,.F.,(4,4),(0.,1.),.PIECEWISE_BEZIER_KNOTS.);
#11740 = CARTESIAN_POINT('',(6.36615391701,6.386006460687,2.595294117647
    ));
#11741 = CARTESIAN_POINT('',(6.506909522131,6.674122556946,
    2.595294117647));
#11742 = CARTESIAN_POINT('',(6.66707149479,7.119952537445,2.595294117647
    ));
#11743 = CARTESIAN_POINT('',(6.74826690188,7.753379265191,2.595294117647
    ));
#11744 = ORIENTED_EDGE('',*,*,#11745,.T.);
#11745 = EDGE_CURVE('',#11737,#11746,#11748,.T.);
#11746 = VERTEX_POINT('',#11747);
#11747 = CARTESIAN_POINT('',(6.055982387466,8.303571678526,
    2.595294117647));
#11748 = CIRCLE('',#11749,10.277364705881);
#11749 = AXIS2_PLACEMENT_3D('',#11750,#11751,#11752);
#11750 = CARTESIAN_POINT('',(1.362062002376E-02,-9.916733028552E-03,
    2.595294117647));
#11751 = DIRECTION('',(0.,-0.,1.));
#11752 = DIRECTION('',(0.655289218062,0.755378077979,0.));
#11753 = ORIENTED_EDGE('',*,*,#11754,.T.);
#11754 = EDGE_CURVE('',#11746,#11755,#11757,.T.);
#11755 = VERTEX_POINT('',#11756);
#11756 = CARTESIAN_POINT('',(4.809293430575,7.627561268822,
    2.595294117647));
#11757 = B_SPLINE_CURVE_WITH_KNOTS('',3,(#11758,#11759,#11760,#11761),
  .UNSPECIFIED.,.F.,.F.,(4,4),(0.,1.),.PIECEWISE_BEZIER_KNOTS.);
#11758 = CARTESIAN_POINT('',(6.055982387466,8.303571678526,
    2.595294117647));
#11759 = CARTESIAN_POINT('',(5.457877486391,8.084252581139,
    2.595294117647));
#11760 = CARTESIAN_POINT('',(5.058864786055,7.828899699877,
    2.595294117647));
#11761 = CARTESIAN_POINT('',(4.809293430575,7.627561268822,
    2.595294117647));
#11762 = ORIENTED_EDGE('',*,*,#11763,.T.);
#11763 = EDGE_CURVE('',#11755,#11764,#11766,.T.);
#11764 = VERTEX_POINT('',#11765);
#11765 = CARTESIAN_POINT('',(4.474560268175,7.292268770443,
    2.595294117647));
#11766 = B_SPLINE_CURVE_WITH_KNOTS('',3,(#11767,#11768,#11769,#11770),
  .UNSPECIFIED.,.F.,.F.,(4,4),(0.,1.),.PIECEWISE_BEZIER_KNOTS.);
#11767 = CARTESIAN_POINT('',(4.809293430575,7.627561268822,
    2.595294117647));
#11768 = CARTESIAN_POINT('',(4.601096623526,7.45813978107,2.595294117647
    ));
#11769 = CARTESIAN_POINT('',(4.504774427767,7.334754454312,
    2.595294117647));
#11770 = CARTESIAN_POINT('',(4.474560268175,7.292268770443,
    2.595294117647));
#11771 = ORIENTED_EDGE('',*,*,#11772,.T.);
#11772 = EDGE_CURVE('',#11764,#11773,#11775,.T.);
#11773 = VERTEX_POINT('',#11774);
#11774 = CARTESIAN_POINT('',(4.105194090669,6.691927072605,
    2.595294117647));
#11775 = LINE('',#11776,#11777);
#11776 = CARTESIAN_POINT('',(4.474560268175,7.292268770443,
    2.595294117647));
#11777 = VECTOR('',#11778,1.);
#11778 = DIRECTION('',(-0.524020383903,-0.851705722215,0.));
#11779 = ORIENTED_EDGE('',*,*,#11780,.T.);
#11780 = EDGE_CURVE('',#11773,#11781,#11783,.T.);
#11781 = VERTEX_POINT('',#11782);
#11782 = CARTESIAN_POINT('',(3.446636083363,6.500449451563,
    2.595294117647));
#11783 = CIRCLE('',#11784,0.493105882353);
#11784 = AXIS2_PLACEMENT_3D('',#11785,#11786,#11787);
#11785 = CARTESIAN_POINT('',(3.676984108752,6.936446238719,
    2.595294117647));
#11786 = DIRECTION('',(0.,-0.,-1.));
#11787 = DIRECTION('',(0.868393578828,-0.495875581421,0.));
#11788 = ORIENTED_EDGE('',*,*,#11789,.T.);
#11789 = EDGE_CURVE('',#11781,#11790,#11792,.T.);
#11790 = VERTEX_POINT('',#11791);
#11791 = CARTESIAN_POINT('',(2.933313582728,6.747652539131,
    2.595294117647));
#11792 = CIRCLE('',#11793,7.357658823526);
#11793 = AXIS2_PLACEMENT_3D('',#11794,#11795,#11796);
#11794 = CARTESIAN_POINT('',(1.34704E-12,2.78685E-12,2.595294117647));
#11795 = DIRECTION('',(0.,-0.,1.));
#11796 = DIRECTION('',(0.468441954979,0.883494275485,0.));
#11797 = ORIENTED_EDGE('',*,*,#11798,.T.);
#11798 = EDGE_CURVE('',#11790,#11799,#11801,.T.);
#11799 = VERTEX_POINT('',#11800);
#11800 = CARTESIAN_POINT('',(2.67241261356,7.381918266278,2.595294117647
    ));
#11801 = CIRCLE('',#11802,0.493105882353);
#11802 = AXIS2_PLACEMENT_3D('',#11803,#11804,#11805);
#11803 = CARTESIAN_POINT('',(3.130569952474,7.199585427739,
    2.595294117647));
#11804 = DIRECTION('',(0.,0.,-1.));
#11805 = DIRECTION('',(-0.400028425547,-0.91650273254,-0.));
#11806 = ORIENTED_EDGE('',*,*,#11807,.T.);
#11807 = EDGE_CURVE('',#11799,#11808,#11810,.T.);
#11808 = VERTEX_POINT('',#11809);
#11809 = CARTESIAN_POINT('',(2.911482608342,8.045007298644,
    2.595294117647));
#11810 = LINE('',#11811,#11812);
#11811 = CARTESIAN_POINT('',(2.67241261356,7.381918266278,2.595294117647
    ));
#11812 = VECTOR('',#11813,1.);
#11813 = DIRECTION('',(0.339168982097,0.940725465576,0.));
#11814 = ORIENTED_EDGE('',*,*,#11815,.T.);
#11815 = EDGE_CURVE('',#11808,#11816,#11818,.T.);
#11816 = VERTEX_POINT('',#11817);
#11817 = CARTESIAN_POINT('',(2.964922126309,8.515763676613,
    2.595294117647));
#11818 = B_SPLINE_CURVE_WITH_KNOTS('',3,(#11819,#11820,#11821,#11822),
  .UNSPECIFIED.,.F.,.F.,(4,4),(0.,1.),.PIECEWISE_BEZIER_KNOTS.);
#11819 = CARTESIAN_POINT('',(2.911482608342,8.045007298644,
    2.595294117647));
#11820 = CARTESIAN_POINT('',(2.925861033167,8.095119070446,
    2.595294117647));
#11821 = CARTESIAN_POINT('',(2.962271659352,8.247356288484,
    2.595294117647));
#11822 = CARTESIAN_POINT('',(2.964922126309,8.515763676613,
    2.595294117647));
#11823 = ORIENTED_EDGE('',*,*,#11824,.T.);
#11824 = EDGE_CURVE('',#11816,#11825,#11827,.T.);
#11825 = VERTEX_POINT('',#11826);
#11826 = CARTESIAN_POINT('',(2.715913204512,9.913516614929,
    2.595294117647));
#11827 = B_SPLINE_CURVE_WITH_KNOTS('',3,(#11828,#11829,#11830,#11831),
  .UNSPECIFIED.,.F.,.F.,(4,4),(0.,1.),.PIECEWISE_BEZIER_KNOTS.);
#11828 = CARTESIAN_POINT('',(2.964922126309,8.515763676613,
    2.595294117647));
#11829 = CARTESIAN_POINT('',(2.966729655361,8.836418877935,
    2.595294117647));
#11830 = CARTESIAN_POINT('',(2.917592227599,9.307589486304,
    2.595294117647));
#11831 = CARTESIAN_POINT('',(2.715913204512,9.913516614929,
    2.595294117647));
#11832 = ORIENTED_EDGE('',*,*,#11833,.T.);
#11833 = EDGE_CURVE('',#11825,#11834,#11836,.T.);
#11834 = VERTEX_POINT('',#11835);
#11835 = CARTESIAN_POINT('',(1.853466867763,10.108851857052,
    2.595294117647));
#11836 = CIRCLE('',#11837,10.277364705882);
#11837 = AXIS2_PLACEMENT_3D('',#11838,#11839,#11840);
#11838 = CARTESIAN_POINT('',(1.657446380896E-02,-3.024902185995E-03,
    2.595294117647));
#11839 = DIRECTION('',(0.,-0.,1.));
#11840 = DIRECTION('',(0.262648920025,0.964891467891,0.));
#11841 = ORIENTED_EDGE('',*,*,#11842,.T.);
#11842 = EDGE_CURVE('',#11834,#11843,#11845,.T.);
#11843 = VERTEX_POINT('',#11844);
#11844 = CARTESIAN_POINT('',(1.023548853891,8.958869457398,
    2.595294117647));
#11845 = B_SPLINE_CURVE_WITH_KNOTS('',3,(#11846,#11847,#11848,#11849),
  .UNSPECIFIED.,.F.,.F.,(4,4),(0.,1.),.PIECEWISE_BEZIER_KNOTS.);
#11846 = CARTESIAN_POINT('',(1.853466867763,10.108851857052,
    2.595294117647));
#11847 = CARTESIAN_POINT('',(1.409751962188,9.651744187307,
    2.595294117647));
#11848 = CARTESIAN_POINT('',(1.161047404204,9.248554068584,
    2.595294117647));
#11849 = CARTESIAN_POINT('',(1.023548853891,8.958869457398,
    2.595294117647));
#11850 = ORIENTED_EDGE('',*,*,#11851,.T.);
#11851 = EDGE_CURVE('',#11843,#11852,#11854,.T.);
#11852 = VERTEX_POINT('',#11853);
#11853 = CARTESIAN_POINT('',(0.867442658408,8.511546078609,
    2.595294117647));
#11854 = B_SPLINE_CURVE_WITH_KNOTS('',3,(#11855,#11856,#11857,#11858),
  .UNSPECIFIED.,.F.,.F.,(4,4),(0.,1.),.PIECEWISE_BEZIER_KNOTS.);
#11855 = CARTESIAN_POINT('',(1.023548853891,8.958869457398,
    2.595294117647));
#11856 = CARTESIAN_POINT('',(0.909479240936,8.715892762265,
    2.595294117647));
#11857 = CARTESIAN_POINT('',(0.876230828195,8.562933789644,
    2.595294117647));
#11858 = CARTESIAN_POINT('',(0.867442658408,8.511546078609,
    2.595294117647));
#11859 = ORIENTED_EDGE('',*,*,#11860,.T.);
#11860 = EDGE_CURVE('',#11852,#11861,#11863,.T.);
#11861 = VERTEX_POINT('',#11862);
#11862 = CARTESIAN_POINT('',(0.795133732226,7.810394920553,
    2.595294117647));
#11863 = LINE('',#11864,#11865);
#11864 = CARTESIAN_POINT('',(0.867442658408,8.511546078609,
    2.595294117647));
#11865 = VECTOR('',#11866,1.);
#11866 = DIRECTION('',(-0.10258478866,-0.994724263872,0.));
#11867 = ORIENTED_EDGE('',*,*,#11868,.T.);
#11868 = EDGE_CURVE('',#11861,#11869,#11871,.T.);
#11869 = VERTEX_POINT('',#11870);
#11870 = CARTESIAN_POINT('',(0.284872496111,7.352141934458,
    2.595294117647));
#11871 = CIRCLE('',#11872,0.493105882353);
#11872 = AXIS2_PLACEMENT_3D('',#11873,#11874,#11875);
#11873 = CARTESIAN_POINT('',(0.303236979514,7.844905728746,
    2.595294117647));
#11874 = DIRECTION('',(0.,0.,-1.));
#11875 = DIRECTION('',(0.997547931015,-6.9986608206E-02,0.));
#11876 = ORIENTED_EDGE('',*,*,#11877,.T.);
#11877 = EDGE_CURVE('',#11869,#11878,#11880,.T.);
#11878 = VERTEX_POINT('',#11879);
#11879 = CARTESIAN_POINT('',(-0.284872496111,7.352141934458,
    2.595294117647));
#11880 = CIRCLE('',#11881,7.357658823529);
#11881 = AXIS2_PLACEMENT_3D('',#11882,#11883,#11884);
#11882 = CARTESIAN_POINT('',(1.518E-14,4.178E-13,2.595294117647));
#11883 = DIRECTION('',(0.,-0.,1.));
#11884 = DIRECTION('',(3.871781811894E-02,0.999250184168,0.));
#11885 = ORIENTED_EDGE('',*,*,#11886,.T.);
#11886 = EDGE_CURVE('',#11878,#11887,#11889,.T.);
#11887 = VERTEX_POINT('',#11888);
#11888 = CARTESIAN_POINT('',(-0.795133732226,7.810394920553,
    2.595294117647));
#11889 = CIRCLE('',#11890,0.493105882353);
#11890 = AXIS2_PLACEMENT_3D('',#11891,#11892,#11893);
#11891 = CARTESIAN_POINT('',(-0.303236979514,7.844905728746,
    2.595294117647));
#11892 = DIRECTION('',(0.,0.,-1.));
#11893 = DIRECTION('',(3.724247481195E-02,-0.999306258396,0.));
#11894 = ORIENTED_EDGE('',*,*,#11895,.T.);
#11895 = EDGE_CURVE('',#11887,#11896,#11898,.T.);
#11896 = VERTEX_POINT('',#11897);
#11897 = CARTESIAN_POINT('',(-0.867442658408,8.511546078609,
    2.595294117647));
#11898 = LINE('',#11899,#11900);
#11899 = CARTESIAN_POINT('',(-0.795133732226,7.810394920553,
    2.595294117647));
#11900 = VECTOR('',#11901,1.);
#11901 = DIRECTION('',(-0.10258478866,0.994724263872,0.));
#11902 = ORIENTED_EDGE('',*,*,#11903,.T.);
#11903 = EDGE_CURVE('',#11896,#11904,#11906,.T.);
#11904 = VERTEX_POINT('',#11905);
#11905 = CARTESIAN_POINT('',(-1.023548853891,8.958869457398,
    2.595294117647));
#11906 = B_SPLINE_CURVE_WITH_KNOTS('',3,(#11907,#11908,#11909,#11910),
  .UNSPECIFIED.,.F.,.F.,(4,4),(0.,1.),.PIECEWISE_BEZIER_KNOTS.);
#11907 = CARTESIAN_POINT('',(-0.867442658408,8.511546078609,
    2.595294117647));
#11908 = CARTESIAN_POINT('',(-0.876230828195,8.562933789644,
    2.595294117647));
#11909 = CARTESIAN_POINT('',(-0.909479240936,8.715892762265,
    2.595294117647));
#11910 = CARTESIAN_POINT('',(-1.023548853891,8.958869457398,
    2.595294117647));
#11911 = ORIENTED_EDGE('',*,*,#11912,.T.);
#11912 = EDGE_CURVE('',#11904,#11913,#11915,.T.);
#11913 = VERTEX_POINT('',#11914);
#11914 = CARTESIAN_POINT('',(-1.854360411499,10.110160417777,
    2.595294117647));
#11915 = B_SPLINE_CURVE_WITH_KNOTS('',3,(#11916,#11917,#11918,#11919),
  .UNSPECIFIED.,.F.,.F.,(4,4),(0.,1.),.PIECEWISE_BEZIER_KNOTS.);
#11916 = CARTESIAN_POINT('',(-1.023548853891,8.958869457398,
    2.595294117647));
#11917 = CARTESIAN_POINT('',(-1.161047404204,9.248554068584,
    2.595294117647));
#11918 = CARTESIAN_POINT('',(-1.409751962188,9.651744187307,
    2.595294117647));
#11919 = CARTESIAN_POINT('',(-1.854360411498,10.110160417777,
    2.595294117647));
#11920 = ORIENTED_EDGE('',*,*,#11921,.T.);
#11921 = EDGE_CURVE('',#11913,#11922,#11924,.T.);
#11922 = VERTEX_POINT('',#11923);
#11923 = CARTESIAN_POINT('',(-2.716150496381,9.911949948357,
    2.595294117647));
#11924 = CIRCLE('',#11925,10.277364705883);
#11925 = AXIS2_PLACEMENT_3D('',#11926,#11927,#11928);
#11926 = CARTESIAN_POINT('',(1.624553176504E-02,4.466047632884E-03,
    2.595294117647));
#11927 = DIRECTION('',(0.,0.,1.));
#11928 = DIRECTION('',(-0.182012217801,0.98329626897,0.));
#11929 = ORIENTED_EDGE('',*,*,#11930,.T.);
#11930 = EDGE_CURVE('',#11922,#11931,#11933,.T.);
#11931 = VERTEX_POINT('',#11932);
#11932 = CARTESIAN_POINT('',(-2.964922126309,8.515763676613,
    2.595294117647));
#11933 = B_SPLINE_CURVE_WITH_KNOTS('',3,(#11934,#11935,#11936,#11937),
  .UNSPECIFIED.,.F.,.F.,(4,4),(0.,1.),.PIECEWISE_BEZIER_KNOTS.);
#11934 = CARTESIAN_POINT('',(-2.71615049638,9.911949948357,
    2.595294117647));
#11935 = CARTESIAN_POINT('',(-2.917592227599,9.307589486304,
    2.595294117647));
#11936 = CARTESIAN_POINT('',(-2.966729655361,8.836418877935,
    2.595294117647));
#11937 = CARTESIAN_POINT('',(-2.964922126309,8.515763676613,
    2.595294117647));
#11938 = ORIENTED_EDGE('',*,*,#11939,.T.);
#11939 = EDGE_CURVE('',#11931,#11940,#11942,.T.);
#11940 = VERTEX_POINT('',#11941);
#11941 = CARTESIAN_POINT('',(-2.911482608342,8.045007298644,
    2.595294117647));
#11942 = B_SPLINE_CURVE_WITH_KNOTS('',3,(#11943,#11944,#11945,#11946),
  .UNSPECIFIED.,.F.,.F.,(4,4),(0.,1.),.PIECEWISE_BEZIER_KNOTS.);
#11943 = CARTESIAN_POINT('',(-2.964922126309,8.515763676613,
    2.595294117647));
#11944 = CARTESIAN_POINT('',(-2.962271659352,8.247356288484,
    2.595294117647));
#11945 = CARTESIAN_POINT('',(-2.925861033167,8.095119070446,
    2.595294117647));
#11946 = CARTESIAN_POINT('',(-2.911482608342,8.045007298644,
    2.595294117647));
#11947 = ORIENTED_EDGE('',*,*,#11948,.T.);
#11948 = EDGE_CURVE('',#11940,#11949,#11951,.T.);
#11949 = VERTEX_POINT('',#11950);
#11950 = CARTESIAN_POINT('',(-2.67241261356,7.381918266278,
    2.595294117647));
#11951 = LINE('',#11952,#11953);
#11952 = CARTESIAN_POINT('',(-2.911482608342,8.045007298644,
    2.595294117647));
#11953 = VECTOR('',#11954,1.);
#11954 = DIRECTION('',(0.339168982097,-0.940725465576,0.));
#11955 = ORIENTED_EDGE('',*,*,#11956,.T.);
#11956 = EDGE_CURVE('',#11949,#11957,#11959,.T.);
#11957 = VERTEX_POINT('',#11958);
#11958 = CARTESIAN_POINT('',(-2.933313582728,6.747652539131,
    2.595294117647));
#11959 = CIRCLE('',#11960,0.493105882353);
#11960 = AXIS2_PLACEMENT_3D('',#11961,#11962,#11963);
#11961 = CARTESIAN_POINT('',(-3.130569952474,7.199585427739,
    2.595294117647));
#11962 = DIRECTION('',(0.,0.,-1.));
#11963 = DIRECTION('',(0.929125681341,0.369764071094,0.));
#11964 = ORIENTED_EDGE('',*,*,#11965,.T.);
#11965 = EDGE_CURVE('',#11957,#11966,#11968,.T.);
#11966 = VERTEX_POINT('',#11967);
#11967 = CARTESIAN_POINT('',(-3.446636083363,6.500449451563,
    2.595294117647));
#11968 = CIRCLE('',#11969,7.357658823528);
#11969 = AXIS2_PLACEMENT_3D('',#11970,#11971,#11972);
#11970 = CARTESIAN_POINT('',(-5.2066E-13,1.07417E-12,2.595294117647));
#11971 = DIRECTION('',(0.,0.,1.));
#11972 = DIRECTION('',(-0.398674857463,0.917092338877,0.));
#11973 = ORIENTED_EDGE('',*,*,#11974,.T.);
#11974 = EDGE_CURVE('',#11966,#11975,#11977,.T.);
#11975 = VERTEX_POINT('',#11976);
#11976 = CARTESIAN_POINT('',(-4.105194090669,6.691927072605,
    2.595294117647));
#11977 = CIRCLE('',#11978,0.493105882353);
#11978 = AXIS2_PLACEMENT_3D('',#11979,#11980,#11981);
#11979 = CARTESIAN_POINT('',(-3.676984108752,6.936446238719,
    2.595294117647));
#11980 = DIRECTION('',(0.,-0.,-1.));
#11981 = DIRECTION('',(0.467137046286,-0.88418492409,0.));
#11982 = ORIENTED_EDGE('',*,*,#11983,.T.);
#11983 = EDGE_CURVE('',#11975,#11984,#11986,.T.);
#11984 = VERTEX_POINT('',#11985);
#11985 = CARTESIAN_POINT('',(-4.474560268175,7.292268770443,
    2.595294117647));
#11986 = LINE('',#11987,#11988);
#11987 = CARTESIAN_POINT('',(-4.105194090669,6.691927072605,
    2.595294117647));
#11988 = VECTOR('',#11989,1.);
#11989 = DIRECTION('',(-0.524020383903,0.851705722215,0.));
#11990 = ORIENTED_EDGE('',*,*,#11991,.T.);
#11991 = EDGE_CURVE('',#11984,#11992,#11994,.T.);
#11992 = VERTEX_POINT('',#11993);
#11993 = CARTESIAN_POINT('',(-4.809293430575,7.627561268822,
    2.595294117647));
#11994 = B_SPLINE_CURVE_WITH_KNOTS('',3,(#11995,#11996,#11997,#11998),
  .UNSPECIFIED.,.F.,.F.,(4,4),(0.,1.),.PIECEWISE_BEZIER_KNOTS.);
#11995 = CARTESIAN_POINT('',(-4.474560268175,7.292268770443,
    2.595294117647));
#11996 = CARTESIAN_POINT('',(-4.504774427767,7.334754454312,
    2.595294117647));
#11997 = CARTESIAN_POINT('',(-4.601096623526,7.45813978107,
    2.595294117647));
#11998 = CARTESIAN_POINT('',(-4.809293430575,7.627561268822,
    2.595294117647));
#11999 = ORIENTED_EDGE('',*,*,#12000,.T.);
#12000 = EDGE_CURVE('',#11992,#12001,#12003,.T.);
#12001 = VERTEX_POINT('',#12002);
#12002 = CARTESIAN_POINT('',(-6.057355205774,8.304362956903,
    2.595294117647));
#12003 = B_SPLINE_CURVE_WITH_KNOTS('',3,(#12004,#12005,#12006,#12007),
  .UNSPECIFIED.,.F.,.F.,(4,4),(0.,1.),.PIECEWISE_BEZIER_KNOTS.);
#12004 = CARTESIAN_POINT('',(-4.809293430575,7.627561268822,
    2.595294117647));
#12005 = CARTESIAN_POINT('',(-5.058864786055,7.828899699877,
    2.595294117647));
#12006 = CARTESIAN_POINT('',(-5.457877486391,8.084252581139,
    2.595294117647));
#12007 = CARTESIAN_POINT('',(-6.057355205774,8.304362956903,
    2.595294117647));
#12008 = ORIENTED_EDGE('',*,*,#12009,.T.);
#12009 = EDGE_CURVE('',#12001,#12010,#12012,.T.);
#12010 = VERTEX_POINT('',#12011);
#12011 = CARTESIAN_POINT('',(-6.747800943316,7.751864790301,
    2.595294117647));
#12012 = CIRCLE('',#12013,10.277364705884);
#12013 = AXIS2_PLACEMENT_3D('',#12014,#12015,#12016);
#12014 = CARTESIAN_POINT('',(1.269897291773E-02,1.107244194481E-02,
    2.595294117647));
#12015 = DIRECTION('',(0.,0.,1.));
#12016 = DIRECTION('',(-0.590623603658,0.806947184643,0.));
#12017 = ORIENTED_EDGE('',*,*,#12018,.T.);
#12018 = EDGE_CURVE('',#12010,#12019,#12021,.T.);
#12019 = VERTEX_POINT('',#12020);
#12020 = CARTESIAN_POINT('',(-6.36615391701,6.386006460687,
    2.595294117647));
#12021 = B_SPLINE_CURVE_WITH_KNOTS('',3,(#12022,#12023,#12024,#12025),
  .UNSPECIFIED.,.F.,.F.,(4,4),(0.,1.),.PIECEWISE_BEZIER_KNOTS.);
#12022 = CARTESIAN_POINT('',(-6.747800943316,7.751864790301,
    2.595294117647));
#12023 = CARTESIAN_POINT('',(-6.66707149479,7.119952537445,
    2.595294117647));
#12024 = CARTESIAN_POINT('',(-6.506909522131,6.674122556946,
    2.595294117647));
#12025 = CARTESIAN_POINT('',(-6.36615391701,6.386006460687,
    2.595294117647));
#12026 = ORIENTED_EDGE('',*,*,#12027,.T.);
#12027 = EDGE_CURVE('',#12019,#12028,#12030,.T.);
#12028 = VERTEX_POINT('',#12029);
#12029 = CARTESIAN_POINT('',(-6.113753037519,5.985056157643,
    2.595294117647));
#12030 = B_SPLINE_CURVE_WITH_KNOTS('',3,(#12031,#12032,#12033,#12034),
  .UNSPECIFIED.,.F.,.F.,(4,4),(0.,1.),.PIECEWISE_BEZIER_KNOTS.);
#12031 = CARTESIAN_POINT('',(-6.36615391701,6.386006460687,
    2.595294117647));
#12032 = CARTESIAN_POINT('',(-6.247308327628,6.145329754582,
    2.595294117647));
#12033 = CARTESIAN_POINT('',(-6.148450233579,6.023966739227,
    2.595294117647));
#12034 = CARTESIAN_POINT('',(-6.113753037519,5.985056157643,
    2.595294117647));
#12035 = ORIENTED_EDGE('',*,*,#12036,.T.);
#12036 = EDGE_CURVE('',#12028,#12037,#12039,.T.);
#12037 = VERTEX_POINT('',#12038);
#12038 = CARTESIAN_POINT('',(-5.61065486624,5.491362166081,
    2.595294117647));
#12039 = LINE('',#12040,#12041);
#12040 = CARTESIAN_POINT('',(-6.113753037519,5.985056157643,
    2.595294117647));
#12041 = VECTOR('',#12042,1.);
#12042 = DIRECTION('',(0.713746176315,-0.700404451582,0.));
#12043 = ORIENTED_EDGE('',*,*,#12044,.T.);
#12044 = EDGE_CURVE('',#12037,#12045,#12047,.T.);
#12045 = VERTEX_POINT('',#12046);
#12046 = CARTESIAN_POINT('',(-5.570520931778,4.806707803901,
    2.595294117647));
#12047 = CIRCLE('',#12048,0.493105882353);
#12048 = AXIS2_PLACEMENT_3D('',#12049,#12050,#12051);
#12049 = CARTESIAN_POINT('',(-5.944329111454,5.128298935648,
    2.595294117647));
#12050 = DIRECTION('',(0.,0.,-1.));
#12051 = DIRECTION('',(0.6766786955,0.736278441255,0.));
#12052 = ORIENTED_EDGE('',*,*,#12053,.T.);
#12053 = EDGE_CURVE('',#12045,#12054,#12056,.T.);
#12054 = VERTEX_POINT('',#12055);
#12055 = CARTESIAN_POINT('',(-5.925751124088,4.361263232004,
    2.595294117647));
#12056 = CIRCLE('',#12057,7.357658823529);
#12057 = AXIS2_PLACEMENT_3D('',#12058,#12059,#12060);
#12058 = CARTESIAN_POINT('',(-3.9302E-13,3.1349E-13,2.595294117647));
#12059 = DIRECTION('',(0.,0.,1.));
#12060 = DIRECTION('',(-0.757105088097,0.653293108472,0.));
#12061 = ORIENTED_EDGE('',*,*,#12062,.T.);
#12062 = EDGE_CURVE('',#12054,#12063,#12065,.T.);
#12063 = VERTEX_POINT('',#12064);
#12064 = CARTESIAN_POINT('',(-6.602170412554,4.248040996828,
    2.595294117647));
#12065 = CIRCLE('',#12066,0.493105882353);
#12066 = AXIS2_PLACEMENT_3D('',#12067,#12068,#12069);
#12067 = CARTESIAN_POINT('',(-6.32245944,4.654138501184,2.595294117647)
  );
#12068 = DIRECTION('',(0.,-0.,-1.));
#12069 = DIRECTION('',(0.804509396683,-0.593939921751,0.));
#12070 = ORIENTED_EDGE('',*,*,#12071,.T.);
#12071 = EDGE_CURVE('',#12063,#12072,#12074,.T.);
#12072 = VERTEX_POINT('',#12073);
#12073 = CARTESIAN_POINT('',(-7.195436339949,4.628668198484,
    2.595294117647));
#12074 = LINE('',#12075,#12076);
#12075 = CARTESIAN_POINT('',(-6.602170412554,4.248040996828,
    2.595294117647));
#12076 = VECTOR('',#12077,1.);
#12077 = DIRECTION('',(-0.841667315425,0.539996416789,0.));
#12078 = ORIENTED_EDGE('',*,*,#12079,.T.);
#12079 = EDGE_CURVE('',#12072,#12080,#12082,.T.);
#12080 = VERTEX_POINT('',#12081);
#12081 = CARTESIAN_POINT('',(-7.64249846122,4.785521025056,
    2.595294117647));
#12082 = B_SPLINE_CURVE_WITH_KNOTS('',3,(#12083,#12084,#12085,#12086),
  .UNSPECIFIED.,.F.,.F.,(4,4),(0.,1.),.PIECEWISE_BEZIER_KNOTS.);
#12083 = CARTESIAN_POINT('',(-7.195436339949,4.628668198484,
    2.595294117647));
#12084 = CARTESIAN_POINT('',(-7.241092204487,4.653837044443,
    2.595294117647));
#12085 = CARTESIAN_POINT('',(-7.38141039108,4.723210748152,
    2.595294117647));
#12086 = CARTESIAN_POINT('',(-7.64249846122,4.785521025056,
    2.595294117647));
#12087 = ORIENTED_EDGE('',*,*,#12088,.T.);
#12088 = EDGE_CURVE('',#12080,#12089,#12091,.T.);
#12089 = VERTEX_POINT('',#12090);
#12090 = CARTESIAN_POINT('',(-9.06061651296,4.853784566088,
    2.595294117647));
#12091 = B_SPLINE_CURVE_WITH_KNOTS('',3,(#12092,#12093,#12094,#12095),
  .UNSPECIFIED.,.F.,.F.,(4,4),(0.,1.),.PIECEWISE_BEZIER_KNOTS.);
#12092 = CARTESIAN_POINT('',(-7.64249846122,4.785521025056,
    2.595294117647));
#12093 = CARTESIAN_POINT('',(-7.954711954122,4.858635730456,
    2.595294117647));
#12094 = CARTESIAN_POINT('',(-8.425003437939,4.915575604426,
    2.595294117647));
#12095 = CARTESIAN_POINT('',(-9.06061651296,4.853784566088,
    2.595294117647));
#12096 = ORIENTED_EDGE('',*,*,#12097,.T.);
#12097 = EDGE_CURVE('',#12089,#12098,#12100,.T.);
#12098 = VERTEX_POINT('',#12099);
#12099 = CARTESIAN_POINT('',(-9.442966657079,4.056427740143,
    2.595294117647));
#12100 = CIRCLE('',#12101,10.277364705884);
#12101 = AXIS2_PLACEMENT_3D('',#12102,#12103,#12104);
#12102 = CARTESIAN_POINT('',(6.637226740383E-03,1.548580333675E-02,
    2.595294117647));
#12103 = DIRECTION('',(0.,0.,1.));
#12104 = DIRECTION('',(-0.882254741287,0.470772313838,0.));
#12105 = ORIENTED_EDGE('',*,*,#12106,.T.);
#12106 = EDGE_CURVE('',#12098,#12107,#12109,.T.);
#12107 = VERTEX_POINT('',#12108);
#12108 = CARTESIAN_POINT('',(-8.506490848693,2.991422345993,
    2.595294117647));
#12109 = B_SPLINE_CURVE_WITH_KNOTS('',3,(#12110,#12111,#12112,#12113),
  .UNSPECIFIED.,.F.,.F.,(4,4),(0.,1.),.PIECEWISE_BEZIER_KNOTS.);
#12110 = CARTESIAN_POINT('',(-9.442966657079,4.056427740143,
    2.595294117647));
#12111 = CARTESIAN_POINT('',(-9.096055486172,3.522121668057,
    2.595294117647));
#12112 = CARTESIAN_POINT('',(-8.758316156034,3.189934410811,
    2.595294117647));
#12113 = CARTESIAN_POINT('',(-8.506490848693,2.991422345993,
    2.595294117647));
#12114 = ORIENTED_EDGE('',*,*,#12115,.T.);
#12115 = EDGE_CURVE('',#12107,#12116,#12118,.T.);
#12116 = VERTEX_POINT('',#12117);
#12117 = CARTESIAN_POINT('',(-8.105119697355,2.739691242724,
    2.595294117647));
#12118 = B_SPLINE_CURVE_WITH_KNOTS('',3,(#12119,#12120,#12121,#12122),
  .UNSPECIFIED.,.F.,.F.,(4,4),(0.,1.),.PIECEWISE_BEZIER_KNOTS.);
#12119 = CARTESIAN_POINT('',(-8.506490848693,2.991422345993,
    2.595294117647));
#12120 = CARTESIAN_POINT('',(-8.294988963409,2.826145295261,
    2.595294117647));
#12121 = CARTESIAN_POINT('',(-8.153263459438,2.759693916199,
    2.595294117647));
#12122 = CARTESIAN_POINT('',(-8.105119697355,2.739691242724,
    2.595294117647));
#12123 = ORIENTED_EDGE('',*,*,#12124,.T.);
#12124 = EDGE_CURVE('',#12116,#12125,#12127,.T.);
#12125 = VERTEX_POINT('',#12126);
#12126 = CARTESIAN_POINT('',(-7.437638112495,2.513174441754,
    2.595294117647));
#12127 = LINE('',#12128,#12129);
#12128 = CARTESIAN_POINT('',(-8.105119697355,2.739691242724,
    2.595294117647));
#12129 = VECTOR('',#12130,1.);
#12130 = DIRECTION('',(0.946957186791,-0.321359746056,0.));
#12131 = ORIENTED_EDGE('',*,*,#12132,.T.);
#12132 = EDGE_CURVE('',#12125,#12133,#12135,.T.);
#12133 = VERTEX_POINT('',#12134);
#12134 = CARTESIAN_POINT('',(-7.104418292333,1.913735637706,
    2.595294117647));
#12135 = CIRCLE('',#12136,0.493105882353);
#12136 = AXIS2_PLACEMENT_3D('',#12137,#12138,#12139);
#12137 = CARTESIAN_POINT('',(-7.580740987498,2.041289944893,
    2.595294117647));
#12138 = DIRECTION('',(0.,0.,-1.));
#12139 = DIRECTION('',(0.290207195095,0.956963836263,0.));
#12140 = ORIENTED_EDGE('',*,*,#12141,.T.);
#12141 = EDGE_CURVE('',#12133,#12142,#12144,.T.);
#12142 = VERTEX_POINT('',#12143);
#12143 = CARTESIAN_POINT('',(-7.231198480119,1.358275341964,
    2.595294117647));
#12144 = CIRCLE('',#12145,7.357658823528);
#12145 = AXIS2_PLACEMENT_3D('',#12146,#12147,#12148);
#12146 = CARTESIAN_POINT('',(-1.84983E-12,4.3869E-13,2.595294117647));
#12147 = DIRECTION('',(0.,0.,1.));
#12148 = DIRECTION('',(-0.96558137075,0.26010116582,0.));
#12149 = ORIENTED_EDGE('',*,*,#12150,.T.);
#12150 = EDGE_CURVE('',#12142,#12151,#12153,.T.);
#12151 = VERTEX_POINT('',#12152);
#12152 = CARTESIAN_POINT('',(-7.791505913926,0.962778302825,
    2.595294117647));
#12153 = CIRCLE('',#12154,0.493105882353);
#12154 = AXIS2_PLACEMENT_3D('',#12155,#12156,#12157);
#12155 = CARTESIAN_POINT('',(-7.715694139281,1.450021554226,
    2.595294117647));
#12156 = DIRECTION('',(0.,0.,-1.));
#12157 = DIRECTION('',(0.982538794406,-0.186057833714,0.));
#12158 = ORIENTED_EDGE('',*,*,#12159,.T.);
#12159 = EDGE_CURVE('',#12151,#12160,#12162,.T.);
#12160 = VERTEX_POINT('',#12161);
#12161 = CARTESIAN_POINT('',(-8.49116799836,1.048303122925,
    2.595294117647));
#12162 = LINE('',#12163,#12164);
#12163 = CARTESIAN_POINT('',(-7.791505913926,0.962778302825,
    2.595294117647));
#12164 = VECTOR('',#12165,1.);
#12165 = DIRECTION('',(-0.992611712756,0.121334198396,0.));
#12166 = ORIENTED_EDGE('',*,*,#12167,.T.);
#12167 = EDGE_CURVE('',#12160,#12168,#12170,.T.);
#12168 = VERTEX_POINT('',#12169);
#12169 = CARTESIAN_POINT('',(-8.962012942528,0.995649651713,
    2.595294117647));
#12170 = B_SPLINE_CURVE_WITH_KNOTS('',3,(#12171,#12172,#12173,#12174),
  .UNSPECIFIED.,.F.,.F.,(4,4),(0.,1.),.PIECEWISE_BEZIER_KNOTS.);
#12171 = CARTESIAN_POINT('',(-8.49116799836,1.048303122925,
    2.595294117647));
#12172 = CARTESIAN_POINT('',(-8.54322286394,1.051170132356,
    2.595294117647));
#12173 = CARTESIAN_POINT('',(-8.699745303623,1.052791900184,
    2.595294117647));
#12174 = CARTESIAN_POINT('',(-8.962012942528,0.995649651713,
    2.595294117647));
#12175 = ORIENTED_EDGE('',*,*,#12176,.T.);
#12176 = EDGE_CURVE('',#12168,#12177,#12179,.T.);
#12177 = VERTEX_POINT('',#12178);
#12178 = CARTESIAN_POINT('',(-10.26931159858,0.441854614197,
    2.595294117647));
#12179 = B_SPLINE_CURVE_WITH_KNOTS('',3,(#12180,#12181,#12182,#12183),
  .UNSPECIFIED.,.F.,.F.,(4,4),(0.,1.),.PIECEWISE_BEZIER_KNOTS.);
#12180 = CARTESIAN_POINT('',(-8.962012942528,0.995649651713,
    2.595294117647));
#12181 = CARTESIAN_POINT('',(-9.275030861536,0.926059367362,
    2.595294117647));
#12182 = CARTESIAN_POINT('',(-9.723454132717,0.773308593677,
    2.595294117647));
#12183 = CARTESIAN_POINT('',(-10.26931159858,0.441854614197,
    2.595294117647));
#12184 = ORIENTED_EDGE('',*,*,#12185,.T.);
#12185 = EDGE_CURVE('',#12177,#12186,#12188,.T.);
#12186 = VERTEX_POINT('',#12187);
#12187 = CARTESIAN_POINT('',(-10.26783701402,-0.442434572771,
    2.595294117647));
#12188 = CIRCLE('',#12189,10.277364705883);
#12189 = AXIS2_PLACEMENT_3D('',#12190,#12191,#12192);
#12190 = CARTESIAN_POINT('',(-7.391035936635E-04,1.683201145636E-02,
    2.595294117647));
#12191 = DIRECTION('',(0.,0.,1.));
#12192 = DIRECTION('',(-0.99914450726,4.135521263513E-02,0.));
#12193 = ORIENTED_EDGE('',*,*,#12194,.T.);
#12194 = EDGE_CURVE('',#12186,#12195,#12197,.T.);
#12195 = VERTEX_POINT('',#12196);
#12196 = CARTESIAN_POINT('',(-8.962012942528,-0.995649651713,
    2.595294117647));
#12197 = B_SPLINE_CURVE_WITH_KNOTS('',3,(#12198,#12199,#12200,#12201),
  .UNSPECIFIED.,.F.,.F.,(4,4),(0.,1.),.PIECEWISE_BEZIER_KNOTS.);
#12198 = CARTESIAN_POINT('',(-10.26783701402,-0.442434572771,
    2.595294117647));
#12199 = CARTESIAN_POINT('',(-9.723454132717,-0.773308593677,
    2.595294117647));
#12200 = CARTESIAN_POINT('',(-9.275030861536,-0.926059367362,
    2.595294117647));
#12201 = CARTESIAN_POINT('',(-8.962012942528,-0.995649651713,
    2.595294117647));
#12202 = ORIENTED_EDGE('',*,*,#12203,.T.);
#12203 = EDGE_CURVE('',#12195,#12204,#12206,.T.);
#12204 = VERTEX_POINT('',#12205);
#12205 = CARTESIAN_POINT('',(-8.49116799836,-1.048303122925,
    2.595294117647));
#12206 = B_SPLINE_CURVE_WITH_KNOTS('',3,(#12207,#12208,#12209,#12210),
  .UNSPECIFIED.,.F.,.F.,(4,4),(0.,1.),.PIECEWISE_BEZIER_KNOTS.);
#12207 = CARTESIAN_POINT('',(-8.962012942528,-0.995649651713,
    2.595294117647));
#12208 = CARTESIAN_POINT('',(-8.699745303623,-1.052791900184,
    2.595294117647));
#12209 = CARTESIAN_POINT('',(-8.54322286394,-1.051170132356,
    2.595294117647));
#12210 = CARTESIAN_POINT('',(-8.49116799836,-1.048303122925,
    2.595294117647));
#12211 = ORIENTED_EDGE('',*,*,#12212,.T.);
#12212 = EDGE_CURVE('',#12204,#12213,#12215,.T.);
#12213 = VERTEX_POINT('',#12214);
#12214 = CARTESIAN_POINT('',(-7.791505913926,-0.962778302825,
    2.595294117647));
#12215 = LINE('',#12216,#12217);
#12216 = CARTESIAN_POINT('',(-8.49116799836,-1.048303122925,
    2.595294117647));
#12217 = VECTOR('',#12218,1.);
#12218 = DIRECTION('',(0.992611712756,0.121334198396,0.));
#12219 = ORIENTED_EDGE('',*,*,#12220,.T.);
#12220 = EDGE_CURVE('',#12213,#12221,#12223,.T.);
#12221 = VERTEX_POINT('',#12222);
#12222 = CARTESIAN_POINT('',(-7.231198480119,-1.358275341964,
    2.595294117647));
#12223 = CIRCLE('',#12224,0.493105882353);
#12224 = AXIS2_PLACEMENT_3D('',#12225,#12226,#12227);
#12225 = CARTESIAN_POINT('',(-7.715694139281,-1.450021554226,
    2.595294117647));
#12226 = DIRECTION('',(0.,0.,-1.));
#12227 = DIRECTION('',(-0.153743399457,0.988110807108,0.));
#12228 = ORIENTED_EDGE('',*,*,#12229,.T.);
#12229 = EDGE_CURVE('',#12221,#12230,#12232,.T.);
#12230 = VERTEX_POINT('',#12231);
#12231 = CARTESIAN_POINT('',(-7.104418292333,-1.913735637706,
    2.595294117647));
#12232 = CIRCLE('',#12233,7.357658823531);
#12233 = AXIS2_PLACEMENT_3D('',#12234,#12235,#12236);
#12234 = CARTESIAN_POINT('',(1.13353E-12,2.5817E-13,2.595294117647));
#12235 = DIRECTION('',(0.,0.,1.));
#12236 = DIRECTION('',(-0.982812420847,-0.184607002654,0.));
#12237 = ORIENTED_EDGE('',*,*,#12238,.T.);
#12238 = EDGE_CURVE('',#12230,#12239,#12241,.T.);
#12239 = VERTEX_POINT('',#12240);
#12240 = CARTESIAN_POINT('',(-7.437638112495,-2.513174441754,
    2.595294117647));
#12241 = CIRCLE('',#12242,0.493105882353);
#12242 = AXIS2_PLACEMENT_3D('',#12243,#12244,#12245);
#12243 = CARTESIAN_POINT('',(-7.580740987498,-2.041289944893,
    2.595294117647));
#12244 = DIRECTION('',(0.,0.,-1.));
#12245 = DIRECTION('',(0.96596433385,0.25867529014,0.));
#12246 = ORIENTED_EDGE('',*,*,#12247,.T.);
#12247 = EDGE_CURVE('',#12239,#12248,#12250,.T.);
#12248 = VERTEX_POINT('',#12249);
#12249 = CARTESIAN_POINT('',(-8.105119697355,-2.739691242724,
    2.595294117647));
#12250 = LINE('',#12251,#12252);
#12251 = CARTESIAN_POINT('',(-7.437638112495,-2.513174441754,
    2.595294117647));
#12252 = VECTOR('',#12253,1.);
#12253 = DIRECTION('',(-0.946957186791,-0.321359746056,0.));
#12254 = ORIENTED_EDGE('',*,*,#12255,.T.);
#12255 = EDGE_CURVE('',#12248,#12256,#12258,.T.);
#12256 = VERTEX_POINT('',#12257);
#12257 = CARTESIAN_POINT('',(-8.506490848693,-2.991422345993,
    2.595294117647));
#12258 = B_SPLINE_CURVE_WITH_KNOTS('',3,(#12259,#12260,#12261,#12262),
  .UNSPECIFIED.,.F.,.F.,(4,4),(0.,1.),.PIECEWISE_BEZIER_KNOTS.);
#12259 = CARTESIAN_POINT('',(-8.105119697355,-2.739691242724,
    2.595294117647));
#12260 = CARTESIAN_POINT('',(-8.153263459438,-2.759693916199,
    2.595294117647));
#12261 = CARTESIAN_POINT('',(-8.294988963409,-2.826145295261,
    2.595294117647));
#12262 = CARTESIAN_POINT('',(-8.506490848693,-2.991422345993,
    2.595294117647));
#12263 = ORIENTED_EDGE('',*,*,#12264,.T.);
#12264 = EDGE_CURVE('',#12256,#12265,#12267,.T.);
#12265 = VERTEX_POINT('',#12266);
#12266 = CARTESIAN_POINT('',(-9.444043577268,-4.057590063027,
    2.595294117647));
#12267 = B_SPLINE_CURVE_WITH_KNOTS('',3,(#12268,#12269,#12270,#12271),
  .UNSPECIFIED.,.F.,.F.,(4,4),(0.,1.),.PIECEWISE_BEZIER_KNOTS.);
#12268 = CARTESIAN_POINT('',(-8.506490848693,-2.991422345993,
    2.595294117647));
#12269 = CARTESIAN_POINT('',(-8.758316156034,-3.189934410811,
    2.595294117647));
#12270 = CARTESIAN_POINT('',(-9.096055486172,-3.522121668057,
    2.595294117647));
#12271 = CARTESIAN_POINT('',(-9.444043577268,-4.057590063027,
    2.595294117647));
#12272 = ORIENTED_EDGE('',*,*,#12273,.T.);
#12273 = EDGE_CURVE('',#12265,#12274,#12276,.T.);
#12274 = VERTEX_POINT('',#12275);
#12275 = CARTESIAN_POINT('',(-9.059036323582,-4.853667292444,
    2.595294117647));
#12276 = CIRCLE('',#12277,10.277364705884);
#12277 = AXIS2_PLACEMENT_3D('',#12278,#12279,#12280);
#12278 = CARTESIAN_POINT('',(-7.969045394155E-03,1.484443327624E-02,
    2.595294117647));
#12279 = DIRECTION('',(0.,0.,1.));
#12280 = DIRECTION('',(-0.918141449867,-0.396252795619,0.));
#12281 = ORIENTED_EDGE('',*,*,#12282,.T.);
#12282 = EDGE_CURVE('',#12274,#12283,#12285,.T.);
#12283 = VERTEX_POINT('',#12284);
#12284 = CARTESIAN_POINT('',(-7.64249846122,-4.785521025056,
    2.595294117647));
#12285 = B_SPLINE_CURVE_WITH_KNOTS('',3,(#12286,#12287,#12288,#12289),
  .UNSPECIFIED.,.F.,.F.,(4,4),(0.,1.),.PIECEWISE_BEZIER_KNOTS.);
#12286 = CARTESIAN_POINT('',(-9.059036323582,-4.853667292444,
    2.595294117647));
#12287 = CARTESIAN_POINT('',(-8.425003437939,-4.915575604426,
    2.595294117647));
#12288 = CARTESIAN_POINT('',(-7.954711954122,-4.858635730456,
    2.595294117647));
#12289 = CARTESIAN_POINT('',(-7.64249846122,-4.785521025056,
    2.595294117647));
#12290 = ORIENTED_EDGE('',*,*,#12291,.T.);
#12291 = EDGE_CURVE('',#12283,#12292,#12294,.T.);
#12292 = VERTEX_POINT('',#12293);
#12293 = CARTESIAN_POINT('',(-7.195436339949,-4.628668198484,
    2.595294117647));
#12294 = B_SPLINE_CURVE_WITH_KNOTS('',3,(#12295,#12296,#12297,#12298),
  .UNSPECIFIED.,.F.,.F.,(4,4),(0.,1.),.PIECEWISE_BEZIER_KNOTS.);
#12295 = CARTESIAN_POINT('',(-7.64249846122,-4.785521025056,
    2.595294117647));
#12296 = CARTESIAN_POINT('',(-7.38141039108,-4.723210748152,
    2.595294117647));
#12297 = CARTESIAN_POINT('',(-7.241092204487,-4.653837044443,
    2.595294117647));
#12298 = CARTESIAN_POINT('',(-7.195436339949,-4.628668198484,
    2.595294117647));
#12299 = ORIENTED_EDGE('',*,*,#12300,.T.);
#12300 = EDGE_CURVE('',#12292,#12301,#12303,.T.);
#12301 = VERTEX_POINT('',#12302);
#12302 = CARTESIAN_POINT('',(-6.602170412554,-4.248040996828,
    2.595294117647));
#12303 = LINE('',#12304,#12305);
#12304 = CARTESIAN_POINT('',(-7.195436339949,-4.628668198484,
    2.595294117647));
#12305 = VECTOR('',#12306,1.);
#12306 = DIRECTION('',(0.841667315425,0.539996416789,0.));
#12307 = ORIENTED_EDGE('',*,*,#12308,.T.);
#12308 = EDGE_CURVE('',#12301,#12309,#12311,.T.);
#12309 = VERTEX_POINT('',#12310);
#12310 = CARTESIAN_POINT('',(-5.925751124088,-4.361263232004,
    2.595294117647));
#12311 = CIRCLE('',#12312,0.493105882353);
#12312 = AXIS2_PLACEMENT_3D('',#12313,#12314,#12315);
#12313 = CARTESIAN_POINT('',(-6.32245944,-4.654138501184,2.595294117647)
  );
#12314 = DIRECTION('',(0.,0.,-1.));
#12315 = DIRECTION('',(-0.567243228206,0.823550314221,0.));
#12316 = ORIENTED_EDGE('',*,*,#12317,.T.);
#12317 = EDGE_CURVE('',#12309,#12318,#12320,.T.);
#12318 = VERTEX_POINT('',#12319);
#12319 = CARTESIAN_POINT('',(-5.570520931778,-4.806707803901,
    2.595294117647));
#12320 = CIRCLE('',#12321,7.357658823528);
#12321 = AXIS2_PLACEMENT_3D('',#12322,#12323,#12324);
#12322 = CARTESIAN_POINT('',(-7.4051E-13,-5.8866E-13,2.595294117647));
#12323 = DIRECTION('',(0.,0.,1.));
#12324 = DIRECTION('',(-0.805385417592,-0.592751490196,0.));
#12325 = ORIENTED_EDGE('',*,*,#12326,.T.);
#12326 = EDGE_CURVE('',#12318,#12327,#12329,.T.);
#12327 = VERTEX_POINT('',#12328);
#12328 = CARTESIAN_POINT('',(-5.61065486624,-5.491362166081,
    2.595294117647));
#12329 = CIRCLE('',#12330,0.493105882353);
#12330 = AXIS2_PLACEMENT_3D('',#12331,#12332,#12333);
#12331 = CARTESIAN_POINT('',(-5.944329111454,-5.128298935648,
    2.595294117647));
#12332 = DIRECTION('',(0.,0.,-1.));
#12333 = DIRECTION('',(0.7580687902,0.652174600337,0.));
#12334 = ORIENTED_EDGE('',*,*,#12335,.T.);
#12335 = EDGE_CURVE('',#12327,#12336,#12338,.T.);
#12336 = VERTEX_POINT('',#12337);
#12337 = CARTESIAN_POINT('',(-6.113753037519,-5.985056157643,
    2.595294117647));
#12338 = LINE('',#12339,#12340);
#12339 = CARTESIAN_POINT('',(-5.61065486624,-5.491362166081,
    2.595294117647));
#12340 = VECTOR('',#12341,1.);
#12341 = DIRECTION('',(-0.713746176315,-0.700404451582,0.));
#12342 = ORIENTED_EDGE('',*,*,#12343,.T.);
#12343 = EDGE_CURVE('',#12336,#12344,#12346,.T.);
#12344 = VERTEX_POINT('',#12345);
#12345 = CARTESIAN_POINT('',(-6.36615391701,-6.386006460687,
    2.595294117647));
#12346 = B_SPLINE_CURVE_WITH_KNOTS('',3,(#12347,#12348,#12349,#12350),
  .UNSPECIFIED.,.F.,.F.,(4,4),(0.,1.),.PIECEWISE_BEZIER_KNOTS.);
#12347 = CARTESIAN_POINT('',(-6.113753037519,-5.985056157643,
    2.595294117647));
#12348 = CARTESIAN_POINT('',(-6.148450233579,-6.023966739227,
    2.595294117647));
#12349 = CARTESIAN_POINT('',(-6.247308327628,-6.145329754582,
    2.595294117647));
#12350 = CARTESIAN_POINT('',(-6.36615391701,-6.386006460687,
    2.595294117647));
#12351 = ORIENTED_EDGE('',*,*,#12352,.T.);
#12352 = EDGE_CURVE('',#12344,#12353,#12355,.T.);
#12353 = VERTEX_POINT('',#12354);
#12354 = CARTESIAN_POINT('',(-6.74826690188,-7.753379265191,
    2.595294117647));
#12355 = B_SPLINE_CURVE_WITH_KNOTS('',3,(#12356,#12357,#12358,#12359),
  .UNSPECIFIED.,.F.,.F.,(4,4),(0.,1.),.PIECEWISE_BEZIER_KNOTS.);
#12356 = CARTESIAN_POINT('',(-6.36615391701,-6.386006460687,
    2.595294117647));
#12357 = CARTESIAN_POINT('',(-6.506909522131,-6.674122556946,
    2.595294117647));
#12358 = CARTESIAN_POINT('',(-6.66707149479,-7.119952537445,
    2.595294117647));
#12359 = CARTESIAN_POINT('',(-6.74826690188,-7.753379265191,
    2.595294117647));
#12360 = ORIENTED_EDGE('',*,*,#12361,.T.);
#12361 = EDGE_CURVE('',#12353,#12362,#12364,.T.);
#12362 = VERTEX_POINT('',#12363);
#12363 = CARTESIAN_POINT('',(-6.055982387466,-8.303571678526,
    2.595294117647));
#12364 = CIRCLE('',#12365,10.277364705879);
#12365 = AXIS2_PLACEMENT_3D('',#12366,#12367,#12368);
#12366 = CARTESIAN_POINT('',(-1.36206200251E-02,9.916733026859E-03,
    2.595294117647));
#12367 = DIRECTION('',(0.,0.,1.));
#12368 = DIRECTION('',(-0.655289218062,-0.755378077979,0.));
#12369 = ORIENTED_EDGE('',*,*,#12370,.T.);
#12370 = EDGE_CURVE('',#12362,#12371,#12373,.T.);
#12371 = VERTEX_POINT('',#12372);
#12372 = CARTESIAN_POINT('',(-4.809293430575,-7.627561268822,
    2.595294117647));
#12373 = B_SPLINE_CURVE_WITH_KNOTS('',3,(#12374,#12375,#12376,#12377),
  .UNSPECIFIED.,.F.,.F.,(4,4),(0.,1.),.PIECEWISE_BEZIER_KNOTS.);
#12374 = CARTESIAN_POINT('',(-6.055982387466,-8.303571678526,
    2.595294117647));
#12375 = CARTESIAN_POINT('',(-5.457877486391,-8.084252581139,
    2.595294117647));
#12376 = CARTESIAN_POINT('',(-5.058864786055,-7.828899699877,
    2.595294117647));
#12377 = CARTESIAN_POINT('',(-4.809293430575,-7.627561268822,
    2.595294117647));
#12378 = ORIENTED_EDGE('',*,*,#12379,.T.);
#12379 = EDGE_CURVE('',#12371,#12380,#12382,.T.);
#12380 = VERTEX_POINT('',#12381);
#12381 = CARTESIAN_POINT('',(-4.474560268175,-7.292268770443,
    2.595294117647));
#12382 = B_SPLINE_CURVE_WITH_KNOTS('',3,(#12383,#12384,#12385,#12386),
  .UNSPECIFIED.,.F.,.F.,(4,4),(0.,1.),.PIECEWISE_BEZIER_KNOTS.);
#12383 = CARTESIAN_POINT('',(-4.809293430575,-7.627561268822,
    2.595294117647));
#12384 = CARTESIAN_POINT('',(-4.601096623526,-7.45813978107,
    2.595294117647));
#12385 = CARTESIAN_POINT('',(-4.504774427767,-7.334754454312,
    2.595294117647));
#12386 = CARTESIAN_POINT('',(-4.474560268175,-7.292268770443,
    2.595294117647));
#12387 = ORIENTED_EDGE('',*,*,#12388,.T.);
#12388 = EDGE_CURVE('',#12380,#12389,#12391,.T.);
#12389 = VERTEX_POINT('',#12390);
#12390 = CARTESIAN_POINT('',(-4.105194090669,-6.691927072605,
    2.595294117647));
#12391 = LINE('',#12392,#12393);
#12392 = CARTESIAN_POINT('',(-4.474560268175,-7.292268770443,
    2.595294117647));
#12393 = VECTOR('',#12394,1.);
#12394 = DIRECTION('',(0.524020383903,0.851705722215,0.));
#12395 = ORIENTED_EDGE('',*,*,#12396,.T.);
#12396 = EDGE_CURVE('',#12389,#12397,#12399,.T.);
#12397 = VERTEX_POINT('',#12398);
#12398 = CARTESIAN_POINT('',(-3.446636083363,-6.500449451563,
    2.595294117647));
#12399 = CIRCLE('',#12400,0.493105882353);
#12400 = AXIS2_PLACEMENT_3D('',#12401,#12402,#12403);
#12401 = CARTESIAN_POINT('',(-3.676984108752,-6.936446238719,
    2.595294117647));
#12402 = DIRECTION('',(0.,0.,-1.));
#12403 = DIRECTION('',(-0.868393578828,0.495875581421,0.));
#12404 = ORIENTED_EDGE('',*,*,#12405,.T.);
#12405 = EDGE_CURVE('',#12397,#12406,#12408,.T.);
#12406 = VERTEX_POINT('',#12407);
#12407 = CARTESIAN_POINT('',(-2.933313582728,-6.747652539131,
    2.595294117647));
#12408 = CIRCLE('',#12409,7.35765882353);
#12409 = AXIS2_PLACEMENT_3D('',#12410,#12411,#12412);
#12410 = CARTESIAN_POINT('',(8.644E-14,1.8383E-13,2.595294117647));
#12411 = DIRECTION('',(0.,0.,1.));
#12412 = DIRECTION('',(-0.468441954979,-0.883494275485,0.));
#12413 = ORIENTED_EDGE('',*,*,#12414,.T.);
#12414 = EDGE_CURVE('',#12406,#12415,#12417,.T.);
#12415 = VERTEX_POINT('',#12416);
#12416 = CARTESIAN_POINT('',(-2.67241261356,-7.381918266278,
    2.595294117647));
#12417 = CIRCLE('',#12418,0.493105882353);
#12418 = AXIS2_PLACEMENT_3D('',#12419,#12420,#12421);
#12419 = CARTESIAN_POINT('',(-3.130569952474,-7.199585427739,
    2.595294117647));
#12420 = DIRECTION('',(0.,0.,-1.));
#12421 = DIRECTION('',(0.400028425547,0.91650273254,0.));
#12422 = ORIENTED_EDGE('',*,*,#12423,.T.);
#12423 = EDGE_CURVE('',#12415,#12424,#12426,.T.);
#12424 = VERTEX_POINT('',#12425);
#12425 = CARTESIAN_POINT('',(-2.911482608342,-8.045007298644,
    2.595294117647));
#12426 = LINE('',#12427,#12428);
#12427 = CARTESIAN_POINT('',(-2.67241261356,-7.381918266278,
    2.595294117647));
#12428 = VECTOR('',#12429,1.);
#12429 = DIRECTION('',(-0.339168982097,-0.940725465576,0.));
#12430 = ORIENTED_EDGE('',*,*,#12431,.T.);
#12431 = EDGE_CURVE('',#12424,#12432,#12434,.T.);
#12432 = VERTEX_POINT('',#12433);
#12433 = CARTESIAN_POINT('',(-2.964922126309,-8.515763676613,
    2.595294117647));
#12434 = B_SPLINE_CURVE_WITH_KNOTS('',3,(#12435,#12436,#12437,#12438),
  .UNSPECIFIED.,.F.,.F.,(4,4),(0.,1.),.PIECEWISE_BEZIER_KNOTS.);
#12435 = CARTESIAN_POINT('',(-2.911482608342,-8.045007298644,
    2.595294117647));
#12436 = CARTESIAN_POINT('',(-2.925861033167,-8.095119070446,
    2.595294117647));
#12437 = CARTESIAN_POINT('',(-2.962271659352,-8.247356288484,
    2.595294117647));
#12438 = CARTESIAN_POINT('',(-2.964922126309,-8.515763676613,
    2.595294117647));
#12439 = ORIENTED_EDGE('',*,*,#12440,.T.);
#12440 = EDGE_CURVE('',#12432,#12441,#12443,.T.);
#12441 = VERTEX_POINT('',#12442);
#12442 = CARTESIAN_POINT('',(-2.715913204512,-9.913516614929,
    2.595294117647));
#12443 = B_SPLINE_CURVE_WITH_KNOTS('',3,(#12444,#12445,#12446,#12447),
  .UNSPECIFIED.,.F.,.F.,(4,4),(0.,1.),.PIECEWISE_BEZIER_KNOTS.);
#12444 = CARTESIAN_POINT('',(-2.964922126309,-8.515763676613,
    2.595294117647));
#12445 = CARTESIAN_POINT('',(-2.966729655361,-8.836418877935,
    2.595294117647));
#12446 = CARTESIAN_POINT('',(-2.917592227599,-9.307589486304,
    2.595294117647));
#12447 = CARTESIAN_POINT('',(-2.715913204512,-9.913516614929,
    2.595294117647));
#12448 = ORIENTED_EDGE('',*,*,#12449,.T.);
#12449 = EDGE_CURVE('',#12441,#12450,#12452,.T.);
#12450 = VERTEX_POINT('',#12451);
#12451 = CARTESIAN_POINT('',(-1.853466867763,-10.10885185705,
    2.595294117647));
#12452 = CIRCLE('',#12453,10.277364705884);
#12453 = AXIS2_PLACEMENT_3D('',#12454,#12455,#12456);
#12454 = CARTESIAN_POINT('',(-1.657446380869E-02,3.02490218716E-03,
    2.595294117647));
#12455 = DIRECTION('',(0.,0.,1.));
#12456 = DIRECTION('',(-0.262648920025,-0.964891467891,0.));
#12457 = ORIENTED_EDGE('',*,*,#12458,.T.);
#12458 = EDGE_CURVE('',#12450,#12459,#12461,.T.);
#12459 = VERTEX_POINT('',#12460);
#12460 = CARTESIAN_POINT('',(-1.023548853891,-8.958869457398,
    2.595294117647));
#12461 = B_SPLINE_CURVE_WITH_KNOTS('',3,(#12462,#12463,#12464,#12465),
  .UNSPECIFIED.,.F.,.F.,(4,4),(0.,1.),.PIECEWISE_BEZIER_KNOTS.);
#12462 = CARTESIAN_POINT('',(-1.853466867763,-10.10885185705,
    2.595294117647));
#12463 = CARTESIAN_POINT('',(-1.409751962188,-9.651744187307,
    2.595294117647));
#12464 = CARTESIAN_POINT('',(-1.161047404204,-9.248554068584,
    2.595294117647));
#12465 = CARTESIAN_POINT('',(-1.023548853891,-8.958869457398,
    2.595294117647));
#12466 = ORIENTED_EDGE('',*,*,#12467,.T.);
#12467 = EDGE_CURVE('',#12459,#12468,#12470,.T.);
#12468 = VERTEX_POINT('',#12469);
#12469 = CARTESIAN_POINT('',(-0.867442658408,-8.511546078609,
    2.595294117647));
#12470 = B_SPLINE_CURVE_WITH_KNOTS('',3,(#12471,#12472,#12473,#12474),
  .UNSPECIFIED.,.F.,.F.,(4,4),(0.,1.),.PIECEWISE_BEZIER_KNOTS.);
#12471 = CARTESIAN_POINT('',(-1.023548853891,-8.958869457398,
    2.595294117647));
#12472 = CARTESIAN_POINT('',(-0.909479240936,-8.715892762265,
    2.595294117647));
#12473 = CARTESIAN_POINT('',(-0.876230828195,-8.562933789644,
    2.595294117647));
#12474 = CARTESIAN_POINT('',(-0.867442658408,-8.511546078609,
    2.595294117647));
#12475 = ORIENTED_EDGE('',*,*,#12476,.T.);
#12476 = EDGE_CURVE('',#12468,#12477,#12479,.T.);
#12477 = VERTEX_POINT('',#12478);
#12478 = CARTESIAN_POINT('',(-0.795133732226,-7.810394920553,
    2.595294117647));
#12479 = LINE('',#12480,#12481);
#12480 = CARTESIAN_POINT('',(-0.867442658408,-8.511546078609,
    2.595294117647));
#12481 = VECTOR('',#12482,1.);
#12482 = DIRECTION('',(0.10258478866,0.994724263872,0.));
#12483 = ORIENTED_EDGE('',*,*,#12484,.T.);
#12484 = EDGE_CURVE('',#12477,#12485,#12487,.T.);
#12485 = VERTEX_POINT('',#12486);
#12486 = CARTESIAN_POINT('',(-0.284872496111,-7.352141934458,
    2.595294117647));
#12487 = CIRCLE('',#12488,0.493105882353);
#12488 = AXIS2_PLACEMENT_3D('',#12489,#12490,#12491);
#12489 = CARTESIAN_POINT('',(-0.303236979514,-7.844905728746,
    2.595294117647));
#12490 = DIRECTION('',(0.,0.,-1.));
#12491 = DIRECTION('',(-0.997547931015,6.9986608206E-02,0.));
#12492 = ORIENTED_EDGE('',*,*,#12493,.T.);
#12493 = EDGE_CURVE('',#12485,#12494,#12496,.T.);
#12494 = VERTEX_POINT('',#12495);
#12495 = CARTESIAN_POINT('',(0.284872496111,-7.352141934458,
    2.595294117647));
#12496 = CIRCLE('',#12497,7.357658823529);
#12497 = AXIS2_PLACEMENT_3D('',#12498,#12499,#12500);
#12498 = CARTESIAN_POINT('',(-1.619E-14,-4.178E-13,2.595294117647));
#12499 = DIRECTION('',(0.,0.,1.));
#12500 = DIRECTION('',(-3.871781811894E-02,-0.999250184168,0.));
#12501 = ORIENTED_EDGE('',*,*,#12502,.T.);
#12502 = EDGE_CURVE('',#12494,#12503,#12505,.T.);
#12503 = VERTEX_POINT('',#12504);
#12504 = CARTESIAN_POINT('',(0.795133732226,-7.810394920553,
    2.595294117647));
#12505 = CIRCLE('',#12506,0.493105882353);
#12506 = AXIS2_PLACEMENT_3D('',#12507,#12508,#12509);
#12507 = CARTESIAN_POINT('',(0.303236979514,-7.844905728746,
    2.595294117647));
#12508 = DIRECTION('',(0.,0.,-1.));
#12509 = DIRECTION('',(-3.724247481195E-02,0.999306258396,0.));
#12510 = ORIENTED_EDGE('',*,*,#12511,.T.);
#12511 = EDGE_CURVE('',#12503,#12512,#12514,.T.);
#12512 = VERTEX_POINT('',#12513);
#12513 = CARTESIAN_POINT('',(0.867442658408,-8.511546078609,
    2.595294117647));
#12514 = LINE('',#12515,#12516);
#12515 = CARTESIAN_POINT('',(0.795133732226,-7.810394920553,
    2.595294117647));
#12516 = VECTOR('',#12517,1.);
#12517 = DIRECTION('',(0.10258478866,-0.994724263872,0.));
#12518 = ORIENTED_EDGE('',*,*,#12519,.T.);
#12519 = EDGE_CURVE('',#12512,#12520,#12522,.T.);
#12520 = VERTEX_POINT('',#12521);
#12521 = CARTESIAN_POINT('',(1.023548853891,-8.958869457398,
    2.595294117647));
#12522 = B_SPLINE_CURVE_WITH_KNOTS('',3,(#12523,#12524,#12525,#12526),
  .UNSPECIFIED.,.F.,.F.,(4,4),(0.,1.),.PIECEWISE_BEZIER_KNOTS.);
#12523 = CARTESIAN_POINT('',(0.867442658408,-8.511546078609,
    2.595294117647));
#12524 = CARTESIAN_POINT('',(0.876230828195,-8.562933789644,
    2.595294117647));
#12525 = CARTESIAN_POINT('',(0.909479240936,-8.715892762265,
    2.595294117647));
#12526 = CARTESIAN_POINT('',(1.023548853891,-8.958869457398,
    2.595294117647));
#12527 = ORIENTED_EDGE('',*,*,#12528,.T.);
#12528 = EDGE_CURVE('',#12520,#12529,#12531,.T.);
#12529 = VERTEX_POINT('',#12530);
#12530 = CARTESIAN_POINT('',(1.854360411498,-10.11016041777,
    2.595294117647));
#12531 = B_SPLINE_CURVE_WITH_KNOTS('',3,(#12532,#12533,#12534,#12535),
  .UNSPECIFIED.,.F.,.F.,(4,4),(0.,1.),.PIECEWISE_BEZIER_KNOTS.);
#12532 = CARTESIAN_POINT('',(1.023548853891,-8.958869457398,
    2.595294117647));
#12533 = CARTESIAN_POINT('',(1.161047404204,-9.248554068584,
    2.595294117647));
#12534 = CARTESIAN_POINT('',(1.409751962188,-9.651744187307,
    2.595294117647));
#12535 = CARTESIAN_POINT('',(1.854360411498,-10.11016041777,
    2.595294117647));
#12536 = ORIENTED_EDGE('',*,*,#12537,.T.);
#12537 = EDGE_CURVE('',#12529,#12538,#12540,.T.);
#12538 = VERTEX_POINT('',#12539);
#12539 = CARTESIAN_POINT('',(2.716150496381,-9.911949948357,
    2.595294117647));
#12540 = CIRCLE('',#12541,10.277364705883);
#12541 = AXIS2_PLACEMENT_3D('',#12542,#12543,#12544);
#12542 = CARTESIAN_POINT('',(-1.624553176504E-02,-4.466047632884E-03,
    2.595294117647));
#12543 = DIRECTION('',(-0.,0.,1.));
#12544 = DIRECTION('',(0.182012217801,-0.98329626897,0.));
#12545 = ORIENTED_EDGE('',*,*,#12546,.T.);
#12546 = EDGE_CURVE('',#12538,#12547,#12549,.T.);
#12547 = VERTEX_POINT('',#12548);
#12548 = CARTESIAN_POINT('',(2.964922126309,-8.515763676613,
    2.595294117647));
#12549 = B_SPLINE_CURVE_WITH_KNOTS('',3,(#12550,#12551,#12552,#12553),
  .UNSPECIFIED.,.F.,.F.,(4,4),(0.,1.),.PIECEWISE_BEZIER_KNOTS.);
#12550 = CARTESIAN_POINT('',(2.71615049638,-9.911949948357,
    2.595294117647));
#12551 = CARTESIAN_POINT('',(2.917592227599,-9.307589486304,
    2.595294117647));
#12552 = CARTESIAN_POINT('',(2.966729655361,-8.836418877935,
    2.595294117647));
#12553 = CARTESIAN_POINT('',(2.964922126309,-8.515763676613,
    2.595294117647));
#12554 = ORIENTED_EDGE('',*,*,#12555,.T.);
#12555 = EDGE_CURVE('',#12547,#12556,#12558,.T.);
#12556 = VERTEX_POINT('',#12557);
#12557 = CARTESIAN_POINT('',(2.911482608342,-8.045007298644,
    2.595294117647));
#12558 = B_SPLINE_CURVE_WITH_KNOTS('',3,(#12559,#12560,#12561,#12562),
  .UNSPECIFIED.,.F.,.F.,(4,4),(0.,1.),.PIECEWISE_BEZIER_KNOTS.);
#12559 = CARTESIAN_POINT('',(2.964922126309,-8.515763676613,
    2.595294117647));
#12560 = CARTESIAN_POINT('',(2.962271659352,-8.247356288484,
    2.595294117647));
#12561 = CARTESIAN_POINT('',(2.925861033167,-8.095119070446,
    2.595294117647));
#12562 = CARTESIAN_POINT('',(2.911482608342,-8.045007298644,
    2.595294117647));
#12563 = ORIENTED_EDGE('',*,*,#12564,.T.);
#12564 = EDGE_CURVE('',#12556,#12565,#12567,.T.);
#12565 = VERTEX_POINT('',#12566);
#12566 = CARTESIAN_POINT('',(2.67241261356,-7.381918266278,
    2.595294117647));
#12567 = LINE('',#12568,#12569);
#12568 = CARTESIAN_POINT('',(2.911482608342,-8.045007298644,
    2.595294117647));
#12569 = VECTOR('',#12570,1.);
#12570 = DIRECTION('',(-0.339168982097,0.940725465576,0.));
#12571 = ORIENTED_EDGE('',*,*,#12572,.T.);
#12572 = EDGE_CURVE('',#12565,#12573,#12575,.T.);
#12573 = VERTEX_POINT('',#12574);
#12574 = CARTESIAN_POINT('',(2.933313582728,-6.747652539131,
    2.595294117647));
#12575 = CIRCLE('',#12576,0.493105882353);
#12576 = AXIS2_PLACEMENT_3D('',#12577,#12578,#12579);
#12577 = CARTESIAN_POINT('',(3.130569952474,-7.199585427739,
    2.595294117647));
#12578 = DIRECTION('',(0.,0.,-1.));
#12579 = DIRECTION('',(-0.929125681341,-0.369764071094,-0.));
#12580 = ORIENTED_EDGE('',*,*,#12581,.T.);
#12581 = EDGE_CURVE('',#12573,#12582,#12584,.T.);
#12582 = VERTEX_POINT('',#12583);
#12583 = CARTESIAN_POINT('',(3.446636083363,-6.500449451563,
    2.595294117647));
#12584 = CIRCLE('',#12585,7.357658823529);
#12585 = AXIS2_PLACEMENT_3D('',#12586,#12587,#12588);
#12586 = CARTESIAN_POINT('',(2.5529E-13,-5.6302E-13,2.595294117647));
#12587 = DIRECTION('',(-0.,0.,1.));
#12588 = DIRECTION('',(0.398674857463,-0.917092338877,0.));
#12589 = ORIENTED_EDGE('',*,*,#12590,.T.);
#12590 = EDGE_CURVE('',#12582,#12591,#12593,.T.);
#12591 = VERTEX_POINT('',#12592);
#12592 = CARTESIAN_POINT('',(4.105194090669,-6.691927072605,
    2.595294117647));
#12593 = CIRCLE('',#12594,0.493105882353);
#12594 = AXIS2_PLACEMENT_3D('',#12595,#12596,#12597);
#12595 = CARTESIAN_POINT('',(3.676984108752,-6.936446238719,
    2.595294117647));
#12596 = DIRECTION('',(0.,0.,-1.));
#12597 = DIRECTION('',(-0.467137046286,0.88418492409,0.));
#12598 = ORIENTED_EDGE('',*,*,#12599,.T.);
#12599 = EDGE_CURVE('',#12591,#12600,#12602,.T.);
#12600 = VERTEX_POINT('',#12601);
#12601 = CARTESIAN_POINT('',(4.474560268175,-7.292268770443,
    2.595294117647));
#12602 = LINE('',#12603,#12604);
#12603 = CARTESIAN_POINT('',(4.105194090669,-6.691927072605,
    2.595294117647));
#12604 = VECTOR('',#12605,1.);
#12605 = DIRECTION('',(0.524020383903,-0.851705722215,0.));
#12606 = ORIENTED_EDGE('',*,*,#12607,.T.);
#12607 = EDGE_CURVE('',#12600,#12608,#12610,.T.);
#12608 = VERTEX_POINT('',#12609);
#12609 = CARTESIAN_POINT('',(4.809293430575,-7.627561268822,
    2.595294117647));
#12610 = B_SPLINE_CURVE_WITH_KNOTS('',3,(#12611,#12612,#12613,#12614),
  .UNSPECIFIED.,.F.,.F.,(4,4),(0.,1.),.PIECEWISE_BEZIER_KNOTS.);
#12611 = CARTESIAN_POINT('',(4.474560268175,-7.292268770443,
    2.595294117647));
#12612 = CARTESIAN_POINT('',(4.504774427767,-7.334754454312,
    2.595294117647));
#12613 = CARTESIAN_POINT('',(4.601096623526,-7.45813978107,
    2.595294117647));
#12614 = CARTESIAN_POINT('',(4.809293430575,-7.627561268822,
    2.595294117647));
#12615 = ORIENTED_EDGE('',*,*,#12616,.T.);
#12616 = EDGE_CURVE('',#12608,#12617,#12619,.T.);
#12617 = VERTEX_POINT('',#12618);
#12618 = CARTESIAN_POINT('',(6.057355205774,-8.304362956903,
    2.595294117647));
#12619 = B_SPLINE_CURVE_WITH_KNOTS('',3,(#12620,#12621,#12622,#12623),
  .UNSPECIFIED.,.F.,.F.,(4,4),(0.,1.),.PIECEWISE_BEZIER_KNOTS.);
#12620 = CARTESIAN_POINT('',(4.809293430575,-7.627561268822,
    2.595294117647));
#12621 = CARTESIAN_POINT('',(5.058864786055,-7.828899699877,
    2.595294117647));
#12622 = CARTESIAN_POINT('',(5.457877486391,-8.084252581139,
    2.595294117647));
#12623 = CARTESIAN_POINT('',(6.057355205774,-8.304362956903,
    2.595294117647));
#12624 = ORIENTED_EDGE('',*,*,#12625,.T.);
#12625 = EDGE_CURVE('',#12617,#12626,#12628,.T.);
#12626 = VERTEX_POINT('',#12627);
#12627 = CARTESIAN_POINT('',(6.747800943316,-7.751864790301,
    2.595294117647));
#12628 = CIRCLE('',#12629,10.277364705881);
#12629 = AXIS2_PLACEMENT_3D('',#12630,#12631,#12632);
#12630 = CARTESIAN_POINT('',(-1.269897291591E-02,-1.107244194709E-02,
    2.595294117647));
#12631 = DIRECTION('',(-0.,0.,1.));
#12632 = DIRECTION('',(0.590623603657,-0.806947184643,0.));
#12633 = ORIENTED_EDGE('',*,*,#12634,.T.);
#12634 = EDGE_CURVE('',#12626,#12635,#12637,.T.);
#12635 = VERTEX_POINT('',#12636);
#12636 = CARTESIAN_POINT('',(6.36615391701,-6.386006460687,
    2.595294117647));
#12637 = B_SPLINE_CURVE_WITH_KNOTS('',3,(#12638,#12639,#12640,#12641),
  .UNSPECIFIED.,.F.,.F.,(4,4),(0.,1.),.PIECEWISE_BEZIER_KNOTS.);
#12638 = CARTESIAN_POINT('',(6.747800943316,-7.751864790301,
    2.595294117647));
#12639 = CARTESIAN_POINT('',(6.66707149479,-7.119952537445,
    2.595294117647));
#12640 = CARTESIAN_POINT('',(6.506909522131,-6.674122556946,
    2.595294117647));
#12641 = CARTESIAN_POINT('',(6.36615391701,-6.386006460687,
    2.595294117647));
#12642 = ORIENTED_EDGE('',*,*,#12643,.T.);
#12643 = EDGE_CURVE('',#12635,#12644,#12646,.T.);
#12644 = VERTEX_POINT('',#12645);
#12645 = CARTESIAN_POINT('',(6.113753037519,-5.985056157643,
    2.595294117647));
#12646 = B_SPLINE_CURVE_WITH_KNOTS('',3,(#12647,#12648,#12649,#12650),
  .UNSPECIFIED.,.F.,.F.,(4,4),(0.,1.),.PIECEWISE_BEZIER_KNOTS.);
#12647 = CARTESIAN_POINT('',(6.36615391701,-6.386006460687,
    2.595294117647));
#12648 = CARTESIAN_POINT('',(6.247308327628,-6.145329754582,
    2.595294117647));
#12649 = CARTESIAN_POINT('',(6.148450233579,-6.023966739227,
    2.595294117647));
#12650 = CARTESIAN_POINT('',(6.113753037519,-5.985056157643,
    2.595294117647));
#12651 = ORIENTED_EDGE('',*,*,#12652,.T.);
#12652 = EDGE_CURVE('',#12644,#12653,#12655,.T.);
#12653 = VERTEX_POINT('',#12654);
#12654 = CARTESIAN_POINT('',(5.61065486624,-5.491362166081,
    2.595294117647));
#12655 = LINE('',#12656,#12657);
#12656 = CARTESIAN_POINT('',(6.113753037519,-5.985056157643,
    2.595294117647));
#12657 = VECTOR('',#12658,1.);
#12658 = DIRECTION('',(-0.713746176315,0.700404451582,0.));
#12659 = ORIENTED_EDGE('',*,*,#12660,.T.);
#12660 = EDGE_CURVE('',#12653,#12661,#12663,.T.);
#12661 = VERTEX_POINT('',#12662);
#12662 = CARTESIAN_POINT('',(5.570520931778,-4.806707803901,
    2.595294117647));
#12663 = CIRCLE('',#12664,0.493105882353);
#12664 = AXIS2_PLACEMENT_3D('',#12665,#12666,#12667);
#12665 = CARTESIAN_POINT('',(5.944329111454,-5.128298935648,
    2.595294117647));
#12666 = DIRECTION('',(0.,0.,-1.));
#12667 = DIRECTION('',(-0.6766786955,-0.736278441255,-0.));
#12668 = ORIENTED_EDGE('',*,*,#12669,.T.);
#12669 = EDGE_CURVE('',#12661,#12670,#12672,.T.);
#12670 = VERTEX_POINT('',#12671);
#12671 = CARTESIAN_POINT('',(5.925751124088,-4.361263232004,
    2.595294117647));
#12672 = CIRCLE('',#12673,7.357658823528);
#12673 = AXIS2_PLACEMENT_3D('',#12674,#12675,#12676);
#12674 = CARTESIAN_POINT('',(7.3935E-13,-5.9097E-13,2.595294117647));
#12675 = DIRECTION('',(-0.,0.,1.));
#12676 = DIRECTION('',(0.757105088097,-0.653293108472,0.));
#12677 = ORIENTED_EDGE('',*,*,#12678,.T.);
#12678 = EDGE_CURVE('',#12670,#12679,#12681,.T.);
#12679 = VERTEX_POINT('',#12680);
#12680 = CARTESIAN_POINT('',(6.602170412554,-4.248040996828,
    2.595294117647));
#12681 = CIRCLE('',#12682,0.493105882353);
#12682 = AXIS2_PLACEMENT_3D('',#12683,#12684,#12685);
#12683 = CARTESIAN_POINT('',(6.32245944,-4.654138501184,2.595294117647)
  );
#12684 = DIRECTION('',(0.,0.,-1.));
#12685 = DIRECTION('',(-0.804509396683,0.593939921751,0.));
#12686 = ORIENTED_EDGE('',*,*,#12687,.T.);
#12687 = EDGE_CURVE('',#12679,#12688,#12690,.T.);
#12688 = VERTEX_POINT('',#12689);
#12689 = CARTESIAN_POINT('',(7.195436339949,-4.628668198484,
    2.595294117647));
#12690 = LINE('',#12691,#12692);
#12691 = CARTESIAN_POINT('',(6.602170412554,-4.248040996828,
    2.595294117647));
#12692 = VECTOR('',#12693,1.);
#12693 = DIRECTION('',(0.841667315425,-0.539996416789,0.));
#12694 = ORIENTED_EDGE('',*,*,#12695,.T.);
#12695 = EDGE_CURVE('',#12688,#12696,#12698,.T.);
#12696 = VERTEX_POINT('',#12697);
#12697 = CARTESIAN_POINT('',(7.64249846122,-4.785521025056,
    2.595294117647));
#12698 = B_SPLINE_CURVE_WITH_KNOTS('',3,(#12699,#12700,#12701,#12702),
  .UNSPECIFIED.,.F.,.F.,(4,4),(0.,1.),.PIECEWISE_BEZIER_KNOTS.);
#12699 = CARTESIAN_POINT('',(7.195436339949,-4.628668198484,
    2.595294117647));
#12700 = CARTESIAN_POINT('',(7.241092204487,-4.653837044443,
    2.595294117647));
#12701 = CARTESIAN_POINT('',(7.38141039108,-4.723210748152,
    2.595294117647));
#12702 = CARTESIAN_POINT('',(7.64249846122,-4.785521025056,
    2.595294117647));
#12703 = ORIENTED_EDGE('',*,*,#12704,.T.);
#12704 = EDGE_CURVE('',#12696,#12705,#12707,.T.);
#12705 = VERTEX_POINT('',#12706);
#12706 = CARTESIAN_POINT('',(9.06061651296,-4.853784566088,
    2.595294117647));
#12707 = B_SPLINE_CURVE_WITH_KNOTS('',3,(#12708,#12709,#12710,#12711),
  .UNSPECIFIED.,.F.,.F.,(4,4),(0.,1.),.PIECEWISE_BEZIER_KNOTS.);
#12708 = CARTESIAN_POINT('',(7.64249846122,-4.785521025056,
    2.595294117647));
#12709 = CARTESIAN_POINT('',(7.954711954122,-4.858635730456,
    2.595294117647));
#12710 = CARTESIAN_POINT('',(8.425003437939,-4.915575604426,
    2.595294117647));
#12711 = CARTESIAN_POINT('',(9.06061651296,-4.853784566088,
    2.595294117647));
#12712 = ORIENTED_EDGE('',*,*,#12713,.T.);
#12713 = EDGE_CURVE('',#12705,#12714,#12716,.T.);
#12714 = VERTEX_POINT('',#12715);
#12715 = CARTESIAN_POINT('',(9.442966657079,-4.056427740143,
    2.595294117647));
#12716 = CIRCLE('',#12717,10.277364705884);
#12717 = AXIS2_PLACEMENT_3D('',#12718,#12719,#12720);
#12718 = CARTESIAN_POINT('',(-6.637226740383E-03,-1.548580333675E-02,
    2.595294117647));
#12719 = DIRECTION('',(-0.,0.,1.));
#12720 = DIRECTION('',(0.882254741287,-0.470772313838,0.));
#12721 = ORIENTED_EDGE('',*,*,#12722,.T.);
#12722 = EDGE_CURVE('',#12714,#12723,#12725,.T.);
#12723 = VERTEX_POINT('',#12724);
#12724 = CARTESIAN_POINT('',(8.506490848693,-2.991422345993,
    2.595294117647));
#12725 = B_SPLINE_CURVE_WITH_KNOTS('',3,(#12726,#12727,#12728,#12729),
  .UNSPECIFIED.,.F.,.F.,(4,4),(0.,1.),.PIECEWISE_BEZIER_KNOTS.);
#12726 = CARTESIAN_POINT('',(9.442966657079,-4.056427740143,
    2.595294117647));
#12727 = CARTESIAN_POINT('',(9.096055486172,-3.522121668057,
    2.595294117647));
#12728 = CARTESIAN_POINT('',(8.758316156034,-3.189934410812,
    2.595294117647));
#12729 = CARTESIAN_POINT('',(8.506490848693,-2.991422345993,
    2.595294117647));
#12730 = ORIENTED_EDGE('',*,*,#12731,.T.);
#12731 = EDGE_CURVE('',#12723,#12732,#12734,.T.);
#12732 = VERTEX_POINT('',#12733);
#12733 = CARTESIAN_POINT('',(8.105119697355,-2.739691242724,
    2.595294117647));
#12734 = B_SPLINE_CURVE_WITH_KNOTS('',3,(#12735,#12736,#12737,#12738),
  .UNSPECIFIED.,.F.,.F.,(4,4),(0.,1.),.PIECEWISE_BEZIER_KNOTS.);
#12735 = CARTESIAN_POINT('',(8.506490848693,-2.991422345993,
    2.595294117647));
#12736 = CARTESIAN_POINT('',(8.294988963409,-2.826145295261,
    2.595294117647));
#12737 = CARTESIAN_POINT('',(8.153263459438,-2.759693916199,
    2.595294117647));
#12738 = CARTESIAN_POINT('',(8.105119697355,-2.739691242724,
    2.595294117647));
#12739 = ORIENTED_EDGE('',*,*,#12740,.T.);
#12740 = EDGE_CURVE('',#12732,#12741,#12743,.T.);
#12741 = VERTEX_POINT('',#12742);
#12742 = CARTESIAN_POINT('',(7.437638112495,-2.513174441754,
    2.595294117647));
#12743 = LINE('',#12744,#12745);
#12744 = CARTESIAN_POINT('',(8.105119697355,-2.739691242724,
    2.595294117647));
#12745 = VECTOR('',#12746,1.);
#12746 = DIRECTION('',(-0.946957186791,0.321359746056,0.));
#12747 = ORIENTED_EDGE('',*,*,#12748,.T.);
#12748 = EDGE_CURVE('',#12741,#12749,#12751,.T.);
#12749 = VERTEX_POINT('',#12750);
#12750 = CARTESIAN_POINT('',(7.104418292333,-1.913735637706,
    2.595294117647));
#12751 = CIRCLE('',#12752,0.493105882353);
#12752 = AXIS2_PLACEMENT_3D('',#12753,#12754,#12755);
#12753 = CARTESIAN_POINT('',(7.580740987498,-2.041289944893,
    2.595294117647));
#12754 = DIRECTION('',(0.,0.,-1.));
#12755 = DIRECTION('',(-0.290207195095,-0.956963836263,-0.));
#12756 = ORIENTED_EDGE('',*,*,#12757,.T.);
#12757 = EDGE_CURVE('',#12749,#10266,#12758,.T.);
#12758 = CIRCLE('',#12759,7.357658823528);
#12759 = AXIS2_PLACEMENT_3D('',#12760,#12761,#12762);
#12760 = CARTESIAN_POINT('',(1.84983E-12,-4.3926E-13,2.595294117647));
#12761 = DIRECTION('',(-0.,0.,1.));
#12762 = DIRECTION('',(0.96558137075,-0.26010116582,0.));
#12763 = ORIENTED_EDGE('',*,*,#10273,.T.);
#12764 = FACE_BOUND('',#12765,.T.);
#12765 = EDGE_LOOP('',(#12766));
#12766 = ORIENTED_EDGE('',*,*,#12767,.F.);
#12767 = EDGE_CURVE('',#12768,#12768,#12770,.T.);
#12768 = VERTEX_POINT('',#12769);
#12769 = CARTESIAN_POINT('',(1.881588235294,-3.552713678801E-15,
    2.595294117647));
#12770 = CIRCLE('',#12771,1.881588235294);
#12771 = AXIS2_PLACEMENT_3D('',#12772,#12773,#12774);
#12772 = CARTESIAN_POINT('',(0.,0.,2.595294117647));
#12773 = DIRECTION('',(0.,0.,1.));
#12774 = DIRECTION('',(1.,0.,0.));
#12775 = PLANE('',#12776);
#12776 = AXIS2_PLACEMENT_3D('',#12777,#12778,#12779);
#12777 = CARTESIAN_POINT('',(2.5E-16,3.6E-16,2.595294117647));
#12778 = DIRECTION('',(0.,0.,1.));
#12779 = DIRECTION('',(1.,0.,0.));
#12780 = ADVANCED_FACE('',(#12781),#12792,.T.);
#12781 = FACE_BOUND('',#12782,.F.);
#12782 = EDGE_LOOP('',(#12783,#12789,#12790,#12791));
#12783 = ORIENTED_EDGE('',*,*,#12784,.T.);
#12784 = EDGE_CURVE('',#11523,#12749,#12785,.T.);
#12785 = LINE('',#12786,#12787);
#12786 = CARTESIAN_POINT('',(7.104418292333,-1.913735637706,0.));
#12787 = VECTOR('',#12788,1.);
#12788 = DIRECTION('',(0.,0.,1.));
#12789 = ORIENTED_EDGE('',*,*,#12757,.T.);
#12790 = ORIENTED_EDGE('',*,*,#10263,.F.);
#12791 = ORIENTED_EDGE('',*,*,#11531,.F.);
#12792 = CYLINDRICAL_SURFACE('',#12793,7.357658823528);
#12793 = AXIS2_PLACEMENT_3D('',#12794,#12795,#12796);
#12794 = CARTESIAN_POINT('',(1.84983E-12,-4.3926E-13,0.));
#12795 = DIRECTION('',(-0.,-0.,-1.));
#12796 = DIRECTION('',(0.96558137075,-0.26010116582,0.));
#12797 = ADVANCED_FACE('',(#12798),#12809,.F.);
#12798 = FACE_BOUND('',#12799,.F.);
#12799 = EDGE_LOOP('',(#12800,#12801,#12802,#12808));
#12800 = ORIENTED_EDGE('',*,*,#10306,.T.);
#12801 = ORIENTED_EDGE('',*,*,#11560,.T.);
#12802 = ORIENTED_EDGE('',*,*,#12803,.F.);
#12803 = EDGE_CURVE('',#10335,#11561,#12804,.T.);
#12804 = LINE('',#12805,#12806);
#12805 = CARTESIAN_POINT('',(10.269311598585,-0.441854614197,0.));
#12806 = VECTOR('',#12807,1.);
#12807 = DIRECTION('',(0.,0.,1.));
#12808 = ORIENTED_EDGE('',*,*,#10334,.F.);
#12809 = SURFACE_OF_LINEAR_EXTRUSION('',#12810,#12815);
#12810 = B_SPLINE_CURVE_WITH_KNOTS('',3,(#12811,#12812,#12813,#12814),
  .UNSPECIFIED.,.F.,.F.,(4,4),(0.,1.),.PIECEWISE_BEZIER_KNOTS.);
#12811 = CARTESIAN_POINT('',(8.962012942528,-0.995649651713,0.));
#12812 = CARTESIAN_POINT('',(9.275030861536,-0.926059367362,0.));
#12813 = CARTESIAN_POINT('',(9.723454132717,-0.773308593677,0.));
#12814 = CARTESIAN_POINT('',(10.269311598585,-0.441854614197,0.));
#12815 = VECTOR('',#12816,1.);
#12816 = DIRECTION('',(-0.,-0.,-1.));
#12817 = ADVANCED_FACE('',(#12818),#12829,.F.);
#12818 = FACE_BOUND('',#12819,.F.);
#12819 = EDGE_LOOP('',(#12820,#12826,#12827,#12828));
#12820 = ORIENTED_EDGE('',*,*,#12821,.T.);
#12821 = EDGE_CURVE('',#11515,#12741,#12822,.T.);
#12822 = LINE('',#12823,#12824);
#12823 = CARTESIAN_POINT('',(7.437638112495,-2.513174441754,0.));
#12824 = VECTOR('',#12825,1.);
#12825 = DIRECTION('',(0.,0.,1.));
#12826 = ORIENTED_EDGE('',*,*,#12748,.T.);
#12827 = ORIENTED_EDGE('',*,*,#12784,.F.);
#12828 = ORIENTED_EDGE('',*,*,#11522,.F.);
#12829 = CYLINDRICAL_SURFACE('',#12830,0.493105882353);
#12830 = AXIS2_PLACEMENT_3D('',#12831,#12832,#12833);
#12831 = CARTESIAN_POINT('',(7.580740987498,-2.041289944893,0.));
#12832 = DIRECTION('',(0.,0.,-1.));
#12833 = DIRECTION('',(-0.290207195095,-0.956963836263,-0.));
#12834 = ADVANCED_FACE('',(#12835),#12846,.T.);
#12835 = FACE_BOUND('',#12836,.F.);
#12836 = EDGE_LOOP('',(#12837,#12838,#12839,#12845));
#12837 = ORIENTED_EDGE('',*,*,#12803,.T.);
#12838 = ORIENTED_EDGE('',*,*,#11569,.T.);
#12839 = ORIENTED_EDGE('',*,*,#12840,.F.);
#12840 = EDGE_CURVE('',#10344,#11570,#12841,.T.);
#12841 = LINE('',#12842,#12843);
#12842 = CARTESIAN_POINT('',(10.267837014023,0.442434572771,0.));
#12843 = VECTOR('',#12844,1.);
#12844 = DIRECTION('',(0.,0.,1.));
#12845 = ORIENTED_EDGE('',*,*,#10343,.F.);
#12846 = CYLINDRICAL_SURFACE('',#12847,10.277364705883);
#12847 = AXIS2_PLACEMENT_3D('',#12848,#12849,#12850);
#12848 = CARTESIAN_POINT('',(7.391035936635E-04,-1.683201145636E-02,0.)
  );
#12849 = DIRECTION('',(0.,0.,-1.));
#12850 = DIRECTION('',(0.99914450726,-4.135521263513E-02,0.));
#12851 = ADVANCED_FACE('',(#12852),#12863,.F.);
#12852 = FACE_BOUND('',#12853,.F.);
#12853 = EDGE_LOOP('',(#12854,#12860,#12861,#12862));
#12854 = ORIENTED_EDGE('',*,*,#12855,.T.);
#12855 = EDGE_CURVE('',#11506,#12732,#12856,.T.);
#12856 = LINE('',#12857,#12858);
#12857 = CARTESIAN_POINT('',(8.105119697355,-2.739691242724,0.));
#12858 = VECTOR('',#12859,1.);
#12859 = DIRECTION('',(0.,0.,1.));
#12860 = ORIENTED_EDGE('',*,*,#12740,.T.);
#12861 = ORIENTED_EDGE('',*,*,#12821,.F.);
#12862 = ORIENTED_EDGE('',*,*,#11514,.F.);
#12863 = PLANE('',#12864);
#12864 = AXIS2_PLACEMENT_3D('',#12865,#12866,#12867);
#12865 = CARTESIAN_POINT('',(8.105119697355,-2.739691242724,0.));
#12866 = DIRECTION('',(-0.321359746056,-0.946957186791,0.));
#12867 = DIRECTION('',(-0.946957186791,0.321359746056,0.));
#12868 = ADVANCED_FACE('',(#12869),#12880,.F.);
#12869 = FACE_BOUND('',#12870,.F.);
#12870 = EDGE_LOOP('',(#12871,#12872,#12873,#12879));
#12871 = ORIENTED_EDGE('',*,*,#12840,.T.);
#12872 = ORIENTED_EDGE('',*,*,#11578,.T.);
#12873 = ORIENTED_EDGE('',*,*,#12874,.F.);
#12874 = EDGE_CURVE('',#10353,#11579,#12875,.T.);
#12875 = LINE('',#12876,#12877);
#12876 = CARTESIAN_POINT('',(8.962012942528,0.995649651713,0.));
#12877 = VECTOR('',#12878,1.);
#12878 = DIRECTION('',(0.,0.,1.));
#12879 = ORIENTED_EDGE('',*,*,#10352,.F.);
#12880 = SURFACE_OF_LINEAR_EXTRUSION('',#12881,#12886);
#12881 = B_SPLINE_CURVE_WITH_KNOTS('',3,(#12882,#12883,#12884,#12885),
  .UNSPECIFIED.,.F.,.F.,(4,4),(0.,1.),.PIECEWISE_BEZIER_KNOTS.);
#12882 = CARTESIAN_POINT('',(10.267837014023,0.442434572771,0.));
#12883 = CARTESIAN_POINT('',(9.723454132717,0.773308593677,0.));
#12884 = CARTESIAN_POINT('',(9.275030861536,0.926059367362,0.));
#12885 = CARTESIAN_POINT('',(8.962012942528,0.995649651713,0.));
#12886 = VECTOR('',#12887,1.);
#12887 = DIRECTION('',(-0.,-0.,-1.));
#12888 = ADVANCED_FACE('',(#12889),#12900,.F.);
#12889 = FACE_BOUND('',#12890,.F.);
#12890 = EDGE_LOOP('',(#12891,#12897,#12898,#12899));
#12891 = ORIENTED_EDGE('',*,*,#12892,.T.);
#12892 = EDGE_CURVE('',#11497,#12723,#12893,.T.);
#12893 = LINE('',#12894,#12895);
#12894 = CARTESIAN_POINT('',(8.506490848693,-2.991422345993,0.));
#12895 = VECTOR('',#12896,1.);
#12896 = DIRECTION('',(0.,0.,1.));
#12897 = ORIENTED_EDGE('',*,*,#12731,.T.);
#12898 = ORIENTED_EDGE('',*,*,#12855,.F.);
#12899 = ORIENTED_EDGE('',*,*,#11505,.F.);
#12900 = SURFACE_OF_LINEAR_EXTRUSION('',#12901,#12906);
#12901 = B_SPLINE_CURVE_WITH_KNOTS('',3,(#12902,#12903,#12904,#12905),
  .UNSPECIFIED.,.F.,.F.,(4,4),(0.,1.),.PIECEWISE_BEZIER_KNOTS.);
#12902 = CARTESIAN_POINT('',(8.506490848693,-2.991422345993,0.));
#12903 = CARTESIAN_POINT('',(8.294988963409,-2.826145295261,0.));
#12904 = CARTESIAN_POINT('',(8.153263459438,-2.759693916199,0.));
#12905 = CARTESIAN_POINT('',(8.105119697355,-2.739691242724,0.));
#12906 = VECTOR('',#12907,1.);
#12907 = DIRECTION('',(-0.,-0.,-1.));
#12908 = ADVANCED_FACE('',(#12909),#12920,.F.);
#12909 = FACE_BOUND('',#12910,.F.);
#12910 = EDGE_LOOP('',(#12911,#12912,#12913,#12919));
#12911 = ORIENTED_EDGE('',*,*,#12874,.T.);
#12912 = ORIENTED_EDGE('',*,*,#11587,.T.);
#12913 = ORIENTED_EDGE('',*,*,#12914,.F.);
#12914 = EDGE_CURVE('',#10362,#11588,#12915,.T.);
#12915 = LINE('',#12916,#12917);
#12916 = CARTESIAN_POINT('',(8.49116799836,1.048303122925,0.));
#12917 = VECTOR('',#12918,1.);
#12918 = DIRECTION('',(0.,0.,1.));
#12919 = ORIENTED_EDGE('',*,*,#10361,.F.);
#12920 = SURFACE_OF_LINEAR_EXTRUSION('',#12921,#12926);
#12921 = B_SPLINE_CURVE_WITH_KNOTS('',3,(#12922,#12923,#12924,#12925),
  .UNSPECIFIED.,.F.,.F.,(4,4),(0.,1.),.PIECEWISE_BEZIER_KNOTS.);
#12922 = CARTESIAN_POINT('',(8.962012942528,0.995649651713,0.));
#12923 = CARTESIAN_POINT('',(8.699745303623,1.052791900184,0.));
#12924 = CARTESIAN_POINT('',(8.54322286394,1.051170132356,0.));
#12925 = CARTESIAN_POINT('',(8.49116799836,1.048303122925,0.));
#12926 = VECTOR('',#12927,1.);
#12927 = DIRECTION('',(-0.,-0.,-1.));
#12928 = ADVANCED_FACE('',(#12929),#12940,.F.);
#12929 = FACE_BOUND('',#12930,.F.);
#12930 = EDGE_LOOP('',(#12931,#12937,#12938,#12939));
#12931 = ORIENTED_EDGE('',*,*,#12932,.T.);
#12932 = EDGE_CURVE('',#11488,#12714,#12933,.T.);
#12933 = LINE('',#12934,#12935);
#12934 = CARTESIAN_POINT('',(9.442966657079,-4.056427740143,0.));
#12935 = VECTOR('',#12936,1.);
#12936 = DIRECTION('',(0.,0.,1.));
#12937 = ORIENTED_EDGE('',*,*,#12722,.T.);
#12938 = ORIENTED_EDGE('',*,*,#12892,.F.);
#12939 = ORIENTED_EDGE('',*,*,#11496,.F.);
#12940 = SURFACE_OF_LINEAR_EXTRUSION('',#12941,#12946);
#12941 = B_SPLINE_CURVE_WITH_KNOTS('',3,(#12942,#12943,#12944,#12945),
  .UNSPECIFIED.,.F.,.F.,(4,4),(0.,1.),.PIECEWISE_BEZIER_KNOTS.);
#12942 = CARTESIAN_POINT('',(9.442966657079,-4.056427740143,0.));
#12943 = CARTESIAN_POINT('',(9.096055486172,-3.522121668057,0.));
#12944 = CARTESIAN_POINT('',(8.758316156034,-3.189934410812,0.));
#12945 = CARTESIAN_POINT('',(8.506490848693,-2.991422345993,0.));
#12946 = VECTOR('',#12947,1.);
#12947 = DIRECTION('',(-0.,-0.,-1.));
#12948 = ADVANCED_FACE('',(#12949),#12960,.F.);
#12949 = FACE_BOUND('',#12950,.F.);
#12950 = EDGE_LOOP('',(#12951,#12952,#12953,#12959));
#12951 = ORIENTED_EDGE('',*,*,#12914,.T.);
#12952 = ORIENTED_EDGE('',*,*,#11596,.T.);
#12953 = ORIENTED_EDGE('',*,*,#12954,.F.);
#12954 = EDGE_CURVE('',#10371,#11597,#12955,.T.);
#12955 = LINE('',#12956,#12957);
#12956 = CARTESIAN_POINT('',(7.791505913926,0.962778302825,0.));
#12957 = VECTOR('',#12958,1.);
#12958 = DIRECTION('',(0.,0.,1.));
#12959 = ORIENTED_EDGE('',*,*,#10370,.F.);
#12960 = PLANE('',#12961);
#12961 = AXIS2_PLACEMENT_3D('',#12962,#12963,#12964);
#12962 = CARTESIAN_POINT('',(8.49116799836,1.048303122925,0.));
#12963 = DIRECTION('',(0.121334198396,-0.992611712756,0.));
#12964 = DIRECTION('',(-0.992611712756,-0.121334198396,0.));
#12965 = ADVANCED_FACE('',(#12966),#12977,.T.);
#12966 = FACE_BOUND('',#12967,.F.);
#12967 = EDGE_LOOP('',(#12968,#12974,#12975,#12976));
#12968 = ORIENTED_EDGE('',*,*,#12969,.T.);
#12969 = EDGE_CURVE('',#11479,#12705,#12970,.T.);
#12970 = LINE('',#12971,#12972);
#12971 = CARTESIAN_POINT('',(9.06061651296,-4.853784566088,0.));
#12972 = VECTOR('',#12973,1.);
#12973 = DIRECTION('',(0.,0.,1.));
#12974 = ORIENTED_EDGE('',*,*,#12713,.T.);
#12975 = ORIENTED_EDGE('',*,*,#12932,.F.);
#12976 = ORIENTED_EDGE('',*,*,#11487,.F.);
#12977 = CYLINDRICAL_SURFACE('',#12978,10.277364705884);
#12978 = AXIS2_PLACEMENT_3D('',#12979,#12980,#12981);
#12979 = CARTESIAN_POINT('',(-6.637226740383E-03,-1.548580333675E-02,0.)
  );
#12980 = DIRECTION('',(-0.,-0.,-1.));
#12981 = DIRECTION('',(0.882254741287,-0.470772313838,0.));
#12982 = ADVANCED_FACE('',(#12983),#12994,.F.);
#12983 = FACE_BOUND('',#12984,.F.);
#12984 = EDGE_LOOP('',(#12985,#12986,#12987,#12993));
#12985 = ORIENTED_EDGE('',*,*,#12954,.T.);
#12986 = ORIENTED_EDGE('',*,*,#11604,.T.);
#12987 = ORIENTED_EDGE('',*,*,#12988,.F.);
#12988 = EDGE_CURVE('',#10379,#11605,#12989,.T.);
#12989 = LINE('',#12990,#12991);
#12990 = CARTESIAN_POINT('',(7.231198480119,1.358275341964,0.));
#12991 = VECTOR('',#12992,1.);
#12992 = DIRECTION('',(0.,0.,1.));
#12993 = ORIENTED_EDGE('',*,*,#10378,.F.);
#12994 = CYLINDRICAL_SURFACE('',#12995,0.493105882353);
#12995 = AXIS2_PLACEMENT_3D('',#12996,#12997,#12998);
#12996 = CARTESIAN_POINT('',(7.715694139281,1.450021554226,0.));
#12997 = DIRECTION('',(0.,0.,-1.));
#12998 = DIRECTION('',(0.153743399457,-0.988110807108,0.));
#12999 = ADVANCED_FACE('',(#13000),#13011,.F.);
#13000 = FACE_BOUND('',#13001,.F.);
#13001 = EDGE_LOOP('',(#13002,#13008,#13009,#13010));
#13002 = ORIENTED_EDGE('',*,*,#13003,.T.);
#13003 = EDGE_CURVE('',#11470,#12696,#13004,.T.);
#13004 = LINE('',#13005,#13006);
#13005 = CARTESIAN_POINT('',(7.64249846122,-4.785521025056,0.));
#13006 = VECTOR('',#13007,1.);
#13007 = DIRECTION('',(0.,0.,1.));
#13008 = ORIENTED_EDGE('',*,*,#12704,.T.);
#13009 = ORIENTED_EDGE('',*,*,#12969,.F.);
#13010 = ORIENTED_EDGE('',*,*,#11478,.F.);
#13011 = SURFACE_OF_LINEAR_EXTRUSION('',#13012,#13017);
#13012 = B_SPLINE_CURVE_WITH_KNOTS('',3,(#13013,#13014,#13015,#13016),
  .UNSPECIFIED.,.F.,.F.,(4,4),(0.,1.),.PIECEWISE_BEZIER_KNOTS.);
#13013 = CARTESIAN_POINT('',(7.64249846122,-4.785521025056,0.));
#13014 = CARTESIAN_POINT('',(7.954711954122,-4.858635730456,0.));
#13015 = CARTESIAN_POINT('',(8.425003437939,-4.915575604426,0.));
#13016 = CARTESIAN_POINT('',(9.06061651296,-4.853784566088,0.));
#13017 = VECTOR('',#13018,1.);
#13018 = DIRECTION('',(-0.,-0.,-1.));
#13019 = ADVANCED_FACE('',(#13020),#13031,.T.);
#13020 = FACE_BOUND('',#13021,.F.);
#13021 = EDGE_LOOP('',(#13022,#13023,#13024,#13030));
#13022 = ORIENTED_EDGE('',*,*,#12988,.T.);
#13023 = ORIENTED_EDGE('',*,*,#11613,.T.);
#13024 = ORIENTED_EDGE('',*,*,#13025,.F.);
#13025 = EDGE_CURVE('',#10388,#11614,#13026,.T.);
#13026 = LINE('',#13027,#13028);
#13027 = CARTESIAN_POINT('',(7.104418292333,1.913735637706,0.));
#13028 = VECTOR('',#13029,1.);
#13029 = DIRECTION('',(0.,0.,1.));
#13030 = ORIENTED_EDGE('',*,*,#10387,.F.);
#13031 = CYLINDRICAL_SURFACE('',#13032,7.357658823528);
#13032 = AXIS2_PLACEMENT_3D('',#13033,#13034,#13035);
#13033 = CARTESIAN_POINT('',(8.9322E-13,2.0515E-13,0.));
#13034 = DIRECTION('',(-0.,-0.,-1.));
#13035 = DIRECTION('',(0.982812420847,0.184607002654,0.));
#13036 = ADVANCED_FACE('',(#13037),#13048,.F.);
#13037 = FACE_BOUND('',#13038,.F.);
#13038 = EDGE_LOOP('',(#13039,#13045,#13046,#13047));
#13039 = ORIENTED_EDGE('',*,*,#13040,.T.);
#13040 = EDGE_CURVE('',#11462,#12688,#13041,.T.);
#13041 = LINE('',#13042,#13043);
#13042 = CARTESIAN_POINT('',(7.195436339949,-4.628668198484,0.));
#13043 = VECTOR('',#13044,1.);
#13044 = DIRECTION('',(0.,0.,1.));
#13045 = ORIENTED_EDGE('',*,*,#12695,.T.);
#13046 = ORIENTED_EDGE('',*,*,#13003,.F.);
#13047 = ORIENTED_EDGE('',*,*,#11469,.F.);
#13048 = SURFACE_OF_LINEAR_EXTRUSION('',#13049,#13054);
#13049 = B_SPLINE_CURVE_WITH_KNOTS('',3,(#13050,#13051,#13052,#13053),
  .UNSPECIFIED.,.F.,.F.,(4,4),(0.,1.),.PIECEWISE_BEZIER_KNOTS.);
#13050 = CARTESIAN_POINT('',(7.195436339949,-4.628668198484,0.));
#13051 = CARTESIAN_POINT('',(7.241092204487,-4.653837044443,0.));
#13052 = CARTESIAN_POINT('',(7.38141039108,-4.723210748152,0.));
#13053 = CARTESIAN_POINT('',(7.64249846122,-4.785521025056,0.));
#13054 = VECTOR('',#13055,1.);
#13055 = DIRECTION('',(-0.,-0.,-1.));
#13056 = ADVANCED_FACE('',(#13057),#13068,.F.);
#13057 = FACE_BOUND('',#13058,.F.);
#13058 = EDGE_LOOP('',(#13059,#13060,#13061,#13067));
#13059 = ORIENTED_EDGE('',*,*,#13025,.T.);
#13060 = ORIENTED_EDGE('',*,*,#11622,.T.);
#13061 = ORIENTED_EDGE('',*,*,#13062,.F.);
#13062 = EDGE_CURVE('',#10397,#11623,#13063,.T.);
#13063 = LINE('',#13064,#13065);
#13064 = CARTESIAN_POINT('',(7.437638112495,2.513174441754,0.));
#13065 = VECTOR('',#13066,1.);
#13066 = DIRECTION('',(0.,0.,1.));
#13067 = ORIENTED_EDGE('',*,*,#10396,.F.);
#13068 = CYLINDRICAL_SURFACE('',#13069,0.493105882353);
#13069 = AXIS2_PLACEMENT_3D('',#13070,#13071,#13072);
#13070 = CARTESIAN_POINT('',(7.580740987498,2.041289944893,0.));
#13071 = DIRECTION('',(0.,0.,-1.));
#13072 = DIRECTION('',(-0.96596433385,-0.25867529014,-0.));
#13073 = ADVANCED_FACE('',(#13074),#13085,.F.);
#13074 = FACE_BOUND('',#13075,.F.);
#13075 = EDGE_LOOP('',(#13076,#13082,#13083,#13084));
#13076 = ORIENTED_EDGE('',*,*,#13077,.T.);
#13077 = EDGE_CURVE('',#11453,#12679,#13078,.T.);
#13078 = LINE('',#13079,#13080);
#13079 = CARTESIAN_POINT('',(6.602170412554,-4.248040996828,0.));
#13080 = VECTOR('',#13081,1.);
#13081 = DIRECTION('',(0.,0.,1.));
#13082 = ORIENTED_EDGE('',*,*,#12687,.T.);
#13083 = ORIENTED_EDGE('',*,*,#13040,.F.);
#13084 = ORIENTED_EDGE('',*,*,#11461,.F.);
#13085 = PLANE('',#13086);
#13086 = AXIS2_PLACEMENT_3D('',#13087,#13088,#13089);
#13087 = CARTESIAN_POINT('',(6.602170412554,-4.248040996828,0.));
#13088 = DIRECTION('',(0.539996416789,0.841667315425,0.));
#13089 = DIRECTION('',(0.841667315425,-0.539996416789,0.));
#13090 = ADVANCED_FACE('',(#13091),#13102,.F.);
#13091 = FACE_BOUND('',#13092,.F.);
#13092 = EDGE_LOOP('',(#13093,#13094,#13095,#13101));
#13093 = ORIENTED_EDGE('',*,*,#13062,.T.);
#13094 = ORIENTED_EDGE('',*,*,#11631,.T.);
#13095 = ORIENTED_EDGE('',*,*,#13096,.F.);
#13096 = EDGE_CURVE('',#10406,#11632,#13097,.T.);
#13097 = LINE('',#13098,#13099);
#13098 = CARTESIAN_POINT('',(8.105119697355,2.739691242724,0.));
#13099 = VECTOR('',#13100,1.);
#13100 = DIRECTION('',(0.,0.,1.));
#13101 = ORIENTED_EDGE('',*,*,#10405,.F.);
#13102 = PLANE('',#13103);
#13103 = AXIS2_PLACEMENT_3D('',#13104,#13105,#13106);
#13104 = CARTESIAN_POINT('',(7.437638112495,2.513174441754,0.));
#13105 = DIRECTION('',(-0.321359746056,0.946957186791,0.));
#13106 = DIRECTION('',(0.946957186791,0.321359746056,0.));
#13107 = ADVANCED_FACE('',(#13108),#13119,.F.);
#13108 = FACE_BOUND('',#13109,.F.);
#13109 = EDGE_LOOP('',(#13110,#13116,#13117,#13118));
#13110 = ORIENTED_EDGE('',*,*,#13111,.T.);
#13111 = EDGE_CURVE('',#11444,#12670,#13112,.T.);
#13112 = LINE('',#13113,#13114);
#13113 = CARTESIAN_POINT('',(5.925751124088,-4.361263232004,0.));
#13114 = VECTOR('',#13115,1.);
#13115 = DIRECTION('',(0.,0.,1.));
#13116 = ORIENTED_EDGE('',*,*,#12678,.T.);
#13117 = ORIENTED_EDGE('',*,*,#13077,.F.);
#13118 = ORIENTED_EDGE('',*,*,#11452,.F.);
#13119 = CYLINDRICAL_SURFACE('',#13120,0.493105882353);
#13120 = AXIS2_PLACEMENT_3D('',#13121,#13122,#13123);
#13121 = CARTESIAN_POINT('',(6.32245944,-4.654138501184,0.));
#13122 = DIRECTION('',(0.,0.,-1.));
#13123 = DIRECTION('',(-0.804509396683,0.593939921751,0.));
#13124 = ADVANCED_FACE('',(#13125),#13136,.F.);
#13125 = FACE_BOUND('',#13126,.F.);
#13126 = EDGE_LOOP('',(#13127,#13128,#13129,#13135));
#13127 = ORIENTED_EDGE('',*,*,#13096,.T.);
#13128 = ORIENTED_EDGE('',*,*,#11639,.T.);
#13129 = ORIENTED_EDGE('',*,*,#13130,.F.);
#13130 = EDGE_CURVE('',#10414,#11640,#13131,.T.);
#13131 = LINE('',#13132,#13133);
#13132 = CARTESIAN_POINT('',(8.506490848693,2.991422345993,0.));
#13133 = VECTOR('',#13134,1.);
#13134 = DIRECTION('',(0.,0.,1.));
#13135 = ORIENTED_EDGE('',*,*,#10413,.F.);
#13136 = SURFACE_OF_LINEAR_EXTRUSION('',#13137,#13142);
#13137 = B_SPLINE_CURVE_WITH_KNOTS('',3,(#13138,#13139,#13140,#13141),
  .UNSPECIFIED.,.F.,.F.,(4,4),(0.,1.),.PIECEWISE_BEZIER_KNOTS.);
#13138 = CARTESIAN_POINT('',(8.105119697355,2.739691242724,0.));
#13139 = CARTESIAN_POINT('',(8.153263459438,2.759693916199,0.));
#13140 = CARTESIAN_POINT('',(8.294988963409,2.826145295261,0.));
#13141 = CARTESIAN_POINT('',(8.506490848693,2.991422345993,0.));
#13142 = VECTOR('',#13143,1.);
#13143 = DIRECTION('',(-0.,-0.,-1.));
#13144 = ADVANCED_FACE('',(#13145),#13156,.T.);
#13145 = FACE_BOUND('',#13146,.F.);
#13146 = EDGE_LOOP('',(#13147,#13153,#13154,#13155));
#13147 = ORIENTED_EDGE('',*,*,#13148,.T.);
#13148 = EDGE_CURVE('',#11435,#12661,#13149,.T.);
#13149 = LINE('',#13150,#13151);
#13150 = CARTESIAN_POINT('',(5.570520931778,-4.806707803901,0.));
#13151 = VECTOR('',#13152,1.);
#13152 = DIRECTION('',(0.,0.,1.));
#13153 = ORIENTED_EDGE('',*,*,#12669,.T.);
#13154 = ORIENTED_EDGE('',*,*,#13111,.F.);
#13155 = ORIENTED_EDGE('',*,*,#11443,.F.);
#13156 = CYLINDRICAL_SURFACE('',#13157,7.357658823528);
#13157 = AXIS2_PLACEMENT_3D('',#13158,#13159,#13160);
#13158 = CARTESIAN_POINT('',(7.3935E-13,-5.9097E-13,0.));
#13159 = DIRECTION('',(-0.,-0.,-1.));
#13160 = DIRECTION('',(0.757105088097,-0.653293108472,0.));
#13161 = ADVANCED_FACE('',(#13162),#13173,.F.);
#13162 = FACE_BOUND('',#13163,.F.);
#13163 = EDGE_LOOP('',(#13164,#13165,#13166,#13172));
#13164 = ORIENTED_EDGE('',*,*,#13130,.T.);
#13165 = ORIENTED_EDGE('',*,*,#11648,.T.);
#13166 = ORIENTED_EDGE('',*,*,#13167,.F.);
#13167 = EDGE_CURVE('',#10423,#11649,#13168,.T.);
#13168 = LINE('',#13169,#13170);
#13169 = CARTESIAN_POINT('',(9.444043577268,4.057590063027,0.));
#13170 = VECTOR('',#13171,1.);
#13171 = DIRECTION('',(0.,0.,1.));
#13172 = ORIENTED_EDGE('',*,*,#10422,.F.);
#13173 = SURFACE_OF_LINEAR_EXTRUSION('',#13174,#13179);
#13174 = B_SPLINE_CURVE_WITH_KNOTS('',3,(#13175,#13176,#13177,#13178),
  .UNSPECIFIED.,.F.,.F.,(4,4),(0.,1.),.PIECEWISE_BEZIER_KNOTS.);
#13175 = CARTESIAN_POINT('',(8.506490848693,2.991422345993,0.));
#13176 = CARTESIAN_POINT('',(8.758316156034,3.189934410811,0.));
#13177 = CARTESIAN_POINT('',(9.096055486172,3.522121668057,0.));
#13178 = CARTESIAN_POINT('',(9.444043577268,4.057590063027,0.));
#13179 = VECTOR('',#13180,1.);
#13180 = DIRECTION('',(-0.,-0.,-1.));
#13181 = ADVANCED_FACE('',(#13182),#13193,.F.);
#13182 = FACE_BOUND('',#13183,.F.);
#13183 = EDGE_LOOP('',(#13184,#13190,#13191,#13192));
#13184 = ORIENTED_EDGE('',*,*,#13185,.T.);
#13185 = EDGE_CURVE('',#11427,#12653,#13186,.T.);
#13186 = LINE('',#13187,#13188);
#13187 = CARTESIAN_POINT('',(5.61065486624,-5.491362166081,0.));
#13188 = VECTOR('',#13189,1.);
#13189 = DIRECTION('',(0.,0.,1.));
#13190 = ORIENTED_EDGE('',*,*,#12660,.T.);
#13191 = ORIENTED_EDGE('',*,*,#13148,.F.);
#13192 = ORIENTED_EDGE('',*,*,#11434,.F.);
#13193 = CYLINDRICAL_SURFACE('',#13194,0.493105882353);
#13194 = AXIS2_PLACEMENT_3D('',#13195,#13196,#13197);
#13195 = CARTESIAN_POINT('',(5.944329111454,-5.128298935648,0.));
#13196 = DIRECTION('',(0.,0.,-1.));
#13197 = DIRECTION('',(-0.6766786955,-0.736278441255,-0.));
#13198 = ADVANCED_FACE('',(#13199),#13210,.T.);
#13199 = FACE_BOUND('',#13200,.F.);
#13200 = EDGE_LOOP('',(#13201,#13202,#13203,#13209));
#13201 = ORIENTED_EDGE('',*,*,#13167,.T.);
#13202 = ORIENTED_EDGE('',*,*,#11657,.T.);
#13203 = ORIENTED_EDGE('',*,*,#13204,.F.);
#13204 = EDGE_CURVE('',#10432,#11658,#13205,.T.);
#13205 = LINE('',#13206,#13207);
#13206 = CARTESIAN_POINT('',(9.059036323582,4.853667292444,0.));
#13207 = VECTOR('',#13208,1.);
#13208 = DIRECTION('',(0.,0.,1.));
#13209 = ORIENTED_EDGE('',*,*,#10431,.F.);
#13210 = CYLINDRICAL_SURFACE('',#13211,10.277364705884);
#13211 = AXIS2_PLACEMENT_3D('',#13212,#13213,#13214);
#13212 = CARTESIAN_POINT('',(7.969045394155E-03,-1.484443327623E-02,0.)
  );
#13213 = DIRECTION('',(-0.,-0.,-1.));
#13214 = DIRECTION('',(0.918141449867,0.396252795619,0.));
#13215 = ADVANCED_FACE('',(#13216),#13227,.F.);
#13216 = FACE_BOUND('',#13217,.F.);
#13217 = EDGE_LOOP('',(#13218,#13224,#13225,#13226));
#13218 = ORIENTED_EDGE('',*,*,#13219,.T.);
#13219 = EDGE_CURVE('',#11418,#12644,#13220,.T.);
#13220 = LINE('',#13221,#13222);
#13221 = CARTESIAN_POINT('',(6.113753037519,-5.985056157643,0.));
#13222 = VECTOR('',#13223,1.);
#13223 = DIRECTION('',(0.,0.,1.));
#13224 = ORIENTED_EDGE('',*,*,#12652,.T.);
#13225 = ORIENTED_EDGE('',*,*,#13185,.F.);
#13226 = ORIENTED_EDGE('',*,*,#11426,.F.);
#13227 = PLANE('',#13228);
#13228 = AXIS2_PLACEMENT_3D('',#13229,#13230,#13231);
#13229 = CARTESIAN_POINT('',(6.113753037519,-5.985056157643,0.));
#13230 = DIRECTION('',(-0.700404451582,-0.713746176315,0.));
#13231 = DIRECTION('',(-0.713746176315,0.700404451582,0.));
#13232 = ADVANCED_FACE('',(#13233),#13244,.F.);
#13233 = FACE_BOUND('',#13234,.F.);
#13234 = EDGE_LOOP('',(#13235,#13236,#13237,#13243));
#13235 = ORIENTED_EDGE('',*,*,#13204,.T.);
#13236 = ORIENTED_EDGE('',*,*,#11666,.T.);
#13237 = ORIENTED_EDGE('',*,*,#13238,.F.);
#13238 = EDGE_CURVE('',#10441,#11667,#13239,.T.);
#13239 = LINE('',#13240,#13241);
#13240 = CARTESIAN_POINT('',(7.64249846122,4.785521025056,0.));
#13241 = VECTOR('',#13242,1.);
#13242 = DIRECTION('',(0.,0.,1.));
#13243 = ORIENTED_EDGE('',*,*,#10440,.F.);
#13244 = SURFACE_OF_LINEAR_EXTRUSION('',#13245,#13250);
#13245 = B_SPLINE_CURVE_WITH_KNOTS('',3,(#13246,#13247,#13248,#13249),
  .UNSPECIFIED.,.F.,.F.,(4,4),(0.,1.),.PIECEWISE_BEZIER_KNOTS.);
#13246 = CARTESIAN_POINT('',(9.059036323582,4.853667292444,0.));
#13247 = CARTESIAN_POINT('',(8.425003437939,4.915575604426,0.));
#13248 = CARTESIAN_POINT('',(7.954711954122,4.858635730456,0.));
#13249 = CARTESIAN_POINT('',(7.64249846122,4.785521025056,0.));
#13250 = VECTOR('',#13251,1.);
#13251 = DIRECTION('',(-0.,-0.,-1.));
#13252 = ADVANCED_FACE('',(#13253),#13264,.F.);
#13253 = FACE_BOUND('',#13254,.F.);
#13254 = EDGE_LOOP('',(#13255,#13261,#13262,#13263));
#13255 = ORIENTED_EDGE('',*,*,#13256,.T.);
#13256 = EDGE_CURVE('',#11409,#12635,#13257,.T.);
#13257 = LINE('',#13258,#13259);
#13258 = CARTESIAN_POINT('',(6.36615391701,-6.386006460687,0.));
#13259 = VECTOR('',#13260,1.);
#13260 = DIRECTION('',(0.,0.,1.));
#13261 = ORIENTED_EDGE('',*,*,#12643,.T.);
#13262 = ORIENTED_EDGE('',*,*,#13219,.F.);
#13263 = ORIENTED_EDGE('',*,*,#11417,.F.);
#13264 = SURFACE_OF_LINEAR_EXTRUSION('',#13265,#13270);
#13265 = B_SPLINE_CURVE_WITH_KNOTS('',3,(#13266,#13267,#13268,#13269),
  .UNSPECIFIED.,.F.,.F.,(4,4),(0.,1.),.PIECEWISE_BEZIER_KNOTS.);
#13266 = CARTESIAN_POINT('',(6.36615391701,-6.386006460687,0.));
#13267 = CARTESIAN_POINT('',(6.247308327628,-6.145329754582,0.));
#13268 = CARTESIAN_POINT('',(6.148450233579,-6.023966739227,0.));
#13269 = CARTESIAN_POINT('',(6.113753037519,-5.985056157643,0.));
#13270 = VECTOR('',#13271,1.);
#13271 = DIRECTION('',(-0.,-0.,-1.));
#13272 = ADVANCED_FACE('',(#13273),#13284,.F.);
#13273 = FACE_BOUND('',#13274,.F.);
#13274 = EDGE_LOOP('',(#13275,#13276,#13277,#13283));
#13275 = ORIENTED_EDGE('',*,*,#13238,.T.);
#13276 = ORIENTED_EDGE('',*,*,#11675,.T.);
#13277 = ORIENTED_EDGE('',*,*,#13278,.F.);
#13278 = EDGE_CURVE('',#10450,#11676,#13279,.T.);
#13279 = LINE('',#13280,#13281);
#13280 = CARTESIAN_POINT('',(7.195436339949,4.628668198484,0.));
#13281 = VECTOR('',#13282,1.);
#13282 = DIRECTION('',(0.,0.,1.));
#13283 = ORIENTED_EDGE('',*,*,#10449,.F.);
#13284 = SURFACE_OF_LINEAR_EXTRUSION('',#13285,#13290);
#13285 = B_SPLINE_CURVE_WITH_KNOTS('',3,(#13286,#13287,#13288,#13289),
  .UNSPECIFIED.,.F.,.F.,(4,4),(0.,1.),.PIECEWISE_BEZIER_KNOTS.);
#13286 = CARTESIAN_POINT('',(7.64249846122,4.785521025056,0.));
#13287 = CARTESIAN_POINT('',(7.38141039108,4.723210748152,0.));
#13288 = CARTESIAN_POINT('',(7.241092204487,4.653837044443,0.));
#13289 = CARTESIAN_POINT('',(7.195436339949,4.628668198484,0.));
#13290 = VECTOR('',#13291,1.);
#13291 = DIRECTION('',(-0.,-0.,-1.));
#13292 = ADVANCED_FACE('',(#13293),#13304,.F.);
#13293 = FACE_BOUND('',#13294,.F.);
#13294 = EDGE_LOOP('',(#13295,#13301,#13302,#13303));
#13295 = ORIENTED_EDGE('',*,*,#13296,.T.);
#13296 = EDGE_CURVE('',#11400,#12626,#13297,.T.);
#13297 = LINE('',#13298,#13299);
#13298 = CARTESIAN_POINT('',(6.747800943316,-7.751864790301,0.));
#13299 = VECTOR('',#13300,1.);
#13300 = DIRECTION('',(0.,0.,1.));
#13301 = ORIENTED_EDGE('',*,*,#12634,.T.);
#13302 = ORIENTED_EDGE('',*,*,#13256,.F.);
#13303 = ORIENTED_EDGE('',*,*,#11408,.F.);
#13304 = SURFACE_OF_LINEAR_EXTRUSION('',#13305,#13310);
#13305 = B_SPLINE_CURVE_WITH_KNOTS('',3,(#13306,#13307,#13308,#13309),
  .UNSPECIFIED.,.F.,.F.,(4,4),(0.,1.),.PIECEWISE_BEZIER_KNOTS.);
#13306 = CARTESIAN_POINT('',(6.747800943316,-7.751864790301,0.));
#13307 = CARTESIAN_POINT('',(6.66707149479,-7.119952537445,0.));
#13308 = CARTESIAN_POINT('',(6.506909522131,-6.674122556946,0.));
#13309 = CARTESIAN_POINT('',(6.36615391701,-6.386006460687,0.));
#13310 = VECTOR('',#13311,1.);
#13311 = DIRECTION('',(-0.,-0.,-1.));
#13312 = ADVANCED_FACE('',(#13313),#13324,.F.);
#13313 = FACE_BOUND('',#13314,.F.);
#13314 = EDGE_LOOP('',(#13315,#13316,#13317,#13323));
#13315 = ORIENTED_EDGE('',*,*,#13278,.T.);
#13316 = ORIENTED_EDGE('',*,*,#11684,.T.);
#13317 = ORIENTED_EDGE('',*,*,#13318,.F.);
#13318 = EDGE_CURVE('',#10459,#11685,#13319,.T.);
#13319 = LINE('',#13320,#13321);
#13320 = CARTESIAN_POINT('',(6.602170412554,4.248040996828,0.));
#13321 = VECTOR('',#13322,1.);
#13322 = DIRECTION('',(0.,0.,1.));
#13323 = ORIENTED_EDGE('',*,*,#10458,.F.);
#13324 = PLANE('',#13325);
#13325 = AXIS2_PLACEMENT_3D('',#13326,#13327,#13328);
#13326 = CARTESIAN_POINT('',(7.195436339949,4.628668198484,0.));
#13327 = DIRECTION('',(0.539996416789,-0.841667315425,0.));
#13328 = DIRECTION('',(-0.841667315425,-0.539996416789,0.));
#13329 = ADVANCED_FACE('',(#13330),#13341,.T.);
#13330 = FACE_BOUND('',#13331,.F.);
#13331 = EDGE_LOOP('',(#13332,#13338,#13339,#13340));
#13332 = ORIENTED_EDGE('',*,*,#13333,.T.);
#13333 = EDGE_CURVE('',#11391,#12617,#13334,.T.);
#13334 = LINE('',#13335,#13336);
#13335 = CARTESIAN_POINT('',(6.057355205774,-8.304362956903,0.));
#13336 = VECTOR('',#13337,1.);
#13337 = DIRECTION('',(0.,0.,1.));
#13338 = ORIENTED_EDGE('',*,*,#12625,.T.);
#13339 = ORIENTED_EDGE('',*,*,#13296,.F.);
#13340 = ORIENTED_EDGE('',*,*,#11399,.F.);
#13341 = CYLINDRICAL_SURFACE('',#13342,10.277364705881);
#13342 = AXIS2_PLACEMENT_3D('',#13343,#13344,#13345);
#13343 = CARTESIAN_POINT('',(-1.269897291591E-02,-1.107244194709E-02,0.)
  );
#13344 = DIRECTION('',(-0.,-0.,-1.));
#13345 = DIRECTION('',(0.590623603657,-0.806947184643,0.));
#13346 = ADVANCED_FACE('',(#13347),#13358,.F.);
#13347 = FACE_BOUND('',#13348,.F.);
#13348 = EDGE_LOOP('',(#13349,#13350,#13351,#13357));
#13349 = ORIENTED_EDGE('',*,*,#13318,.T.);
#13350 = ORIENTED_EDGE('',*,*,#11692,.T.);
#13351 = ORIENTED_EDGE('',*,*,#13352,.F.);
#13352 = EDGE_CURVE('',#10467,#11693,#13353,.T.);
#13353 = LINE('',#13354,#13355);
#13354 = CARTESIAN_POINT('',(5.925751124088,4.361263232004,0.));
#13355 = VECTOR('',#13356,1.);
#13356 = DIRECTION('',(0.,0.,1.));
#13357 = ORIENTED_EDGE('',*,*,#10466,.F.);
#13358 = CYLINDRICAL_SURFACE('',#13359,0.493105882353);
#13359 = AXIS2_PLACEMENT_3D('',#13360,#13361,#13362);
#13360 = CARTESIAN_POINT('',(6.32245944,4.654138501184,0.));
#13361 = DIRECTION('',(0.,0.,-1.));
#13362 = DIRECTION('',(0.567243228206,-0.823550314221,0.));
#13363 = ADVANCED_FACE('',(#13364),#13375,.F.);
#13364 = FACE_BOUND('',#13365,.F.);
#13365 = EDGE_LOOP('',(#13366,#13372,#13373,#13374));
#13366 = ORIENTED_EDGE('',*,*,#13367,.T.);
#13367 = EDGE_CURVE('',#11382,#12608,#13368,.T.);
#13368 = LINE('',#13369,#13370);
#13369 = CARTESIAN_POINT('',(4.809293430575,-7.627561268822,0.));
#13370 = VECTOR('',#13371,1.);
#13371 = DIRECTION('',(0.,0.,1.));
#13372 = ORIENTED_EDGE('',*,*,#12616,.T.);
#13373 = ORIENTED_EDGE('',*,*,#13333,.F.);
#13374 = ORIENTED_EDGE('',*,*,#11390,.F.);
#13375 = SURFACE_OF_LINEAR_EXTRUSION('',#13376,#13381);
#13376 = B_SPLINE_CURVE_WITH_KNOTS('',3,(#13377,#13378,#13379,#13380),
  .UNSPECIFIED.,.F.,.F.,(4,4),(0.,1.),.PIECEWISE_BEZIER_KNOTS.);
#13377 = CARTESIAN_POINT('',(4.809293430575,-7.627561268822,0.));
#13378 = CARTESIAN_POINT('',(5.058864786055,-7.828899699877,0.));
#13379 = CARTESIAN_POINT('',(5.457877486391,-8.084252581139,0.));
#13380 = CARTESIAN_POINT('',(6.057355205774,-8.304362956903,0.));
#13381 = VECTOR('',#13382,1.);
#13382 = DIRECTION('',(-0.,-0.,-1.));
#13383 = ADVANCED_FACE('',(#13384),#13395,.T.);
#13384 = FACE_BOUND('',#13385,.F.);
#13385 = EDGE_LOOP('',(#13386,#13387,#13388,#13394));
#13386 = ORIENTED_EDGE('',*,*,#13352,.T.);
#13387 = ORIENTED_EDGE('',*,*,#11701,.T.);
#13388 = ORIENTED_EDGE('',*,*,#13389,.F.);
#13389 = EDGE_CURVE('',#10476,#11702,#13390,.T.);
#13390 = LINE('',#13391,#13392);
#13391 = CARTESIAN_POINT('',(5.570520931778,4.806707803901,0.));
#13392 = VECTOR('',#13393,1.);
#13393 = DIRECTION('',(0.,0.,1.));
#13394 = ORIENTED_EDGE('',*,*,#10475,.F.);
#13395 = CYLINDRICAL_SURFACE('',#13396,7.357658823529);
#13396 = AXIS2_PLACEMENT_3D('',#13397,#13398,#13399);
#13397 = CARTESIAN_POINT('',(-3.515E-14,-1.412E-14,0.));
#13398 = DIRECTION('',(-0.,-0.,-1.));
#13399 = DIRECTION('',(0.805385417592,0.592751490196,0.));
#13400 = ADVANCED_FACE('',(#13401),#13412,.F.);
#13401 = FACE_BOUND('',#13402,.F.);
#13402 = EDGE_LOOP('',(#13403,#13409,#13410,#13411));
#13403 = ORIENTED_EDGE('',*,*,#13404,.T.);
#13404 = EDGE_CURVE('',#11374,#12600,#13405,.T.);
#13405 = LINE('',#13406,#13407);
#13406 = CARTESIAN_POINT('',(4.474560268175,-7.292268770443,0.));
#13407 = VECTOR('',#13408,1.);
#13408 = DIRECTION('',(0.,0.,1.));
#13409 = ORIENTED_EDGE('',*,*,#12607,.T.);
#13410 = ORIENTED_EDGE('',*,*,#13367,.F.);
#13411 = ORIENTED_EDGE('',*,*,#11381,.F.);
#13412 = SURFACE_OF_LINEAR_EXTRUSION('',#13413,#13418);
#13413 = B_SPLINE_CURVE_WITH_KNOTS('',3,(#13414,#13415,#13416,#13417),
  .UNSPECIFIED.,.F.,.F.,(4,4),(0.,1.),.PIECEWISE_BEZIER_KNOTS.);
#13414 = CARTESIAN_POINT('',(4.474560268175,-7.292268770443,0.));
#13415 = CARTESIAN_POINT('',(4.504774427767,-7.334754454312,0.));
#13416 = CARTESIAN_POINT('',(4.601096623526,-7.45813978107,0.));
#13417 = CARTESIAN_POINT('',(4.809293430575,-7.627561268822,0.));
#13418 = VECTOR('',#13419,1.);
#13419 = DIRECTION('',(-0.,-0.,-1.));
#13420 = ADVANCED_FACE('',(#13421),#13432,.F.);
#13421 = FACE_BOUND('',#13422,.F.);
#13422 = EDGE_LOOP('',(#13423,#13424,#13425,#13431));
#13423 = ORIENTED_EDGE('',*,*,#13389,.T.);
#13424 = ORIENTED_EDGE('',*,*,#11710,.T.);
#13425 = ORIENTED_EDGE('',*,*,#13426,.F.);
#13426 = EDGE_CURVE('',#10485,#11711,#13427,.T.);
#13427 = LINE('',#13428,#13429);
#13428 = CARTESIAN_POINT('',(5.61065486624,5.491362166081,0.));
#13429 = VECTOR('',#13430,1.);
#13430 = DIRECTION('',(0.,0.,1.));
#13431 = ORIENTED_EDGE('',*,*,#10484,.F.);
#13432 = CYLINDRICAL_SURFACE('',#13433,0.493105882353);
#13433 = AXIS2_PLACEMENT_3D('',#13434,#13435,#13436);
#13434 = CARTESIAN_POINT('',(5.944329111454,5.128298935648,0.));
#13435 = DIRECTION('',(0.,0.,-1.));
#13436 = DIRECTION('',(-0.7580687902,-0.652174600337,-0.));
#13437 = ADVANCED_FACE('',(#13438),#13449,.F.);
#13438 = FACE_BOUND('',#13439,.F.);
#13439 = EDGE_LOOP('',(#13440,#13446,#13447,#13448));
#13440 = ORIENTED_EDGE('',*,*,#13441,.T.);
#13441 = EDGE_CURVE('',#11365,#12591,#13442,.T.);
#13442 = LINE('',#13443,#13444);
#13443 = CARTESIAN_POINT('',(4.105194090669,-6.691927072605,0.));
#13444 = VECTOR('',#13445,1.);
#13445 = DIRECTION('',(0.,0.,1.));
#13446 = ORIENTED_EDGE('',*,*,#12599,.T.);
#13447 = ORIENTED_EDGE('',*,*,#13404,.F.);
#13448 = ORIENTED_EDGE('',*,*,#11373,.F.);
#13449 = PLANE('',#13450);
#13450 = AXIS2_PLACEMENT_3D('',#13451,#13452,#13453);
#13451 = CARTESIAN_POINT('',(4.105194090669,-6.691927072605,0.));
#13452 = DIRECTION('',(0.851705722215,0.524020383903,0.));
#13453 = DIRECTION('',(0.524020383903,-0.851705722215,0.));
#13454 = ADVANCED_FACE('',(#13455),#13466,.F.);
#13455 = FACE_BOUND('',#13456,.F.);
#13456 = EDGE_LOOP('',(#13457,#13458,#13459,#13465));
#13457 = ORIENTED_EDGE('',*,*,#13426,.T.);
#13458 = ORIENTED_EDGE('',*,*,#11719,.T.);
#13459 = ORIENTED_EDGE('',*,*,#13460,.F.);
#13460 = EDGE_CURVE('',#10494,#11720,#13461,.T.);
#13461 = LINE('',#13462,#13463);
#13462 = CARTESIAN_POINT('',(6.113753037519,5.985056157643,0.));
#13463 = VECTOR('',#13464,1.);
#13464 = DIRECTION('',(0.,0.,1.));
#13465 = ORIENTED_EDGE('',*,*,#10493,.F.);
#13466 = PLANE('',#13467);
#13467 = AXIS2_PLACEMENT_3D('',#13468,#13469,#13470);
#13468 = CARTESIAN_POINT('',(5.61065486624,5.491362166081,0.));
#13469 = DIRECTION('',(-0.700404451582,0.713746176315,0.));
#13470 = DIRECTION('',(0.713746176315,0.700404451582,0.));
#13471 = ADVANCED_FACE('',(#13472),#13483,.F.);
#13472 = FACE_BOUND('',#13473,.F.);
#13473 = EDGE_LOOP('',(#13474,#13480,#13481,#13482));
#13474 = ORIENTED_EDGE('',*,*,#13475,.T.);
#13475 = EDGE_CURVE('',#11356,#12582,#13476,.T.);
#13476 = LINE('',#13477,#13478);
#13477 = CARTESIAN_POINT('',(3.446636083363,-6.500449451563,0.));
#13478 = VECTOR('',#13479,1.);
#13479 = DIRECTION('',(0.,0.,1.));
#13480 = ORIENTED_EDGE('',*,*,#12590,.T.);
#13481 = ORIENTED_EDGE('',*,*,#13441,.F.);
#13482 = ORIENTED_EDGE('',*,*,#11364,.F.);
#13483 = CYLINDRICAL_SURFACE('',#13484,0.493105882353);
#13484 = AXIS2_PLACEMENT_3D('',#13485,#13486,#13487);
#13485 = CARTESIAN_POINT('',(3.676984108752,-6.936446238719,0.));
#13486 = DIRECTION('',(0.,0.,-1.));
#13487 = DIRECTION('',(-0.467137046286,0.88418492409,0.));
#13488 = ADVANCED_FACE('',(#13489),#13500,.F.);
#13489 = FACE_BOUND('',#13490,.F.);
#13490 = EDGE_LOOP('',(#13491,#13492,#13493,#13499));
#13491 = ORIENTED_EDGE('',*,*,#13460,.T.);
#13492 = ORIENTED_EDGE('',*,*,#11727,.T.);
#13493 = ORIENTED_EDGE('',*,*,#13494,.F.);
#13494 = EDGE_CURVE('',#10502,#11728,#13495,.T.);
#13495 = LINE('',#13496,#13497);
#13496 = CARTESIAN_POINT('',(6.36615391701,6.386006460687,0.));
#13497 = VECTOR('',#13498,1.);
#13498 = DIRECTION('',(0.,0.,1.));
#13499 = ORIENTED_EDGE('',*,*,#10501,.F.);
#13500 = SURFACE_OF_LINEAR_EXTRUSION('',#13501,#13506);
#13501 = B_SPLINE_CURVE_WITH_KNOTS('',3,(#13502,#13503,#13504,#13505),
  .UNSPECIFIED.,.F.,.F.,(4,4),(0.,1.),.PIECEWISE_BEZIER_KNOTS.);
#13502 = CARTESIAN_POINT('',(6.113753037519,5.985056157643,0.));
#13503 = CARTESIAN_POINT('',(6.148450233579,6.023966739227,0.));
#13504 = CARTESIAN_POINT('',(6.247308327628,6.145329754582,0.));
#13505 = CARTESIAN_POINT('',(6.36615391701,6.386006460687,0.));
#13506 = VECTOR('',#13507,1.);
#13507 = DIRECTION('',(-0.,-0.,-1.));
#13508 = ADVANCED_FACE('',(#13509),#13520,.T.);
#13509 = FACE_BOUND('',#13510,.F.);
#13510 = EDGE_LOOP('',(#13511,#13517,#13518,#13519));
#13511 = ORIENTED_EDGE('',*,*,#13512,.T.);
#13512 = EDGE_CURVE('',#11347,#12573,#13513,.T.);
#13513 = LINE('',#13514,#13515);
#13514 = CARTESIAN_POINT('',(2.933313582728,-6.747652539131,0.));
#13515 = VECTOR('',#13516,1.);
#13516 = DIRECTION('',(0.,0.,1.));
#13517 = ORIENTED_EDGE('',*,*,#12581,.T.);
#13518 = ORIENTED_EDGE('',*,*,#13475,.F.);
#13519 = ORIENTED_EDGE('',*,*,#11355,.F.);
#13520 = CYLINDRICAL_SURFACE('',#13521,7.357658823529);
#13521 = AXIS2_PLACEMENT_3D('',#13522,#13523,#13524);
#13522 = CARTESIAN_POINT('',(2.5529E-13,-5.6302E-13,0.));
#13523 = DIRECTION('',(-0.,-0.,-1.));
#13524 = DIRECTION('',(0.398674857463,-0.917092338877,0.));
#13525 = ADVANCED_FACE('',(#13526),#13537,.F.);
#13526 = FACE_BOUND('',#13527,.F.);
#13527 = EDGE_LOOP('',(#13528,#13529,#13530,#13536));
#13528 = ORIENTED_EDGE('',*,*,#13494,.T.);
#13529 = ORIENTED_EDGE('',*,*,#11736,.T.);
#13530 = ORIENTED_EDGE('',*,*,#13531,.F.);
#13531 = EDGE_CURVE('',#10511,#11737,#13532,.T.);
#13532 = LINE('',#13533,#13534);
#13533 = CARTESIAN_POINT('',(6.74826690188,7.753379265191,0.));
#13534 = VECTOR('',#13535,1.);
#13535 = DIRECTION('',(0.,0.,1.));
#13536 = ORIENTED_EDGE('',*,*,#10510,.F.);
#13537 = SURFACE_OF_LINEAR_EXTRUSION('',#13538,#13543);
#13538 = B_SPLINE_CURVE_WITH_KNOTS('',3,(#13539,#13540,#13541,#13542),
  .UNSPECIFIED.,.F.,.F.,(4,4),(0.,1.),.PIECEWISE_BEZIER_KNOTS.);
#13539 = CARTESIAN_POINT('',(6.36615391701,6.386006460687,0.));
#13540 = CARTESIAN_POINT('',(6.506909522131,6.674122556946,0.));
#13541 = CARTESIAN_POINT('',(6.66707149479,7.119952537445,0.));
#13542 = CARTESIAN_POINT('',(6.74826690188,7.753379265191,0.));
#13543 = VECTOR('',#13544,1.);
#13544 = DIRECTION('',(-0.,-0.,-1.));
#13545 = ADVANCED_FACE('',(#13546),#13557,.F.);
#13546 = FACE_BOUND('',#13547,.F.);
#13547 = EDGE_LOOP('',(#13548,#13554,#13555,#13556));
#13548 = ORIENTED_EDGE('',*,*,#13549,.T.);
#13549 = EDGE_CURVE('',#11339,#12565,#13550,.T.);
#13550 = LINE('',#13551,#13552);
#13551 = CARTESIAN_POINT('',(2.67241261356,-7.381918266278,0.));
#13552 = VECTOR('',#13553,1.);
#13553 = DIRECTION('',(0.,0.,1.));
#13554 = ORIENTED_EDGE('',*,*,#12572,.T.);
#13555 = ORIENTED_EDGE('',*,*,#13512,.F.);
#13556 = ORIENTED_EDGE('',*,*,#11346,.F.);
#13557 = CYLINDRICAL_SURFACE('',#13558,0.493105882353);
#13558 = AXIS2_PLACEMENT_3D('',#13559,#13560,#13561);
#13559 = CARTESIAN_POINT('',(3.130569952474,-7.199585427739,0.));
#13560 = DIRECTION('',(0.,0.,-1.));
#13561 = DIRECTION('',(-0.929125681341,-0.369764071094,-0.));
#13562 = ADVANCED_FACE('',(#13563),#13574,.T.);
#13563 = FACE_BOUND('',#13564,.F.);
#13564 = EDGE_LOOP('',(#13565,#13566,#13567,#13573));
#13565 = ORIENTED_EDGE('',*,*,#13531,.T.);
#13566 = ORIENTED_EDGE('',*,*,#11745,.T.);
#13567 = ORIENTED_EDGE('',*,*,#13568,.F.);
#13568 = EDGE_CURVE('',#10520,#11746,#13569,.T.);
#13569 = LINE('',#13570,#13571);
#13570 = CARTESIAN_POINT('',(6.055982387466,8.303571678526,0.));
#13571 = VECTOR('',#13572,1.);
#13572 = DIRECTION('',(0.,0.,1.));
#13573 = ORIENTED_EDGE('',*,*,#10519,.F.);
#13574 = CYLINDRICAL_SURFACE('',#13575,10.277364705881);
#13575 = AXIS2_PLACEMENT_3D('',#13576,#13577,#13578);
#13576 = CARTESIAN_POINT('',(1.362062002376E-02,-9.916733028552E-03,0.)
  );
#13577 = DIRECTION('',(-0.,-0.,-1.));
#13578 = DIRECTION('',(0.655289218062,0.755378077979,0.));
#13579 = ADVANCED_FACE('',(#13580),#13591,.F.);
#13580 = FACE_BOUND('',#13581,.F.);
#13581 = EDGE_LOOP('',(#13582,#13588,#13589,#13590));
#13582 = ORIENTED_EDGE('',*,*,#13583,.T.);
#13583 = EDGE_CURVE('',#11330,#12556,#13584,.T.);
#13584 = LINE('',#13585,#13586);
#13585 = CARTESIAN_POINT('',(2.911482608342,-8.045007298644,0.));
#13586 = VECTOR('',#13587,1.);
#13587 = DIRECTION('',(0.,0.,1.));
#13588 = ORIENTED_EDGE('',*,*,#12564,.T.);
#13589 = ORIENTED_EDGE('',*,*,#13549,.F.);
#13590 = ORIENTED_EDGE('',*,*,#11338,.F.);
#13591 = PLANE('',#13592);
#13592 = AXIS2_PLACEMENT_3D('',#13593,#13594,#13595);
#13593 = CARTESIAN_POINT('',(2.911482608342,-8.045007298644,0.));
#13594 = DIRECTION('',(-0.940725465576,-0.339168982097,0.));
#13595 = DIRECTION('',(-0.339168982097,0.940725465576,0.));
#13596 = ADVANCED_FACE('',(#13597),#13608,.F.);
#13597 = FACE_BOUND('',#13598,.F.);
#13598 = EDGE_LOOP('',(#13599,#13600,#13601,#13607));
#13599 = ORIENTED_EDGE('',*,*,#13568,.T.);
#13600 = ORIENTED_EDGE('',*,*,#11754,.T.);
#13601 = ORIENTED_EDGE('',*,*,#13602,.F.);
#13602 = EDGE_CURVE('',#10529,#11755,#13603,.T.);
#13603 = LINE('',#13604,#13605);
#13604 = CARTESIAN_POINT('',(4.809293430575,7.627561268822,0.));
#13605 = VECTOR('',#13606,1.);
#13606 = DIRECTION('',(0.,0.,1.));
#13607 = ORIENTED_EDGE('',*,*,#10528,.F.);
#13608 = SURFACE_OF_LINEAR_EXTRUSION('',#13609,#13614);
#13609 = B_SPLINE_CURVE_WITH_KNOTS('',3,(#13610,#13611,#13612,#13613),
  .UNSPECIFIED.,.F.,.F.,(4,4),(0.,1.),.PIECEWISE_BEZIER_KNOTS.);
#13610 = CARTESIAN_POINT('',(6.055982387466,8.303571678526,0.));
#13611 = CARTESIAN_POINT('',(5.457877486391,8.084252581139,0.));
#13612 = CARTESIAN_POINT('',(5.058864786055,7.828899699877,0.));
#13613 = CARTESIAN_POINT('',(4.809293430575,7.627561268822,0.));
#13614 = VECTOR('',#13615,1.);
#13615 = DIRECTION('',(-0.,-0.,-1.));
#13616 = ADVANCED_FACE('',(#13617),#13628,.F.);
#13617 = FACE_BOUND('',#13618,.F.);
#13618 = EDGE_LOOP('',(#13619,#13625,#13626,#13627));
#13619 = ORIENTED_EDGE('',*,*,#13620,.T.);
#13620 = EDGE_CURVE('',#11321,#12547,#13621,.T.);
#13621 = LINE('',#13622,#13623);
#13622 = CARTESIAN_POINT('',(2.964922126309,-8.515763676613,0.));
#13623 = VECTOR('',#13624,1.);
#13624 = DIRECTION('',(0.,0.,1.));
#13625 = ORIENTED_EDGE('',*,*,#12555,.T.);
#13626 = ORIENTED_EDGE('',*,*,#13583,.F.);
#13627 = ORIENTED_EDGE('',*,*,#11329,.F.);
#13628 = SURFACE_OF_LINEAR_EXTRUSION('',#13629,#13634);
#13629 = B_SPLINE_CURVE_WITH_KNOTS('',3,(#13630,#13631,#13632,#13633),
  .UNSPECIFIED.,.F.,.F.,(4,4),(0.,1.),.PIECEWISE_BEZIER_KNOTS.);
#13630 = CARTESIAN_POINT('',(2.964922126309,-8.515763676613,0.));
#13631 = CARTESIAN_POINT('',(2.962271659352,-8.247356288484,0.));
#13632 = CARTESIAN_POINT('',(2.925861033167,-8.095119070446,0.));
#13633 = CARTESIAN_POINT('',(2.911482608342,-8.045007298644,0.));
#13634 = VECTOR('',#13635,1.);
#13635 = DIRECTION('',(-0.,-0.,-1.));
#13636 = ADVANCED_FACE('',(#13637),#13648,.F.);
#13637 = FACE_BOUND('',#13638,.F.);
#13638 = EDGE_LOOP('',(#13639,#13640,#13641,#13647));
#13639 = ORIENTED_EDGE('',*,*,#13602,.T.);
#13640 = ORIENTED_EDGE('',*,*,#11763,.T.);
#13641 = ORIENTED_EDGE('',*,*,#13642,.F.);
#13642 = EDGE_CURVE('',#10538,#11764,#13643,.T.);
#13643 = LINE('',#13644,#13645);
#13644 = CARTESIAN_POINT('',(4.474560268175,7.292268770443,0.));
#13645 = VECTOR('',#13646,1.);
#13646 = DIRECTION('',(0.,0.,1.));
#13647 = ORIENTED_EDGE('',*,*,#10537,.F.);
#13648 = SURFACE_OF_LINEAR_EXTRUSION('',#13649,#13654);
#13649 = B_SPLINE_CURVE_WITH_KNOTS('',3,(#13650,#13651,#13652,#13653),
  .UNSPECIFIED.,.F.,.F.,(4,4),(0.,1.),.PIECEWISE_BEZIER_KNOTS.);
#13650 = CARTESIAN_POINT('',(4.809293430575,7.627561268822,0.));
#13651 = CARTESIAN_POINT('',(4.601096623526,7.45813978107,0.));
#13652 = CARTESIAN_POINT('',(4.504774427767,7.334754454312,0.));
#13653 = CARTESIAN_POINT('',(4.474560268175,7.292268770443,0.));
#13654 = VECTOR('',#13655,1.);
#13655 = DIRECTION('',(-0.,-0.,-1.));
#13656 = ADVANCED_FACE('',(#13657),#13668,.F.);
#13657 = FACE_BOUND('',#13658,.F.);
#13658 = EDGE_LOOP('',(#13659,#13665,#13666,#13667));
#13659 = ORIENTED_EDGE('',*,*,#13660,.T.);
#13660 = EDGE_CURVE('',#11312,#12538,#13661,.T.);
#13661 = LINE('',#13662,#13663);
#13662 = CARTESIAN_POINT('',(2.71615049638,-9.911949948357,0.));
#13663 = VECTOR('',#13664,1.);
#13664 = DIRECTION('',(0.,0.,1.));
#13665 = ORIENTED_EDGE('',*,*,#12546,.T.);
#13666 = ORIENTED_EDGE('',*,*,#13620,.F.);
#13667 = ORIENTED_EDGE('',*,*,#11320,.F.);
#13668 = SURFACE_OF_LINEAR_EXTRUSION('',#13669,#13674);
#13669 = B_SPLINE_CURVE_WITH_KNOTS('',3,(#13670,#13671,#13672,#13673),
  .UNSPECIFIED.,.F.,.F.,(4,4),(0.,1.),.PIECEWISE_BEZIER_KNOTS.);
#13670 = CARTESIAN_POINT('',(2.71615049638,-9.911949948357,0.));
#13671 = CARTESIAN_POINT('',(2.917592227599,-9.307589486304,0.));
#13672 = CARTESIAN_POINT('',(2.966729655361,-8.836418877935,0.));
#13673 = CARTESIAN_POINT('',(2.964922126309,-8.515763676613,0.));
#13674 = VECTOR('',#13675,1.);
#13675 = DIRECTION('',(-0.,-0.,-1.));
#13676 = ADVANCED_FACE('',(#13677),#13688,.F.);
#13677 = FACE_BOUND('',#13678,.F.);
#13678 = EDGE_LOOP('',(#13679,#13680,#13681,#13687));
#13679 = ORIENTED_EDGE('',*,*,#13642,.T.);
#13680 = ORIENTED_EDGE('',*,*,#11772,.T.);
#13681 = ORIENTED_EDGE('',*,*,#13682,.F.);
#13682 = EDGE_CURVE('',#10547,#11773,#13683,.T.);
#13683 = LINE('',#13684,#13685);
#13684 = CARTESIAN_POINT('',(4.105194090669,6.691927072605,0.));
#13685 = VECTOR('',#13686,1.);
#13686 = DIRECTION('',(0.,0.,1.));
#13687 = ORIENTED_EDGE('',*,*,#10546,.F.);
#13688 = PLANE('',#13689);
#13689 = AXIS2_PLACEMENT_3D('',#13690,#13691,#13692);
#13690 = CARTESIAN_POINT('',(4.474560268175,7.292268770443,0.));
#13691 = DIRECTION('',(0.851705722215,-0.524020383903,0.));
#13692 = DIRECTION('',(-0.524020383903,-0.851705722215,0.));
#13693 = ADVANCED_FACE('',(#13694),#13705,.T.);
#13694 = FACE_BOUND('',#13695,.F.);
#13695 = EDGE_LOOP('',(#13696,#13702,#13703,#13704));
#13696 = ORIENTED_EDGE('',*,*,#13697,.T.);
#13697 = EDGE_CURVE('',#11303,#12529,#13698,.T.);
#13698 = LINE('',#13699,#13700);
#13699 = CARTESIAN_POINT('',(1.854360411498,-10.11016041777,0.));
#13700 = VECTOR('',#13701,1.);
#13701 = DIRECTION('',(0.,0.,1.));
#13702 = ORIENTED_EDGE('',*,*,#12537,.T.);
#13703 = ORIENTED_EDGE('',*,*,#13660,.F.);
#13704 = ORIENTED_EDGE('',*,*,#11311,.F.);
#13705 = CYLINDRICAL_SURFACE('',#13706,10.277364705883);
#13706 = AXIS2_PLACEMENT_3D('',#13707,#13708,#13709);
#13707 = CARTESIAN_POINT('',(-1.624553176504E-02,-4.466047632884E-03,0.)
  );
#13708 = DIRECTION('',(-0.,-0.,-1.));
#13709 = DIRECTION('',(0.182012217801,-0.98329626897,0.));
#13710 = ADVANCED_FACE('',(#13711),#13722,.F.);
#13711 = FACE_BOUND('',#13712,.F.);
#13712 = EDGE_LOOP('',(#13713,#13714,#13715,#13721));
#13713 = ORIENTED_EDGE('',*,*,#13682,.T.);
#13714 = ORIENTED_EDGE('',*,*,#11780,.T.);
#13715 = ORIENTED_EDGE('',*,*,#13716,.F.);
#13716 = EDGE_CURVE('',#10555,#11781,#13717,.T.);
#13717 = LINE('',#13718,#13719);
#13718 = CARTESIAN_POINT('',(3.446636083363,6.500449451563,0.));
#13719 = VECTOR('',#13720,1.);
#13720 = DIRECTION('',(0.,0.,1.));
#13721 = ORIENTED_EDGE('',*,*,#10554,.F.);
#13722 = CYLINDRICAL_SURFACE('',#13723,0.493105882353);
#13723 = AXIS2_PLACEMENT_3D('',#13724,#13725,#13726);
#13724 = CARTESIAN_POINT('',(3.676984108752,6.936446238719,0.));
#13725 = DIRECTION('',(0.,0.,-1.));
#13726 = DIRECTION('',(0.868393578828,-0.495875581421,0.));
#13727 = ADVANCED_FACE('',(#13728),#13739,.F.);
#13728 = FACE_BOUND('',#13729,.F.);
#13729 = EDGE_LOOP('',(#13730,#13736,#13737,#13738));
#13730 = ORIENTED_EDGE('',*,*,#13731,.T.);
#13731 = EDGE_CURVE('',#11294,#12520,#13732,.T.);
#13732 = LINE('',#13733,#13734);
#13733 = CARTESIAN_POINT('',(1.023548853891,-8.958869457398,0.));
#13734 = VECTOR('',#13735,1.);
#13735 = DIRECTION('',(0.,0.,1.));
#13736 = ORIENTED_EDGE('',*,*,#12528,.T.);
#13737 = ORIENTED_EDGE('',*,*,#13697,.F.);
#13738 = ORIENTED_EDGE('',*,*,#11302,.F.);
#13739 = SURFACE_OF_LINEAR_EXTRUSION('',#13740,#13745);
#13740 = B_SPLINE_CURVE_WITH_KNOTS('',3,(#13741,#13742,#13743,#13744),
  .UNSPECIFIED.,.F.,.F.,(4,4),(0.,1.),.PIECEWISE_BEZIER_KNOTS.);
#13741 = CARTESIAN_POINT('',(1.023548853891,-8.958869457398,0.));
#13742 = CARTESIAN_POINT('',(1.161047404204,-9.248554068584,0.));
#13743 = CARTESIAN_POINT('',(1.409751962188,-9.651744187307,0.));
#13744 = CARTESIAN_POINT('',(1.854360411498,-10.11016041777,0.));
#13745 = VECTOR('',#13746,1.);
#13746 = DIRECTION('',(-0.,-0.,-1.));
#13747 = ADVANCED_FACE('',(#13748),#13759,.T.);
#13748 = FACE_BOUND('',#13749,.F.);
#13749 = EDGE_LOOP('',(#13750,#13751,#13752,#13758));
#13750 = ORIENTED_EDGE('',*,*,#13716,.T.);
#13751 = ORIENTED_EDGE('',*,*,#11789,.T.);
#13752 = ORIENTED_EDGE('',*,*,#13753,.F.);
#13753 = EDGE_CURVE('',#10564,#11790,#13754,.T.);
#13754 = LINE('',#13755,#13756);
#13755 = CARTESIAN_POINT('',(2.933313582728,6.747652539131,0.));
#13756 = VECTOR('',#13757,1.);
#13757 = DIRECTION('',(0.,0.,1.));
#13758 = ORIENTED_EDGE('',*,*,#10563,.F.);
#13759 = CYLINDRICAL_SURFACE('',#13760,7.357658823526);
#13760 = AXIS2_PLACEMENT_3D('',#13761,#13762,#13763);
#13761 = CARTESIAN_POINT('',(1.34704E-12,2.78685E-12,0.));
#13762 = DIRECTION('',(-0.,-0.,-1.));
#13763 = DIRECTION('',(0.468441954979,0.883494275485,0.));
#13764 = ADVANCED_FACE('',(#13765),#13776,.F.);
#13765 = FACE_BOUND('',#13766,.F.);
#13766 = EDGE_LOOP('',(#13767,#13773,#13774,#13775));
#13767 = ORIENTED_EDGE('',*,*,#13768,.T.);
#13768 = EDGE_CURVE('',#11286,#12512,#13769,.T.);
#13769 = LINE('',#13770,#13771);
#13770 = CARTESIAN_POINT('',(0.867442658408,-8.511546078609,0.));
#13771 = VECTOR('',#13772,1.);
#13772 = DIRECTION('',(0.,0.,1.));
#13773 = ORIENTED_EDGE('',*,*,#12519,.T.);
#13774 = ORIENTED_EDGE('',*,*,#13731,.F.);
#13775 = ORIENTED_EDGE('',*,*,#11293,.F.);
#13776 = SURFACE_OF_LINEAR_EXTRUSION('',#13777,#13782);
#13777 = B_SPLINE_CURVE_WITH_KNOTS('',3,(#13778,#13779,#13780,#13781),
  .UNSPECIFIED.,.F.,.F.,(4,4),(0.,1.),.PIECEWISE_BEZIER_KNOTS.);
#13778 = CARTESIAN_POINT('',(0.867442658408,-8.511546078609,0.));
#13779 = CARTESIAN_POINT('',(0.876230828195,-8.562933789644,0.));
#13780 = CARTESIAN_POINT('',(0.909479240936,-8.715892762265,0.));
#13781 = CARTESIAN_POINT('',(1.023548853891,-8.958869457398,0.));
#13782 = VECTOR('',#13783,1.);
#13783 = DIRECTION('',(-0.,-0.,-1.));
#13784 = ADVANCED_FACE('',(#13785),#13796,.F.);
#13785 = FACE_BOUND('',#13786,.F.);
#13786 = EDGE_LOOP('',(#13787,#13788,#13789,#13795));
#13787 = ORIENTED_EDGE('',*,*,#13753,.T.);
#13788 = ORIENTED_EDGE('',*,*,#11798,.T.);
#13789 = ORIENTED_EDGE('',*,*,#13790,.F.);
#13790 = EDGE_CURVE('',#10573,#11799,#13791,.T.);
#13791 = LINE('',#13792,#13793);
#13792 = CARTESIAN_POINT('',(2.67241261356,7.381918266278,0.));
#13793 = VECTOR('',#13794,1.);
#13794 = DIRECTION('',(0.,0.,1.));
#13795 = ORIENTED_EDGE('',*,*,#10572,.F.);
#13796 = CYLINDRICAL_SURFACE('',#13797,0.493105882353);
#13797 = AXIS2_PLACEMENT_3D('',#13798,#13799,#13800);
#13798 = CARTESIAN_POINT('',(3.130569952474,7.199585427739,0.));
#13799 = DIRECTION('',(0.,0.,-1.));
#13800 = DIRECTION('',(-0.400028425547,-0.91650273254,-0.));
#13801 = ADVANCED_FACE('',(#13802),#13813,.F.);
#13802 = FACE_BOUND('',#13803,.F.);
#13803 = EDGE_LOOP('',(#13804,#13810,#13811,#13812));
#13804 = ORIENTED_EDGE('',*,*,#13805,.T.);
#13805 = EDGE_CURVE('',#11277,#12503,#13806,.T.);
#13806 = LINE('',#13807,#13808);
#13807 = CARTESIAN_POINT('',(0.795133732226,-7.810394920553,0.));
#13808 = VECTOR('',#13809,1.);
#13809 = DIRECTION('',(0.,0.,1.));
#13810 = ORIENTED_EDGE('',*,*,#12511,.T.);
#13811 = ORIENTED_EDGE('',*,*,#13768,.F.);
#13812 = ORIENTED_EDGE('',*,*,#11285,.F.);
#13813 = PLANE('',#13814);
#13814 = AXIS2_PLACEMENT_3D('',#13815,#13816,#13817);
#13815 = CARTESIAN_POINT('',(0.795133732226,-7.810394920553,0.));
#13816 = DIRECTION('',(0.994724263872,0.10258478866,0.));
#13817 = DIRECTION('',(0.10258478866,-0.994724263872,0.));
#13818 = ADVANCED_FACE('',(#13819),#13830,.F.);
#13819 = FACE_BOUND('',#13820,.F.);
#13820 = EDGE_LOOP('',(#13821,#13822,#13823,#13829));
#13821 = ORIENTED_EDGE('',*,*,#13790,.T.);
#13822 = ORIENTED_EDGE('',*,*,#11807,.T.);
#13823 = ORIENTED_EDGE('',*,*,#13824,.F.);
#13824 = EDGE_CURVE('',#10582,#11808,#13825,.T.);
#13825 = LINE('',#13826,#13827);
#13826 = CARTESIAN_POINT('',(2.911482608342,8.045007298644,0.));
#13827 = VECTOR('',#13828,1.);
#13828 = DIRECTION('',(0.,0.,1.));
#13829 = ORIENTED_EDGE('',*,*,#10581,.F.);
#13830 = PLANE('',#13831);
#13831 = AXIS2_PLACEMENT_3D('',#13832,#13833,#13834);
#13832 = CARTESIAN_POINT('',(2.67241261356,7.381918266278,0.));
#13833 = DIRECTION('',(-0.940725465576,0.339168982097,0.));
#13834 = DIRECTION('',(0.339168982097,0.940725465576,0.));
#13835 = ADVANCED_FACE('',(#13836),#13847,.F.);
#13836 = FACE_BOUND('',#13837,.F.);
#13837 = EDGE_LOOP('',(#13838,#13844,#13845,#13846));
#13838 = ORIENTED_EDGE('',*,*,#13839,.T.);
#13839 = EDGE_CURVE('',#11268,#12494,#13840,.T.);
#13840 = LINE('',#13841,#13842);
#13841 = CARTESIAN_POINT('',(0.284872496111,-7.352141934458,0.));
#13842 = VECTOR('',#13843,1.);
#13843 = DIRECTION('',(0.,0.,1.));
#13844 = ORIENTED_EDGE('',*,*,#12502,.T.);
#13845 = ORIENTED_EDGE('',*,*,#13805,.F.);
#13846 = ORIENTED_EDGE('',*,*,#11276,.F.);
#13847 = CYLINDRICAL_SURFACE('',#13848,0.493105882353);
#13848 = AXIS2_PLACEMENT_3D('',#13849,#13850,#13851);
#13849 = CARTESIAN_POINT('',(0.303236979514,-7.844905728746,0.));
#13850 = DIRECTION('',(0.,0.,-1.));
#13851 = DIRECTION('',(-3.724247481195E-02,0.999306258396,0.));
#13852 = ADVANCED_FACE('',(#13853),#13864,.F.);
#13853 = FACE_BOUND('',#13854,.F.);
#13854 = EDGE_LOOP('',(#13855,#13856,#13857,#13863));
#13855 = ORIENTED_EDGE('',*,*,#13824,.T.);
#13856 = ORIENTED_EDGE('',*,*,#11815,.T.);
#13857 = ORIENTED_EDGE('',*,*,#13858,.F.);
#13858 = EDGE_CURVE('',#10590,#11816,#13859,.T.);
#13859 = LINE('',#13860,#13861);
#13860 = CARTESIAN_POINT('',(2.964922126309,8.515763676613,0.));
#13861 = VECTOR('',#13862,1.);
#13862 = DIRECTION('',(0.,0.,1.));
#13863 = ORIENTED_EDGE('',*,*,#10589,.F.);
#13864 = SURFACE_OF_LINEAR_EXTRUSION('',#13865,#13870);
#13865 = B_SPLINE_CURVE_WITH_KNOTS('',3,(#13866,#13867,#13868,#13869),
  .UNSPECIFIED.,.F.,.F.,(4,4),(0.,1.),.PIECEWISE_BEZIER_KNOTS.);
#13866 = CARTESIAN_POINT('',(2.911482608342,8.045007298644,0.));
#13867 = CARTESIAN_POINT('',(2.925861033167,8.095119070446,0.));
#13868 = CARTESIAN_POINT('',(2.962271659352,8.247356288484,0.));
#13869 = CARTESIAN_POINT('',(2.964922126309,8.515763676613,0.));
#13870 = VECTOR('',#13871,1.);
#13871 = DIRECTION('',(-0.,-0.,-1.));
#13872 = ADVANCED_FACE('',(#13873),#13884,.T.);
#13873 = FACE_BOUND('',#13874,.F.);
#13874 = EDGE_LOOP('',(#13875,#13881,#13882,#13883));
#13875 = ORIENTED_EDGE('',*,*,#13876,.T.);
#13876 = EDGE_CURVE('',#11259,#12485,#13877,.T.);
#13877 = LINE('',#13878,#13879);
#13878 = CARTESIAN_POINT('',(-0.284872496111,-7.352141934458,0.));
#13879 = VECTOR('',#13880,1.);
#13880 = DIRECTION('',(0.,0.,1.));
#13881 = ORIENTED_EDGE('',*,*,#12493,.T.);
#13882 = ORIENTED_EDGE('',*,*,#13839,.F.);
#13883 = ORIENTED_EDGE('',*,*,#11267,.F.);
#13884 = CYLINDRICAL_SURFACE('',#13885,7.357658823529);
#13885 = AXIS2_PLACEMENT_3D('',#13886,#13887,#13888);
#13886 = CARTESIAN_POINT('',(-1.619E-14,-4.178E-13,0.));
#13887 = DIRECTION('',(-0.,-0.,-1.));
#13888 = DIRECTION('',(-3.871781811894E-02,-0.999250184168,0.));
#13889 = ADVANCED_FACE('',(#13890),#13901,.F.);
#13890 = FACE_BOUND('',#13891,.F.);
#13891 = EDGE_LOOP('',(#13892,#13893,#13894,#13900));
#13892 = ORIENTED_EDGE('',*,*,#13858,.T.);
#13893 = ORIENTED_EDGE('',*,*,#11824,.T.);
#13894 = ORIENTED_EDGE('',*,*,#13895,.F.);
#13895 = EDGE_CURVE('',#10599,#11825,#13896,.T.);
#13896 = LINE('',#13897,#13898);
#13897 = CARTESIAN_POINT('',(2.715913204512,9.913516614929,0.));
#13898 = VECTOR('',#13899,1.);
#13899 = DIRECTION('',(0.,0.,1.));
#13900 = ORIENTED_EDGE('',*,*,#10598,.F.);
#13901 = SURFACE_OF_LINEAR_EXTRUSION('',#13902,#13907);
#13902 = B_SPLINE_CURVE_WITH_KNOTS('',3,(#13903,#13904,#13905,#13906),
  .UNSPECIFIED.,.F.,.F.,(4,4),(0.,1.),.PIECEWISE_BEZIER_KNOTS.);
#13903 = CARTESIAN_POINT('',(2.964922126309,8.515763676613,0.));
#13904 = CARTESIAN_POINT('',(2.966729655361,8.836418877935,0.));
#13905 = CARTESIAN_POINT('',(2.917592227599,9.307589486304,0.));
#13906 = CARTESIAN_POINT('',(2.715913204512,9.913516614929,0.));
#13907 = VECTOR('',#13908,1.);
#13908 = DIRECTION('',(-0.,-0.,-1.));
#13909 = ADVANCED_FACE('',(#13910),#13921,.F.);
#13910 = FACE_BOUND('',#13911,.F.);
#13911 = EDGE_LOOP('',(#13912,#13918,#13919,#13920));
#13912 = ORIENTED_EDGE('',*,*,#13913,.T.);
#13913 = EDGE_CURVE('',#11251,#12477,#13914,.T.);
#13914 = LINE('',#13915,#13916);
#13915 = CARTESIAN_POINT('',(-0.795133732226,-7.810394920553,0.));
#13916 = VECTOR('',#13917,1.);
#13917 = DIRECTION('',(0.,0.,1.));
#13918 = ORIENTED_EDGE('',*,*,#12484,.T.);
#13919 = ORIENTED_EDGE('',*,*,#13876,.F.);
#13920 = ORIENTED_EDGE('',*,*,#11258,.F.);
#13921 = CYLINDRICAL_SURFACE('',#13922,0.493105882353);
#13922 = AXIS2_PLACEMENT_3D('',#13923,#13924,#13925);
#13923 = CARTESIAN_POINT('',(-0.303236979514,-7.844905728746,0.));
#13924 = DIRECTION('',(0.,0.,-1.));
#13925 = DIRECTION('',(-0.997547931015,6.9986608206E-02,0.));
#13926 = ADVANCED_FACE('',(#13927),#13938,.T.);
#13927 = FACE_BOUND('',#13928,.F.);
#13928 = EDGE_LOOP('',(#13929,#13930,#13931,#13937));
#13929 = ORIENTED_EDGE('',*,*,#13895,.T.);
#13930 = ORIENTED_EDGE('',*,*,#11833,.T.);
#13931 = ORIENTED_EDGE('',*,*,#13932,.F.);
#13932 = EDGE_CURVE('',#10608,#11834,#13933,.T.);
#13933 = LINE('',#13934,#13935);
#13934 = CARTESIAN_POINT('',(1.853466867763,10.108851857052,0.));
#13935 = VECTOR('',#13936,1.);
#13936 = DIRECTION('',(0.,0.,1.));
#13937 = ORIENTED_EDGE('',*,*,#10607,.F.);
#13938 = CYLINDRICAL_SURFACE('',#13939,10.277364705882);
#13939 = AXIS2_PLACEMENT_3D('',#13940,#13941,#13942);
#13940 = CARTESIAN_POINT('',(1.657446380896E-02,-3.024902185995E-03,0.)
  );
#13941 = DIRECTION('',(-0.,-0.,-1.));
#13942 = DIRECTION('',(0.262648920025,0.964891467891,0.));
#13943 = ADVANCED_FACE('',(#13944),#13955,.F.);
#13944 = FACE_BOUND('',#13945,.F.);
#13945 = EDGE_LOOP('',(#13946,#13952,#13953,#13954));
#13946 = ORIENTED_EDGE('',*,*,#13947,.T.);
#13947 = EDGE_CURVE('',#11242,#12468,#13948,.T.);
#13948 = LINE('',#13949,#13950);
#13949 = CARTESIAN_POINT('',(-0.867442658408,-8.511546078609,0.));
#13950 = VECTOR('',#13951,1.);
#13951 = DIRECTION('',(0.,0.,1.));
#13952 = ORIENTED_EDGE('',*,*,#12476,.T.);
#13953 = ORIENTED_EDGE('',*,*,#13913,.F.);
#13954 = ORIENTED_EDGE('',*,*,#11250,.F.);
#13955 = PLANE('',#13956);
#13956 = AXIS2_PLACEMENT_3D('',#13957,#13958,#13959);
#13957 = CARTESIAN_POINT('',(-0.867442658408,-8.511546078609,0.));
#13958 = DIRECTION('',(-0.994724263872,0.10258478866,0.));
#13959 = DIRECTION('',(0.10258478866,0.994724263872,0.));
#13960 = ADVANCED_FACE('',(#13961),#13972,.F.);
#13961 = FACE_BOUND('',#13962,.F.);
#13962 = EDGE_LOOP('',(#13963,#13964,#13965,#13971));
#13963 = ORIENTED_EDGE('',*,*,#13932,.T.);
#13964 = ORIENTED_EDGE('',*,*,#11842,.T.);
#13965 = ORIENTED_EDGE('',*,*,#13966,.F.);
#13966 = EDGE_CURVE('',#10617,#11843,#13967,.T.);
#13967 = LINE('',#13968,#13969);
#13968 = CARTESIAN_POINT('',(1.023548853891,8.958869457398,0.));
#13969 = VECTOR('',#13970,1.);
#13970 = DIRECTION('',(0.,0.,1.));
#13971 = ORIENTED_EDGE('',*,*,#10616,.F.);
#13972 = SURFACE_OF_LINEAR_EXTRUSION('',#13973,#13978);
#13973 = B_SPLINE_CURVE_WITH_KNOTS('',3,(#13974,#13975,#13976,#13977),
  .UNSPECIFIED.,.F.,.F.,(4,4),(0.,1.),.PIECEWISE_BEZIER_KNOTS.);
#13974 = CARTESIAN_POINT('',(1.853466867763,10.108851857052,0.));
#13975 = CARTESIAN_POINT('',(1.409751962188,9.651744187307,0.));
#13976 = CARTESIAN_POINT('',(1.161047404204,9.248554068584,0.));
#13977 = CARTESIAN_POINT('',(1.023548853891,8.958869457398,0.));
#13978 = VECTOR('',#13979,1.);
#13979 = DIRECTION('',(-0.,-0.,-1.));
#13980 = ADVANCED_FACE('',(#13981),#13992,.F.);
#13981 = FACE_BOUND('',#13982,.F.);
#13982 = EDGE_LOOP('',(#13983,#13989,#13990,#13991));
#13983 = ORIENTED_EDGE('',*,*,#13984,.T.);
#13984 = EDGE_CURVE('',#11233,#12459,#13985,.T.);
#13985 = LINE('',#13986,#13987);
#13986 = CARTESIAN_POINT('',(-1.023548853891,-8.958869457398,0.));
#13987 = VECTOR('',#13988,1.);
#13988 = DIRECTION('',(0.,0.,1.));
#13989 = ORIENTED_EDGE('',*,*,#12467,.T.);
#13990 = ORIENTED_EDGE('',*,*,#13947,.F.);
#13991 = ORIENTED_EDGE('',*,*,#11241,.F.);
#13992 = SURFACE_OF_LINEAR_EXTRUSION('',#13993,#13998);
#13993 = B_SPLINE_CURVE_WITH_KNOTS('',3,(#13994,#13995,#13996,#13997),
  .UNSPECIFIED.,.F.,.F.,(4,4),(0.,1.),.PIECEWISE_BEZIER_KNOTS.);
#13994 = CARTESIAN_POINT('',(-1.023548853891,-8.958869457398,0.));
#13995 = CARTESIAN_POINT('',(-0.909479240936,-8.715892762265,0.));
#13996 = CARTESIAN_POINT('',(-0.876230828195,-8.562933789644,0.));
#13997 = CARTESIAN_POINT('',(-0.867442658408,-8.511546078609,0.));
#13998 = VECTOR('',#13999,1.);
#13999 = DIRECTION('',(-0.,-0.,-1.));
#14000 = ADVANCED_FACE('',(#14001),#14012,.F.);
#14001 = FACE_BOUND('',#14002,.F.);
#14002 = EDGE_LOOP('',(#14003,#14004,#14005,#14011));
#14003 = ORIENTED_EDGE('',*,*,#13966,.T.);
#14004 = ORIENTED_EDGE('',*,*,#11851,.T.);
#14005 = ORIENTED_EDGE('',*,*,#14006,.F.);
#14006 = EDGE_CURVE('',#10626,#11852,#14007,.T.);
#14007 = LINE('',#14008,#14009);
#14008 = CARTESIAN_POINT('',(0.867442658408,8.511546078609,0.));
#14009 = VECTOR('',#14010,1.);
#14010 = DIRECTION('',(0.,0.,1.));
#14011 = ORIENTED_EDGE('',*,*,#10625,.F.);
#14012 = SURFACE_OF_LINEAR_EXTRUSION('',#14013,#14018);
#14013 = B_SPLINE_CURVE_WITH_KNOTS('',3,(#14014,#14015,#14016,#14017),
  .UNSPECIFIED.,.F.,.F.,(4,4),(0.,1.),.PIECEWISE_BEZIER_KNOTS.);
#14014 = CARTESIAN_POINT('',(1.023548853891,8.958869457398,0.));
#14015 = CARTESIAN_POINT('',(0.909479240936,8.715892762265,0.));
#14016 = CARTESIAN_POINT('',(0.876230828195,8.562933789644,0.));
#14017 = CARTESIAN_POINT('',(0.867442658408,8.511546078609,0.));
#14018 = VECTOR('',#14019,1.);
#14019 = DIRECTION('',(-0.,-0.,-1.));
#14020 = ADVANCED_FACE('',(#14021),#14032,.F.);
#14021 = FACE_BOUND('',#14022,.F.);
#14022 = EDGE_LOOP('',(#14023,#14029,#14030,#14031));
#14023 = ORIENTED_EDGE('',*,*,#14024,.T.);
#14024 = EDGE_CURVE('',#11224,#12450,#14025,.T.);
#14025 = LINE('',#14026,#14027);
#14026 = CARTESIAN_POINT('',(-1.853466867763,-10.10885185705,0.));
#14027 = VECTOR('',#14028,1.);
#14028 = DIRECTION('',(0.,0.,1.));
#14029 = ORIENTED_EDGE('',*,*,#12458,.T.);
#14030 = ORIENTED_EDGE('',*,*,#13984,.F.);
#14031 = ORIENTED_EDGE('',*,*,#11232,.F.);
#14032 = SURFACE_OF_LINEAR_EXTRUSION('',#14033,#14038);
#14033 = B_SPLINE_CURVE_WITH_KNOTS('',3,(#14034,#14035,#14036,#14037),
  .UNSPECIFIED.,.F.,.F.,(4,4),(0.,1.),.PIECEWISE_BEZIER_KNOTS.);
#14034 = CARTESIAN_POINT('',(-1.853466867763,-10.10885185705,0.));
#14035 = CARTESIAN_POINT('',(-1.409751962188,-9.651744187307,0.));
#14036 = CARTESIAN_POINT('',(-1.161047404204,-9.248554068584,0.));
#14037 = CARTESIAN_POINT('',(-1.023548853891,-8.958869457398,0.));
#14038 = VECTOR('',#14039,1.);
#14039 = DIRECTION('',(-0.,-0.,-1.));
#14040 = ADVANCED_FACE('',(#14041),#14052,.F.);
#14041 = FACE_BOUND('',#14042,.F.);
#14042 = EDGE_LOOP('',(#14043,#14044,#14045,#14051));
#14043 = ORIENTED_EDGE('',*,*,#14006,.T.);
#14044 = ORIENTED_EDGE('',*,*,#11860,.T.);
#14045 = ORIENTED_EDGE('',*,*,#14046,.F.);
#14046 = EDGE_CURVE('',#10635,#11861,#14047,.T.);
#14047 = LINE('',#14048,#14049);
#14048 = CARTESIAN_POINT('',(0.795133732226,7.810394920553,0.));
#14049 = VECTOR('',#14050,1.);
#14050 = DIRECTION('',(0.,0.,1.));
#14051 = ORIENTED_EDGE('',*,*,#10634,.F.);
#14052 = PLANE('',#14053);
#14053 = AXIS2_PLACEMENT_3D('',#14054,#14055,#14056);
#14054 = CARTESIAN_POINT('',(0.867442658408,8.511546078609,0.));
#14055 = DIRECTION('',(0.994724263872,-0.10258478866,0.));
#14056 = DIRECTION('',(-0.10258478866,-0.994724263872,0.));
#14057 = ADVANCED_FACE('',(#14058),#14069,.T.);
#14058 = FACE_BOUND('',#14059,.F.);
#14059 = EDGE_LOOP('',(#14060,#14066,#14067,#14068));
#14060 = ORIENTED_EDGE('',*,*,#14061,.T.);
#14061 = EDGE_CURVE('',#11215,#12441,#14062,.T.);
#14062 = LINE('',#14063,#14064);
#14063 = CARTESIAN_POINT('',(-2.715913204512,-9.913516614929,0.));
#14064 = VECTOR('',#14065,1.);
#14065 = DIRECTION('',(0.,0.,1.));
#14066 = ORIENTED_EDGE('',*,*,#12449,.T.);
#14067 = ORIENTED_EDGE('',*,*,#14024,.F.);
#14068 = ORIENTED_EDGE('',*,*,#11223,.F.);
#14069 = CYLINDRICAL_SURFACE('',#14070,10.277364705884);
#14070 = AXIS2_PLACEMENT_3D('',#14071,#14072,#14073);
#14071 = CARTESIAN_POINT('',(-1.657446380869E-02,3.02490218716E-03,0.));
#14072 = DIRECTION('',(-0.,-0.,-1.));
#14073 = DIRECTION('',(-0.262648920025,-0.964891467891,0.));
#14074 = ADVANCED_FACE('',(#14075),#14086,.F.);
#14075 = FACE_BOUND('',#14076,.F.);
#14076 = EDGE_LOOP('',(#14077,#14078,#14079,#14085));
#14077 = ORIENTED_EDGE('',*,*,#14046,.T.);
#14078 = ORIENTED_EDGE('',*,*,#11868,.T.);
#14079 = ORIENTED_EDGE('',*,*,#14080,.F.);
#14080 = EDGE_CURVE('',#10643,#11869,#14081,.T.);
#14081 = LINE('',#14082,#14083);
#14082 = CARTESIAN_POINT('',(0.284872496111,7.352141934458,0.));
#14083 = VECTOR('',#14084,1.);
#14084 = DIRECTION('',(0.,0.,1.));
#14085 = ORIENTED_EDGE('',*,*,#10642,.F.);
#14086 = CYLINDRICAL_SURFACE('',#14087,0.493105882353);
#14087 = AXIS2_PLACEMENT_3D('',#14088,#14089,#14090);
#14088 = CARTESIAN_POINT('',(0.303236979514,7.844905728746,0.));
#14089 = DIRECTION('',(0.,0.,-1.));
#14090 = DIRECTION('',(0.997547931015,-6.9986608206E-02,0.));
#14091 = ADVANCED_FACE('',(#14092),#14103,.F.);
#14092 = FACE_BOUND('',#14093,.F.);
#14093 = EDGE_LOOP('',(#14094,#14100,#14101,#14102));
#14094 = ORIENTED_EDGE('',*,*,#14095,.T.);
#14095 = EDGE_CURVE('',#11206,#12432,#14096,.T.);
#14096 = LINE('',#14097,#14098);
#14097 = CARTESIAN_POINT('',(-2.964922126309,-8.515763676613,0.));
#14098 = VECTOR('',#14099,1.);
#14099 = DIRECTION('',(0.,0.,1.));
#14100 = ORIENTED_EDGE('',*,*,#12440,.T.);
#14101 = ORIENTED_EDGE('',*,*,#14061,.F.);
#14102 = ORIENTED_EDGE('',*,*,#11214,.F.);
#14103 = SURFACE_OF_LINEAR_EXTRUSION('',#14104,#14109);
#14104 = B_SPLINE_CURVE_WITH_KNOTS('',3,(#14105,#14106,#14107,#14108),
  .UNSPECIFIED.,.F.,.F.,(4,4),(0.,1.),.PIECEWISE_BEZIER_KNOTS.);
#14105 = CARTESIAN_POINT('',(-2.964922126309,-8.515763676613,0.));
#14106 = CARTESIAN_POINT('',(-2.966729655361,-8.836418877935,0.));
#14107 = CARTESIAN_POINT('',(-2.917592227599,-9.307589486304,0.));
#14108 = CARTESIAN_POINT('',(-2.715913204512,-9.913516614929,0.));
#14109 = VECTOR('',#14110,1.);
#14110 = DIRECTION('',(-0.,-0.,-1.));
#14111 = ADVANCED_FACE('',(#14112),#14123,.T.);
#14112 = FACE_BOUND('',#14113,.F.);
#14113 = EDGE_LOOP('',(#14114,#14115,#14116,#14122));
#14114 = ORIENTED_EDGE('',*,*,#14080,.T.);
#14115 = ORIENTED_EDGE('',*,*,#11877,.T.);
#14116 = ORIENTED_EDGE('',*,*,#14117,.F.);
#14117 = EDGE_CURVE('',#10652,#11878,#14118,.T.);
#14118 = LINE('',#14119,#14120);
#14119 = CARTESIAN_POINT('',(-0.284872496111,7.352141934458,0.));
#14120 = VECTOR('',#14121,1.);
#14121 = DIRECTION('',(0.,0.,1.));
#14122 = ORIENTED_EDGE('',*,*,#10651,.F.);
#14123 = CYLINDRICAL_SURFACE('',#14124,7.357658823529);
#14124 = AXIS2_PLACEMENT_3D('',#14125,#14126,#14127);
#14125 = CARTESIAN_POINT('',(1.518E-14,4.178E-13,0.));
#14126 = DIRECTION('',(-0.,-0.,-1.));
#14127 = DIRECTION('',(3.871781811894E-02,0.999250184168,0.));
#14128 = ADVANCED_FACE('',(#14129),#14140,.F.);
#14129 = FACE_BOUND('',#14130,.F.);
#14130 = EDGE_LOOP('',(#14131,#14137,#14138,#14139));
#14131 = ORIENTED_EDGE('',*,*,#14132,.T.);
#14132 = EDGE_CURVE('',#11198,#12424,#14133,.T.);
#14133 = LINE('',#14134,#14135);
#14134 = CARTESIAN_POINT('',(-2.911482608342,-8.045007298644,0.));
#14135 = VECTOR('',#14136,1.);
#14136 = DIRECTION('',(0.,0.,1.));
#14137 = ORIENTED_EDGE('',*,*,#12431,.T.);
#14138 = ORIENTED_EDGE('',*,*,#14095,.F.);
#14139 = ORIENTED_EDGE('',*,*,#11205,.F.);
#14140 = SURFACE_OF_LINEAR_EXTRUSION('',#14141,#14146);
#14141 = B_SPLINE_CURVE_WITH_KNOTS('',3,(#14142,#14143,#14144,#14145),
  .UNSPECIFIED.,.F.,.F.,(4,4),(0.,1.),.PIECEWISE_BEZIER_KNOTS.);
#14142 = CARTESIAN_POINT('',(-2.911482608342,-8.045007298644,0.));
#14143 = CARTESIAN_POINT('',(-2.925861033167,-8.095119070446,0.));
#14144 = CARTESIAN_POINT('',(-2.962271659352,-8.247356288484,0.));
#14145 = CARTESIAN_POINT('',(-2.964922126309,-8.515763676613,0.));
#14146 = VECTOR('',#14147,1.);
#14147 = DIRECTION('',(-0.,-0.,-1.));
#14148 = ADVANCED_FACE('',(#14149),#14160,.F.);
#14149 = FACE_BOUND('',#14150,.F.);
#14150 = EDGE_LOOP('',(#14151,#14152,#14153,#14159));
#14151 = ORIENTED_EDGE('',*,*,#14117,.T.);
#14152 = ORIENTED_EDGE('',*,*,#11886,.T.);
#14153 = ORIENTED_EDGE('',*,*,#14154,.F.);
#14154 = EDGE_CURVE('',#10661,#11887,#14155,.T.);
#14155 = LINE('',#14156,#14157);
#14156 = CARTESIAN_POINT('',(-0.795133732226,7.810394920553,0.));
#14157 = VECTOR('',#14158,1.);
#14158 = DIRECTION('',(0.,0.,1.));
#14159 = ORIENTED_EDGE('',*,*,#10660,.F.);
#14160 = CYLINDRICAL_SURFACE('',#14161,0.493105882353);
#14161 = AXIS2_PLACEMENT_3D('',#14162,#14163,#14164);
#14162 = CARTESIAN_POINT('',(-0.303236979514,7.844905728746,0.));
#14163 = DIRECTION('',(0.,0.,-1.));
#14164 = DIRECTION('',(3.724247481195E-02,-0.999306258396,0.));
#14165 = ADVANCED_FACE('',(#14166),#14177,.F.);
#14166 = FACE_BOUND('',#14167,.F.);
#14167 = EDGE_LOOP('',(#14168,#14174,#14175,#14176));
#14168 = ORIENTED_EDGE('',*,*,#14169,.T.);
#14169 = EDGE_CURVE('',#11189,#12415,#14170,.T.);
#14170 = LINE('',#14171,#14172);
#14171 = CARTESIAN_POINT('',(-2.67241261356,-7.381918266278,0.));
#14172 = VECTOR('',#14173,1.);
#14173 = DIRECTION('',(0.,0.,1.));
#14174 = ORIENTED_EDGE('',*,*,#12423,.T.);
#14175 = ORIENTED_EDGE('',*,*,#14132,.F.);
#14176 = ORIENTED_EDGE('',*,*,#11197,.F.);
#14177 = PLANE('',#14178);
#14178 = AXIS2_PLACEMENT_3D('',#14179,#14180,#14181);
#14179 = CARTESIAN_POINT('',(-2.67241261356,-7.381918266278,0.));
#14180 = DIRECTION('',(0.940725465576,-0.339168982097,0.));
#14181 = DIRECTION('',(-0.339168982097,-0.940725465576,0.));
#14182 = ADVANCED_FACE('',(#14183),#14194,.F.);
#14183 = FACE_BOUND('',#14184,.F.);
#14184 = EDGE_LOOP('',(#14185,#14186,#14187,#14193));
#14185 = ORIENTED_EDGE('',*,*,#14154,.T.);
#14186 = ORIENTED_EDGE('',*,*,#11895,.T.);
#14187 = ORIENTED_EDGE('',*,*,#14188,.F.);
#14188 = EDGE_CURVE('',#10670,#11896,#14189,.T.);
#14189 = LINE('',#14190,#14191);
#14190 = CARTESIAN_POINT('',(-0.867442658408,8.511546078609,0.));
#14191 = VECTOR('',#14192,1.);
#14192 = DIRECTION('',(0.,0.,1.));
#14193 = ORIENTED_EDGE('',*,*,#10669,.F.);
#14194 = PLANE('',#14195);
#14195 = AXIS2_PLACEMENT_3D('',#14196,#14197,#14198);
#14196 = CARTESIAN_POINT('',(-0.795133732226,7.810394920553,0.));
#14197 = DIRECTION('',(-0.994724263872,-0.10258478866,0.));
#14198 = DIRECTION('',(-0.10258478866,0.994724263872,0.));
#14199 = ADVANCED_FACE('',(#14200),#14211,.F.);
#14200 = FACE_BOUND('',#14201,.F.);
#14201 = EDGE_LOOP('',(#14202,#14208,#14209,#14210));
#14202 = ORIENTED_EDGE('',*,*,#14203,.T.);
#14203 = EDGE_CURVE('',#11180,#12406,#14204,.T.);
#14204 = LINE('',#14205,#14206);
#14205 = CARTESIAN_POINT('',(-2.933313582728,-6.747652539131,0.));
#14206 = VECTOR('',#14207,1.);
#14207 = DIRECTION('',(0.,0.,1.));
#14208 = ORIENTED_EDGE('',*,*,#12414,.T.);
#14209 = ORIENTED_EDGE('',*,*,#14169,.F.);
#14210 = ORIENTED_EDGE('',*,*,#11188,.F.);
#14211 = CYLINDRICAL_SURFACE('',#14212,0.493105882353);
#14212 = AXIS2_PLACEMENT_3D('',#14213,#14214,#14215);
#14213 = CARTESIAN_POINT('',(-3.130569952474,-7.199585427739,0.));
#14214 = DIRECTION('',(0.,0.,-1.));
#14215 = DIRECTION('',(0.400028425547,0.91650273254,0.));
#14216 = ADVANCED_FACE('',(#14217),#14228,.F.);
#14217 = FACE_BOUND('',#14218,.F.);
#14218 = EDGE_LOOP('',(#14219,#14220,#14221,#14227));
#14219 = ORIENTED_EDGE('',*,*,#14188,.T.);
#14220 = ORIENTED_EDGE('',*,*,#11903,.T.);
#14221 = ORIENTED_EDGE('',*,*,#14222,.F.);
#14222 = EDGE_CURVE('',#10678,#11904,#14223,.T.);
#14223 = LINE('',#14224,#14225);
#14224 = CARTESIAN_POINT('',(-1.023548853891,8.958869457398,0.));
#14225 = VECTOR('',#14226,1.);
#14226 = DIRECTION('',(0.,0.,1.));
#14227 = ORIENTED_EDGE('',*,*,#10677,.F.);
#14228 = SURFACE_OF_LINEAR_EXTRUSION('',#14229,#14234);
#14229 = B_SPLINE_CURVE_WITH_KNOTS('',3,(#14230,#14231,#14232,#14233),
  .UNSPECIFIED.,.F.,.F.,(4,4),(0.,1.),.PIECEWISE_BEZIER_KNOTS.);
#14230 = CARTESIAN_POINT('',(-0.867442658408,8.511546078609,0.));
#14231 = CARTESIAN_POINT('',(-0.876230828195,8.562933789644,0.));
#14232 = CARTESIAN_POINT('',(-0.909479240936,8.715892762265,0.));
#14233 = CARTESIAN_POINT('',(-1.023548853891,8.958869457398,0.));
#14234 = VECTOR('',#14235,1.);
#14235 = DIRECTION('',(-0.,-0.,-1.));
#14236 = ADVANCED_FACE('',(#14237),#14248,.T.);
#14237 = FACE_BOUND('',#14238,.F.);
#14238 = EDGE_LOOP('',(#14239,#14245,#14246,#14247));
#14239 = ORIENTED_EDGE('',*,*,#14240,.T.);
#14240 = EDGE_CURVE('',#11171,#12397,#14241,.T.);
#14241 = LINE('',#14242,#14243);
#14242 = CARTESIAN_POINT('',(-3.446636083363,-6.500449451563,0.));
#14243 = VECTOR('',#14244,1.);
#14244 = DIRECTION('',(0.,0.,1.));
#14245 = ORIENTED_EDGE('',*,*,#12405,.T.);
#14246 = ORIENTED_EDGE('',*,*,#14203,.F.);
#14247 = ORIENTED_EDGE('',*,*,#11179,.F.);
#14248 = CYLINDRICAL_SURFACE('',#14249,7.35765882353);
#14249 = AXIS2_PLACEMENT_3D('',#14250,#14251,#14252);
#14250 = CARTESIAN_POINT('',(8.644E-14,1.8383E-13,0.));
#14251 = DIRECTION('',(-0.,-0.,-1.));
#14252 = DIRECTION('',(-0.468441954979,-0.883494275485,0.));
#14253 = ADVANCED_FACE('',(#14254),#14265,.F.);
#14254 = FACE_BOUND('',#14255,.F.);
#14255 = EDGE_LOOP('',(#14256,#14257,#14258,#14264));
#14256 = ORIENTED_EDGE('',*,*,#14222,.T.);
#14257 = ORIENTED_EDGE('',*,*,#11912,.T.);
#14258 = ORIENTED_EDGE('',*,*,#14259,.F.);
#14259 = EDGE_CURVE('',#10687,#11913,#14260,.T.);
#14260 = LINE('',#14261,#14262);
#14261 = CARTESIAN_POINT('',(-1.854360411498,10.110160417777,0.));
#14262 = VECTOR('',#14263,1.);
#14263 = DIRECTION('',(0.,0.,1.));
#14264 = ORIENTED_EDGE('',*,*,#10686,.F.);
#14265 = SURFACE_OF_LINEAR_EXTRUSION('',#14266,#14271);
#14266 = B_SPLINE_CURVE_WITH_KNOTS('',3,(#14267,#14268,#14269,#14270),
  .UNSPECIFIED.,.F.,.F.,(4,4),(0.,1.),.PIECEWISE_BEZIER_KNOTS.);
#14267 = CARTESIAN_POINT('',(-1.023548853891,8.958869457398,0.));
#14268 = CARTESIAN_POINT('',(-1.161047404204,9.248554068584,0.));
#14269 = CARTESIAN_POINT('',(-1.409751962188,9.651744187307,0.));
#14270 = CARTESIAN_POINT('',(-1.854360411498,10.110160417777,0.));
#14271 = VECTOR('',#14272,1.);
#14272 = DIRECTION('',(-0.,-0.,-1.));
#14273 = ADVANCED_FACE('',(#14274),#14285,.F.);
#14274 = FACE_BOUND('',#14275,.F.);
#14275 = EDGE_LOOP('',(#14276,#14282,#14283,#14284));
#14276 = ORIENTED_EDGE('',*,*,#14277,.T.);
#14277 = EDGE_CURVE('',#11163,#12389,#14278,.T.);
#14278 = LINE('',#14279,#14280);
#14279 = CARTESIAN_POINT('',(-4.105194090669,-6.691927072605,0.));
#14280 = VECTOR('',#14281,1.);
#14281 = DIRECTION('',(0.,0.,1.));
#14282 = ORIENTED_EDGE('',*,*,#12396,.T.);
#14283 = ORIENTED_EDGE('',*,*,#14240,.F.);
#14284 = ORIENTED_EDGE('',*,*,#11170,.F.);
#14285 = CYLINDRICAL_SURFACE('',#14286,0.493105882353);
#14286 = AXIS2_PLACEMENT_3D('',#14287,#14288,#14289);
#14287 = CARTESIAN_POINT('',(-3.676984108752,-6.936446238719,0.));
#14288 = DIRECTION('',(0.,0.,-1.));
#14289 = DIRECTION('',(-0.868393578828,0.495875581421,0.));
#14290 = ADVANCED_FACE('',(#14291),#14302,.T.);
#14291 = FACE_BOUND('',#14292,.F.);
#14292 = EDGE_LOOP('',(#14293,#14294,#14295,#14301));
#14293 = ORIENTED_EDGE('',*,*,#14259,.T.);
#14294 = ORIENTED_EDGE('',*,*,#11921,.T.);
#14295 = ORIENTED_EDGE('',*,*,#14296,.F.);
#14296 = EDGE_CURVE('',#10696,#11922,#14297,.T.);
#14297 = LINE('',#14298,#14299);
#14298 = CARTESIAN_POINT('',(-2.71615049638,9.911949948357,0.));
#14299 = VECTOR('',#14300,1.);
#14300 = DIRECTION('',(0.,0.,1.));
#14301 = ORIENTED_EDGE('',*,*,#10695,.F.);
#14302 = CYLINDRICAL_SURFACE('',#14303,10.277364705883);
#14303 = AXIS2_PLACEMENT_3D('',#14304,#14305,#14306);
#14304 = CARTESIAN_POINT('',(1.624553176504E-02,4.466047632884E-03,0.));
#14305 = DIRECTION('',(-0.,-0.,-1.));
#14306 = DIRECTION('',(-0.182012217801,0.98329626897,0.));
#14307 = ADVANCED_FACE('',(#14308),#14319,.F.);
#14308 = FACE_BOUND('',#14309,.F.);
#14309 = EDGE_LOOP('',(#14310,#14316,#14317,#14318));
#14310 = ORIENTED_EDGE('',*,*,#14311,.T.);
#14311 = EDGE_CURVE('',#11154,#12380,#14312,.T.);
#14312 = LINE('',#14313,#14314);
#14313 = CARTESIAN_POINT('',(-4.474560268175,-7.292268770443,0.));
#14314 = VECTOR('',#14315,1.);
#14315 = DIRECTION('',(0.,0.,1.));
#14316 = ORIENTED_EDGE('',*,*,#12388,.T.);
#14317 = ORIENTED_EDGE('',*,*,#14277,.F.);
#14318 = ORIENTED_EDGE('',*,*,#11162,.F.);
#14319 = PLANE('',#14320);
#14320 = AXIS2_PLACEMENT_3D('',#14321,#14322,#14323);
#14321 = CARTESIAN_POINT('',(-4.474560268175,-7.292268770443,0.));
#14322 = DIRECTION('',(-0.851705722215,0.524020383903,0.));
#14323 = DIRECTION('',(0.524020383903,0.851705722215,0.));
#14324 = ADVANCED_FACE('',(#14325),#14336,.F.);
#14325 = FACE_BOUND('',#14326,.F.);
#14326 = EDGE_LOOP('',(#14327,#14328,#14329,#14335));
#14327 = ORIENTED_EDGE('',*,*,#14296,.T.);
#14328 = ORIENTED_EDGE('',*,*,#11930,.T.);
#14329 = ORIENTED_EDGE('',*,*,#14330,.F.);
#14330 = EDGE_CURVE('',#10705,#11931,#14331,.T.);
#14331 = LINE('',#14332,#14333);
#14332 = CARTESIAN_POINT('',(-2.964922126309,8.515763676613,0.));
#14333 = VECTOR('',#14334,1.);
#14334 = DIRECTION('',(0.,0.,1.));
#14335 = ORIENTED_EDGE('',*,*,#10704,.F.);
#14336 = SURFACE_OF_LINEAR_EXTRUSION('',#14337,#14342);
#14337 = B_SPLINE_CURVE_WITH_KNOTS('',3,(#14338,#14339,#14340,#14341),
  .UNSPECIFIED.,.F.,.F.,(4,4),(0.,1.),.PIECEWISE_BEZIER_KNOTS.);
#14338 = CARTESIAN_POINT('',(-2.71615049638,9.911949948357,0.));
#14339 = CARTESIAN_POINT('',(-2.917592227599,9.307589486304,0.));
#14340 = CARTESIAN_POINT('',(-2.966729655361,8.836418877935,0.));
#14341 = CARTESIAN_POINT('',(-2.964922126309,8.515763676613,0.));
#14342 = VECTOR('',#14343,1.);
#14343 = DIRECTION('',(-0.,-0.,-1.));
#14344 = ADVANCED_FACE('',(#14345),#14356,.F.);
#14345 = FACE_BOUND('',#14346,.F.);
#14346 = EDGE_LOOP('',(#14347,#14353,#14354,#14355));
#14347 = ORIENTED_EDGE('',*,*,#14348,.T.);
#14348 = EDGE_CURVE('',#11145,#12371,#14349,.T.);
#14349 = LINE('',#14350,#14351);
#14350 = CARTESIAN_POINT('',(-4.809293430575,-7.627561268822,0.));
#14351 = VECTOR('',#14352,1.);
#14352 = DIRECTION('',(0.,0.,1.));
#14353 = ORIENTED_EDGE('',*,*,#12379,.T.);
#14354 = ORIENTED_EDGE('',*,*,#14311,.F.);
#14355 = ORIENTED_EDGE('',*,*,#11153,.F.);
#14356 = SURFACE_OF_LINEAR_EXTRUSION('',#14357,#14362);
#14357 = B_SPLINE_CURVE_WITH_KNOTS('',3,(#14358,#14359,#14360,#14361),
  .UNSPECIFIED.,.F.,.F.,(4,4),(0.,1.),.PIECEWISE_BEZIER_KNOTS.);
#14358 = CARTESIAN_POINT('',(-4.809293430575,-7.627561268822,0.));
#14359 = CARTESIAN_POINT('',(-4.601096623526,-7.45813978107,0.));
#14360 = CARTESIAN_POINT('',(-4.504774427767,-7.334754454312,0.));
#14361 = CARTESIAN_POINT('',(-4.474560268175,-7.292268770443,0.));
#14362 = VECTOR('',#14363,1.);
#14363 = DIRECTION('',(-0.,-0.,-1.));
#14364 = ADVANCED_FACE('',(#14365),#14376,.F.);
#14365 = FACE_BOUND('',#14366,.F.);
#14366 = EDGE_LOOP('',(#14367,#14368,#14369,#14375));
#14367 = ORIENTED_EDGE('',*,*,#14330,.T.);
#14368 = ORIENTED_EDGE('',*,*,#11939,.T.);
#14369 = ORIENTED_EDGE('',*,*,#14370,.F.);
#14370 = EDGE_CURVE('',#10714,#11940,#14371,.T.);
#14371 = LINE('',#14372,#14373);
#14372 = CARTESIAN_POINT('',(-2.911482608342,8.045007298644,0.));
#14373 = VECTOR('',#14374,1.);
#14374 = DIRECTION('',(0.,0.,1.));
#14375 = ORIENTED_EDGE('',*,*,#10713,.F.);
#14376 = SURFACE_OF_LINEAR_EXTRUSION('',#14377,#14382);
#14377 = B_SPLINE_CURVE_WITH_KNOTS('',3,(#14378,#14379,#14380,#14381),
  .UNSPECIFIED.,.F.,.F.,(4,4),(0.,1.),.PIECEWISE_BEZIER_KNOTS.);
#14378 = CARTESIAN_POINT('',(-2.964922126309,8.515763676613,0.));
#14379 = CARTESIAN_POINT('',(-2.962271659352,8.247356288484,0.));
#14380 = CARTESIAN_POINT('',(-2.925861033167,8.095119070446,0.));
#14381 = CARTESIAN_POINT('',(-2.911482608342,8.045007298644,0.));
#14382 = VECTOR('',#14383,1.);
#14383 = DIRECTION('',(-0.,-0.,-1.));
#14384 = ADVANCED_FACE('',(#14385),#14396,.F.);
#14385 = FACE_BOUND('',#14386,.F.);
#14386 = EDGE_LOOP('',(#14387,#14393,#14394,#14395));
#14387 = ORIENTED_EDGE('',*,*,#14388,.T.);
#14388 = EDGE_CURVE('',#11136,#12362,#14389,.T.);
#14389 = LINE('',#14390,#14391);
#14390 = CARTESIAN_POINT('',(-6.055982387466,-8.303571678526,0.));
#14391 = VECTOR('',#14392,1.);
#14392 = DIRECTION('',(0.,0.,1.));
#14393 = ORIENTED_EDGE('',*,*,#12370,.T.);
#14394 = ORIENTED_EDGE('',*,*,#14348,.F.);
#14395 = ORIENTED_EDGE('',*,*,#11144,.F.);
#14396 = SURFACE_OF_LINEAR_EXTRUSION('',#14397,#14402);
#14397 = B_SPLINE_CURVE_WITH_KNOTS('',3,(#14398,#14399,#14400,#14401),
  .UNSPECIFIED.,.F.,.F.,(4,4),(0.,1.),.PIECEWISE_BEZIER_KNOTS.);
#14398 = CARTESIAN_POINT('',(-6.055982387466,-8.303571678526,0.));
#14399 = CARTESIAN_POINT('',(-5.457877486391,-8.084252581139,0.));
#14400 = CARTESIAN_POINT('',(-5.058864786055,-7.828899699877,0.));
#14401 = CARTESIAN_POINT('',(-4.809293430575,-7.627561268822,0.));
#14402 = VECTOR('',#14403,1.);
#14403 = DIRECTION('',(-0.,-0.,-1.));
#14404 = ADVANCED_FACE('',(#14405),#14416,.F.);
#14405 = FACE_BOUND('',#14406,.F.);
#14406 = EDGE_LOOP('',(#14407,#14408,#14409,#14415));
#14407 = ORIENTED_EDGE('',*,*,#14370,.T.);
#14408 = ORIENTED_EDGE('',*,*,#11948,.T.);
#14409 = ORIENTED_EDGE('',*,*,#14410,.F.);
#14410 = EDGE_CURVE('',#10723,#11949,#14411,.T.);
#14411 = LINE('',#14412,#14413);
#14412 = CARTESIAN_POINT('',(-2.67241261356,7.381918266278,0.));
#14413 = VECTOR('',#14414,1.);
#14414 = DIRECTION('',(0.,0.,1.));
#14415 = ORIENTED_EDGE('',*,*,#10722,.F.);
#14416 = PLANE('',#14417);
#14417 = AXIS2_PLACEMENT_3D('',#14418,#14419,#14420);
#14418 = CARTESIAN_POINT('',(-2.911482608342,8.045007298644,0.));
#14419 = DIRECTION('',(0.940725465576,0.339168982097,0.));
#14420 = DIRECTION('',(0.339168982097,-0.940725465576,0.));
#14421 = ADVANCED_FACE('',(#14422),#14433,.T.);
#14422 = FACE_BOUND('',#14423,.F.);
#14423 = EDGE_LOOP('',(#14424,#14430,#14431,#14432));
#14424 = ORIENTED_EDGE('',*,*,#14425,.T.);
#14425 = EDGE_CURVE('',#11127,#12353,#14426,.T.);
#14426 = LINE('',#14427,#14428);
#14427 = CARTESIAN_POINT('',(-6.74826690188,-7.753379265191,0.));
#14428 = VECTOR('',#14429,1.);
#14429 = DIRECTION('',(0.,0.,1.));
#14430 = ORIENTED_EDGE('',*,*,#12361,.T.);
#14431 = ORIENTED_EDGE('',*,*,#14388,.F.);
#14432 = ORIENTED_EDGE('',*,*,#11135,.F.);
#14433 = CYLINDRICAL_SURFACE('',#14434,10.277364705879);
#14434 = AXIS2_PLACEMENT_3D('',#14435,#14436,#14437);
#14435 = CARTESIAN_POINT('',(-1.36206200251E-02,9.916733026859E-03,0.));
#14436 = DIRECTION('',(-0.,-0.,-1.));
#14437 = DIRECTION('',(-0.655289218062,-0.755378077979,0.));
#14438 = ADVANCED_FACE('',(#14439),#14450,.F.);
#14439 = FACE_BOUND('',#14440,.F.);
#14440 = EDGE_LOOP('',(#14441,#14442,#14443,#14449));
#14441 = ORIENTED_EDGE('',*,*,#14410,.T.);
#14442 = ORIENTED_EDGE('',*,*,#11956,.T.);
#14443 = ORIENTED_EDGE('',*,*,#14444,.F.);
#14444 = EDGE_CURVE('',#10731,#11957,#14445,.T.);
#14445 = LINE('',#14446,#14447);
#14446 = CARTESIAN_POINT('',(-2.933313582728,6.747652539131,0.));
#14447 = VECTOR('',#14448,1.);
#14448 = DIRECTION('',(0.,0.,1.));
#14449 = ORIENTED_EDGE('',*,*,#10730,.F.);
#14450 = CYLINDRICAL_SURFACE('',#14451,0.493105882353);
#14451 = AXIS2_PLACEMENT_3D('',#14452,#14453,#14454);
#14452 = CARTESIAN_POINT('',(-3.130569952474,7.199585427739,0.));
#14453 = DIRECTION('',(0.,0.,-1.));
#14454 = DIRECTION('',(0.929125681341,0.369764071094,0.));
#14455 = ADVANCED_FACE('',(#14456),#14467,.F.);
#14456 = FACE_BOUND('',#14457,.F.);
#14457 = EDGE_LOOP('',(#14458,#14464,#14465,#14466));
#14458 = ORIENTED_EDGE('',*,*,#14459,.T.);
#14459 = EDGE_CURVE('',#11118,#12344,#14460,.T.);
#14460 = LINE('',#14461,#14462);
#14461 = CARTESIAN_POINT('',(-6.36615391701,-6.386006460687,0.));
#14462 = VECTOR('',#14463,1.);
#14463 = DIRECTION('',(0.,0.,1.));
#14464 = ORIENTED_EDGE('',*,*,#12352,.T.);
#14465 = ORIENTED_EDGE('',*,*,#14425,.F.);
#14466 = ORIENTED_EDGE('',*,*,#11126,.F.);
#14467 = SURFACE_OF_LINEAR_EXTRUSION('',#14468,#14473);
#14468 = B_SPLINE_CURVE_WITH_KNOTS('',3,(#14469,#14470,#14471,#14472),
  .UNSPECIFIED.,.F.,.F.,(4,4),(0.,1.),.PIECEWISE_BEZIER_KNOTS.);
#14469 = CARTESIAN_POINT('',(-6.36615391701,-6.386006460687,0.));
#14470 = CARTESIAN_POINT('',(-6.506909522131,-6.674122556946,0.));
#14471 = CARTESIAN_POINT('',(-6.66707149479,-7.119952537445,0.));
#14472 = CARTESIAN_POINT('',(-6.74826690188,-7.753379265191,0.));
#14473 = VECTOR('',#14474,1.);
#14474 = DIRECTION('',(-0.,-0.,-1.));
#14475 = ADVANCED_FACE('',(#14476),#14487,.T.);
#14476 = FACE_BOUND('',#14477,.F.);
#14477 = EDGE_LOOP('',(#14478,#14479,#14480,#14486));
#14478 = ORIENTED_EDGE('',*,*,#14444,.T.);
#14479 = ORIENTED_EDGE('',*,*,#11965,.T.);
#14480 = ORIENTED_EDGE('',*,*,#14481,.F.);
#14481 = EDGE_CURVE('',#10740,#11966,#14482,.T.);
#14482 = LINE('',#14483,#14484);
#14483 = CARTESIAN_POINT('',(-3.446636083363,6.500449451563,0.));
#14484 = VECTOR('',#14485,1.);
#14485 = DIRECTION('',(0.,0.,1.));
#14486 = ORIENTED_EDGE('',*,*,#10739,.F.);
#14487 = CYLINDRICAL_SURFACE('',#14488,7.357658823528);
#14488 = AXIS2_PLACEMENT_3D('',#14489,#14490,#14491);
#14489 = CARTESIAN_POINT('',(-5.2066E-13,1.07417E-12,0.));
#14490 = DIRECTION('',(-0.,-0.,-1.));
#14491 = DIRECTION('',(-0.398674857463,0.917092338877,0.));
#14492 = ADVANCED_FACE('',(#14493),#14504,.F.);
#14493 = FACE_BOUND('',#14494,.F.);
#14494 = EDGE_LOOP('',(#14495,#14501,#14502,#14503));
#14495 = ORIENTED_EDGE('',*,*,#14496,.T.);
#14496 = EDGE_CURVE('',#11110,#12336,#14497,.T.);
#14497 = LINE('',#14498,#14499);
#14498 = CARTESIAN_POINT('',(-6.113753037519,-5.985056157643,0.));
#14499 = VECTOR('',#14500,1.);
#14500 = DIRECTION('',(0.,0.,1.));
#14501 = ORIENTED_EDGE('',*,*,#12343,.T.);
#14502 = ORIENTED_EDGE('',*,*,#14459,.F.);
#14503 = ORIENTED_EDGE('',*,*,#11117,.F.);
#14504 = SURFACE_OF_LINEAR_EXTRUSION('',#14505,#14510);
#14505 = B_SPLINE_CURVE_WITH_KNOTS('',3,(#14506,#14507,#14508,#14509),
  .UNSPECIFIED.,.F.,.F.,(4,4),(0.,1.),.PIECEWISE_BEZIER_KNOTS.);
#14506 = CARTESIAN_POINT('',(-6.113753037519,-5.985056157643,0.));
#14507 = CARTESIAN_POINT('',(-6.148450233579,-6.023966739227,0.));
#14508 = CARTESIAN_POINT('',(-6.247308327628,-6.145329754582,0.));
#14509 = CARTESIAN_POINT('',(-6.36615391701,-6.386006460687,0.));
#14510 = VECTOR('',#14511,1.);
#14511 = DIRECTION('',(-0.,-0.,-1.));
#14512 = ADVANCED_FACE('',(#14513),#14524,.F.);
#14513 = FACE_BOUND('',#14514,.F.);
#14514 = EDGE_LOOP('',(#14515,#14516,#14517,#14523));
#14515 = ORIENTED_EDGE('',*,*,#14481,.T.);
#14516 = ORIENTED_EDGE('',*,*,#11974,.T.);
#14517 = ORIENTED_EDGE('',*,*,#14518,.F.);
#14518 = EDGE_CURVE('',#10749,#11975,#14519,.T.);
#14519 = LINE('',#14520,#14521);
#14520 = CARTESIAN_POINT('',(-4.105194090669,6.691927072605,0.));
#14521 = VECTOR('',#14522,1.);
#14522 = DIRECTION('',(0.,0.,1.));
#14523 = ORIENTED_EDGE('',*,*,#10748,.F.);
#14524 = CYLINDRICAL_SURFACE('',#14525,0.493105882353);
#14525 = AXIS2_PLACEMENT_3D('',#14526,#14527,#14528);
#14526 = CARTESIAN_POINT('',(-3.676984108752,6.936446238719,0.));
#14527 = DIRECTION('',(0.,0.,-1.));
#14528 = DIRECTION('',(0.467137046286,-0.88418492409,0.));
#14529 = ADVANCED_FACE('',(#14530),#14541,.F.);
#14530 = FACE_BOUND('',#14531,.F.);
#14531 = EDGE_LOOP('',(#14532,#14538,#14539,#14540));
#14532 = ORIENTED_EDGE('',*,*,#14533,.T.);
#14533 = EDGE_CURVE('',#11101,#12327,#14534,.T.);
#14534 = LINE('',#14535,#14536);
#14535 = CARTESIAN_POINT('',(-5.61065486624,-5.491362166081,0.));
#14536 = VECTOR('',#14537,1.);
#14537 = DIRECTION('',(0.,0.,1.));
#14538 = ORIENTED_EDGE('',*,*,#12335,.T.);
#14539 = ORIENTED_EDGE('',*,*,#14496,.F.);
#14540 = ORIENTED_EDGE('',*,*,#11109,.F.);
#14541 = PLANE('',#14542);
#14542 = AXIS2_PLACEMENT_3D('',#14543,#14544,#14545);
#14543 = CARTESIAN_POINT('',(-5.61065486624,-5.491362166081,0.));
#14544 = DIRECTION('',(0.700404451582,-0.713746176315,0.));
#14545 = DIRECTION('',(-0.713746176315,-0.700404451582,0.));
#14546 = ADVANCED_FACE('',(#14547),#14558,.F.);
#14547 = FACE_BOUND('',#14548,.F.);
#14548 = EDGE_LOOP('',(#14549,#14550,#14551,#14557));
#14549 = ORIENTED_EDGE('',*,*,#14518,.T.);
#14550 = ORIENTED_EDGE('',*,*,#11983,.T.);
#14551 = ORIENTED_EDGE('',*,*,#14552,.F.);
#14552 = EDGE_CURVE('',#10758,#11984,#14553,.T.);
#14553 = LINE('',#14554,#14555);
#14554 = CARTESIAN_POINT('',(-4.474560268175,7.292268770443,0.));
#14555 = VECTOR('',#14556,1.);
#14556 = DIRECTION('',(0.,0.,1.));
#14557 = ORIENTED_EDGE('',*,*,#10757,.F.);
#14558 = PLANE('',#14559);
#14559 = AXIS2_PLACEMENT_3D('',#14560,#14561,#14562);
#14560 = CARTESIAN_POINT('',(-4.105194090669,6.691927072605,0.));
#14561 = DIRECTION('',(-0.851705722215,-0.524020383903,0.));
#14562 = DIRECTION('',(-0.524020383903,0.851705722215,0.));
#14563 = ADVANCED_FACE('',(#14564),#14575,.F.);
#14564 = FACE_BOUND('',#14565,.F.);
#14565 = EDGE_LOOP('',(#14566,#14572,#14573,#14574));
#14566 = ORIENTED_EDGE('',*,*,#14567,.T.);
#14567 = EDGE_CURVE('',#11092,#12318,#14568,.T.);
#14568 = LINE('',#14569,#14570);
#14569 = CARTESIAN_POINT('',(-5.570520931778,-4.806707803901,0.));
#14570 = VECTOR('',#14571,1.);
#14571 = DIRECTION('',(0.,0.,1.));
#14572 = ORIENTED_EDGE('',*,*,#12326,.T.);
#14573 = ORIENTED_EDGE('',*,*,#14533,.F.);
#14574 = ORIENTED_EDGE('',*,*,#11100,.F.);
#14575 = CYLINDRICAL_SURFACE('',#14576,0.493105882353);
#14576 = AXIS2_PLACEMENT_3D('',#14577,#14578,#14579);
#14577 = CARTESIAN_POINT('',(-5.944329111454,-5.128298935648,0.));
#14578 = DIRECTION('',(0.,0.,-1.));
#14579 = DIRECTION('',(0.7580687902,0.652174600337,0.));
#14580 = ADVANCED_FACE('',(#14581),#14592,.F.);
#14581 = FACE_BOUND('',#14582,.F.);
#14582 = EDGE_LOOP('',(#14583,#14584,#14585,#14591));
#14583 = ORIENTED_EDGE('',*,*,#14552,.T.);
#14584 = ORIENTED_EDGE('',*,*,#11991,.T.);
#14585 = ORIENTED_EDGE('',*,*,#14586,.F.);
#14586 = EDGE_CURVE('',#10766,#11992,#14587,.T.);
#14587 = LINE('',#14588,#14589);
#14588 = CARTESIAN_POINT('',(-4.809293430575,7.627561268822,0.));
#14589 = VECTOR('',#14590,1.);
#14590 = DIRECTION('',(0.,0.,1.));
#14591 = ORIENTED_EDGE('',*,*,#10765,.F.);
#14592 = SURFACE_OF_LINEAR_EXTRUSION('',#14593,#14598);
#14593 = B_SPLINE_CURVE_WITH_KNOTS('',3,(#14594,#14595,#14596,#14597),
  .UNSPECIFIED.,.F.,.F.,(4,4),(0.,1.),.PIECEWISE_BEZIER_KNOTS.);
#14594 = CARTESIAN_POINT('',(-4.474560268175,7.292268770443,0.));
#14595 = CARTESIAN_POINT('',(-4.504774427767,7.334754454312,0.));
#14596 = CARTESIAN_POINT('',(-4.601096623526,7.45813978107,0.));
#14597 = CARTESIAN_POINT('',(-4.809293430575,7.627561268822,0.));
#14598 = VECTOR('',#14599,1.);
#14599 = DIRECTION('',(-0.,-0.,-1.));
#14600 = ADVANCED_FACE('',(#14601),#14612,.T.);
#14601 = FACE_BOUND('',#14602,.F.);
#14602 = EDGE_LOOP('',(#14603,#14609,#14610,#14611));
#14603 = ORIENTED_EDGE('',*,*,#14604,.T.);
#14604 = EDGE_CURVE('',#11083,#12309,#14605,.T.);
#14605 = LINE('',#14606,#14607);
#14606 = CARTESIAN_POINT('',(-5.925751124088,-4.361263232004,0.));
#14607 = VECTOR('',#14608,1.);
#14608 = DIRECTION('',(0.,0.,1.));
#14609 = ORIENTED_EDGE('',*,*,#12317,.T.);
#14610 = ORIENTED_EDGE('',*,*,#14567,.F.);
#14611 = ORIENTED_EDGE('',*,*,#11091,.F.);
#14612 = CYLINDRICAL_SURFACE('',#14613,7.357658823528);
#14613 = AXIS2_PLACEMENT_3D('',#14614,#14615,#14616);
#14614 = CARTESIAN_POINT('',(-7.4051E-13,-5.8866E-13,0.));
#14615 = DIRECTION('',(-0.,-0.,-1.));
#14616 = DIRECTION('',(-0.805385417592,-0.592751490196,0.));
#14617 = ADVANCED_FACE('',(#14618),#14629,.F.);
#14618 = FACE_BOUND('',#14619,.F.);
#14619 = EDGE_LOOP('',(#14620,#14621,#14622,#14628));
#14620 = ORIENTED_EDGE('',*,*,#14586,.T.);
#14621 = ORIENTED_EDGE('',*,*,#12000,.T.);
#14622 = ORIENTED_EDGE('',*,*,#14623,.F.);
#14623 = EDGE_CURVE('',#10775,#12001,#14624,.T.);
#14624 = LINE('',#14625,#14626);
#14625 = CARTESIAN_POINT('',(-6.057355205774,8.304362956903,0.));
#14626 = VECTOR('',#14627,1.);
#14627 = DIRECTION('',(0.,0.,1.));
#14628 = ORIENTED_EDGE('',*,*,#10774,.F.);
#14629 = SURFACE_OF_LINEAR_EXTRUSION('',#14630,#14635);
#14630 = B_SPLINE_CURVE_WITH_KNOTS('',3,(#14631,#14632,#14633,#14634),
  .UNSPECIFIED.,.F.,.F.,(4,4),(0.,1.),.PIECEWISE_BEZIER_KNOTS.);
#14631 = CARTESIAN_POINT('',(-4.809293430575,7.627561268822,0.));
#14632 = CARTESIAN_POINT('',(-5.058864786055,7.828899699877,0.));
#14633 = CARTESIAN_POINT('',(-5.457877486391,8.084252581139,0.));
#14634 = CARTESIAN_POINT('',(-6.057355205774,8.304362956903,0.));
#14635 = VECTOR('',#14636,1.);
#14636 = DIRECTION('',(-0.,-0.,-1.));
#14637 = ADVANCED_FACE('',(#14638),#14649,.F.);
#14638 = FACE_BOUND('',#14639,.F.);
#14639 = EDGE_LOOP('',(#14640,#14646,#14647,#14648));
#14640 = ORIENTED_EDGE('',*,*,#14641,.T.);
#14641 = EDGE_CURVE('',#11075,#12301,#14642,.T.);
#14642 = LINE('',#14643,#14644);
#14643 = CARTESIAN_POINT('',(-6.602170412554,-4.248040996828,0.));
#14644 = VECTOR('',#14645,1.);
#14645 = DIRECTION('',(0.,0.,1.));
#14646 = ORIENTED_EDGE('',*,*,#12308,.T.);
#14647 = ORIENTED_EDGE('',*,*,#14604,.F.);
#14648 = ORIENTED_EDGE('',*,*,#11082,.F.);
#14649 = CYLINDRICAL_SURFACE('',#14650,0.493105882353);
#14650 = AXIS2_PLACEMENT_3D('',#14651,#14652,#14653);
#14651 = CARTESIAN_POINT('',(-6.32245944,-4.654138501184,0.));
#14652 = DIRECTION('',(0.,0.,-1.));
#14653 = DIRECTION('',(-0.567243228206,0.823550314221,0.));
#14654 = ADVANCED_FACE('',(#14655),#14666,.T.);
#14655 = FACE_BOUND('',#14656,.F.);
#14656 = EDGE_LOOP('',(#14657,#14658,#14659,#14665));
#14657 = ORIENTED_EDGE('',*,*,#14623,.T.);
#14658 = ORIENTED_EDGE('',*,*,#12009,.T.);
#14659 = ORIENTED_EDGE('',*,*,#14660,.F.);
#14660 = EDGE_CURVE('',#10784,#12010,#14661,.T.);
#14661 = LINE('',#14662,#14663);
#14662 = CARTESIAN_POINT('',(-6.747800943316,7.751864790301,0.));
#14663 = VECTOR('',#14664,1.);
#14664 = DIRECTION('',(0.,0.,1.));
#14665 = ORIENTED_EDGE('',*,*,#10783,.F.);
#14666 = CYLINDRICAL_SURFACE('',#14667,10.277364705884);
#14667 = AXIS2_PLACEMENT_3D('',#14668,#14669,#14670);
#14668 = CARTESIAN_POINT('',(1.269897291773E-02,1.107244194481E-02,0.));
#14669 = DIRECTION('',(-0.,-0.,-1.));
#14670 = DIRECTION('',(-0.590623603658,0.806947184643,0.));
#14671 = ADVANCED_FACE('',(#14672),#14683,.F.);
#14672 = FACE_BOUND('',#14673,.F.);
#14673 = EDGE_LOOP('',(#14674,#14680,#14681,#14682));
#14674 = ORIENTED_EDGE('',*,*,#14675,.T.);
#14675 = EDGE_CURVE('',#11066,#12292,#14676,.T.);
#14676 = LINE('',#14677,#14678);
#14677 = CARTESIAN_POINT('',(-7.195436339949,-4.628668198484,0.));
#14678 = VECTOR('',#14679,1.);
#14679 = DIRECTION('',(0.,0.,1.));
#14680 = ORIENTED_EDGE('',*,*,#12300,.T.);
#14681 = ORIENTED_EDGE('',*,*,#14641,.F.);
#14682 = ORIENTED_EDGE('',*,*,#11074,.F.);
#14683 = PLANE('',#14684);
#14684 = AXIS2_PLACEMENT_3D('',#14685,#14686,#14687);
#14685 = CARTESIAN_POINT('',(-7.195436339949,-4.628668198484,0.));
#14686 = DIRECTION('',(-0.539996416789,0.841667315425,0.));
#14687 = DIRECTION('',(0.841667315425,0.539996416789,0.));
#14688 = ADVANCED_FACE('',(#14689),#14700,.F.);
#14689 = FACE_BOUND('',#14690,.F.);
#14690 = EDGE_LOOP('',(#14691,#14692,#14693,#14699));
#14691 = ORIENTED_EDGE('',*,*,#14660,.T.);
#14692 = ORIENTED_EDGE('',*,*,#12018,.T.);
#14693 = ORIENTED_EDGE('',*,*,#14694,.F.);
#14694 = EDGE_CURVE('',#10793,#12019,#14695,.T.);
#14695 = LINE('',#14696,#14697);
#14696 = CARTESIAN_POINT('',(-6.36615391701,6.386006460687,0.));
#14697 = VECTOR('',#14698,1.);
#14698 = DIRECTION('',(0.,0.,1.));
#14699 = ORIENTED_EDGE('',*,*,#10792,.F.);
#14700 = SURFACE_OF_LINEAR_EXTRUSION('',#14701,#14706);
#14701 = B_SPLINE_CURVE_WITH_KNOTS('',3,(#14702,#14703,#14704,#14705),
  .UNSPECIFIED.,.F.,.F.,(4,4),(0.,1.),.PIECEWISE_BEZIER_KNOTS.);
#14702 = CARTESIAN_POINT('',(-6.747800943316,7.751864790301,0.));
#14703 = CARTESIAN_POINT('',(-6.66707149479,7.119952537445,0.));
#14704 = CARTESIAN_POINT('',(-6.506909522131,6.674122556946,0.));
#14705 = CARTESIAN_POINT('',(-6.36615391701,6.386006460687,0.));
#14706 = VECTOR('',#14707,1.);
#14707 = DIRECTION('',(-0.,-0.,-1.));
#14708 = ADVANCED_FACE('',(#14709),#14720,.F.);
#14709 = FACE_BOUND('',#14710,.F.);
#14710 = EDGE_LOOP('',(#14711,#14717,#14718,#14719));
#14711 = ORIENTED_EDGE('',*,*,#14712,.T.);
#14712 = EDGE_CURVE('',#11057,#12283,#14713,.T.);
#14713 = LINE('',#14714,#14715);
#14714 = CARTESIAN_POINT('',(-7.64249846122,-4.785521025056,0.));
#14715 = VECTOR('',#14716,1.);
#14716 = DIRECTION('',(0.,0.,1.));
#14717 = ORIENTED_EDGE('',*,*,#12291,.T.);
#14718 = ORIENTED_EDGE('',*,*,#14675,.F.);
#14719 = ORIENTED_EDGE('',*,*,#11065,.F.);
#14720 = SURFACE_OF_LINEAR_EXTRUSION('',#14721,#14726);
#14721 = B_SPLINE_CURVE_WITH_KNOTS('',3,(#14722,#14723,#14724,#14725),
  .UNSPECIFIED.,.F.,.F.,(4,4),(0.,1.),.PIECEWISE_BEZIER_KNOTS.);
#14722 = CARTESIAN_POINT('',(-7.64249846122,-4.785521025056,0.));
#14723 = CARTESIAN_POINT('',(-7.38141039108,-4.723210748152,0.));
#14724 = CARTESIAN_POINT('',(-7.241092204487,-4.653837044443,0.));
#14725 = CARTESIAN_POINT('',(-7.195436339949,-4.628668198484,0.));
#14726 = VECTOR('',#14727,1.);
#14727 = DIRECTION('',(-0.,-0.,-1.));
#14728 = ADVANCED_FACE('',(#14729),#14740,.F.);
#14729 = FACE_BOUND('',#14730,.F.);
#14730 = EDGE_LOOP('',(#14731,#14732,#14733,#14739));
#14731 = ORIENTED_EDGE('',*,*,#14694,.T.);
#14732 = ORIENTED_EDGE('',*,*,#12027,.T.);
#14733 = ORIENTED_EDGE('',*,*,#14734,.F.);
#14734 = EDGE_CURVE('',#10802,#12028,#14735,.T.);
#14735 = LINE('',#14736,#14737);
#14736 = CARTESIAN_POINT('',(-6.113753037519,5.985056157643,0.));
#14737 = VECTOR('',#14738,1.);
#14738 = DIRECTION('',(0.,0.,1.));
#14739 = ORIENTED_EDGE('',*,*,#10801,.F.);
#14740 = SURFACE_OF_LINEAR_EXTRUSION('',#14741,#14746);
#14741 = B_SPLINE_CURVE_WITH_KNOTS('',3,(#14742,#14743,#14744,#14745),
  .UNSPECIFIED.,.F.,.F.,(4,4),(0.,1.),.PIECEWISE_BEZIER_KNOTS.);
#14742 = CARTESIAN_POINT('',(-6.36615391701,6.386006460687,0.));
#14743 = CARTESIAN_POINT('',(-6.247308327628,6.145329754582,0.));
#14744 = CARTESIAN_POINT('',(-6.148450233579,6.023966739227,0.));
#14745 = CARTESIAN_POINT('',(-6.113753037519,5.985056157643,0.));
#14746 = VECTOR('',#14747,1.);
#14747 = DIRECTION('',(-0.,-0.,-1.));
#14748 = ADVANCED_FACE('',(#14749),#14760,.F.);
#14749 = FACE_BOUND('',#14750,.F.);
#14750 = EDGE_LOOP('',(#14751,#14757,#14758,#14759));
#14751 = ORIENTED_EDGE('',*,*,#14752,.T.);
#14752 = EDGE_CURVE('',#11048,#12274,#14753,.T.);
#14753 = LINE('',#14754,#14755);
#14754 = CARTESIAN_POINT('',(-9.059036323582,-4.853667292444,0.));
#14755 = VECTOR('',#14756,1.);
#14756 = DIRECTION('',(0.,0.,1.));
#14757 = ORIENTED_EDGE('',*,*,#12282,.T.);
#14758 = ORIENTED_EDGE('',*,*,#14712,.F.);
#14759 = ORIENTED_EDGE('',*,*,#11056,.F.);
#14760 = SURFACE_OF_LINEAR_EXTRUSION('',#14761,#14766);
#14761 = B_SPLINE_CURVE_WITH_KNOTS('',3,(#14762,#14763,#14764,#14765),
  .UNSPECIFIED.,.F.,.F.,(4,4),(0.,1.),.PIECEWISE_BEZIER_KNOTS.);
#14762 = CARTESIAN_POINT('',(-9.059036323582,-4.853667292444,0.));
#14763 = CARTESIAN_POINT('',(-8.425003437939,-4.915575604426,0.));
#14764 = CARTESIAN_POINT('',(-7.954711954122,-4.858635730456,0.));
#14765 = CARTESIAN_POINT('',(-7.64249846122,-4.785521025056,0.));
#14766 = VECTOR('',#14767,1.);
#14767 = DIRECTION('',(-0.,-0.,-1.));
#14768 = ADVANCED_FACE('',(#14769),#14780,.F.);
#14769 = FACE_BOUND('',#14770,.F.);
#14770 = EDGE_LOOP('',(#14771,#14772,#14773,#14779));
#14771 = ORIENTED_EDGE('',*,*,#14734,.T.);
#14772 = ORIENTED_EDGE('',*,*,#12036,.T.);
#14773 = ORIENTED_EDGE('',*,*,#14774,.F.);
#14774 = EDGE_CURVE('',#10811,#12037,#14775,.T.);
#14775 = LINE('',#14776,#14777);
#14776 = CARTESIAN_POINT('',(-5.61065486624,5.491362166081,0.));
#14777 = VECTOR('',#14778,1.);
#14778 = DIRECTION('',(0.,0.,1.));
#14779 = ORIENTED_EDGE('',*,*,#10810,.F.);
#14780 = PLANE('',#14781);
#14781 = AXIS2_PLACEMENT_3D('',#14782,#14783,#14784);
#14782 = CARTESIAN_POINT('',(-6.113753037519,5.985056157643,0.));
#14783 = DIRECTION('',(0.700404451582,0.713746176315,0.));
#14784 = DIRECTION('',(0.713746176315,-0.700404451582,0.));
#14785 = ADVANCED_FACE('',(#14786),#14797,.T.);
#14786 = FACE_BOUND('',#14787,.F.);
#14787 = EDGE_LOOP('',(#14788,#14794,#14795,#14796));
#14788 = ORIENTED_EDGE('',*,*,#14789,.T.);
#14789 = EDGE_CURVE('',#11039,#12265,#14790,.T.);
#14790 = LINE('',#14791,#14792);
#14791 = CARTESIAN_POINT('',(-9.444043577268,-4.057590063027,0.));
#14792 = VECTOR('',#14793,1.);
#14793 = DIRECTION('',(0.,0.,1.));
#14794 = ORIENTED_EDGE('',*,*,#12273,.T.);
#14795 = ORIENTED_EDGE('',*,*,#14752,.F.);
#14796 = ORIENTED_EDGE('',*,*,#11047,.F.);
#14797 = CYLINDRICAL_SURFACE('',#14798,10.277364705884);
#14798 = AXIS2_PLACEMENT_3D('',#14799,#14800,#14801);
#14799 = CARTESIAN_POINT('',(-7.969045394155E-03,1.484443327624E-02,0.)
  );
#14800 = DIRECTION('',(-0.,-0.,-1.));
#14801 = DIRECTION('',(-0.918141449867,-0.396252795619,0.));
#14802 = ADVANCED_FACE('',(#14803),#14814,.F.);
#14803 = FACE_BOUND('',#14804,.F.);
#14804 = EDGE_LOOP('',(#14805,#14806,#14807,#14813));
#14805 = ORIENTED_EDGE('',*,*,#14774,.T.);
#14806 = ORIENTED_EDGE('',*,*,#12044,.T.);
#14807 = ORIENTED_EDGE('',*,*,#14808,.F.);
#14808 = EDGE_CURVE('',#10819,#12045,#14809,.T.);
#14809 = LINE('',#14810,#14811);
#14810 = CARTESIAN_POINT('',(-5.570520931778,4.806707803901,0.));
#14811 = VECTOR('',#14812,1.);
#14812 = DIRECTION('',(0.,0.,1.));
#14813 = ORIENTED_EDGE('',*,*,#10818,.F.);
#14814 = CYLINDRICAL_SURFACE('',#14815,0.493105882353);
#14815 = AXIS2_PLACEMENT_3D('',#14816,#14817,#14818);
#14816 = CARTESIAN_POINT('',(-5.944329111454,5.128298935648,0.));
#14817 = DIRECTION('',(0.,0.,-1.));
#14818 = DIRECTION('',(0.6766786955,0.736278441255,0.));
#14819 = ADVANCED_FACE('',(#14820),#14831,.F.);
#14820 = FACE_BOUND('',#14821,.F.);
#14821 = EDGE_LOOP('',(#14822,#14828,#14829,#14830));
#14822 = ORIENTED_EDGE('',*,*,#14823,.T.);
#14823 = EDGE_CURVE('',#11030,#12256,#14824,.T.);
#14824 = LINE('',#14825,#14826);
#14825 = CARTESIAN_POINT('',(-8.506490848693,-2.991422345993,0.));
#14826 = VECTOR('',#14827,1.);
#14827 = DIRECTION('',(0.,0.,1.));
#14828 = ORIENTED_EDGE('',*,*,#12264,.T.);
#14829 = ORIENTED_EDGE('',*,*,#14789,.F.);
#14830 = ORIENTED_EDGE('',*,*,#11038,.F.);
#14831 = SURFACE_OF_LINEAR_EXTRUSION('',#14832,#14837);
#14832 = B_SPLINE_CURVE_WITH_KNOTS('',3,(#14833,#14834,#14835,#14836),
  .UNSPECIFIED.,.F.,.F.,(4,4),(0.,1.),.PIECEWISE_BEZIER_KNOTS.);
#14833 = CARTESIAN_POINT('',(-8.506490848693,-2.991422345993,0.));
#14834 = CARTESIAN_POINT('',(-8.758316156034,-3.189934410811,0.));
#14835 = CARTESIAN_POINT('',(-9.096055486172,-3.522121668057,0.));
#14836 = CARTESIAN_POINT('',(-9.444043577268,-4.057590063027,0.));
#14837 = VECTOR('',#14838,1.);
#14838 = DIRECTION('',(-0.,-0.,-1.));
#14839 = ADVANCED_FACE('',(#14840),#14851,.T.);
#14840 = FACE_BOUND('',#14841,.F.);
#14841 = EDGE_LOOP('',(#14842,#14843,#14844,#14850));
#14842 = ORIENTED_EDGE('',*,*,#14808,.T.);
#14843 = ORIENTED_EDGE('',*,*,#12053,.T.);
#14844 = ORIENTED_EDGE('',*,*,#14845,.F.);
#14845 = EDGE_CURVE('',#10828,#12054,#14846,.T.);
#14846 = LINE('',#14847,#14848);
#14847 = CARTESIAN_POINT('',(-5.925751124088,4.361263232004,0.));
#14848 = VECTOR('',#14849,1.);
#14849 = DIRECTION('',(0.,0.,1.));
#14850 = ORIENTED_EDGE('',*,*,#10827,.F.);
#14851 = CYLINDRICAL_SURFACE('',#14852,7.357658823529);
#14852 = AXIS2_PLACEMENT_3D('',#14853,#14854,#14855);
#14853 = CARTESIAN_POINT('',(-3.9302E-13,3.1349E-13,0.));
#14854 = DIRECTION('',(-0.,-0.,-1.));
#14855 = DIRECTION('',(-0.757105088097,0.653293108472,0.));
#14856 = ADVANCED_FACE('',(#14857),#14868,.F.);
#14857 = FACE_BOUND('',#14858,.F.);
#14858 = EDGE_LOOP('',(#14859,#14865,#14866,#14867));
#14859 = ORIENTED_EDGE('',*,*,#14860,.T.);
#14860 = EDGE_CURVE('',#11022,#12248,#14861,.T.);
#14861 = LINE('',#14862,#14863);
#14862 = CARTESIAN_POINT('',(-8.105119697355,-2.739691242724,0.));
#14863 = VECTOR('',#14864,1.);
#14864 = DIRECTION('',(0.,0.,1.));
#14865 = ORIENTED_EDGE('',*,*,#12255,.T.);
#14866 = ORIENTED_EDGE('',*,*,#14823,.F.);
#14867 = ORIENTED_EDGE('',*,*,#11029,.F.);
#14868 = SURFACE_OF_LINEAR_EXTRUSION('',#14869,#14874);
#14869 = B_SPLINE_CURVE_WITH_KNOTS('',3,(#14870,#14871,#14872,#14873),
  .UNSPECIFIED.,.F.,.F.,(4,4),(0.,1.),.PIECEWISE_BEZIER_KNOTS.);
#14870 = CARTESIAN_POINT('',(-8.105119697355,-2.739691242724,0.));
#14871 = CARTESIAN_POINT('',(-8.153263459438,-2.759693916199,0.));
#14872 = CARTESIAN_POINT('',(-8.294988963409,-2.826145295261,0.));
#14873 = CARTESIAN_POINT('',(-8.506490848693,-2.991422345993,0.));
#14874 = VECTOR('',#14875,1.);
#14875 = DIRECTION('',(-0.,-0.,-1.));
#14876 = ADVANCED_FACE('',(#14877),#14888,.F.);
#14877 = FACE_BOUND('',#14878,.F.);
#14878 = EDGE_LOOP('',(#14879,#14880,#14881,#14887));
#14879 = ORIENTED_EDGE('',*,*,#14845,.T.);
#14880 = ORIENTED_EDGE('',*,*,#12062,.T.);
#14881 = ORIENTED_EDGE('',*,*,#14882,.F.);
#14882 = EDGE_CURVE('',#10837,#12063,#14883,.T.);
#14883 = LINE('',#14884,#14885);
#14884 = CARTESIAN_POINT('',(-6.602170412554,4.248040996828,0.));
#14885 = VECTOR('',#14886,1.);
#14886 = DIRECTION('',(0.,0.,1.));
#14887 = ORIENTED_EDGE('',*,*,#10836,.F.);
#14888 = CYLINDRICAL_SURFACE('',#14889,0.493105882353);
#14889 = AXIS2_PLACEMENT_3D('',#14890,#14891,#14892);
#14890 = CARTESIAN_POINT('',(-6.32245944,4.654138501184,0.));
#14891 = DIRECTION('',(0.,0.,-1.));
#14892 = DIRECTION('',(0.804509396683,-0.593939921751,0.));
#14893 = ADVANCED_FACE('',(#14894),#14905,.F.);
#14894 = FACE_BOUND('',#14895,.F.);
#14895 = EDGE_LOOP('',(#14896,#14902,#14903,#14904));
#14896 = ORIENTED_EDGE('',*,*,#14897,.T.);
#14897 = EDGE_CURVE('',#11013,#12239,#14898,.T.);
#14898 = LINE('',#14899,#14900);
#14899 = CARTESIAN_POINT('',(-7.437638112495,-2.513174441754,0.));
#14900 = VECTOR('',#14901,1.);
#14901 = DIRECTION('',(0.,0.,1.));
#14902 = ORIENTED_EDGE('',*,*,#12247,.T.);
#14903 = ORIENTED_EDGE('',*,*,#14860,.F.);
#14904 = ORIENTED_EDGE('',*,*,#11021,.F.);
#14905 = PLANE('',#14906);
#14906 = AXIS2_PLACEMENT_3D('',#14907,#14908,#14909);
#14907 = CARTESIAN_POINT('',(-7.437638112495,-2.513174441754,0.));
#14908 = DIRECTION('',(0.321359746056,-0.946957186791,0.));
#14909 = DIRECTION('',(-0.946957186791,-0.321359746056,0.));
#14910 = ADVANCED_FACE('',(#14911),#14922,.F.);
#14911 = FACE_BOUND('',#14912,.F.);
#14912 = EDGE_LOOP('',(#14913,#14914,#14915,#14921));
#14913 = ORIENTED_EDGE('',*,*,#14882,.T.);
#14914 = ORIENTED_EDGE('',*,*,#12071,.T.);
#14915 = ORIENTED_EDGE('',*,*,#14916,.F.);
#14916 = EDGE_CURVE('',#10846,#12072,#14917,.T.);
#14917 = LINE('',#14918,#14919);
#14918 = CARTESIAN_POINT('',(-7.195436339949,4.628668198484,0.));
#14919 = VECTOR('',#14920,1.);
#14920 = DIRECTION('',(0.,0.,1.));
#14921 = ORIENTED_EDGE('',*,*,#10845,.F.);
#14922 = PLANE('',#14923);
#14923 = AXIS2_PLACEMENT_3D('',#14924,#14925,#14926);
#14924 = CARTESIAN_POINT('',(-6.602170412554,4.248040996828,0.));
#14925 = DIRECTION('',(-0.539996416789,-0.841667315425,0.));
#14926 = DIRECTION('',(-0.841667315425,0.539996416789,0.));
#14927 = ADVANCED_FACE('',(#14928),#14939,.F.);
#14928 = FACE_BOUND('',#14929,.F.);
#14929 = EDGE_LOOP('',(#14930,#14936,#14937,#14938));
#14930 = ORIENTED_EDGE('',*,*,#14931,.T.);
#14931 = EDGE_CURVE('',#11004,#12230,#14932,.T.);
#14932 = LINE('',#14933,#14934);
#14933 = CARTESIAN_POINT('',(-7.104418292333,-1.913735637706,0.));
#14934 = VECTOR('',#14935,1.);
#14935 = DIRECTION('',(0.,0.,1.));
#14936 = ORIENTED_EDGE('',*,*,#12238,.T.);
#14937 = ORIENTED_EDGE('',*,*,#14897,.F.);
#14938 = ORIENTED_EDGE('',*,*,#11012,.F.);
#14939 = CYLINDRICAL_SURFACE('',#14940,0.493105882353);
#14940 = AXIS2_PLACEMENT_3D('',#14941,#14942,#14943);
#14941 = CARTESIAN_POINT('',(-7.580740987498,-2.041289944893,0.));
#14942 = DIRECTION('',(0.,0.,-1.));
#14943 = DIRECTION('',(0.96596433385,0.25867529014,0.));
#14944 = ADVANCED_FACE('',(#14945),#14956,.F.);
#14945 = FACE_BOUND('',#14946,.F.);
#14946 = EDGE_LOOP('',(#14947,#14948,#14949,#14955));
#14947 = ORIENTED_EDGE('',*,*,#14916,.T.);
#14948 = ORIENTED_EDGE('',*,*,#12079,.T.);
#14949 = ORIENTED_EDGE('',*,*,#14950,.F.);
#14950 = EDGE_CURVE('',#10854,#12080,#14951,.T.);
#14951 = LINE('',#14952,#14953);
#14952 = CARTESIAN_POINT('',(-7.64249846122,4.785521025056,0.));
#14953 = VECTOR('',#14954,1.);
#14954 = DIRECTION('',(0.,0.,1.));
#14955 = ORIENTED_EDGE('',*,*,#10853,.F.);
#14956 = SURFACE_OF_LINEAR_EXTRUSION('',#14957,#14962);
#14957 = B_SPLINE_CURVE_WITH_KNOTS('',3,(#14958,#14959,#14960,#14961),
  .UNSPECIFIED.,.F.,.F.,(4,4),(0.,1.),.PIECEWISE_BEZIER_KNOTS.);
#14958 = CARTESIAN_POINT('',(-7.195436339949,4.628668198484,0.));
#14959 = CARTESIAN_POINT('',(-7.241092204487,4.653837044443,0.));
#14960 = CARTESIAN_POINT('',(-7.38141039108,4.723210748152,0.));
#14961 = CARTESIAN_POINT('',(-7.64249846122,4.785521025056,0.));
#14962 = VECTOR('',#14963,1.);
#14963 = DIRECTION('',(-0.,-0.,-1.));
#14964 = ADVANCED_FACE('',(#14965),#14976,.T.);
#14965 = FACE_BOUND('',#14966,.F.);
#14966 = EDGE_LOOP('',(#14967,#14973,#14974,#14975));
#14967 = ORIENTED_EDGE('',*,*,#14968,.T.);
#14968 = EDGE_CURVE('',#10995,#12221,#14969,.T.);
#14969 = LINE('',#14970,#14971);
#14970 = CARTESIAN_POINT('',(-7.231198480119,-1.358275341964,0.));
#14971 = VECTOR('',#14972,1.);
#14972 = DIRECTION('',(0.,0.,1.));
#14973 = ORIENTED_EDGE('',*,*,#12229,.T.);
#14974 = ORIENTED_EDGE('',*,*,#14931,.F.);
#14975 = ORIENTED_EDGE('',*,*,#11003,.F.);
#14976 = CYLINDRICAL_SURFACE('',#14977,7.357658823531);
#14977 = AXIS2_PLACEMENT_3D('',#14978,#14979,#14980);
#14978 = CARTESIAN_POINT('',(1.13353E-12,2.5817E-13,0.));
#14979 = DIRECTION('',(-0.,-0.,-1.));
#14980 = DIRECTION('',(-0.982812420847,-0.184607002654,0.));
#14981 = ADVANCED_FACE('',(#14982),#14993,.F.);
#14982 = FACE_BOUND('',#14983,.F.);
#14983 = EDGE_LOOP('',(#14984,#14985,#14986,#14992));
#14984 = ORIENTED_EDGE('',*,*,#14950,.T.);
#14985 = ORIENTED_EDGE('',*,*,#12088,.T.);
#14986 = ORIENTED_EDGE('',*,*,#14987,.F.);
#14987 = EDGE_CURVE('',#10863,#12089,#14988,.T.);
#14988 = LINE('',#14989,#14990);
#14989 = CARTESIAN_POINT('',(-9.06061651296,4.853784566088,0.));
#14990 = VECTOR('',#14991,1.);
#14991 = DIRECTION('',(0.,0.,1.));
#14992 = ORIENTED_EDGE('',*,*,#10862,.F.);
#14993 = SURFACE_OF_LINEAR_EXTRUSION('',#14994,#14999);
#14994 = B_SPLINE_CURVE_WITH_KNOTS('',3,(#14995,#14996,#14997,#14998),
  .UNSPECIFIED.,.F.,.F.,(4,4),(0.,1.),.PIECEWISE_BEZIER_KNOTS.);
#14995 = CARTESIAN_POINT('',(-7.64249846122,4.785521025056,0.));
#14996 = CARTESIAN_POINT('',(-7.954711954122,4.858635730456,0.));
#14997 = CARTESIAN_POINT('',(-8.425003437939,4.915575604426,0.));
#14998 = CARTESIAN_POINT('',(-9.06061651296,4.853784566088,0.));
#14999 = VECTOR('',#15000,1.);
#15000 = DIRECTION('',(-0.,-0.,-1.));
#15001 = ADVANCED_FACE('',(#15002),#15013,.F.);
#15002 = FACE_BOUND('',#15003,.F.);
#15003 = EDGE_LOOP('',(#15004,#15010,#15011,#15012));
#15004 = ORIENTED_EDGE('',*,*,#15005,.T.);
#15005 = EDGE_CURVE('',#10987,#12213,#15006,.T.);
#15006 = LINE('',#15007,#15008);
#15007 = CARTESIAN_POINT('',(-7.791505913926,-0.962778302825,0.));
#15008 = VECTOR('',#15009,1.);
#15009 = DIRECTION('',(0.,0.,1.));
#15010 = ORIENTED_EDGE('',*,*,#12220,.T.);
#15011 = ORIENTED_EDGE('',*,*,#14968,.F.);
#15012 = ORIENTED_EDGE('',*,*,#10994,.F.);
#15013 = CYLINDRICAL_SURFACE('',#15014,0.493105882353);
#15014 = AXIS2_PLACEMENT_3D('',#15015,#15016,#15017);
#15015 = CARTESIAN_POINT('',(-7.715694139281,-1.450021554226,0.));
#15016 = DIRECTION('',(0.,0.,-1.));
#15017 = DIRECTION('',(-0.153743399457,0.988110807108,0.));
#15018 = ADVANCED_FACE('',(#15019),#15030,.T.);
#15019 = FACE_BOUND('',#15020,.F.);
#15020 = EDGE_LOOP('',(#15021,#15022,#15023,#15029));
#15021 = ORIENTED_EDGE('',*,*,#14987,.T.);
#15022 = ORIENTED_EDGE('',*,*,#12097,.T.);
#15023 = ORIENTED_EDGE('',*,*,#15024,.F.);
#15024 = EDGE_CURVE('',#10872,#12098,#15025,.T.);
#15025 = LINE('',#15026,#15027);
#15026 = CARTESIAN_POINT('',(-9.442966657079,4.056427740143,0.));
#15027 = VECTOR('',#15028,1.);
#15028 = DIRECTION('',(0.,0.,1.));
#15029 = ORIENTED_EDGE('',*,*,#10871,.F.);
#15030 = CYLINDRICAL_SURFACE('',#15031,10.277364705884);
#15031 = AXIS2_PLACEMENT_3D('',#15032,#15033,#15034);
#15032 = CARTESIAN_POINT('',(6.637226740383E-03,1.548580333675E-02,0.));
#15033 = DIRECTION('',(-0.,-0.,-1.));
#15034 = DIRECTION('',(-0.882254741287,0.470772313838,0.));
#15035 = ADVANCED_FACE('',(#15036),#15047,.F.);
#15036 = FACE_BOUND('',#15037,.F.);
#15037 = EDGE_LOOP('',(#15038,#15044,#15045,#15046));
#15038 = ORIENTED_EDGE('',*,*,#15039,.T.);
#15039 = EDGE_CURVE('',#10978,#12204,#15040,.T.);
#15040 = LINE('',#15041,#15042);
#15041 = CARTESIAN_POINT('',(-8.49116799836,-1.048303122925,0.));
#15042 = VECTOR('',#15043,1.);
#15043 = DIRECTION('',(0.,0.,1.));
#15044 = ORIENTED_EDGE('',*,*,#12212,.T.);
#15045 = ORIENTED_EDGE('',*,*,#15005,.F.);
#15046 = ORIENTED_EDGE('',*,*,#10986,.F.);
#15047 = PLANE('',#15048);
#15048 = AXIS2_PLACEMENT_3D('',#15049,#15050,#15051);
#15049 = CARTESIAN_POINT('',(-8.49116799836,-1.048303122925,0.));
#15050 = DIRECTION('',(-0.121334198396,0.992611712756,0.));
#15051 = DIRECTION('',(0.992611712756,0.121334198396,0.));
#15052 = ADVANCED_FACE('',(#15053),#15064,.F.);
#15053 = FACE_BOUND('',#15054,.F.);
#15054 = EDGE_LOOP('',(#15055,#15056,#15057,#15063));
#15055 = ORIENTED_EDGE('',*,*,#15024,.T.);
#15056 = ORIENTED_EDGE('',*,*,#12106,.T.);
#15057 = ORIENTED_EDGE('',*,*,#15058,.F.);
#15058 = EDGE_CURVE('',#10881,#12107,#15059,.T.);
#15059 = LINE('',#15060,#15061);
#15060 = CARTESIAN_POINT('',(-8.506490848693,2.991422345993,0.));
#15061 = VECTOR('',#15062,1.);
#15062 = DIRECTION('',(0.,0.,1.));
#15063 = ORIENTED_EDGE('',*,*,#10880,.F.);
#15064 = SURFACE_OF_LINEAR_EXTRUSION('',#15065,#15070);
#15065 = B_SPLINE_CURVE_WITH_KNOTS('',3,(#15066,#15067,#15068,#15069),
  .UNSPECIFIED.,.F.,.F.,(4,4),(0.,1.),.PIECEWISE_BEZIER_KNOTS.);
#15066 = CARTESIAN_POINT('',(-9.442966657079,4.056427740143,0.));
#15067 = CARTESIAN_POINT('',(-9.096055486172,3.522121668057,0.));
#15068 = CARTESIAN_POINT('',(-8.758316156034,3.189934410811,0.));
#15069 = CARTESIAN_POINT('',(-8.506490848693,2.991422345993,0.));
#15070 = VECTOR('',#15071,1.);
#15071 = DIRECTION('',(-0.,-0.,-1.));
#15072 = ADVANCED_FACE('',(#15073),#15084,.F.);
#15073 = FACE_BOUND('',#15074,.F.);
#15074 = EDGE_LOOP('',(#15075,#15081,#15082,#15083));
#15075 = ORIENTED_EDGE('',*,*,#15076,.T.);
#15076 = EDGE_CURVE('',#10969,#12195,#15077,.T.);
#15077 = LINE('',#15078,#15079);
#15078 = CARTESIAN_POINT('',(-8.962012942528,-0.995649651713,0.));
#15079 = VECTOR('',#15080,1.);
#15080 = DIRECTION('',(0.,0.,1.));
#15081 = ORIENTED_EDGE('',*,*,#12203,.T.);
#15082 = ORIENTED_EDGE('',*,*,#15039,.F.);
#15083 = ORIENTED_EDGE('',*,*,#10977,.F.);
#15084 = SURFACE_OF_LINEAR_EXTRUSION('',#15085,#15090);
#15085 = B_SPLINE_CURVE_WITH_KNOTS('',3,(#15086,#15087,#15088,#15089),
  .UNSPECIFIED.,.F.,.F.,(4,4),(0.,1.),.PIECEWISE_BEZIER_KNOTS.);
#15086 = CARTESIAN_POINT('',(-8.962012942528,-0.995649651713,0.));
#15087 = CARTESIAN_POINT('',(-8.699745303623,-1.052791900184,0.));
#15088 = CARTESIAN_POINT('',(-8.54322286394,-1.051170132356,0.));
#15089 = CARTESIAN_POINT('',(-8.49116799836,-1.048303122925,0.));
#15090 = VECTOR('',#15091,1.);
#15091 = DIRECTION('',(-0.,-0.,-1.));
#15092 = ADVANCED_FACE('',(#15093),#15104,.F.);
#15093 = FACE_BOUND('',#15094,.F.);
#15094 = EDGE_LOOP('',(#15095,#15096,#15097,#15103));
#15095 = ORIENTED_EDGE('',*,*,#15058,.T.);
#15096 = ORIENTED_EDGE('',*,*,#12115,.T.);
#15097 = ORIENTED_EDGE('',*,*,#15098,.F.);
#15098 = EDGE_CURVE('',#10890,#12116,#15099,.T.);
#15099 = LINE('',#15100,#15101);
#15100 = CARTESIAN_POINT('',(-8.105119697355,2.739691242724,0.));
#15101 = VECTOR('',#15102,1.);
#15102 = DIRECTION('',(0.,0.,1.));
#15103 = ORIENTED_EDGE('',*,*,#10889,.F.);
#15104 = SURFACE_OF_LINEAR_EXTRUSION('',#15105,#15110);
#15105 = B_SPLINE_CURVE_WITH_KNOTS('',3,(#15106,#15107,#15108,#15109),
  .UNSPECIFIED.,.F.,.F.,(4,4),(0.,1.),.PIECEWISE_BEZIER_KNOTS.);
#15106 = CARTESIAN_POINT('',(-8.506490848693,2.991422345993,0.));
#15107 = CARTESIAN_POINT('',(-8.294988963409,2.826145295261,0.));
#15108 = CARTESIAN_POINT('',(-8.153263459438,2.759693916199,0.));
#15109 = CARTESIAN_POINT('',(-8.105119697355,2.739691242724,0.));
#15110 = VECTOR('',#15111,1.);
#15111 = DIRECTION('',(-0.,-0.,-1.));
#15112 = ADVANCED_FACE('',(#15113),#15124,.F.);
#15113 = FACE_BOUND('',#15114,.F.);
#15114 = EDGE_LOOP('',(#15115,#15121,#15122,#15123));
#15115 = ORIENTED_EDGE('',*,*,#15116,.T.);
#15116 = EDGE_CURVE('',#10960,#12186,#15117,.T.);
#15117 = LINE('',#15118,#15119);
#15118 = CARTESIAN_POINT('',(-10.26783701402,-0.442434572771,0.));
#15119 = VECTOR('',#15120,1.);
#15120 = DIRECTION('',(0.,0.,1.));
#15121 = ORIENTED_EDGE('',*,*,#12194,.T.);
#15122 = ORIENTED_EDGE('',*,*,#15076,.F.);
#15123 = ORIENTED_EDGE('',*,*,#10968,.F.);
#15124 = SURFACE_OF_LINEAR_EXTRUSION('',#15125,#15130);
#15125 = B_SPLINE_CURVE_WITH_KNOTS('',3,(#15126,#15127,#15128,#15129),
  .UNSPECIFIED.,.F.,.F.,(4,4),(0.,1.),.PIECEWISE_BEZIER_KNOTS.);
#15126 = CARTESIAN_POINT('',(-10.26783701402,-0.442434572771,0.));
#15127 = CARTESIAN_POINT('',(-9.723454132717,-0.773308593677,0.));
#15128 = CARTESIAN_POINT('',(-9.275030861536,-0.926059367362,0.));
#15129 = CARTESIAN_POINT('',(-8.962012942528,-0.995649651713,0.));
#15130 = VECTOR('',#15131,1.);
#15131 = DIRECTION('',(-0.,-0.,-1.));
#15132 = ADVANCED_FACE('',(#15133),#15144,.F.);
#15133 = FACE_BOUND('',#15134,.F.);
#15134 = EDGE_LOOP('',(#15135,#15136,#15137,#15143));
#15135 = ORIENTED_EDGE('',*,*,#15098,.T.);
#15136 = ORIENTED_EDGE('',*,*,#12124,.T.);
#15137 = ORIENTED_EDGE('',*,*,#15138,.F.);
#15138 = EDGE_CURVE('',#10899,#12125,#15139,.T.);
#15139 = LINE('',#15140,#15141);
#15140 = CARTESIAN_POINT('',(-7.437638112495,2.513174441754,0.));
#15141 = VECTOR('',#15142,1.);
#15142 = DIRECTION('',(0.,0.,1.));
#15143 = ORIENTED_EDGE('',*,*,#10898,.F.);
#15144 = PLANE('',#15145);
#15145 = AXIS2_PLACEMENT_3D('',#15146,#15147,#15148);
#15146 = CARTESIAN_POINT('',(-8.105119697355,2.739691242724,0.));
#15147 = DIRECTION('',(0.321359746056,0.946957186791,0.));
#15148 = DIRECTION('',(0.946957186791,-0.321359746056,0.));
#15149 = ADVANCED_FACE('',(#15150),#15161,.T.);
#15150 = FACE_BOUND('',#15151,.F.);
#15151 = EDGE_LOOP('',(#15152,#15158,#15159,#15160));
#15152 = ORIENTED_EDGE('',*,*,#15153,.T.);
#15153 = EDGE_CURVE('',#10951,#12177,#15154,.T.);
#15154 = LINE('',#15155,#15156);
#15155 = CARTESIAN_POINT('',(-10.26931159858,0.441854614197,0.));
#15156 = VECTOR('',#15157,1.);
#15157 = DIRECTION('',(0.,0.,1.));
#15158 = ORIENTED_EDGE('',*,*,#12185,.T.);
#15159 = ORIENTED_EDGE('',*,*,#15116,.F.);
#15160 = ORIENTED_EDGE('',*,*,#10959,.F.);
#15161 = CYLINDRICAL_SURFACE('',#15162,10.277364705883);
#15162 = AXIS2_PLACEMENT_3D('',#15163,#15164,#15165);
#15163 = CARTESIAN_POINT('',(-7.391035936635E-04,1.683201145636E-02,0.)
  );
#15164 = DIRECTION('',(-0.,-0.,-1.));
#15165 = DIRECTION('',(-0.99914450726,4.135521263513E-02,0.));
#15166 = ADVANCED_FACE('',(#15167),#15178,.F.);
#15167 = FACE_BOUND('',#15168,.F.);
#15168 = EDGE_LOOP('',(#15169,#15170,#15171,#15177));
#15169 = ORIENTED_EDGE('',*,*,#15138,.T.);
#15170 = ORIENTED_EDGE('',*,*,#12132,.T.);
#15171 = ORIENTED_EDGE('',*,*,#15172,.F.);
#15172 = EDGE_CURVE('',#10907,#12133,#15173,.T.);
#15173 = LINE('',#15174,#15175);
#15174 = CARTESIAN_POINT('',(-7.104418292333,1.913735637706,0.));
#15175 = VECTOR('',#15176,1.);
#15176 = DIRECTION('',(0.,0.,1.));
#15177 = ORIENTED_EDGE('',*,*,#10906,.F.);
#15178 = CYLINDRICAL_SURFACE('',#15179,0.493105882353);
#15179 = AXIS2_PLACEMENT_3D('',#15180,#15181,#15182);
#15180 = CARTESIAN_POINT('',(-7.580740987498,2.041289944893,0.));
#15181 = DIRECTION('',(0.,0.,-1.));
#15182 = DIRECTION('',(0.290207195095,0.956963836263,0.));
#15183 = ADVANCED_FACE('',(#15184),#15195,.F.);
#15184 = FACE_BOUND('',#15185,.F.);
#15185 = EDGE_LOOP('',(#15186,#15192,#15193,#15194));
#15186 = ORIENTED_EDGE('',*,*,#15187,.T.);
#15187 = EDGE_CURVE('',#10942,#12168,#15188,.T.);
#15188 = LINE('',#15189,#15190);
#15189 = CARTESIAN_POINT('',(-8.962012942528,0.995649651713,0.));
#15190 = VECTOR('',#15191,1.);
#15191 = DIRECTION('',(0.,0.,1.));
#15192 = ORIENTED_EDGE('',*,*,#12176,.T.);
#15193 = ORIENTED_EDGE('',*,*,#15153,.F.);
#15194 = ORIENTED_EDGE('',*,*,#10950,.F.);
#15195 = SURFACE_OF_LINEAR_EXTRUSION('',#15196,#15201);
#15196 = B_SPLINE_CURVE_WITH_KNOTS('',3,(#15197,#15198,#15199,#15200),
  .UNSPECIFIED.,.F.,.F.,(4,4),(0.,1.),.PIECEWISE_BEZIER_KNOTS.);
#15197 = CARTESIAN_POINT('',(-8.962012942528,0.995649651713,0.));
#15198 = CARTESIAN_POINT('',(-9.275030861536,0.926059367362,0.));
#15199 = CARTESIAN_POINT('',(-9.723454132717,0.773308593677,0.));
#15200 = CARTESIAN_POINT('',(-10.26931159858,0.441854614197,0.));
#15201 = VECTOR('',#15202,1.);
#15202 = DIRECTION('',(-0.,-0.,-1.));
#15203 = ADVANCED_FACE('',(#15204),#15215,.T.);
#15204 = FACE_BOUND('',#15205,.F.);
#15205 = EDGE_LOOP('',(#15206,#15207,#15208,#15214));
#15206 = ORIENTED_EDGE('',*,*,#15172,.T.);
#15207 = ORIENTED_EDGE('',*,*,#12141,.T.);
#15208 = ORIENTED_EDGE('',*,*,#15209,.F.);
#15209 = EDGE_CURVE('',#10916,#12142,#15210,.T.);
#15210 = LINE('',#15211,#15212);
#15211 = CARTESIAN_POINT('',(-7.231198480119,1.358275341964,0.));
#15212 = VECTOR('',#15213,1.);
#15213 = DIRECTION('',(0.,0.,1.));
#15214 = ORIENTED_EDGE('',*,*,#10915,.F.);
#15215 = CYLINDRICAL_SURFACE('',#15216,7.357658823528);
#15216 = AXIS2_PLACEMENT_3D('',#15217,#15218,#15219);
#15217 = CARTESIAN_POINT('',(-1.84983E-12,4.3869E-13,0.));
#15218 = DIRECTION('',(-0.,-0.,-1.));
#15219 = DIRECTION('',(-0.96558137075,0.26010116582,0.));
#15220 = ADVANCED_FACE('',(#15221),#15232,.F.);
#15221 = FACE_BOUND('',#15222,.F.);
#15222 = EDGE_LOOP('',(#15223,#15229,#15230,#15231));
#15223 = ORIENTED_EDGE('',*,*,#15224,.T.);
#15224 = EDGE_CURVE('',#10934,#12160,#15225,.T.);
#15225 = LINE('',#15226,#15227);
#15226 = CARTESIAN_POINT('',(-8.49116799836,1.048303122925,0.));
#15227 = VECTOR('',#15228,1.);
#15228 = DIRECTION('',(0.,0.,1.));
#15229 = ORIENTED_EDGE('',*,*,#12167,.T.);
#15230 = ORIENTED_EDGE('',*,*,#15187,.F.);
#15231 = ORIENTED_EDGE('',*,*,#10941,.F.);
#15232 = SURFACE_OF_LINEAR_EXTRUSION('',#15233,#15238);
#15233 = B_SPLINE_CURVE_WITH_KNOTS('',3,(#15234,#15235,#15236,#15237),
  .UNSPECIFIED.,.F.,.F.,(4,4),(0.,1.),.PIECEWISE_BEZIER_KNOTS.);
#15234 = CARTESIAN_POINT('',(-8.49116799836,1.048303122925,0.));
#15235 = CARTESIAN_POINT('',(-8.54322286394,1.051170132356,0.));
#15236 = CARTESIAN_POINT('',(-8.699745303623,1.052791900184,0.));
#15237 = CARTESIAN_POINT('',(-8.962012942528,0.995649651713,0.));
#15238 = VECTOR('',#15239,1.);
#15239 = DIRECTION('',(-0.,-0.,-1.));
#15240 = ADVANCED_FACE('',(#15241),#15252,.F.);
#15241 = FACE_BOUND('',#15242,.F.);
#15242 = EDGE_LOOP('',(#15243,#15244,#15245,#15251));
#15243 = ORIENTED_EDGE('',*,*,#15209,.T.);
#15244 = ORIENTED_EDGE('',*,*,#12150,.T.);
#15245 = ORIENTED_EDGE('',*,*,#15246,.F.);
#15246 = EDGE_CURVE('',#10925,#12151,#15247,.T.);
#15247 = LINE('',#15248,#15249);
#15248 = CARTESIAN_POINT('',(-7.791505913926,0.962778302825,0.));
#15249 = VECTOR('',#15250,1.);
#15250 = DIRECTION('',(0.,0.,1.));
#15251 = ORIENTED_EDGE('',*,*,#10924,.F.);
#15252 = CYLINDRICAL_SURFACE('',#15253,0.493105882353);
#15253 = AXIS2_PLACEMENT_3D('',#15254,#15255,#15256);
#15254 = CARTESIAN_POINT('',(-7.715694139281,1.450021554226,0.));
#15255 = DIRECTION('',(0.,0.,-1.));
#15256 = DIRECTION('',(0.982538794406,-0.186057833714,0.));
#15257 = ADVANCED_FACE('',(#15258),#15264,.F.);
#15258 = FACE_BOUND('',#15259,.F.);
#15259 = EDGE_LOOP('',(#15260,#15261,#15262,#15263));
#15260 = ORIENTED_EDGE('',*,*,#15246,.T.);
#15261 = ORIENTED_EDGE('',*,*,#12159,.T.);
#15262 = ORIENTED_EDGE('',*,*,#15224,.F.);
#15263 = ORIENTED_EDGE('',*,*,#10933,.F.);
#15264 = PLANE('',#15265);
#15265 = AXIS2_PLACEMENT_3D('',#15266,#15267,#15268);
#15266 = CARTESIAN_POINT('',(-7.791505913926,0.962778302825,0.));
#15267 = DIRECTION('',(-0.121334198396,-0.992611712756,0.));
#15268 = DIRECTION('',(-0.992611712756,0.121334198396,0.));
#15269 = ADVANCED_FACE('',(#15270),#15281,.F.);
#15270 = FACE_BOUND('',#15271,.F.);
#15271 = EDGE_LOOP('',(#15272,#15273,#15279,#15280));
#15272 = ORIENTED_EDGE('',*,*,#12767,.F.);
#15273 = ORIENTED_EDGE('',*,*,#15274,.F.);
#15274 = EDGE_CURVE('',#11542,#12768,#15275,.T.);
#15275 = LINE('',#15276,#15277);
#15276 = CARTESIAN_POINT('',(1.881588235294,-4.6E-16,-0.324411764706));
#15277 = VECTOR('',#15278,1.);
#15278 = DIRECTION('',(0.,0.,1.));
#15279 = ORIENTED_EDGE('',*,*,#11541,.T.);
#15280 = ORIENTED_EDGE('',*,*,#15274,.T.);
#15281 = CYLINDRICAL_SURFACE('',#15282,1.881588235294);
#15282 = AXIS2_PLACEMENT_3D('',#15283,#15284,#15285);
#15283 = CARTESIAN_POINT('',(0.,0.,-0.324411764706));
#15284 = DIRECTION('',(0.,0.,1.));
#15285 = DIRECTION('',(1.,0.,0.));
#15286 = ( GEOMETRIC_REPRESENTATION_CONTEXT(3) 
GLOBAL_UNCERTAINTY_ASSIGNED_CONTEXT((#15290)) 
GLOBAL_UNIT_ASSIGNED_CONTEXT((#15287,#15288,#15289)) 
REPRESENTATION_CONTEXT('Context #1',
  '3D Context with UNIT and UNCERTAINTY') );
#15287 = ( LENGTH_UNIT() NAMED_UNIT(*) SI_UNIT(.MILLI.,.METRE.) );
#15288 = ( NAMED_UNIT(*) PLANE_ANGLE_UNIT() SI_UNIT($,.RADIAN.) );
#15289 = ( NAMED_UNIT(*) SI_UNIT($,.STERADIAN.) SOLID_ANGLE_UNIT() );
#15290 = UNCERTAINTY_MEASURE_WITH_UNIT(LENGTH_MEASURE(1.E-07),#15287,
  'distance_accuracy_value','confusion accuracy');
#15291 = CONTEXT_DEPENDENT_SHAPE_REPRESENTATION(#15292,#15294);
#15292 = ( REPRESENTATION_RELATIONSHIP('','',#10216,#10) 
REPRESENTATION_RELATIONSHIP_WITH_TRANSFORMATION(#15293) 
SHAPE_REPRESENTATION_RELATIONSHIP() );
#15293 = ITEM_DEFINED_TRANSFORMATION('','',#11,#23);
#15294 = PRODUCT_DEFINITION_SHAPE('Placement','Placement of an item',
  #15295);
#15295 = NEXT_ASSEMBLY_USAGE_OCCURRENCE('6','Idler_2','',#5,#10211,$);
#15296 = PRODUCT_RELATED_PRODUCT_CATEGORY('part',$,(#10213));
ENDSEC;
END-ISO-10303-21;
