ISO-10303-21;
HEADER;
FILE_DESCRIPTION(('FreeCAD Model'),'2;1');
FILE_NAME('Open CASCADE Shape Model','2026-09-30T19:00:56',('Author'),(
    ''),'Open CASCADE STEP processor 7.9','FreeCAD','Unknown');
FILE_SCHEMA(('AUTOMOTIVE_DESIGN { 1 0 10303 214 1 1 1 1 }'));
ENDSEC;
DATA;
#1 = APPLICATION_PROTOCOL_DEFINITION('international standard',
  'automotive_design',2000,#2);
#2 = APPLICATION_CONTEXT(
  'core data for automotive mechanical design processes');
#3 = SHAPE_DEFINITION_REPRESENTATION(#4,#10);
#4 = PRODUCT_DEFINITION_SHAPE('','',#5);
#5 = PRODUCT_DEFINITION('design','',#6,#9);
#6 = PRODUCT_DEFINITION_FORMATION('','',#7);
#7 = PRODUCT('UnitsDiskTime','UnitsDiskTime','',(#8));
#8 = PRODUCT_CONTEXT('',#2,'mechanical');
#9 = PRODUCT_DEFINITION_CONTEXT('part definition',#2,'design');
#10 = ADVANCED_BREP_SHAPE_REPRESENTATION('',(#11,#15),#3452);
#11 = AXIS2_PLACEMENT_3D('',#12,#13,#14);
#12 = CARTESIAN_POINT('',(0.,0.,0.));
#13 = DIRECTION('',(0.,0.,1.));
#14 = DIRECTION('',(1.,0.,-0.));
#15 = MANIFOLD_SOLID_BREP('',#16);
#16 = CLOSED_SHELL('',(#17,#59,#92,#711,#735,#859,#876,#893,#910,#927,
    #944,#961,#978,#995,#1012,#1029,#1046,#1063,#1075,#1103,#1125,#1147,
    #1169,#1191,#1213,#1235,#1257,#1279,#1301,#1323,#1345,#1361,#1393,
    #1435,#1460,#1485,#1510,#1535,#1560,#1585,#1610,#1635,#1686,#1708,
    #1744,#1766,#1788,#1810,#1835,#1860,#1885,#1907,#1929,#1951,#1976,
    #2001,#2046,#2068,#2104,#2126,#2148,#2170,#2192,#2214,#2250,#2272,
    #2294,#2310,#2327,#2348,#2474,#2558,#2687,#2703,#2721,#2769,#2785,
    #2801,#2817,#2833,#2845,#2863,#2881,#2895,#2935,#2969,#3001,#3033,
    #3067,#3101,#3133,#3159,#3187,#3209,#3231,#3267,#3299,#3331,#3359,
    #3389,#3419,#3435));
#17 = ADVANCED_FACE('',(#18),#54,.T.);
#18 = FACE_BOUND('',#19,.T.);
#19 = EDGE_LOOP('',(#20,#30,#39,#47));
#20 = ORIENTED_EDGE('',*,*,#21,.T.);
#21 = EDGE_CURVE('',#22,#24,#26,.T.);
#22 = VERTEX_POINT('',#23);
#23 = CARTESIAN_POINT('',(24.655294117647,-56.32951620496,
    -5.125705882353));
#24 = VERTEX_POINT('',#25);
#25 = CARTESIAN_POINT('',(24.655294117647,-56.32951620496,
    -3.828058823529));
#26 = LINE('',#27,#28);
#27 = CARTESIAN_POINT('',(24.655294117647,-56.32951620496,
    -5.125705882353));
#28 = VECTOR('',#29,1.);
#29 = DIRECTION('',(0.,0.,1.));
#30 = ORIENTED_EDGE('',*,*,#31,.F.);
#31 = EDGE_CURVE('',#32,#24,#34,.T.);
#32 = VERTEX_POINT('',#33);
#33 = CARTESIAN_POINT('',(24.655294117647,29.078927969672,
    -3.828058823529));
#34 = CIRCLE('',#35,49.310588235294);
#35 = AXIS2_PLACEMENT_3D('',#36,#37,#38);
#36 = CARTESIAN_POINT('',(0.,-13.62529411764,-3.828058823529));
#37 = DIRECTION('',(-0.,0.,1.));
#38 = DIRECTION('',(0.5,-0.866025403784,0.));
#39 = ORIENTED_EDGE('',*,*,#40,.F.);
#40 = EDGE_CURVE('',#41,#32,#43,.T.);
#41 = VERTEX_POINT('',#42);
#42 = CARTESIAN_POINT('',(24.655294117647,29.078927969672,
    -5.125705882353));
#43 = LINE('',#44,#45);
#44 = CARTESIAN_POINT('',(24.655294117647,29.078927969672,
    -5.125705882353));
#45 = VECTOR('',#46,1.);
#46 = DIRECTION('',(0.,0.,1.));
#47 = ORIENTED_EDGE('',*,*,#48,.T.);
#48 = EDGE_CURVE('',#41,#22,#49,.T.);
#49 = CIRCLE('',#50,49.310588235294);
#50 = AXIS2_PLACEMENT_3D('',#51,#52,#53);
#51 = CARTESIAN_POINT('',(0.,-13.62529411764,-5.125705882353));
#52 = DIRECTION('',(-0.,0.,1.));
#53 = DIRECTION('',(0.5,-0.866025403784,0.));
#54 = CYLINDRICAL_SURFACE('',#55,49.310588235294);
#55 = AXIS2_PLACEMENT_3D('',#56,#57,#58);
#56 = CARTESIAN_POINT('',(0.,-13.62529411764,-5.125705882353));
#57 = DIRECTION('',(0.,0.,1.));
#58 = DIRECTION('',(0.5,-0.866025403784,0.));
#59 = ADVANCED_FACE('',(#60),#87,.T.);
#60 = FACE_BOUND('',#61,.T.);
#61 = EDGE_LOOP('',(#62,#71,#72,#81));
#62 = ORIENTED_EDGE('',*,*,#63,.F.);
#63 = EDGE_CURVE('',#24,#64,#66,.T.);
#64 = VERTEX_POINT('',#65);
#65 = CARTESIAN_POINT('',(49.310588235294,-13.62529411764,
    -3.828058823529));
#66 = CIRCLE('',#67,49.310588235294);
#67 = AXIS2_PLACEMENT_3D('',#68,#69,#70);
#68 = CARTESIAN_POINT('',(0.,-13.62529411764,-3.828058823529));
#69 = DIRECTION('',(-0.,0.,1.));
#70 = DIRECTION('',(0.5,-0.866025403784,0.));
#71 = ORIENTED_EDGE('',*,*,#21,.F.);
#72 = ORIENTED_EDGE('',*,*,#73,.T.);
#73 = EDGE_CURVE('',#22,#74,#76,.T.);
#74 = VERTEX_POINT('',#75);
#75 = CARTESIAN_POINT('',(49.310588235294,-13.62529411764,
    -5.125705882353));
#76 = CIRCLE('',#77,49.310588235294);
#77 = AXIS2_PLACEMENT_3D('',#78,#79,#80);
#78 = CARTESIAN_POINT('',(0.,-13.62529411764,-5.125705882353));
#79 = DIRECTION('',(-0.,0.,1.));
#80 = DIRECTION('',(0.5,-0.866025403784,0.));
#81 = ORIENTED_EDGE('',*,*,#82,.T.);
#82 = EDGE_CURVE('',#74,#64,#83,.T.);
#83 = LINE('',#84,#85);
#84 = CARTESIAN_POINT('',(49.310588235294,-13.62529411764,
    -5.125705882353));
#85 = VECTOR('',#86,1.);
#86 = DIRECTION('',(0.,0.,1.));
#87 = CYLINDRICAL_SURFACE('',#88,49.310588235294);
#88 = AXIS2_PLACEMENT_3D('',#89,#90,#91);
#89 = CARTESIAN_POINT('',(0.,-13.62529411764,-5.125705882353));
#90 = DIRECTION('',(0.,0.,1.));
#91 = DIRECTION('',(0.5,-0.866025403784,0.));
#92 = ADVANCED_FACE('',(#93,#207,#300,#695),#706,.F.);
#93 = FACE_BOUND('',#94,.F.);
#94 = EDGE_LOOP('',(#95,#96,#97,#105,#113,#121,#129,#137,#145,#153,#161,
    #169,#177,#185,#193,#201));
#95 = ORIENTED_EDGE('',*,*,#48,.T.);
#96 = ORIENTED_EDGE('',*,*,#73,.T.);
#97 = ORIENTED_EDGE('',*,*,#98,.F.);
#98 = EDGE_CURVE('',#99,#74,#101,.T.);
#99 = VERTEX_POINT('',#100);
#100 = CARTESIAN_POINT('',(36.334117647059,-13.62529411764,
    -5.125705882353));
#101 = LINE('',#102,#103);
#102 = CARTESIAN_POINT('',(0.,-13.62529411764,-5.125705882353));
#103 = VECTOR('',#104,1.);
#104 = DIRECTION('',(1.,0.,0.));
#105 = ORIENTED_EDGE('',*,*,#106,.T.);
#106 = EDGE_CURVE('',#99,#107,#109,.T.);
#107 = VERTEX_POINT('',#108);
#108 = CARTESIAN_POINT('',(36.195855359842,-10.45856710703,
    -5.125705882353));
#109 = LINE('',#110,#111);
#110 = CARTESIAN_POINT('',(36.334117647059,-13.62529411764,
    -5.125705882353));
#111 = VECTOR('',#112,1.);
#112 = DIRECTION('',(-4.361938736534E-02,0.999048221582,0.));
#113 = ORIENTED_EDGE('',*,*,#114,.T.);
#114 = EDGE_CURVE('',#107,#115,#117,.T.);
#115 = VERTEX_POINT('',#116);
#116 = CARTESIAN_POINT('',(35.782120757681,-7.315940801099,
    -5.125705882353));
#117 = LINE('',#118,#119);
#118 = CARTESIAN_POINT('',(36.195855359842,-10.45856710703,
    -5.125705882353));
#119 = VECTOR('',#120,1.);
#120 = DIRECTION('',(-0.13052619222,0.991444861374,0.));
#121 = ORIENTED_EDGE('',*,*,#122,.T.);
#122 = EDGE_CURVE('',#115,#123,#125,.T.);
#123 = VERTEX_POINT('',#124);
#124 = CARTESIAN_POINT('',(35.09606261072,-4.221332483593,
    -5.125705882353));
#125 = LINE('',#126,#127);
#126 = CARTESIAN_POINT('',(35.782120757681,-7.315940801099,
    -5.125705882353));
#127 = VECTOR('',#128,1.);
#128 = DIRECTION('',(-0.216439613938,0.97629600712,0.));
#129 = ORIENTED_EDGE('',*,*,#130,.T.);
#130 = EDGE_CURVE('',#123,#131,#133,.T.);
#131 = VERTEX_POINT('',#132);
#132 = CARTESIAN_POINT('',(34.142902235708,-1.198293992388,
    -5.125705882353));
#133 = LINE('',#134,#135);
#134 = CARTESIAN_POINT('',(35.09606261072,-4.221332483593,
    -5.125705882353));
#135 = VECTOR('',#136,1.);
#136 = DIRECTION('',(-0.300705799504,0.953716950748,0.));
#137 = ORIENTED_EDGE('',*,*,#138,.T.);
#138 = EDGE_CURVE('',#131,#139,#141,.T.);
#139 = VERTEX_POINT('',#140);
#140 = CARTESIAN_POINT('',(32.929893758635,1.730167524235,
    -5.125705882353));
#141 = LINE('',#142,#143);
#142 = CARTESIAN_POINT('',(34.142902235708,-1.198293992388,
    -5.125705882353));
#143 = VECTOR('',#144,1.);
#144 = DIRECTION('',(-0.382683432365,0.923879532511,0.));
#145 = ORIENTED_EDGE('',*,*,#146,.T.);
#146 = EDGE_CURVE('',#139,#147,#149,.T.);
#147 = VERTEX_POINT('',#148);
#148 = CARTESIAN_POINT('',(31.466268906445,4.541764705882,
    -5.125705882353));
#149 = LINE('',#150,#151);
#150 = CARTESIAN_POINT('',(32.929893758635,1.730167524235,
    -5.125705882353));
#151 = VECTOR('',#152,1.);
#152 = DIRECTION('',(-0.461748613235,0.887010833178,0.));
#153 = ORIENTED_EDGE('',*,*,#154,.T.);
#154 = EDGE_CURVE('',#147,#155,#157,.T.);
#155 = VERTEX_POINT('',#156);
#156 = CARTESIAN_POINT('',(29.763166748025,7.215099600313,
    -5.125705882353));
#157 = LINE('',#158,#159);
#158 = CARTESIAN_POINT('',(31.466268906445,4.541764705882,
    -5.125705882353));
#159 = VECTOR('',#160,1.);
#160 = DIRECTION('',(-0.537299608347,0.843391445813,0.));
#161 = ORIENTED_EDGE('',*,*,#162,.T.);
#162 = EDGE_CURVE('',#155,#163,#165,.T.);
#163 = VERTEX_POINT('',#164);
#164 = CARTESIAN_POINT('',(27.833548919161,9.729826514775,
    -5.125705882353));
#165 = LINE('',#166,#167);
#166 = CARTESIAN_POINT('',(29.763166748025,7.215099600313,
    -5.125705882353));
#167 = VECTOR('',#168,1.);
#168 = DIRECTION('',(-0.608761429009,0.793353340291,0.));
#169 = ORIENTED_EDGE('',*,*,#170,.T.);
#170 = EDGE_CURVE('',#163,#171,#173,.T.);
#171 = VERTEX_POINT('',#172);
#172 = CARTESIAN_POINT('',(25.692100976665,12.066806859018,
    -5.125705882353));
#173 = LINE('',#174,#175);
#174 = CARTESIAN_POINT('',(27.833548919161,9.729826514775,
    -5.125705882353));
#175 = VECTOR('',#176,1.);
#176 = DIRECTION('',(-0.675590207616,0.73727733681,0.));
#177 = ORIENTED_EDGE('',*,*,#178,.T.);
#178 = EDGE_CURVE('',#171,#179,#181,.T.);
#179 = VERTEX_POINT('',#180);
#180 = CARTESIAN_POINT('',(23.355120632422,14.208254801514,
    -5.125705882353));
#181 = LINE('',#182,#183);
#182 = CARTESIAN_POINT('',(25.692100976665,12.066806859018,
    -5.125705882353));
#183 = VECTOR('',#184,1.);
#184 = DIRECTION('',(-0.73727733681,0.675590207616,0.));
#185 = ORIENTED_EDGE('',*,*,#186,.T.);
#186 = EDGE_CURVE('',#179,#187,#189,.T.);
#187 = VERTEX_POINT('',#188);
#188 = CARTESIAN_POINT('',(20.84039371796,16.137872630378,
    -5.125705882353));
#189 = LINE('',#190,#191);
#190 = CARTESIAN_POINT('',(23.355120632422,14.208254801514,
    -5.125705882353));
#191 = VECTOR('',#192,1.);
#192 = DIRECTION('',(-0.793353340291,0.608761429009,0.));
#193 = ORIENTED_EDGE('',*,*,#194,.T.);
#194 = EDGE_CURVE('',#187,#195,#197,.T.);
#195 = VERTEX_POINT('',#196);
#196 = CARTESIAN_POINT('',(18.167058823529,17.840974788798,
    -5.125705882353));
#197 = LINE('',#198,#199);
#198 = CARTESIAN_POINT('',(20.84039371796,16.137872630378,
    -5.125705882353));
#199 = VECTOR('',#200,1.);
#200 = DIRECTION('',(-0.843391445813,0.537299608347,0.));
#201 = ORIENTED_EDGE('',*,*,#202,.F.);
#202 = EDGE_CURVE('',#41,#195,#203,.T.);
#203 = LINE('',#204,#205);
#204 = CARTESIAN_POINT('',(24.655294117647,29.078927969672,
    -5.125705882353));
#205 = VECTOR('',#206,1.);
#206 = DIRECTION('',(-0.5,-0.866025403784,0.));
#207 = FACE_BOUND('',#208,.F.);
#208 = EDGE_LOOP('',(#209,#218,#225,#232,#239,#246,#253,#260,#267,#274,
    #281,#288,#295));
#209 = ORIENTED_EDGE('',*,*,#210,.F.);
#210 = EDGE_CURVE('',#211,#213,#215,.T.);
#211 = VERTEX_POINT('',#212);
#212 = CARTESIAN_POINT('',(-29.70493389839,-22.51542760544,
    -5.125705882353));
#213 = VERTEX_POINT('',#214);
#214 = CARTESIAN_POINT('',(-32.12762128411,-24.80744525664,
    -5.125705882353));
#215 = B_SPLINE_CURVE_WITH_KNOTS('',1,(#216,#217),.UNSPECIFIED.,.F.,.F.,
  (2,2),(0.,1.),.PIECEWISE_BEZIER_KNOTS.);
#216 = CARTESIAN_POINT('',(-29.70493389839,-22.51542760544,
    -5.125705882353));
#217 = CARTESIAN_POINT('',(-32.12762128411,-24.80744525664,
    -5.125705882353));
#218 = ORIENTED_EDGE('',*,*,#219,.F.);
#219 = EDGE_CURVE('',#220,#211,#222,.T.);
#220 = VERTEX_POINT('',#221);
#221 = CARTESIAN_POINT('',(-29.37007482531,-23.09542053339,
    -5.125705882353));
#222 = B_SPLINE_CURVE_WITH_KNOTS('',1,(#223,#224),.UNSPECIFIED.,.F.,.F.,
  (2,2),(0.,1.),.PIECEWISE_BEZIER_KNOTS.);
#223 = CARTESIAN_POINT('',(-29.37007482531,-23.09542053339,
    -5.125705882353));
#224 = CARTESIAN_POINT('',(-29.70493389839,-22.51542760544,
    -5.125705882353));
#225 = ORIENTED_EDGE('',*,*,#226,.F.);
#226 = EDGE_CURVE('',#227,#220,#229,.T.);
#227 = VERTEX_POINT('',#228);
#228 = CARTESIAN_POINT('',(-31.05570193689,-24.63265932731,
    -5.125705882353));
#229 = B_SPLINE_CURVE_WITH_KNOTS('',1,(#230,#231),.UNSPECIFIED.,.F.,.F.,
  (2,2),(0.,1.),.PIECEWISE_BEZIER_KNOTS.);
#230 = CARTESIAN_POINT('',(-31.05570193689,-24.63265932731,
    -5.125705882353));
#231 = CARTESIAN_POINT('',(-29.37007482531,-23.09542053339,
    -5.125705882353));
#232 = ORIENTED_EDGE('',*,*,#233,.F.);
#233 = EDGE_CURVE('',#234,#227,#236,.T.);
#234 = VERTEX_POINT('',#235);
#235 = CARTESIAN_POINT('',(-28.82965869747,-24.03144872405,
    -5.125705882353));
#236 = B_SPLINE_CURVE_WITH_KNOTS('',1,(#237,#238),.UNSPECIFIED.,.F.,.F.,
  (2,2),(0.,1.),.PIECEWISE_BEZIER_KNOTS.);
#237 = CARTESIAN_POINT('',(-28.82965869747,-24.03144872405,
    -5.125705882353));
#238 = CARTESIAN_POINT('',(-31.05570193689,-24.63265932731,
    -5.125705882353));
#239 = ORIENTED_EDGE('',*,*,#240,.F.);
#240 = EDGE_CURVE('',#241,#234,#243,.T.);
#241 = VERTEX_POINT('',#242);
#242 = CARTESIAN_POINT('',(-28.44064749706,-24.70523588787,
    -5.125705882353));
#243 = B_SPLINE_CURVE_WITH_KNOTS('',1,(#244,#245),.UNSPECIFIED.,.F.,.F.,
  (2,2),(0.,1.),.PIECEWISE_BEZIER_KNOTS.);
#244 = CARTESIAN_POINT('',(-28.44064749706,-24.70523588787,
    -5.125705882353));
#245 = CARTESIAN_POINT('',(-28.82965869747,-24.03144872405,
    -5.125705882353));
#246 = ORIENTED_EDGE('',*,*,#247,.F.);
#247 = EDGE_CURVE('',#248,#241,#250,.T.);
#248 = VERTEX_POINT('',#249);
#249 = CARTESIAN_POINT('',(-30.11903022958,-26.33017220538,
    -5.125705882353));
#250 = B_SPLINE_CURVE_WITH_KNOTS('',1,(#251,#252),.UNSPECIFIED.,.F.,.F.,
  (2,2),(0.,1.),.PIECEWISE_BEZIER_KNOTS.);
#251 = CARTESIAN_POINT('',(-30.11903022958,-26.33017220538,
    -5.125705882353));
#252 = CARTESIAN_POINT('',(-28.44064749706,-24.70523588787,
    -5.125705882353));
#253 = ORIENTED_EDGE('',*,*,#254,.F.);
#254 = EDGE_CURVE('',#255,#248,#257,.T.);
#255 = VERTEX_POINT('',#256);
#256 = CARTESIAN_POINT('',(-27.9079673874,-25.62786490197,
    -5.125705882353));
#257 = B_SPLINE_CURVE_WITH_KNOTS('',1,(#258,#259),.UNSPECIFIED.,.F.,.F.,
  (2,2),(0.,1.),.PIECEWISE_BEZIER_KNOTS.);
#258 = CARTESIAN_POINT('',(-27.9079673874,-25.62786490197,
    -5.125705882353));
#259 = CARTESIAN_POINT('',(-30.11903022958,-26.33017220538,
    -5.125705882353));
#260 = ORIENTED_EDGE('',*,*,#261,.F.);
#261 = EDGE_CURVE('',#262,#255,#264,.T.);
#262 = VERTEX_POINT('',#263);
#263 = CARTESIAN_POINT('',(-27.5786340416,-26.19828698953,
    -5.125705882353));
#264 = B_SPLINE_CURVE_WITH_KNOTS('',1,(#265,#266),.UNSPECIFIED.,.F.,.F.,
  (2,2),(0.,1.),.PIECEWISE_BEZIER_KNOTS.);
#265 = CARTESIAN_POINT('',(-27.5786340416,-26.19828698953,
    -5.125705882353));
#266 = CARTESIAN_POINT('',(-27.9079673874,-25.62786490197,
    -5.125705882353));
#267 = ORIENTED_EDGE('',*,*,#268,.F.);
#268 = EDGE_CURVE('',#269,#262,#271,.T.);
#269 = VERTEX_POINT('',#270);
#270 = CARTESIAN_POINT('',(-30.78155411905,-27.13890197692,
    -5.125705882353));
#271 = B_SPLINE_CURVE_WITH_KNOTS('',1,(#272,#273),.UNSPECIFIED.,.F.,.F.,
  (2,2),(0.,1.),.PIECEWISE_BEZIER_KNOTS.);
#272 = CARTESIAN_POINT('',(-30.78155411905,-27.13890197692,
    -5.125705882353));
#273 = CARTESIAN_POINT('',(-27.5786340416,-26.19828698953,
    -5.125705882353));
#274 = ORIENTED_EDGE('',*,*,#275,.F.);
#275 = EDGE_CURVE('',#276,#269,#278,.T.);
#276 = VERTEX_POINT('',#277);
#277 = CARTESIAN_POINT('',(-31.12856979215,-26.53785320009,
    -5.125705882353));
#278 = B_SPLINE_CURVE_WITH_KNOTS('',1,(#279,#280),.UNSPECIFIED.,.F.,.F.,
  (2,2),(0.,1.),.PIECEWISE_BEZIER_KNOTS.);
#279 = CARTESIAN_POINT('',(-31.12856979215,-26.53785320009,
    -5.125705882353));
#280 = CARTESIAN_POINT('',(-30.78155411905,-27.13890197692,
    -5.125705882353));
#281 = ORIENTED_EDGE('',*,*,#282,.F.);
#282 = EDGE_CURVE('',#283,#276,#285,.T.);
#283 = VERTEX_POINT('',#284);
#284 = CARTESIAN_POINT('',(-29.35091943768,-24.76627685064,
    -5.125705882353));
#285 = B_SPLINE_CURVE_WITH_KNOTS('',1,(#286,#287),.UNSPECIFIED.,.F.,.F.,
  (2,2),(0.,1.),.PIECEWISE_BEZIER_KNOTS.);
#286 = CARTESIAN_POINT('',(-29.35091943768,-24.76627685064,
    -5.125705882353));
#287 = CARTESIAN_POINT('',(-31.12856979215,-26.53785320009,
    -5.125705882353));
#288 = ORIENTED_EDGE('',*,*,#289,.F.);
#289 = EDGE_CURVE('',#290,#283,#292,.T.);
#290 = VERTEX_POINT('',#291);
#291 = CARTESIAN_POINT('',(-31.77286959283,-25.42189321001,
    -5.125705882353));
#292 = B_SPLINE_CURVE_WITH_KNOTS('',1,(#293,#294),.UNSPECIFIED.,.F.,.F.,
  (2,2),(0.,1.),.PIECEWISE_BEZIER_KNOTS.);
#293 = CARTESIAN_POINT('',(-31.77286959283,-25.42189321001,
    -5.125705882353));
#294 = CARTESIAN_POINT('',(-29.35091943768,-24.76627685064,
    -5.125705882353));
#295 = ORIENTED_EDGE('',*,*,#296,.F.);
#296 = EDGE_CURVE('',#213,#290,#297,.T.);
#297 = B_SPLINE_CURVE_WITH_KNOTS('',1,(#298,#299),.UNSPECIFIED.,.F.,.F.,
  (2,2),(0.,1.),.PIECEWISE_BEZIER_KNOTS.);
#298 = CARTESIAN_POINT('',(-32.12762128411,-24.80744525664,
    -5.125705882353));
#299 = CARTESIAN_POINT('',(-31.77286959283,-25.42189321001,
    -5.125705882353));
#300 = FACE_BOUND('',#301,.F.);
#301 = EDGE_LOOP('',(#302,#311,#318,#325,#332,#339,#346,#353,#360,#367,
    #374,#381,#388,#403,#414,#427,#434,#441,#448,#461,#472,#484,#491,
    #498,#505,#512,#519,#542,#565,#584,#607,#630,#642,#655,#666,#678));
#302 = ORIENTED_EDGE('',*,*,#303,.F.);
#303 = EDGE_CURVE('',#304,#306,#308,.T.);
#304 = VERTEX_POINT('',#305);
#305 = CARTESIAN_POINT('',(-23.03780402079,-26.92617647058,
    -5.125705882353));
#306 = VERTEX_POINT('',#307);
#307 = CARTESIAN_POINT('',(-26.45326642221,-28.89809460746,
    -5.125705882353));
#308 = B_SPLINE_CURVE_WITH_KNOTS('',1,(#309,#310),.UNSPECIFIED.,.F.,.F.,
  (2,2),(0.,1.),.PIECEWISE_BEZIER_KNOTS.);
#309 = CARTESIAN_POINT('',(-23.03780402079,-26.92617647058,
    -5.125705882353));
#310 = CARTESIAN_POINT('',(-27.53298529314,-29.52147058823,
    -5.125705882353));
#311 = ORIENTED_EDGE('',*,*,#312,.T.);
#312 = EDGE_CURVE('',#304,#313,#315,.T.);
#313 = VERTEX_POINT('',#314);
#314 = CARTESIAN_POINT('',(-17.84721578549,-35.91653901528,
    -5.125705882353));
#315 = B_SPLINE_CURVE_WITH_KNOTS('',1,(#316,#317),.UNSPECIFIED.,.F.,.F.,
  (2,2),(0.,1.),.PIECEWISE_BEZIER_KNOTS.);
#316 = CARTESIAN_POINT('',(-23.03780402079,-26.92617647058,
    -5.125705882353));
#317 = CARTESIAN_POINT('',(-17.84721578549,-35.91653901528,
    -5.125705882353));
#318 = ORIENTED_EDGE('',*,*,#319,.T.);
#319 = EDGE_CURVE('',#313,#320,#322,.T.);
#320 = VERTEX_POINT('',#321);
#321 = CARTESIAN_POINT('',(-22.34239705784,-38.51183313293,
    -5.125705882353));
#322 = B_SPLINE_CURVE_WITH_KNOTS('',1,(#323,#324),.UNSPECIFIED.,.F.,.F.,
  (2,2),(0.,1.),.PIECEWISE_BEZIER_KNOTS.);
#323 = CARTESIAN_POINT('',(-17.84721578549,-35.91653901528,
    -5.125705882353));
#324 = CARTESIAN_POINT('',(-22.34239705784,-38.51183313293,
    -5.125705882353));
#325 = ORIENTED_EDGE('',*,*,#326,.F.);
#326 = EDGE_CURVE('',#327,#320,#329,.T.);
#327 = VERTEX_POINT('',#328);
#328 = CARTESIAN_POINT('',(-24.48099142605,-34.80767903041,
    -5.125705882353));
#329 = B_SPLINE_CURVE_WITH_KNOTS('',1,(#330,#331),.UNSPECIFIED.,.F.,.F.,
  (2,2),(0.,1.),.PIECEWISE_BEZIER_KNOTS.);
#330 = CARTESIAN_POINT('',(-27.53298529314,-29.52147058823,
    -5.125705882353));
#331 = CARTESIAN_POINT('',(-22.34239705784,-38.51183313293,
    -5.125705882353));
#332 = ORIENTED_EDGE('',*,*,#333,.F.);
#333 = EDGE_CURVE('',#334,#327,#336,.T.);
#334 = VERTEX_POINT('',#335);
#335 = CARTESIAN_POINT('',(-25.36103668788,-36.52751357102,
    -5.125705882353));
#336 = B_SPLINE_CURVE_WITH_KNOTS('',1,(#337,#338),.UNSPECIFIED.,.F.,.F.,
  (2,2),(0.,1.),.PIECEWISE_BEZIER_KNOTS.);
#337 = CARTESIAN_POINT('',(-25.36103668788,-36.52751357102,
    -5.125705882353));
#338 = CARTESIAN_POINT('',(-24.28224573919,-34.41927889706,
    -5.125705882353));
#339 = ORIENTED_EDGE('',*,*,#340,.F.);
#340 = EDGE_CURVE('',#341,#334,#343,.T.);
#341 = VERTEX_POINT('',#342);
#342 = CARTESIAN_POINT('',(-25.78430739742,-35.79438719675,
    -5.125705882353));
#343 = B_SPLINE_CURVE_WITH_KNOTS('',1,(#344,#345),.UNSPECIFIED.,.F.,.F.,
  (2,2),(0.,1.),.PIECEWISE_BEZIER_KNOTS.);
#344 = CARTESIAN_POINT('',(-25.78430739742,-35.79438719675,
    -5.125705882353));
#345 = CARTESIAN_POINT('',(-25.36103668788,-36.52751357102,
    -5.125705882353));
#346 = ORIENTED_EDGE('',*,*,#347,.F.);
#347 = EDGE_CURVE('',#348,#341,#350,.T.);
#348 = VERTEX_POINT('',#349);
#349 = CARTESIAN_POINT('',(-24.90890504153,-34.26042709645,
    -5.125705882353));
#350 = B_SPLINE_CURVE_WITH_KNOTS('',1,(#351,#352),.UNSPECIFIED.,.F.,.F.,
  (2,2),(0.,1.),.PIECEWISE_BEZIER_KNOTS.);
#351 = CARTESIAN_POINT('',(-24.90890504153,-34.26042709645,
    -5.125705882353));
#352 = CARTESIAN_POINT('',(-25.78430739742,-35.79438719675,
    -5.125705882353));
#353 = ORIENTED_EDGE('',*,*,#354,.F.);
#354 = EDGE_CURVE('',#355,#348,#357,.T.);
#355 = VERTEX_POINT('',#356);
#356 = CARTESIAN_POINT('',(-25.6440044087,-34.07230312867,
    -5.125705882353));
#357 = B_SPLINE_CURVE_WITH_KNOTS('',1,(#358,#359),.UNSPECIFIED.,.F.,.F.,
  (2,2),(0.,1.),.PIECEWISE_BEZIER_KNOTS.);
#358 = CARTESIAN_POINT('',(-25.6440044087,-34.07230312867,
    -5.125705882353));
#359 = CARTESIAN_POINT('',(-24.90890504153,-34.26042709645,
    -5.125705882353));
#360 = ORIENTED_EDGE('',*,*,#361,.F.);
#361 = EDGE_CURVE('',#362,#355,#364,.T.);
#362 = VERTEX_POINT('',#363);
#363 = CARTESIAN_POINT('',(-26.49491592544,-34.56357712192,
    -5.125705882353));
#364 = B_SPLINE_CURVE_WITH_KNOTS('',1,(#365,#366),.UNSPECIFIED.,.F.,.F.,
  (2,2),(0.,1.),.PIECEWISE_BEZIER_KNOTS.);
#365 = CARTESIAN_POINT('',(-26.49491592544,-34.56357712192,
    -5.125705882353));
#366 = CARTESIAN_POINT('',(-25.6440044087,-34.07230312867,
    -5.125705882353));
#367 = ORIENTED_EDGE('',*,*,#368,.F.);
#368 = EDGE_CURVE('',#369,#362,#371,.T.);
#369 = VERTEX_POINT('',#370);
#370 = CARTESIAN_POINT('',(-26.82203898033,-33.99698337052,
    -5.125705882353));
#371 = B_SPLINE_CURVE_WITH_KNOTS('',1,(#372,#373),.UNSPECIFIED.,.F.,.F.,
  (2,2),(0.,1.),.PIECEWISE_BEZIER_KNOTS.);
#372 = CARTESIAN_POINT('',(-26.82203898033,-33.99698337052,
    -5.125705882353));
#373 = CARTESIAN_POINT('',(-26.49491592544,-34.56357712192,
    -5.125705882353));
#374 = ORIENTED_EDGE('',*,*,#375,.F.);
#375 = EDGE_CURVE('',#376,#369,#378,.T.);
#376 = VERTEX_POINT('',#377);
#377 = CARTESIAN_POINT('',(-25.41729483272,-33.18595395876,
    -5.125705882353));
#378 = B_SPLINE_CURVE_WITH_KNOTS('',1,(#379,#380),.UNSPECIFIED.,.F.,.F.,
  (2,2),(0.,1.),.PIECEWISE_BEZIER_KNOTS.);
#379 = CARTESIAN_POINT('',(-24.01255068511,-32.37492454699,
    -5.125705882353));
#380 = CARTESIAN_POINT('',(-26.82203898033,-33.99698337052,
    -5.125705882353));
#381 = ORIENTED_EDGE('',*,*,#382,.F.);
#382 = EDGE_CURVE('',#383,#376,#385,.T.);
#383 = VERTEX_POINT('',#384);
#384 = CARTESIAN_POINT('',(-25.9026692115,-32.34526087401,
    -5.125705882353));
#385 = B_SPLINE_CURVE_WITH_KNOTS('',1,(#386,#387),.UNSPECIFIED.,.F.,.F.,
  (2,2),(0.,1.),.PIECEWISE_BEZIER_KNOTS.);
#386 = CARTESIAN_POINT('',(-27.53298529314,-29.52147058823,
    -5.125705882353));
#387 = CARTESIAN_POINT('',(-22.34239705784,-38.51183313293,
    -5.125705882353));
#388 = ORIENTED_EDGE('',*,*,#389,.F.);
#389 = EDGE_CURVE('',#390,#383,#392,.T.);
#390 = VERTEX_POINT('',#391);
#391 = CARTESIAN_POINT('',(-26.32099263028,-31.99380056454,
    -5.125705882353));
#392 = B_SPLINE_CURVE_WITH_KNOTS('',5,(#393,#394,#395,#396,#397,#398,
    #399,#400,#401,#402),.UNSPECIFIED.,.F.,.F.,(6,4,6),(0.,
    0.513649981742,1.),.UNSPECIFIED.);
#393 = CARTESIAN_POINT('',(-26.32099263028,-31.99380056454,
    -5.125705882353));
#394 = CARTESIAN_POINT('',(-26.26972043882,-32.05882794376,
    -5.125705882353));
#395 = CARTESIAN_POINT('',(-26.21626333014,-32.11902056073,
    -5.125705882353));
#396 = CARTESIAN_POINT('',(-26.16056973454,-32.17377933958,
    -5.125705882353));
#397 = CARTESIAN_POINT('',(-26.10264744347,-32.22243240803,
    -5.125705882353));
#398 = CARTESIAN_POINT('',(-25.98580262713,-32.30416384637,
    -5.125705882353));
#399 = CARTESIAN_POINT('',(-25.92709163947,-32.33793665609,
    -5.125705882353));
#400 = CARTESIAN_POINT('',(-25.86662491859,-32.36524216437,
    -5.125705882353));
#401 = CARTESIAN_POINT('',(-25.80460136229,-32.38572142102,
    -5.125705882353));
#402 = CARTESIAN_POINT('',(-25.74132209023,-32.39927261276,
    -5.125705882353));
#403 = ORIENTED_EDGE('',*,*,#404,.F.);
#404 = EDGE_CURVE('',#405,#390,#407,.T.);
#405 = VERTEX_POINT('',#406);
#406 = CARTESIAN_POINT('',(-26.3821998659,-32.43358102506,
    -5.125705882353));
#407 = B_SPLINE_CURVE_WITH_KNOTS('',5,(#408,#409,#410,#411,#412,#413),
  .UNSPECIFIED.,.F.,.F.,(6,6),(0.,1.),.PIECEWISE_BEZIER_KNOTS.);
#408 = CARTESIAN_POINT('',(-26.3821998659,-32.43358102506,
    -5.125705882353));
#409 = CARTESIAN_POINT('',(-26.3579596207,-32.35487935065,
    -5.125705882353));
#410 = CARTESIAN_POINT('',(-26.33985482613,-32.27128002251,
    -5.125705882353));
#411 = CARTESIAN_POINT('',(-26.32778755877,-32.18303567116,
    -5.125705882353));
#412 = CARTESIAN_POINT('',(-26.32157524997,-32.0904409277,
    -5.125705882353));
#413 = CARTESIAN_POINT('',(-26.32099263028,-31.99380056454,
    -5.125705882353));
#414 = ORIENTED_EDGE('',*,*,#415,.F.);
#415 = EDGE_CURVE('',#416,#405,#418,.T.);
#416 = VERTEX_POINT('',#417);
#417 = CARTESIAN_POINT('',(-26.65330457811,-33.02023823953,
    -5.125705882353));
#418 = B_SPLINE_CURVE_WITH_KNOTS('',7,(#419,#420,#421,#422,#423,#424,
    #425,#426),.UNSPECIFIED.,.F.,.F.,(8,8),(0.,1.),
  .PIECEWISE_BEZIER_KNOTS.);
#419 = CARTESIAN_POINT('',(-26.65330457811,-33.02023823953,
    -5.125705882353));
#420 = CARTESIAN_POINT('',(-26.59932971662,-32.92001983168,
    -5.125705882353));
#421 = CARTESIAN_POINT('',(-26.54917926485,-32.82373708148,
    -5.125705882353));
#422 = CARTESIAN_POINT('',(-26.5034074275,-32.73200875964,
    -5.125705882353));
#423 = CARTESIAN_POINT('',(-26.46279883151,-32.64578914095,
    -5.125705882353));
#424 = CARTESIAN_POINT('',(-26.42832537068,-32.56631958677,
    -5.125705882353));
#425 = CARTESIAN_POINT('',(-26.40110775035,-32.49508620435,
    -5.125705882353));
#426 = CARTESIAN_POINT('',(-26.3821998659,-32.43358102506,
    -5.125705882353));
#427 = ORIENTED_EDGE('',*,*,#428,.F.);
#428 = EDGE_CURVE('',#429,#416,#431,.T.);
#429 = VERTEX_POINT('',#430);
#430 = CARTESIAN_POINT('',(-27.00497739143,-33.68012474784,
    -5.125705882353));
#431 = B_SPLINE_CURVE_WITH_KNOTS('',1,(#432,#433),.UNSPECIFIED.,.F.,.F.,
  (2,2),(0.,1.),.PIECEWISE_BEZIER_KNOTS.);
#432 = CARTESIAN_POINT('',(-27.00497739143,-33.68012474784,
    -5.125705882353));
#433 = CARTESIAN_POINT('',(-26.65330457811,-33.02023823953,
    -5.125705882353));
#434 = ORIENTED_EDGE('',*,*,#435,.F.);
#435 = EDGE_CURVE('',#436,#429,#438,.T.);
#436 = VERTEX_POINT('',#437);
#437 = CARTESIAN_POINT('',(-27.39619888275,-33.00250924785,
    -5.125705882353));
#438 = B_SPLINE_CURVE_WITH_KNOTS('',1,(#439,#440),.UNSPECIFIED.,.F.,.F.,
  (2,2),(0.,1.),.PIECEWISE_BEZIER_KNOTS.);
#439 = CARTESIAN_POINT('',(-27.39619888275,-33.00250924785,
    -5.125705882353));
#440 = CARTESIAN_POINT('',(-27.00497739143,-33.68012474784,
    -5.125705882353));
#441 = ORIENTED_EDGE('',*,*,#442,.F.);
#442 = EDGE_CURVE('',#443,#436,#445,.T.);
#443 = VERTEX_POINT('',#444);
#444 = CARTESIAN_POINT('',(-27.01837966811,-32.23819926402,
    -5.125705882353));
#445 = B_SPLINE_CURVE_WITH_KNOTS('',1,(#446,#447),.UNSPECIFIED.,.F.,.F.,
  (2,2),(0.,1.),.PIECEWISE_BEZIER_KNOTS.);
#446 = CARTESIAN_POINT('',(-27.01837966811,-32.23819926402,
    -5.125705882353));
#447 = CARTESIAN_POINT('',(-27.39619888275,-33.00250924785,
    -5.125705882353));
#448 = ORIENTED_EDGE('',*,*,#449,.F.);
#449 = EDGE_CURVE('',#450,#443,#452,.T.);
#450 = VERTEX_POINT('',#451);
#451 = CARTESIAN_POINT('',(-26.77770488774,-31.70109865434,
    -5.125705882353));
#452 = B_SPLINE_CURVE_WITH_KNOTS('',7,(#453,#454,#455,#456,#457,#458,
    #459,#460),.UNSPECIFIED.,.F.,.F.,(8,8),(0.,1.),
  .PIECEWISE_BEZIER_KNOTS.);
#453 = CARTESIAN_POINT('',(-26.77770488774,-31.70109865434,
    -5.125705882353));
#454 = CARTESIAN_POINT('',(-26.79026206361,-31.74301528965,
    -5.125705882353));
#455 = CARTESIAN_POINT('',(-26.81236288345,-31.80054220846,
    -5.125705882353));
#456 = CARTESIAN_POINT('',(-26.84274106788,-31.87133254045,
    -5.125705882353));
#457 = CARTESIAN_POINT('',(-26.87973815147,-31.95251262032,
    -5.125705882353));
#458 = CARTESIAN_POINT('',(-26.92197422775,-32.0417424069,
    -5.125705882353));
#459 = CARTESIAN_POINT('',(-26.96839333171,-32.13728639876,
    -5.125705882353));
#460 = CARTESIAN_POINT('',(-27.01837966811,-32.23819926402,
    -5.125705882353));
#461 = ORIENTED_EDGE('',*,*,#462,.F.);
#462 = EDGE_CURVE('',#463,#450,#465,.T.);
#463 = VERTEX_POINT('',#464);
#464 = CARTESIAN_POINT('',(-26.75904335807,-31.46317646978,
    -5.125705882353));
#465 = B_SPLINE_CURVE_WITH_KNOTS('',5,(#466,#467,#468,#469,#470,#471),
  .UNSPECIFIED.,.F.,.F.,(6,6),(0.,1.),.PIECEWISE_BEZIER_KNOTS.);
#466 = CARTESIAN_POINT('',(-26.75904335807,-31.46317646978,
    -5.125705882353));
#467 = CARTESIAN_POINT('',(-26.75088798516,-31.50667243406,
    -5.125705882353));
#468 = CARTESIAN_POINT('',(-26.7487214082,-31.55228675805,
    -5.125705882353));
#469 = CARTESIAN_POINT('',(-26.75252873659,-31.59995402034,
    -5.125705882353));
#470 = CARTESIAN_POINT('',(-26.76223242684,-31.64959054162,
    -5.125705882353));
#471 = CARTESIAN_POINT('',(-26.77770488774,-31.70109865434,
    -5.125705882353));
#472 = ORIENTED_EDGE('',*,*,#473,.F.);
#473 = EDGE_CURVE('',#474,#463,#476,.T.);
#474 = VERTEX_POINT('',#475);
#475 = CARTESIAN_POINT('',(-26.89206245206,-31.15969368781,
    -5.125705882353));
#476 = B_SPLINE_CURVE_WITH_KNOTS('',6,(#477,#478,#479,#480,#481,#482,
    #483),.UNSPECIFIED.,.F.,.F.,(7,7),(0.,1.),.PIECEWISE_BEZIER_KNOTS.);
#477 = CARTESIAN_POINT('',(-26.89206245206,-31.15969368781,
    -5.125705882353));
#478 = CARTESIAN_POINT('',(-26.85589797933,-31.22233239201,
    -5.125705882353));
#479 = CARTESIAN_POINT('',(-26.82480535177,-31.28069992479,
    -5.125705882353));
#480 = CARTESIAN_POINT('',(-26.79919800427,-31.33437801789,
    -5.125705882353));
#481 = CARTESIAN_POINT('',(-26.7794828135,-31.38293768448,
    -5.125705882353));
#482 = CARTESIAN_POINT('',(-26.76601843018,-31.42597553601,
    -5.125705882353));
#483 = CARTESIAN_POINT('',(-26.75904335807,-31.46317646978,
    -5.125705882353));
#484 = ORIENTED_EDGE('',*,*,#485,.F.);
#485 = EDGE_CURVE('',#486,#474,#488,.T.);
#486 = VERTEX_POINT('',#487);
#487 = CARTESIAN_POINT('',(-26.9583711794,-31.04484360306,
    -5.125705882353));
#488 = B_SPLINE_CURVE_WITH_KNOTS('',1,(#489,#490),.UNSPECIFIED.,.F.,.F.,
  (2,2),(0.,1.),.PIECEWISE_BEZIER_KNOTS.);
#489 = CARTESIAN_POINT('',(-26.9583711794,-31.04484360306,
    -5.125705882353));
#490 = CARTESIAN_POINT('',(-26.89206245206,-31.15969368781,
    -5.125705882353));
#491 = ORIENTED_EDGE('',*,*,#492,.F.);
#492 = EDGE_CURVE('',#493,#486,#495,.T.);
#493 = VERTEX_POINT('',#494);
#494 = CARTESIAN_POINT('',(-28.13443604717,-31.72384497105,
    -5.125705882353));
#495 = B_SPLINE_CURVE_WITH_KNOTS('',1,(#496,#497),.UNSPECIFIED.,.F.,.F.,
  (2,2),(0.,1.),.PIECEWISE_BEZIER_KNOTS.);
#496 = CARTESIAN_POINT('',(-28.13443604717,-31.72384497105,
    -5.125705882353));
#497 = CARTESIAN_POINT('',(-26.9583711794,-31.04484360306,
    -5.125705882353));
#498 = ORIENTED_EDGE('',*,*,#499,.F.);
#499 = EDGE_CURVE('',#500,#493,#502,.T.);
#500 = VERTEX_POINT('',#501);
#501 = CARTESIAN_POINT('',(-28.46155910206,-31.15725121965,
    -5.125705882353));
#502 = B_SPLINE_CURVE_WITH_KNOTS('',1,(#503,#504),.UNSPECIFIED.,.F.,.F.,
  (2,2),(0.,1.),.PIECEWISE_BEZIER_KNOTS.);
#503 = CARTESIAN_POINT('',(-28.46155910206,-31.15725121965,
    -5.125705882353));
#504 = CARTESIAN_POINT('',(-28.13443604717,-31.72384497105,
    -5.125705882353));
#505 = ORIENTED_EDGE('',*,*,#506,.F.);
#506 = EDGE_CURVE('',#507,#500,#509,.T.);
#507 = VERTEX_POINT('',#508);
#508 = CARTESIAN_POINT('',(-27.05681495445,-30.34622180789,
    -5.125705882353));
#509 = B_SPLINE_CURVE_WITH_KNOTS('',1,(#510,#511),.UNSPECIFIED.,.F.,.F.,
  (2,2),(0.,1.),.PIECEWISE_BEZIER_KNOTS.);
#510 = CARTESIAN_POINT('',(-25.65207080684,-29.53519239612,
    -5.125705882353));
#511 = CARTESIAN_POINT('',(-28.46155910206,-31.15725121965,
    -5.125705882353));
#512 = ORIENTED_EDGE('',*,*,#513,.F.);
#513 = EDGE_CURVE('',#514,#507,#516,.T.);
#514 = VERTEX_POINT('',#515);
#515 = CARTESIAN_POINT('',(-27.31151581707,-29.9050669731,
    -5.125705882353));
#516 = B_SPLINE_CURVE_WITH_KNOTS('',1,(#517,#518),.UNSPECIFIED.,.F.,.F.,
  (2,2),(0.,1.),.PIECEWISE_BEZIER_KNOTS.);
#517 = CARTESIAN_POINT('',(-27.53298529314,-29.52147058823,
    -5.125705882353));
#518 = CARTESIAN_POINT('',(-22.34239705784,-38.51183313293,
    -5.125705882353));
#519 = ORIENTED_EDGE('',*,*,#520,.F.);
#520 = EDGE_CURVE('',#521,#514,#523,.T.);
#521 = VERTEX_POINT('',#522);
#522 = CARTESIAN_POINT('',(-27.31534247997,-29.90728016218,
    -5.125705882353));
#523 = B_SPLINE_CURVE_WITH_KNOTS('',5,(#524,#525,#526,#527,#528,#529,
    #530,#531,#532,#533,#534,#535,#536,#537,#538,#539,#540,#541),
  .UNSPECIFIED.,.F.,.F.,(6,4,4,4,6),(0.,0.355706713445,0.646175757985,
    0.90619683609,1.),.UNSPECIFIED.);
#524 = CARTESIAN_POINT('',(-27.31534247997,-29.90728016218,
    -5.125705882353));
#525 = CARTESIAN_POINT('',(-27.22796452494,-29.85683247633,
    -5.125705882353));
#526 = CARTESIAN_POINT('',(-27.14363274389,-29.80311670557,
    -5.125705882353));
#527 = CARTESIAN_POINT('',(-27.06282469871,-29.74591002517,
    -5.125705882353));
#528 = CARTESIAN_POINT('',(-26.98615820322,-29.68501513366,
    -5.125705882353));
#529 = CARTESIAN_POINT('',(-26.85560922929,-29.56754058219,
    -5.125705882353));
#530 = CARTESIAN_POINT('',(-26.80012717011,-29.51221822551,
    -5.125705882353));
#531 = CARTESIAN_POINT('',(-26.74821299089,-29.45434349529,
    -5.125705882353));
#532 = CARTESIAN_POINT('',(-26.70024779666,-29.39393456995,
    -5.125705882353));
#533 = CARTESIAN_POINT('',(-26.61743055423,-29.27488364074,
    -5.125705882353));
#534 = CARTESIAN_POINT('',(-26.58172852257,-29.21671687824,
    -5.125705882353));
#535 = CARTESIAN_POINT('',(-26.54967407211,-29.15671107866,
    -5.125705882353));
#536 = CARTESIAN_POINT('',(-26.52143554798,-29.09500773902,
    -5.125705882353));
#537 = CARTESIAN_POINT('',(-26.48830732201,-29.00900943666,
    -5.125705882353));
#538 = CARTESIAN_POINT('',(-26.48003111936,-28.98601517539,
    -5.125705882353));
#539 = CARTESIAN_POINT('',(-26.47226492141,-28.96283497058,
    -5.125705882353));
#540 = CARTESIAN_POINT('',(-26.46501059632,-28.93947840463,
    -5.125705882353));
#541 = CARTESIAN_POINT('',(-26.45826837382,-28.91595553364,
    -5.125705882353));
#542 = ORIENTED_EDGE('',*,*,#543,.F.);
#543 = EDGE_CURVE('',#544,#521,#546,.T.);
#544 = VERTEX_POINT('',#545);
#545 = CARTESIAN_POINT('',(-28.59406150572,-30.15296968358,
    -5.125705882353));
#546 = B_SPLINE_CURVE_WITH_KNOTS('',5,(#547,#548,#549,#550,#551,#552,
    #553,#554,#555,#556,#557,#558,#559,#560,#561,#562,#563,#564),
  .UNSPECIFIED.,.F.,.F.,(6,4,4,4,6),(0.,9.581052302181E-02,
    0.349357063654,0.647736203914,1.),.UNSPECIFIED.);
#547 = CARTESIAN_POINT('',(-28.59406150572,-30.15296968358,
    -5.125705882353));
#548 = CARTESIAN_POINT('',(-28.56994466478,-30.1589140115,
    -5.125705882353));
#549 = CARTESIAN_POINT('',(-28.54571444634,-30.16431598595,
    -5.125705882353));
#550 = CARTESIAN_POINT('',(-28.52138002939,-30.1691705756,
    -5.125705882353));
#551 = CARTESIAN_POINT('',(-28.49695101839,-30.17347449539,
    -5.125705882353));
#552 = CARTESIAN_POINT('',(-28.40756636289,-30.18715448292,
    -5.125705882353));
#553 = CARTESIAN_POINT('',(-28.3421003484,-30.19321605615,
    -5.125705882353));
#554 = CARTESIAN_POINT('',(-28.27623193584,-30.19538093503,
    -5.125705882353));
#555 = CARTESIAN_POINT('',(-28.21014814693,-30.19371436999,
    -5.125705882353));
#556 = CARTESIAN_POINT('',(-28.06621738317,-30.18203960367,
    -5.125705882353));
#557 = CARTESIAN_POINT('',(-27.98835161482,-30.1706079554,
    -5.125705882353));
#558 = CARTESIAN_POINT('',(-27.91071596734,-30.15427485059,
    -5.125705882353));
#559 = CARTESIAN_POINT('',(-27.83353006431,-30.13337940908,
    -5.125705882353));
#560 = CARTESIAN_POINT('',(-27.66654922616,-30.07864193634,
    -5.125705882353));
#561 = CARTESIAN_POINT('',(-27.57699433832,-30.04314311906,
    -5.125705882353));
#562 = CARTESIAN_POINT('',(-27.4885342478,-30.00236420514,
    -5.125705882353));
#563 = CARTESIAN_POINT('',(-27.40130165135,-29.95690871292,
    -5.125705882353));
#564 = CARTESIAN_POINT('',(-27.31534247997,-29.90728016218,
    -5.125705882353));
#565 = ORIENTED_EDGE('',*,*,#566,.F.);
#566 = EDGE_CURVE('',#567,#544,#569,.T.);
#567 = VERTEX_POINT('',#568);
#568 = CARTESIAN_POINT('',(-29.54880912234,-29.38724583866,
    -5.125705882353));
#569 = B_SPLINE_CURVE_WITH_KNOTS('',5,(#570,#571,#572,#573,#574,#575,
    #576,#577,#578,#579,#580,#581,#582,#583),.UNSPECIFIED.,.F.,.F.,(6,4,
    4,6),(0.,0.264676709923,0.739533560374,1.),.UNSPECIFIED.);
#570 = CARTESIAN_POINT('',(-29.54880912234,-29.38724583866,
    -5.125705882353));
#571 = CARTESIAN_POINT('',(-29.51393348677,-29.44765221143,
    -5.125705882353));
#572 = CARTESIAN_POINT('',(-29.47704598013,-29.50624565754,
    -5.125705882353));
#573 = CARTESIAN_POINT('',(-29.43806516735,-29.56281863867,
    -5.125705882353));
#574 = CARTESIAN_POINT('',(-29.39692638015,-29.61713532269,
    -5.125705882353));
#575 = CARTESIAN_POINT('',(-29.27588769089,-29.76193196515,
    -5.125705882353));
#576 = CARTESIAN_POINT('',(-29.19111643291,-29.84691648252,
    -5.125705882353));
#577 = CARTESIAN_POINT('',(-29.09923219428,-29.92243408897,
    -5.125705882353));
#578 = CARTESIAN_POINT('',(-29.00054447849,-29.98719504862,
    -5.125705882353));
#579 = CARTESIAN_POINT('',(-28.83882753069,-30.06999841193,
    -5.125705882353));
#580 = CARTESIAN_POINT('',(-28.77980574262,-30.09593781309,
    -5.125705882353));
#581 = CARTESIAN_POINT('',(-28.71920972391,-30.11840096017,
    -5.125705882353));
#582 = CARTESIAN_POINT('',(-28.65722743752,-30.1373894125,
    -5.125705882353));
#583 = CARTESIAN_POINT('',(-28.59406150572,-30.15296968358,
    -5.125705882353));
#584 = ORIENTED_EDGE('',*,*,#585,.F.);
#585 = EDGE_CURVE('',#586,#567,#588,.T.);
#586 = VERTEX_POINT('',#587);
#587 = CARTESIAN_POINT('',(-29.74090636591,-28.17099669914,
    -5.125705882353));
#588 = B_SPLINE_CURVE_WITH_KNOTS('',5,(#589,#590,#591,#592,#593,#594,
    #595,#596,#597,#598,#599,#600,#601,#602,#603,#604,#605,#606),
  .UNSPECIFIED.,.F.,.F.,(6,4,4,4,6),(0.,0.236225279344,0.45578528207,
    0.723126785249,1.),.UNSPECIFIED.);
#589 = CARTESIAN_POINT('',(-29.74090636591,-28.17099669914,
    -5.125705882353));
#590 = CARTESIAN_POINT('',(-29.75721368478,-28.22786207953,
    -5.125705882353));
#591 = CARTESIAN_POINT('',(-29.77055149205,-28.28531134283,
    -5.125705882353));
#592 = CARTESIAN_POINT('',(-29.7808050092,-28.34323472646,
    -5.125705882353));
#593 = CARTESIAN_POINT('',(-29.78790541383,-28.40150857606,
    -5.125705882353));
#594 = CARTESIAN_POINT('',(-29.79550399989,-28.51435240992,
    -5.125705882353));
#595 = CARTESIAN_POINT('',(-29.79643278245,-28.56889613055,
    -5.125705882353));
#596 = CARTESIAN_POINT('',(-29.79462213634,-28.623513253,-5.125705882353
    ));
#597 = CARTESIAN_POINT('',(-29.7901097412,-28.67809746123,
    -5.125705882353));
#598 = CARTESIAN_POINT('',(-29.77427594384,-28.79884733899,
    -5.125705882353));
#599 = CARTESIAN_POINT('',(-29.76168602433,-28.86495107479,
    -5.125705882353));
#600 = CARTESIAN_POINT('',(-29.74533322768,-28.9306781417,
    -5.125705882353));
#601 = CARTESIAN_POINT('',(-29.72542467956,-28.9958868236,
    -5.125705882353));
#602 = CARTESIAN_POINT('',(-29.67812810739,-29.12735311408,
    -5.125705882353));
#603 = CARTESIAN_POINT('',(-29.65049819385,-29.19356660193,
    -5.125705882353));
#604 = CARTESIAN_POINT('',(-29.61955532121,-29.25899422231,
    -5.125705882353));
#605 = CARTESIAN_POINT('',(-29.58557474106,-29.32356591907,
    -5.125705882353));
#606 = CARTESIAN_POINT('',(-29.54880912234,-29.38724583866,
    -5.125705882353));
#607 = ORIENTED_EDGE('',*,*,#608,.F.);
#608 = EDGE_CURVE('',#609,#586,#611,.T.);
#609 = VERTEX_POINT('',#610);
#610 = CARTESIAN_POINT('',(-28.90025849454,-27.19306917197,
    -5.125705882353));
#611 = B_SPLINE_CURVE_WITH_KNOTS('',5,(#612,#613,#614,#615,#616,#617,
    #618,#619,#620,#621,#622,#623,#624,#625,#626,#627,#628,#629),
  .UNSPECIFIED.,.F.,.F.,(6,4,4,4,6),(0.,0.342112405936,0.641884771735,
    0.886669690304,1.),.UNSPECIFIED.);
#612 = CARTESIAN_POINT('',(-28.90025849454,-27.19306917197,
    -5.125705882353));
#613 = CARTESIAN_POINT('',(-28.9828936898,-27.2407786242,-5.125705882353
    ));
#614 = CARTESIAN_POINT('',(-29.06270377047,-27.291523239,-5.125705882353
    ));
#615 = CARTESIAN_POINT('',(-29.13926757442,-27.34549340416,
    -5.125705882353));
#616 = CARTESIAN_POINT('',(-29.21205419382,-27.40285478597,
    -5.125705882353));
#617 = CARTESIAN_POINT('',(-29.34048031996,-27.51696986653,
    -5.125705882353));
#618 = CARTESIAN_POINT('',(-29.39712767439,-27.5729205709,
    -5.125705882353));
#619 = CARTESIAN_POINT('',(-29.45006117534,-27.63156544936,
    -5.125705882353));
#620 = CARTESIAN_POINT('',(-29.49888534336,-27.69288179375,
    -5.125705882353));
#621 = CARTESIAN_POINT('',(-29.57952758595,-27.80886720709,
    -5.125705882353));
#622 = CARTESIAN_POINT('',(-29.61282419918,-27.86269501446,
    -5.125705882353));
#623 = CARTESIAN_POINT('',(-29.64299028179,-27.91813546397,
    -5.125705882353));
#624 = CARTESIAN_POINT('',(-29.6698965626,-27.97507506653,
    -5.125705882353));
#625 = CARTESIAN_POINT('',(-29.70439832742,-28.0603395929,
    -5.125705882353));
#626 = CARTESIAN_POINT('',(-29.71460474824,-28.08761077246,
    -5.125705882353));
#627 = CARTESIAN_POINT('',(-29.72409293982,-28.11515489697,
    -5.125705882353));
#628 = CARTESIAN_POINT('',(-29.73286002641,-28.14295588102,
    -5.125705882353));
#629 = CARTESIAN_POINT('',(-29.74090636591,-28.17099669914,
    -5.125705882353));
#630 = ORIENTED_EDGE('',*,*,#631,.F.);
#631 = EDGE_CURVE('',#632,#609,#634,.T.);
#632 = VERTEX_POINT('',#633);
#633 = CARTESIAN_POINT('',(-28.10508282803,-26.90497330192,
    -5.125705882353));
#634 = B_SPLINE_CURVE_WITH_KNOTS('',6,(#635,#636,#637,#638,#639,#640,
    #641),.UNSPECIFIED.,.F.,.F.,(7,7),(0.,1.),.PIECEWISE_BEZIER_KNOTS.);
#635 = CARTESIAN_POINT('',(-28.10508282803,-26.90497330192,
    -5.125705882353));
#636 = CARTESIAN_POINT('',(-28.23417141952,-26.91913111548,
    -5.125705882353));
#637 = CARTESIAN_POINT('',(-28.36577206463,-26.94858837006,
    -5.125705882353));
#638 = CARTESIAN_POINT('',(-28.4988880729,-26.99224432328,
    -5.125705882353));
#639 = CARTESIAN_POINT('',(-28.6327017449,-27.04852693294,
    -5.125705882353));
#640 = CARTESIAN_POINT('',(-28.76661453939,-27.11590979849,
    -5.125705882353));
#641 = CARTESIAN_POINT('',(-28.90025849454,-27.19306917197,
    -5.125705882353));
#642 = ORIENTED_EDGE('',*,*,#643,.F.);
#643 = EDGE_CURVE('',#644,#632,#646,.T.);
#644 = VERTEX_POINT('',#645);
#645 = CARTESIAN_POINT('',(-27.56888147159,-26.94369082069,
    -5.125705882353));
#646 = B_SPLINE_CURVE_WITH_KNOTS('',4,(#647,#648,#649,#650,#651,#652,
    #653,#654),.UNSPECIFIED.,.F.,.F.,(5,3,5),(0.,0.588204102694,1.),
  .UNSPECIFIED.);
#647 = CARTESIAN_POINT('',(-27.56888147159,-26.94369082069,
    -5.125705882353));
#648 = CARTESIAN_POINT('',(-27.6468832231,-26.92405475203,
    -5.125705882353));
#649 = CARTESIAN_POINT('',(-27.72535699566,-26.90981099212,
    -5.125705882353));
#650 = CARTESIAN_POINT('',(-27.80418433099,-26.90107031496,
    -5.125705882353));
#651 = CARTESIAN_POINT('',(-27.93857687452,-26.89557687165,
    -5.125705882353));
#652 = CARTESIAN_POINT('',(-27.99402867283,-26.89601493273,
    -5.125705882353));
#653 = CARTESIAN_POINT('',(-28.04954540688,-26.89915501763,
    -5.125705882353));
#654 = CARTESIAN_POINT('',(-28.10508282803,-26.90497330192,
    -5.125705882353));
#655 = ORIENTED_EDGE('',*,*,#656,.F.);
#656 = EDGE_CURVE('',#657,#644,#659,.T.);
#657 = VERTEX_POINT('',#658);
#658 = CARTESIAN_POINT('',(-27.1062389383,-27.16031557166,
    -5.125705882353));
#659 = B_SPLINE_CURVE_WITH_KNOTS('',5,(#660,#661,#662,#663,#664,#665),
  .UNSPECIFIED.,.F.,.F.,(6,6),(0.,1.),.PIECEWISE_BEZIER_KNOTS.);
#660 = CARTESIAN_POINT('',(-27.1062389383,-27.16031557166,
    -5.125705882353));
#661 = CARTESIAN_POINT('',(-27.18541298085,-27.09998129485,
    -5.125705882353));
#662 = CARTESIAN_POINT('',(-27.27162996368,-27.04810505275,
    -5.125705882353));
#663 = CARTESIAN_POINT('',(-27.36459452547,-27.0048507823,
    -5.125705882353));
#664 = CARTESIAN_POINT('',(-27.46385758575,-26.97013069596,
    -5.125705882353));
#665 = CARTESIAN_POINT('',(-27.56888147159,-26.94369082069,
    -5.125705882353));
#666 = ORIENTED_EDGE('',*,*,#667,.F.);
#667 = EDGE_CURVE('',#668,#657,#670,.T.);
#668 = VERTEX_POINT('',#669);
#669 = CARTESIAN_POINT('',(-26.6457360033,-27.70094689548,
    -5.125705882353));
#670 = B_SPLINE_CURVE_WITH_KNOTS('',6,(#671,#672,#673,#674,#675,#676,
    #677),.UNSPECIFIED.,.F.,.F.,(7,7),(0.,1.),.PIECEWISE_BEZIER_KNOTS.);
#671 = CARTESIAN_POINT('',(-26.6457360033,-27.70094689548,
    -5.125705882353));
#672 = CARTESIAN_POINT('',(-26.70932224065,-27.59081230173,
    -5.125705882353));
#673 = CARTESIAN_POINT('',(-26.77804327782,-27.48771476011,
    -5.125705882353));
#674 = CARTESIAN_POINT('',(-26.85206796471,-27.39240842193,
    -5.125705882353));
#675 = CARTESIAN_POINT('',(-26.93149048623,-27.30564804507,
    -5.125705882353));
#676 = CARTESIAN_POINT('',(-27.01628579963,-27.22811732419,
    -5.125705882353));
#677 = CARTESIAN_POINT('',(-27.1062389383,-27.16031557166,
    -5.125705882353));
#678 = ORIENTED_EDGE('',*,*,#679,.F.);
#679 = EDGE_CURVE('',#306,#668,#680,.T.);
#680 = B_SPLINE_CURVE_WITH_KNOTS('',5,(#681,#682,#683,#684,#685,#686,
    #687,#688,#689,#690,#691,#692,#693,#694),.UNSPECIFIED.,.F.,.F.,(6,4,
    4,6),(0.,0.261526849088,0.736451244454,1.),.UNSPECIFIED.);
#681 = CARTESIAN_POINT('',(-26.45826837382,-28.91595553364,
    -5.125705882353));
#682 = CARTESIAN_POINT('',(-26.44017542128,-28.85287201217,
    -5.125705882353));
#683 = CARTESIAN_POINT('',(-26.42565582329,-28.78911133015,
    -5.125705882353));
#684 = CARTESIAN_POINT('',(-26.41487015087,-28.72481766363,
    -5.125705882353));
#685 = CARTESIAN_POINT('',(-26.40791475254,-28.66015512879,
    -5.125705882353));
#686 = CARTESIAN_POINT('',(-26.39913806166,-28.47755515122,
    -5.125705882353));
#687 = CARTESIAN_POINT('',(-26.40613557882,-28.35916333561,
    -5.125705882353));
#688 = CARTESIAN_POINT('',(-26.4258579601,-28.24131760114,
    -5.125705882353));
#689 = CARTESIAN_POINT('',(-26.45734618877,-28.12492978459,
    -5.125705882353));
#690 = CARTESIAN_POINT('',(-26.52257018988,-27.94728587775,
    -5.125705882353));
#691 = CARTESIAN_POINT('',(-26.54907348987,-27.88453263645,
    -5.125705882353));
#692 = CARTESIAN_POINT('',(-26.57858840844,-27.82252237337,
    -5.125705882353));
#693 = CARTESIAN_POINT('',(-26.61088178882,-27.76131616581,
    -5.125705882353));
#694 = CARTESIAN_POINT('',(-26.6457360033,-27.70094689548,
    -5.125705882353));
#695 = FACE_BOUND('',#696,.F.);
#696 = EDGE_LOOP('',(#697));
#697 = ORIENTED_EDGE('',*,*,#698,.F.);
#698 = EDGE_CURVE('',#699,#699,#701,.T.);
#699 = VERTEX_POINT('',#700);
#700 = CARTESIAN_POINT('',(1.427411764706,-16.09764381743,
    -5.125705882353));
#701 = CIRCLE('',#702,2.854823529412);
#702 = AXIS2_PLACEMENT_3D('',#703,#704,#705);
#703 = CARTESIAN_POINT('',(0.,-13.62529411764,-5.125705882353));
#704 = DIRECTION('',(-0.,0.,1.));
#705 = DIRECTION('',(0.5,-0.866025403784,0.));
#706 = PLANE('',#707);
#707 = AXIS2_PLACEMENT_3D('',#708,#709,#710);
#708 = CARTESIAN_POINT('',(0.,-13.62529411764,-5.125705882353));
#709 = DIRECTION('',(0.,0.,1.));
#710 = DIRECTION('',(0.5,-0.866025403784,0.));
#711 = ADVANCED_FACE('',(#712),#730,.T.);
#712 = FACE_BOUND('',#713,.T.);
#713 = EDGE_LOOP('',(#714,#715,#716,#724));
#714 = ORIENTED_EDGE('',*,*,#202,.F.);
#715 = ORIENTED_EDGE('',*,*,#40,.T.);
#716 = ORIENTED_EDGE('',*,*,#717,.T.);
#717 = EDGE_CURVE('',#32,#718,#720,.T.);
#718 = VERTEX_POINT('',#719);
#719 = CARTESIAN_POINT('',(18.167058823529,17.840974788798,
    -3.828058823529));
#720 = LINE('',#721,#722);
#721 = CARTESIAN_POINT('',(24.655294117647,29.078927969672,
    -3.828058823529));
#722 = VECTOR('',#723,1.);
#723 = DIRECTION('',(-0.5,-0.866025403784,0.));
#724 = ORIENTED_EDGE('',*,*,#725,.F.);
#725 = EDGE_CURVE('',#195,#718,#726,.T.);
#726 = LINE('',#727,#728);
#727 = CARTESIAN_POINT('',(18.167058823529,17.840974788798,
    -5.125705882353));
#728 = VECTOR('',#729,1.);
#729 = DIRECTION('',(0.,0.,1.));
#730 = PLANE('',#731);
#731 = AXIS2_PLACEMENT_3D('',#732,#733,#734);
#732 = CARTESIAN_POINT('',(24.655294117647,29.078927969672,
    -5.125705882353));
#733 = DIRECTION('',(0.866025403784,-0.5,0.));
#734 = DIRECTION('',(-0.5,-0.866025403784,0.));
#735 = ADVANCED_FACE('',(#736,#843),#854,.T.);
#736 = FACE_BOUND('',#737,.T.);
#737 = EDGE_LOOP('',(#738,#739,#740,#748,#756,#764,#772,#780,#788,#796,
    #804,#812,#820,#828,#836,#842));
#738 = ORIENTED_EDGE('',*,*,#31,.T.);
#739 = ORIENTED_EDGE('',*,*,#63,.T.);
#740 = ORIENTED_EDGE('',*,*,#741,.F.);
#741 = EDGE_CURVE('',#742,#64,#744,.T.);
#742 = VERTEX_POINT('',#743);
#743 = CARTESIAN_POINT('',(36.334117647059,-13.62529411764,
    -3.828058823529));
#744 = LINE('',#745,#746);
#745 = CARTESIAN_POINT('',(0.,-13.62529411764,-3.828058823529));
#746 = VECTOR('',#747,1.);
#747 = DIRECTION('',(1.,0.,0.));
#748 = ORIENTED_EDGE('',*,*,#749,.T.);
#749 = EDGE_CURVE('',#742,#750,#752,.T.);
#750 = VERTEX_POINT('',#751);
#751 = CARTESIAN_POINT('',(36.195855359842,-10.45856710703,
    -3.828058823529));
#752 = LINE('',#753,#754);
#753 = CARTESIAN_POINT('',(36.334117647059,-13.62529411764,
    -3.828058823529));
#754 = VECTOR('',#755,1.);
#755 = DIRECTION('',(-4.361938736534E-02,0.999048221582,0.));
#756 = ORIENTED_EDGE('',*,*,#757,.T.);
#757 = EDGE_CURVE('',#750,#758,#760,.T.);
#758 = VERTEX_POINT('',#759);
#759 = CARTESIAN_POINT('',(35.782120757681,-7.315940801099,
    -3.828058823529));
#760 = LINE('',#761,#762);
#761 = CARTESIAN_POINT('',(36.195855359842,-10.45856710703,
    -3.828058823529));
#762 = VECTOR('',#763,1.);
#763 = DIRECTION('',(-0.13052619222,0.991444861374,0.));
#764 = ORIENTED_EDGE('',*,*,#765,.T.);
#765 = EDGE_CURVE('',#758,#766,#768,.T.);
#766 = VERTEX_POINT('',#767);
#767 = CARTESIAN_POINT('',(35.09606261072,-4.221332483593,
    -3.828058823529));
#768 = LINE('',#769,#770);
#769 = CARTESIAN_POINT('',(35.782120757681,-7.315940801099,
    -3.828058823529));
#770 = VECTOR('',#771,1.);
#771 = DIRECTION('',(-0.216439613938,0.97629600712,0.));
#772 = ORIENTED_EDGE('',*,*,#773,.T.);
#773 = EDGE_CURVE('',#766,#774,#776,.T.);
#774 = VERTEX_POINT('',#775);
#775 = CARTESIAN_POINT('',(34.142902235708,-1.198293992388,
    -3.828058823529));
#776 = LINE('',#777,#778);
#777 = CARTESIAN_POINT('',(35.09606261072,-4.221332483593,
    -3.828058823529));
#778 = VECTOR('',#779,1.);
#779 = DIRECTION('',(-0.300705799504,0.953716950748,0.));
#780 = ORIENTED_EDGE('',*,*,#781,.T.);
#781 = EDGE_CURVE('',#774,#782,#784,.T.);
#782 = VERTEX_POINT('',#783);
#783 = CARTESIAN_POINT('',(32.929893758635,1.730167524235,
    -3.828058823529));
#784 = LINE('',#785,#786);
#785 = CARTESIAN_POINT('',(34.142902235708,-1.198293992388,
    -3.828058823529));
#786 = VECTOR('',#787,1.);
#787 = DIRECTION('',(-0.382683432365,0.923879532511,0.));
#788 = ORIENTED_EDGE('',*,*,#789,.T.);
#789 = EDGE_CURVE('',#782,#790,#792,.T.);
#790 = VERTEX_POINT('',#791);
#791 = CARTESIAN_POINT('',(31.466268906445,4.541764705882,
    -3.828058823529));
#792 = LINE('',#793,#794);
#793 = CARTESIAN_POINT('',(32.929893758635,1.730167524235,
    -3.828058823529));
#794 = VECTOR('',#795,1.);
#795 = DIRECTION('',(-0.461748613235,0.887010833178,0.));
#796 = ORIENTED_EDGE('',*,*,#797,.T.);
#797 = EDGE_CURVE('',#790,#798,#800,.T.);
#798 = VERTEX_POINT('',#799);
#799 = CARTESIAN_POINT('',(29.763166748025,7.215099600313,
    -3.828058823529));
#800 = LINE('',#801,#802);
#801 = CARTESIAN_POINT('',(31.466268906445,4.541764705882,
    -3.828058823529));
#802 = VECTOR('',#803,1.);
#803 = DIRECTION('',(-0.537299608347,0.843391445813,0.));
#804 = ORIENTED_EDGE('',*,*,#805,.T.);
#805 = EDGE_CURVE('',#798,#806,#808,.T.);
#806 = VERTEX_POINT('',#807);
#807 = CARTESIAN_POINT('',(27.833548919161,9.729826514775,
    -3.828058823529));
#808 = LINE('',#809,#810);
#809 = CARTESIAN_POINT('',(29.763166748025,7.215099600313,
    -3.828058823529));
#810 = VECTOR('',#811,1.);
#811 = DIRECTION('',(-0.608761429009,0.793353340291,0.));
#812 = ORIENTED_EDGE('',*,*,#813,.T.);
#813 = EDGE_CURVE('',#806,#814,#816,.T.);
#814 = VERTEX_POINT('',#815);
#815 = CARTESIAN_POINT('',(25.692100976665,12.066806859018,
    -3.828058823529));
#816 = LINE('',#817,#818);
#817 = CARTESIAN_POINT('',(27.833548919161,9.729826514775,
    -3.828058823529));
#818 = VECTOR('',#819,1.);
#819 = DIRECTION('',(-0.675590207616,0.73727733681,0.));
#820 = ORIENTED_EDGE('',*,*,#821,.T.);
#821 = EDGE_CURVE('',#814,#822,#824,.T.);
#822 = VERTEX_POINT('',#823);
#823 = CARTESIAN_POINT('',(23.355120632422,14.208254801514,
    -3.828058823529));
#824 = LINE('',#825,#826);
#825 = CARTESIAN_POINT('',(25.692100976665,12.066806859018,
    -3.828058823529));
#826 = VECTOR('',#827,1.);
#827 = DIRECTION('',(-0.73727733681,0.675590207616,0.));
#828 = ORIENTED_EDGE('',*,*,#829,.T.);
#829 = EDGE_CURVE('',#822,#830,#832,.T.);
#830 = VERTEX_POINT('',#831);
#831 = CARTESIAN_POINT('',(20.84039371796,16.137872630378,
    -3.828058823529));
#832 = LINE('',#833,#834);
#833 = CARTESIAN_POINT('',(23.355120632422,14.208254801514,
    -3.828058823529));
#834 = VECTOR('',#835,1.);
#835 = DIRECTION('',(-0.793353340291,0.608761429009,0.));
#836 = ORIENTED_EDGE('',*,*,#837,.T.);
#837 = EDGE_CURVE('',#830,#718,#838,.T.);
#838 = LINE('',#839,#840);
#839 = CARTESIAN_POINT('',(20.84039371796,16.137872630378,
    -3.828058823529));
#840 = VECTOR('',#841,1.);
#841 = DIRECTION('',(-0.843391445813,0.537299608347,0.));
#842 = ORIENTED_EDGE('',*,*,#717,.F.);
#843 = FACE_BOUND('',#844,.T.);
#844 = EDGE_LOOP('',(#845));
#845 = ORIENTED_EDGE('',*,*,#846,.F.);
#846 = EDGE_CURVE('',#847,#847,#849,.T.);
#847 = VERTEX_POINT('',#848);
#848 = CARTESIAN_POINT('',(1.427411764706,-16.09764381743,
    -3.828058823529));
#849 = CIRCLE('',#850,2.854823529412);
#850 = AXIS2_PLACEMENT_3D('',#851,#852,#853);
#851 = CARTESIAN_POINT('',(0.,-13.62529411764,-3.828058823529));
#852 = DIRECTION('',(-0.,0.,1.));
#853 = DIRECTION('',(0.5,-0.866025403784,0.));
#854 = PLANE('',#855);
#855 = AXIS2_PLACEMENT_3D('',#856,#857,#858);
#856 = CARTESIAN_POINT('',(0.,-13.62529411764,-3.828058823529));
#857 = DIRECTION('',(0.,0.,1.));
#858 = DIRECTION('',(0.5,-0.866025403784,0.));
#859 = ADVANCED_FACE('',(#860),#871,.T.);
#860 = FACE_BOUND('',#861,.T.);
#861 = EDGE_LOOP('',(#862,#863,#869,#870));
#862 = ORIENTED_EDGE('',*,*,#98,.F.);
#863 = ORIENTED_EDGE('',*,*,#864,.T.);
#864 = EDGE_CURVE('',#99,#742,#865,.T.);
#865 = LINE('',#866,#867);
#866 = CARTESIAN_POINT('',(36.334117647059,-13.62529411764,
    -5.125705882353));
#867 = VECTOR('',#868,1.);
#868 = DIRECTION('',(0.,0.,1.));
#869 = ORIENTED_EDGE('',*,*,#741,.T.);
#870 = ORIENTED_EDGE('',*,*,#82,.F.);
#871 = PLANE('',#872);
#872 = AXIS2_PLACEMENT_3D('',#873,#874,#875);
#873 = CARTESIAN_POINT('',(0.,-13.62529411764,-5.125705882353));
#874 = DIRECTION('',(0.,1.,0.));
#875 = DIRECTION('',(1.,0.,0.));
#876 = ADVANCED_FACE('',(#877),#888,.F.);
#877 = FACE_BOUND('',#878,.F.);
#878 = EDGE_LOOP('',(#879,#885,#886,#887));
#879 = ORIENTED_EDGE('',*,*,#880,.T.);
#880 = EDGE_CURVE('',#187,#830,#881,.T.);
#881 = LINE('',#882,#883);
#882 = CARTESIAN_POINT('',(20.84039371796,16.137872630378,
    -5.125705882353));
#883 = VECTOR('',#884,1.);
#884 = DIRECTION('',(0.,0.,1.));
#885 = ORIENTED_EDGE('',*,*,#837,.T.);
#886 = ORIENTED_EDGE('',*,*,#725,.F.);
#887 = ORIENTED_EDGE('',*,*,#194,.F.);
#888 = PLANE('',#889);
#889 = AXIS2_PLACEMENT_3D('',#890,#891,#892);
#890 = CARTESIAN_POINT('',(20.84039371796,16.137872630378,
    -5.125705882353));
#891 = DIRECTION('',(-0.537299608347,-0.843391445813,0.));
#892 = DIRECTION('',(-0.843391445813,0.537299608347,0.));
#893 = ADVANCED_FACE('',(#894),#905,.F.);
#894 = FACE_BOUND('',#895,.F.);
#895 = EDGE_LOOP('',(#896,#902,#903,#904));
#896 = ORIENTED_EDGE('',*,*,#897,.T.);
#897 = EDGE_CURVE('',#179,#822,#898,.T.);
#898 = LINE('',#899,#900);
#899 = CARTESIAN_POINT('',(23.355120632422,14.208254801514,
    -5.125705882353));
#900 = VECTOR('',#901,1.);
#901 = DIRECTION('',(0.,0.,1.));
#902 = ORIENTED_EDGE('',*,*,#829,.T.);
#903 = ORIENTED_EDGE('',*,*,#880,.F.);
#904 = ORIENTED_EDGE('',*,*,#186,.F.);
#905 = PLANE('',#906);
#906 = AXIS2_PLACEMENT_3D('',#907,#908,#909);
#907 = CARTESIAN_POINT('',(23.355120632422,14.208254801514,
    -5.125705882353));
#908 = DIRECTION('',(-0.608761429009,-0.793353340291,0.));
#909 = DIRECTION('',(-0.793353340291,0.608761429009,0.));
#910 = ADVANCED_FACE('',(#911),#922,.F.);
#911 = FACE_BOUND('',#912,.F.);
#912 = EDGE_LOOP('',(#913,#914,#915,#921));
#913 = ORIENTED_EDGE('',*,*,#864,.T.);
#914 = ORIENTED_EDGE('',*,*,#749,.T.);
#915 = ORIENTED_EDGE('',*,*,#916,.F.);
#916 = EDGE_CURVE('',#107,#750,#917,.T.);
#917 = LINE('',#918,#919);
#918 = CARTESIAN_POINT('',(36.195855359842,-10.45856710703,
    -5.125705882353));
#919 = VECTOR('',#920,1.);
#920 = DIRECTION('',(0.,0.,1.));
#921 = ORIENTED_EDGE('',*,*,#106,.F.);
#922 = PLANE('',#923);
#923 = AXIS2_PLACEMENT_3D('',#924,#925,#926);
#924 = CARTESIAN_POINT('',(36.334117647059,-13.62529411764,
    -5.125705882353));
#925 = DIRECTION('',(-0.999048221582,-4.361938736534E-02,0.));
#926 = DIRECTION('',(-4.361938736534E-02,0.999048221582,0.));
#927 = ADVANCED_FACE('',(#928),#939,.F.);
#928 = FACE_BOUND('',#929,.F.);
#929 = EDGE_LOOP('',(#930,#936,#937,#938));
#930 = ORIENTED_EDGE('',*,*,#931,.T.);
#931 = EDGE_CURVE('',#171,#814,#932,.T.);
#932 = LINE('',#933,#934);
#933 = CARTESIAN_POINT('',(25.692100976665,12.066806859018,
    -5.125705882353));
#934 = VECTOR('',#935,1.);
#935 = DIRECTION('',(0.,0.,1.));
#936 = ORIENTED_EDGE('',*,*,#821,.T.);
#937 = ORIENTED_EDGE('',*,*,#897,.F.);
#938 = ORIENTED_EDGE('',*,*,#178,.F.);
#939 = PLANE('',#940);
#940 = AXIS2_PLACEMENT_3D('',#941,#942,#943);
#941 = CARTESIAN_POINT('',(25.692100976665,12.066806859018,
    -5.125705882353));
#942 = DIRECTION('',(-0.675590207616,-0.73727733681,0.));
#943 = DIRECTION('',(-0.73727733681,0.675590207616,0.));
#944 = ADVANCED_FACE('',(#945),#956,.F.);
#945 = FACE_BOUND('',#946,.F.);
#946 = EDGE_LOOP('',(#947,#948,#949,#955));
#947 = ORIENTED_EDGE('',*,*,#916,.T.);
#948 = ORIENTED_EDGE('',*,*,#757,.T.);
#949 = ORIENTED_EDGE('',*,*,#950,.F.);
#950 = EDGE_CURVE('',#115,#758,#951,.T.);
#951 = LINE('',#952,#953);
#952 = CARTESIAN_POINT('',(35.782120757681,-7.315940801099,
    -5.125705882353));
#953 = VECTOR('',#954,1.);
#954 = DIRECTION('',(0.,0.,1.));
#955 = ORIENTED_EDGE('',*,*,#114,.F.);
#956 = PLANE('',#957);
#957 = AXIS2_PLACEMENT_3D('',#958,#959,#960);
#958 = CARTESIAN_POINT('',(36.195855359842,-10.45856710703,
    -5.125705882353));
#959 = DIRECTION('',(-0.991444861374,-0.13052619222,0.));
#960 = DIRECTION('',(-0.13052619222,0.991444861374,0.));
#961 = ADVANCED_FACE('',(#962),#973,.F.);
#962 = FACE_BOUND('',#963,.F.);
#963 = EDGE_LOOP('',(#964,#970,#971,#972));
#964 = ORIENTED_EDGE('',*,*,#965,.T.);
#965 = EDGE_CURVE('',#163,#806,#966,.T.);
#966 = LINE('',#967,#968);
#967 = CARTESIAN_POINT('',(27.833548919161,9.729826514775,
    -5.125705882353));
#968 = VECTOR('',#969,1.);
#969 = DIRECTION('',(0.,0.,1.));
#970 = ORIENTED_EDGE('',*,*,#813,.T.);
#971 = ORIENTED_EDGE('',*,*,#931,.F.);
#972 = ORIENTED_EDGE('',*,*,#170,.F.);
#973 = PLANE('',#974);
#974 = AXIS2_PLACEMENT_3D('',#975,#976,#977);
#975 = CARTESIAN_POINT('',(27.833548919161,9.729826514775,
    -5.125705882353));
#976 = DIRECTION('',(-0.73727733681,-0.675590207616,0.));
#977 = DIRECTION('',(-0.675590207616,0.73727733681,0.));
#978 = ADVANCED_FACE('',(#979),#990,.F.);
#979 = FACE_BOUND('',#980,.F.);
#980 = EDGE_LOOP('',(#981,#982,#983,#989));
#981 = ORIENTED_EDGE('',*,*,#950,.T.);
#982 = ORIENTED_EDGE('',*,*,#765,.T.);
#983 = ORIENTED_EDGE('',*,*,#984,.F.);
#984 = EDGE_CURVE('',#123,#766,#985,.T.);
#985 = LINE('',#986,#987);
#986 = CARTESIAN_POINT('',(35.09606261072,-4.221332483593,
    -5.125705882353));
#987 = VECTOR('',#988,1.);
#988 = DIRECTION('',(0.,0.,1.));
#989 = ORIENTED_EDGE('',*,*,#122,.F.);
#990 = PLANE('',#991);
#991 = AXIS2_PLACEMENT_3D('',#992,#993,#994);
#992 = CARTESIAN_POINT('',(35.782120757681,-7.315940801099,
    -5.125705882353));
#993 = DIRECTION('',(-0.97629600712,-0.216439613938,0.));
#994 = DIRECTION('',(-0.216439613938,0.97629600712,0.));
#995 = ADVANCED_FACE('',(#996),#1007,.F.);
#996 = FACE_BOUND('',#997,.F.);
#997 = EDGE_LOOP('',(#998,#1004,#1005,#1006));
#998 = ORIENTED_EDGE('',*,*,#999,.T.);
#999 = EDGE_CURVE('',#155,#798,#1000,.T.);
#1000 = LINE('',#1001,#1002);
#1001 = CARTESIAN_POINT('',(29.763166748025,7.215099600313,
    -5.125705882353));
#1002 = VECTOR('',#1003,1.);
#1003 = DIRECTION('',(0.,0.,1.));
#1004 = ORIENTED_EDGE('',*,*,#805,.T.);
#1005 = ORIENTED_EDGE('',*,*,#965,.F.);
#1006 = ORIENTED_EDGE('',*,*,#162,.F.);
#1007 = PLANE('',#1008);
#1008 = AXIS2_PLACEMENT_3D('',#1009,#1010,#1011);
#1009 = CARTESIAN_POINT('',(29.763166748025,7.215099600313,
    -5.125705882353));
#1010 = DIRECTION('',(-0.793353340291,-0.608761429009,0.));
#1011 = DIRECTION('',(-0.608761429009,0.793353340291,0.));
#1012 = ADVANCED_FACE('',(#1013),#1024,.F.);
#1013 = FACE_BOUND('',#1014,.F.);
#1014 = EDGE_LOOP('',(#1015,#1016,#1017,#1023));
#1015 = ORIENTED_EDGE('',*,*,#984,.T.);
#1016 = ORIENTED_EDGE('',*,*,#773,.T.);
#1017 = ORIENTED_EDGE('',*,*,#1018,.F.);
#1018 = EDGE_CURVE('',#131,#774,#1019,.T.);
#1019 = LINE('',#1020,#1021);
#1020 = CARTESIAN_POINT('',(34.142902235708,-1.198293992388,
    -5.125705882353));
#1021 = VECTOR('',#1022,1.);
#1022 = DIRECTION('',(0.,0.,1.));
#1023 = ORIENTED_EDGE('',*,*,#130,.F.);
#1024 = PLANE('',#1025);
#1025 = AXIS2_PLACEMENT_3D('',#1026,#1027,#1028);
#1026 = CARTESIAN_POINT('',(35.09606261072,-4.221332483593,
    -5.125705882353));
#1027 = DIRECTION('',(-0.953716950748,-0.300705799504,0.));
#1028 = DIRECTION('',(-0.300705799504,0.953716950748,0.));
#1029 = ADVANCED_FACE('',(#1030),#1041,.F.);
#1030 = FACE_BOUND('',#1031,.F.);
#1031 = EDGE_LOOP('',(#1032,#1038,#1039,#1040));
#1032 = ORIENTED_EDGE('',*,*,#1033,.T.);
#1033 = EDGE_CURVE('',#147,#790,#1034,.T.);
#1034 = LINE('',#1035,#1036);
#1035 = CARTESIAN_POINT('',(31.466268906445,4.541764705882,
    -5.125705882353));
#1036 = VECTOR('',#1037,1.);
#1037 = DIRECTION('',(0.,0.,1.));
#1038 = ORIENTED_EDGE('',*,*,#797,.T.);
#1039 = ORIENTED_EDGE('',*,*,#999,.F.);
#1040 = ORIENTED_EDGE('',*,*,#154,.F.);
#1041 = PLANE('',#1042);
#1042 = AXIS2_PLACEMENT_3D('',#1043,#1044,#1045);
#1043 = CARTESIAN_POINT('',(31.466268906445,4.541764705882,
    -5.125705882353));
#1044 = DIRECTION('',(-0.843391445813,-0.537299608347,0.));
#1045 = DIRECTION('',(-0.537299608347,0.843391445813,0.));
#1046 = ADVANCED_FACE('',(#1047),#1058,.F.);
#1047 = FACE_BOUND('',#1048,.F.);
#1048 = EDGE_LOOP('',(#1049,#1050,#1051,#1057));
#1049 = ORIENTED_EDGE('',*,*,#1018,.T.);
#1050 = ORIENTED_EDGE('',*,*,#781,.T.);
#1051 = ORIENTED_EDGE('',*,*,#1052,.F.);
#1052 = EDGE_CURVE('',#139,#782,#1053,.T.);
#1053 = LINE('',#1054,#1055);
#1054 = CARTESIAN_POINT('',(32.929893758635,1.730167524235,
    -5.125705882353));
#1055 = VECTOR('',#1056,1.);
#1056 = DIRECTION('',(0.,0.,1.));
#1057 = ORIENTED_EDGE('',*,*,#138,.F.);
#1058 = PLANE('',#1059);
#1059 = AXIS2_PLACEMENT_3D('',#1060,#1061,#1062);
#1060 = CARTESIAN_POINT('',(34.142902235708,-1.198293992388,
    -5.125705882353));
#1061 = DIRECTION('',(-0.923879532511,-0.382683432365,0.));
#1062 = DIRECTION('',(-0.382683432365,0.923879532511,0.));
#1063 = ADVANCED_FACE('',(#1064),#1070,.F.);
#1064 = FACE_BOUND('',#1065,.F.);
#1065 = EDGE_LOOP('',(#1066,#1067,#1068,#1069));
#1066 = ORIENTED_EDGE('',*,*,#1052,.T.);
#1067 = ORIENTED_EDGE('',*,*,#789,.T.);
#1068 = ORIENTED_EDGE('',*,*,#1033,.F.);
#1069 = ORIENTED_EDGE('',*,*,#146,.F.);
#1070 = PLANE('',#1071);
#1071 = AXIS2_PLACEMENT_3D('',#1072,#1073,#1074);
#1072 = CARTESIAN_POINT('',(32.929893758635,1.730167524235,
    -5.125705882353));
#1073 = DIRECTION('',(-0.887010833178,-0.461748613235,0.));
#1074 = DIRECTION('',(-0.461748613235,0.887010833178,0.));
#1075 = ADVANCED_FACE('',(#1076),#1098,.T.);
#1076 = FACE_BOUND('',#1077,.T.);
#1077 = EDGE_LOOP('',(#1078,#1087,#1092,#1093));
#1078 = ORIENTED_EDGE('',*,*,#1079,.F.);
#1079 = EDGE_CURVE('',#1080,#1082,#1084,.T.);
#1080 = VERTEX_POINT('',#1081);
#1081 = CARTESIAN_POINT('',(-32.12762128411,-24.80744525664,
    -5.367676470588));
#1082 = VERTEX_POINT('',#1083);
#1083 = CARTESIAN_POINT('',(-29.70493389839,-22.51542760544,
    -5.367676470588));
#1084 = B_SPLINE_CURVE_WITH_KNOTS('',1,(#1085,#1086),.UNSPECIFIED.,.F.,
  .F.,(2,2),(0.,5.140195939524),.PIECEWISE_BEZIER_KNOTS.);
#1085 = CARTESIAN_POINT('',(-32.12762128411,-24.80744525664,
    -5.367676470588));
#1086 = CARTESIAN_POINT('',(-29.70493389839,-22.51542760544,
    -5.367676470588));
#1087 = ORIENTED_EDGE('',*,*,#1088,.T.);
#1088 = EDGE_CURVE('',#1080,#213,#1089,.T.);
#1089 = B_SPLINE_CURVE_WITH_KNOTS('',1,(#1090,#1091),.UNSPECIFIED.,.F.,
  .F.,(2,2),(0.,0.45),.PIECEWISE_BEZIER_KNOTS.);
#1090 = CARTESIAN_POINT('',(-32.12762128411,-24.80744525664,
    -5.367676470588));
#1091 = CARTESIAN_POINT('',(-32.12762128411,-24.80744525664,
    -5.075705882353));
#1092 = ORIENTED_EDGE('',*,*,#210,.F.);
#1093 = ORIENTED_EDGE('',*,*,#1094,.F.);
#1094 = EDGE_CURVE('',#1082,#211,#1095,.T.);
#1095 = B_SPLINE_CURVE_WITH_KNOTS('',1,(#1096,#1097),.UNSPECIFIED.,.F.,
  .F.,(2,2),(0.,0.45),.PIECEWISE_BEZIER_KNOTS.);
#1096 = CARTESIAN_POINT('',(-29.70493389839,-22.51542760544,
    -5.367676470588));
#1097 = CARTESIAN_POINT('',(-29.70493389839,-22.51542760544,
    -5.075705882353));
#1098 = B_SPLINE_SURFACE_WITH_KNOTS('',1,1,(
    (#1099,#1100)
    ,(#1101,#1102
    )),.UNSPECIFIED.,.F.,.F.,.F.,(2,2),(2,2),(0.,5.140195939524),(-0.45,
    0.),.PIECEWISE_BEZIER_KNOTS.);
#1099 = CARTESIAN_POINT('',(-32.12762128411,-24.80744525664,
    -5.075705882353));
#1100 = CARTESIAN_POINT('',(-32.12762128411,-24.80744525664,
    -5.367676470588));
#1101 = CARTESIAN_POINT('',(-29.70493389839,-22.51542760544,
    -5.075705882353));
#1102 = CARTESIAN_POINT('',(-29.70493389839,-22.51542760544,
    -5.367676470588));
#1103 = ADVANCED_FACE('',(#1104),#1120,.T.);
#1104 = FACE_BOUND('',#1105,.T.);
#1105 = EDGE_LOOP('',(#1106,#1113,#1114,#1115));
#1106 = ORIENTED_EDGE('',*,*,#1107,.F.);
#1107 = EDGE_CURVE('',#1082,#1108,#1110,.T.);
#1108 = VERTEX_POINT('',#1109);
#1109 = CARTESIAN_POINT('',(-29.37007482531,-23.09542053339,
    -5.367676470588));
#1110 = B_SPLINE_CURVE_WITH_KNOTS('',1,(#1111,#1112),.UNSPECIFIED.,.F.,
  .F.,(2,2),(0.,1.032203851744),.PIECEWISE_BEZIER_KNOTS.);
#1111 = CARTESIAN_POINT('',(-29.70493389839,-22.51542760544,
    -5.367676470588));
#1112 = CARTESIAN_POINT('',(-29.37007482531,-23.09542053339,
    -5.367676470588));
#1113 = ORIENTED_EDGE('',*,*,#1094,.T.);
#1114 = ORIENTED_EDGE('',*,*,#219,.F.);
#1115 = ORIENTED_EDGE('',*,*,#1116,.F.);
#1116 = EDGE_CURVE('',#1108,#220,#1117,.T.);
#1117 = B_SPLINE_CURVE_WITH_KNOTS('',1,(#1118,#1119),.UNSPECIFIED.,.F.,
  .F.,(2,2),(0.,0.45),.PIECEWISE_BEZIER_KNOTS.);
#1118 = CARTESIAN_POINT('',(-29.37007482531,-23.09542053339,
    -5.367676470588));
#1119 = CARTESIAN_POINT('',(-29.37007482531,-23.09542053339,
    -5.075705882353));
#1120 = B_SPLINE_SURFACE_WITH_KNOTS('',1,1,(
    (#1121,#1122)
    ,(#1123,#1124
    )),.UNSPECIFIED.,.F.,.F.,.F.,(2,2),(2,2),(0.,1.032203851744),(-0.45,
    0.),.PIECEWISE_BEZIER_KNOTS.);
#1121 = CARTESIAN_POINT('',(-29.70493389839,-22.51542760544,
    -5.075705882353));
#1122 = CARTESIAN_POINT('',(-29.70493389839,-22.51542760544,
    -5.367676470588));
#1123 = CARTESIAN_POINT('',(-29.37007482531,-23.09542053339,
    -5.075705882353));
#1124 = CARTESIAN_POINT('',(-29.37007482531,-23.09542053339,
    -5.367676470588));
#1125 = ADVANCED_FACE('',(#1126),#1142,.T.);
#1126 = FACE_BOUND('',#1127,.T.);
#1127 = EDGE_LOOP('',(#1128,#1135,#1140,#1141));
#1128 = ORIENTED_EDGE('',*,*,#1129,.F.);
#1129 = EDGE_CURVE('',#1130,#1080,#1132,.T.);
#1130 = VERTEX_POINT('',#1131);
#1131 = CARTESIAN_POINT('',(-31.77286959283,-25.42189321001,
    -5.367676470588));
#1132 = B_SPLINE_CURVE_WITH_KNOTS('',1,(#1133,#1134),.UNSPECIFIED.,.F.,
  .F.,(2,2),(0.,1.093522892442),.PIECEWISE_BEZIER_KNOTS.);
#1133 = CARTESIAN_POINT('',(-31.77286959283,-25.42189321001,
    -5.367676470588));
#1134 = CARTESIAN_POINT('',(-32.12762128411,-24.80744525664,
    -5.367676470588));
#1135 = ORIENTED_EDGE('',*,*,#1136,.T.);
#1136 = EDGE_CURVE('',#1130,#290,#1137,.T.);
#1137 = B_SPLINE_CURVE_WITH_KNOTS('',1,(#1138,#1139),.UNSPECIFIED.,.F.,
  .F.,(2,2),(0.,0.45),.PIECEWISE_BEZIER_KNOTS.);
#1138 = CARTESIAN_POINT('',(-31.77286959283,-25.42189321001,
    -5.367676470588));
#1139 = CARTESIAN_POINT('',(-31.77286959283,-25.42189321001,
    -5.075705882353));
#1140 = ORIENTED_EDGE('',*,*,#296,.F.);
#1141 = ORIENTED_EDGE('',*,*,#1088,.F.);
#1142 = B_SPLINE_SURFACE_WITH_KNOTS('',1,1,(
    (#1143,#1144)
    ,(#1145,#1146
    )),.UNSPECIFIED.,.F.,.F.,.F.,(2,2),(2,2),(0.,1.093522892442),(-0.45,
    0.),.PIECEWISE_BEZIER_KNOTS.);
#1143 = CARTESIAN_POINT('',(-31.77286959283,-25.42189321001,
    -5.075705882353));
#1144 = CARTESIAN_POINT('',(-31.77286959283,-25.42189321001,
    -5.367676470588));
#1145 = CARTESIAN_POINT('',(-32.12762128411,-24.80744525664,
    -5.075705882353));
#1146 = CARTESIAN_POINT('',(-32.12762128411,-24.80744525664,
    -5.367676470588));
#1147 = ADVANCED_FACE('',(#1148),#1164,.T.);
#1148 = FACE_BOUND('',#1149,.T.);
#1149 = EDGE_LOOP('',(#1150,#1157,#1158,#1159));
#1150 = ORIENTED_EDGE('',*,*,#1151,.F.);
#1151 = EDGE_CURVE('',#1108,#1152,#1154,.T.);
#1152 = VERTEX_POINT('',#1153);
#1153 = CARTESIAN_POINT('',(-31.05570193689,-24.63265932731,
    -5.367676470588));
#1154 = B_SPLINE_CURVE_WITH_KNOTS('',1,(#1155,#1156),.UNSPECIFIED.,.F.,
  .F.,(2,2),(0.,3.516094104257),.PIECEWISE_BEZIER_KNOTS.);
#1155 = CARTESIAN_POINT('',(-29.37007482531,-23.09542053339,
    -5.367676470588));
#1156 = CARTESIAN_POINT('',(-31.05570193689,-24.63265932731,
    -5.367676470588));
#1157 = ORIENTED_EDGE('',*,*,#1116,.T.);
#1158 = ORIENTED_EDGE('',*,*,#226,.F.);
#1159 = ORIENTED_EDGE('',*,*,#1160,.F.);
#1160 = EDGE_CURVE('',#1152,#227,#1161,.T.);
#1161 = B_SPLINE_CURVE_WITH_KNOTS('',1,(#1162,#1163),.UNSPECIFIED.,.F.,
  .F.,(2,2),(0.,0.45),.PIECEWISE_BEZIER_KNOTS.);
#1162 = CARTESIAN_POINT('',(-31.05570193689,-24.63265932731,
    -5.367676470588));
#1163 = CARTESIAN_POINT('',(-31.05570193689,-24.63265932731,
    -5.075705882353));
#1164 = B_SPLINE_SURFACE_WITH_KNOTS('',1,1,(
    (#1165,#1166)
    ,(#1167,#1168
    )),.UNSPECIFIED.,.F.,.F.,.F.,(2,2),(2,2),(0.,3.516094104257),(-0.45,
    0.),.PIECEWISE_BEZIER_KNOTS.);
#1165 = CARTESIAN_POINT('',(-29.37007482531,-23.09542053339,
    -5.075705882353));
#1166 = CARTESIAN_POINT('',(-29.37007482531,-23.09542053339,
    -5.367676470588));
#1167 = CARTESIAN_POINT('',(-31.05570193689,-24.63265932731,
    -5.075705882353));
#1168 = CARTESIAN_POINT('',(-31.05570193689,-24.63265932731,
    -5.367676470588));
#1169 = ADVANCED_FACE('',(#1170),#1186,.T.);
#1170 = FACE_BOUND('',#1171,.T.);
#1171 = EDGE_LOOP('',(#1172,#1179,#1184,#1185));
#1172 = ORIENTED_EDGE('',*,*,#1173,.F.);
#1173 = EDGE_CURVE('',#1174,#1130,#1176,.T.);
#1174 = VERTEX_POINT('',#1175);
#1175 = CARTESIAN_POINT('',(-29.35091943768,-24.76627685064,
    -5.367676470588));
#1176 = B_SPLINE_CURVE_WITH_KNOTS('',1,(#1177,#1178),.UNSPECIFIED.,.F.,
  .F.,(2,2),(0.,3.867181644921),.PIECEWISE_BEZIER_KNOTS.);
#1177 = CARTESIAN_POINT('',(-29.35091943768,-24.76627685064,
    -5.367676470588));
#1178 = CARTESIAN_POINT('',(-31.77286959283,-25.42189321001,
    -5.367676470588));
#1179 = ORIENTED_EDGE('',*,*,#1180,.T.);
#1180 = EDGE_CURVE('',#1174,#283,#1181,.T.);
#1181 = B_SPLINE_CURVE_WITH_KNOTS('',1,(#1182,#1183),.UNSPECIFIED.,.F.,
  .F.,(2,2),(0.,0.45),.PIECEWISE_BEZIER_KNOTS.);
#1182 = CARTESIAN_POINT('',(-29.35091943768,-24.76627685064,
    -5.367676470588));
#1183 = CARTESIAN_POINT('',(-29.35091943768,-24.76627685064,
    -5.075705882353));
#1184 = ORIENTED_EDGE('',*,*,#289,.F.);
#1185 = ORIENTED_EDGE('',*,*,#1136,.F.);
#1186 = B_SPLINE_SURFACE_WITH_KNOTS('',1,1,(
    (#1187,#1188)
    ,(#1189,#1190
    )),.UNSPECIFIED.,.F.,.F.,.F.,(2,2),(2,2),(0.,3.867181644921),(-0.45,
    0.),.PIECEWISE_BEZIER_KNOTS.);
#1187 = CARTESIAN_POINT('',(-29.35091943768,-24.76627685064,
    -5.075705882353));
#1188 = CARTESIAN_POINT('',(-29.35091943768,-24.76627685064,
    -5.367676470588));
#1189 = CARTESIAN_POINT('',(-31.77286959283,-25.42189321001,
    -5.075705882353));
#1190 = CARTESIAN_POINT('',(-31.77286959283,-25.42189321001,
    -5.367676470588));
#1191 = ADVANCED_FACE('',(#1192),#1208,.T.);
#1192 = FACE_BOUND('',#1193,.T.);
#1193 = EDGE_LOOP('',(#1194,#1201,#1202,#1203));
#1194 = ORIENTED_EDGE('',*,*,#1195,.F.);
#1195 = EDGE_CURVE('',#1152,#1196,#1198,.T.);
#1196 = VERTEX_POINT('',#1197);
#1197 = CARTESIAN_POINT('',(-28.82965869747,-24.03144872405,
    -5.367676470588));
#1198 = B_SPLINE_CURVE_WITH_KNOTS('',1,(#1199,#1200),.UNSPECIFIED.,.F.,
  .F.,(2,2),(0.,3.553819888808),.PIECEWISE_BEZIER_KNOTS.);
#1199 = CARTESIAN_POINT('',(-31.05570193689,-24.63265932731,
    -5.367676470588));
#1200 = CARTESIAN_POINT('',(-28.82965869747,-24.03144872405,
    -5.367676470588));
#1201 = ORIENTED_EDGE('',*,*,#1160,.T.);
#1202 = ORIENTED_EDGE('',*,*,#233,.F.);
#1203 = ORIENTED_EDGE('',*,*,#1204,.F.);
#1204 = EDGE_CURVE('',#1196,#234,#1205,.T.);
#1205 = B_SPLINE_CURVE_WITH_KNOTS('',1,(#1206,#1207),.UNSPECIFIED.,.F.,
  .F.,(2,2),(0.,0.45),.PIECEWISE_BEZIER_KNOTS.);
#1206 = CARTESIAN_POINT('',(-28.82965869747,-24.03144872405,
    -5.367676470588));
#1207 = CARTESIAN_POINT('',(-28.82965869747,-24.03144872405,
    -5.075705882353));
#1208 = B_SPLINE_SURFACE_WITH_KNOTS('',1,1,(
    (#1209,#1210)
    ,(#1211,#1212
    )),.UNSPECIFIED.,.F.,.F.,.F.,(2,2),(2,2),(0.,3.553819888808),(-0.45,
    0.),.PIECEWISE_BEZIER_KNOTS.);
#1209 = CARTESIAN_POINT('',(-31.05570193689,-24.63265932731,
    -5.075705882353));
#1210 = CARTESIAN_POINT('',(-31.05570193689,-24.63265932731,
    -5.367676470588));
#1211 = CARTESIAN_POINT('',(-28.82965869747,-24.03144872405,
    -5.075705882353));
#1212 = CARTESIAN_POINT('',(-28.82965869747,-24.03144872405,
    -5.367676470588));
#1213 = ADVANCED_FACE('',(#1214),#1230,.T.);
#1214 = FACE_BOUND('',#1215,.T.);
#1215 = EDGE_LOOP('',(#1216,#1223,#1228,#1229));
#1216 = ORIENTED_EDGE('',*,*,#1217,.F.);
#1217 = EDGE_CURVE('',#1218,#1174,#1220,.T.);
#1218 = VERTEX_POINT('',#1219);
#1219 = CARTESIAN_POINT('',(-31.12856979215,-26.53785320009,
    -5.367676470588));
#1220 = B_SPLINE_CURVE_WITH_KNOTS('',1,(#1221,#1222),.UNSPECIFIED.,.F.,
  .F.,(2,2),(0.,3.868056307548),.PIECEWISE_BEZIER_KNOTS.);
#1221 = CARTESIAN_POINT('',(-31.12856979215,-26.53785320009,
    -5.367676470588));
#1222 = CARTESIAN_POINT('',(-29.35091943768,-24.76627685064,
    -5.367676470588));
#1223 = ORIENTED_EDGE('',*,*,#1224,.T.);
#1224 = EDGE_CURVE('',#1218,#276,#1225,.T.);
#1225 = B_SPLINE_CURVE_WITH_KNOTS('',1,(#1226,#1227),.UNSPECIFIED.,.F.,
  .F.,(2,2),(0.,0.45),.PIECEWISE_BEZIER_KNOTS.);
#1226 = CARTESIAN_POINT('',(-31.12856979215,-26.53785320009,
    -5.367676470588));
#1227 = CARTESIAN_POINT('',(-31.12856979215,-26.53785320009,
    -5.075705882353));
#1228 = ORIENTED_EDGE('',*,*,#282,.F.);
#1229 = ORIENTED_EDGE('',*,*,#1180,.F.);
#1230 = B_SPLINE_SURFACE_WITH_KNOTS('',1,1,(
    (#1231,#1232)
    ,(#1233,#1234
    )),.UNSPECIFIED.,.F.,.F.,.F.,(2,2),(2,2),(0.,3.868056307548),(-0.45,
    0.),.PIECEWISE_BEZIER_KNOTS.);
#1231 = CARTESIAN_POINT('',(-31.12856979215,-26.53785320009,
    -5.075705882353));
#1232 = CARTESIAN_POINT('',(-31.12856979215,-26.53785320009,
    -5.367676470588));
#1233 = CARTESIAN_POINT('',(-29.35091943768,-24.76627685064,
    -5.075705882353));
#1234 = CARTESIAN_POINT('',(-29.35091943768,-24.76627685064,
    -5.367676470588));
#1235 = ADVANCED_FACE('',(#1236),#1252,.T.);
#1236 = FACE_BOUND('',#1237,.T.);
#1237 = EDGE_LOOP('',(#1238,#1245,#1246,#1247));
#1238 = ORIENTED_EDGE('',*,*,#1239,.F.);
#1239 = EDGE_CURVE('',#1196,#1240,#1242,.T.);
#1240 = VERTEX_POINT('',#1241);
#1241 = CARTESIAN_POINT('',(-28.44064749706,-24.70523588787,
    -5.367676470588));
#1242 = B_SPLINE_CURVE_WITH_KNOTS('',1,(#1243,#1244),.UNSPECIFIED.,.F.,
  .F.,(2,2),(0.,1.199127906977),.PIECEWISE_BEZIER_KNOTS.);
#1243 = CARTESIAN_POINT('',(-28.82965869747,-24.03144872405,
    -5.367676470588));
#1244 = CARTESIAN_POINT('',(-28.44064749706,-24.70523588787,
    -5.367676470588));
#1245 = ORIENTED_EDGE('',*,*,#1204,.T.);
#1246 = ORIENTED_EDGE('',*,*,#240,.F.);
#1247 = ORIENTED_EDGE('',*,*,#1248,.F.);
#1248 = EDGE_CURVE('',#1240,#241,#1249,.T.);
#1249 = B_SPLINE_CURVE_WITH_KNOTS('',1,(#1250,#1251),.UNSPECIFIED.,.F.,
  .F.,(2,2),(0.,0.45),.PIECEWISE_BEZIER_KNOTS.);
#1250 = CARTESIAN_POINT('',(-28.44064749706,-24.70523588787,
    -5.367676470588));
#1251 = CARTESIAN_POINT('',(-28.44064749706,-24.70523588787,
    -5.075705882353));
#1252 = B_SPLINE_SURFACE_WITH_KNOTS('',1,1,(
    (#1253,#1254)
    ,(#1255,#1256
    )),.UNSPECIFIED.,.F.,.F.,.F.,(2,2),(2,2),(0.,1.199127906977),(-0.45,
    0.),.PIECEWISE_BEZIER_KNOTS.);
#1253 = CARTESIAN_POINT('',(-28.82965869747,-24.03144872405,
    -5.075705882353));
#1254 = CARTESIAN_POINT('',(-28.82965869747,-24.03144872405,
    -5.367676470588));
#1255 = CARTESIAN_POINT('',(-28.44064749706,-24.70523588787,
    -5.075705882353));
#1256 = CARTESIAN_POINT('',(-28.44064749706,-24.70523588787,
    -5.367676470588));
#1257 = ADVANCED_FACE('',(#1258),#1274,.T.);
#1258 = FACE_BOUND('',#1259,.T.);
#1259 = EDGE_LOOP('',(#1260,#1267,#1272,#1273));
#1260 = ORIENTED_EDGE('',*,*,#1261,.F.);
#1261 = EDGE_CURVE('',#1262,#1218,#1264,.T.);
#1262 = VERTEX_POINT('',#1263);
#1263 = CARTESIAN_POINT('',(-30.78155411905,-27.13890197692,
    -5.367676470588));
#1264 = B_SPLINE_CURVE_WITH_KNOTS('',1,(#1265,#1266),.UNSPECIFIED.,.F.,
  .F.,(2,2),(0.,1.069676598837),.PIECEWISE_BEZIER_KNOTS.);
#1265 = CARTESIAN_POINT('',(-30.78155411905,-27.13890197692,
    -5.367676470588));
#1266 = CARTESIAN_POINT('',(-31.12856979215,-26.53785320009,
    -5.367676470588));
#1267 = ORIENTED_EDGE('',*,*,#1268,.T.);
#1268 = EDGE_CURVE('',#1262,#269,#1269,.T.);
#1269 = B_SPLINE_CURVE_WITH_KNOTS('',1,(#1270,#1271),.UNSPECIFIED.,.F.,
  .F.,(2,2),(0.,0.45),.PIECEWISE_BEZIER_KNOTS.);
#1270 = CARTESIAN_POINT('',(-30.78155411905,-27.13890197692,
    -5.367676470588));
#1271 = CARTESIAN_POINT('',(-30.78155411905,-27.13890197692,
    -5.075705882353));
#1272 = ORIENTED_EDGE('',*,*,#275,.F.);
#1273 = ORIENTED_EDGE('',*,*,#1224,.F.);
#1274 = B_SPLINE_SURFACE_WITH_KNOTS('',1,1,(
    (#1275,#1276)
    ,(#1277,#1278
    )),.UNSPECIFIED.,.F.,.F.,.F.,(2,2),(2,2),(0.,1.069676598837),(-0.45,
    0.),.PIECEWISE_BEZIER_KNOTS.);
#1275 = CARTESIAN_POINT('',(-30.78155411905,-27.13890197692,
    -5.075705882353));
#1276 = CARTESIAN_POINT('',(-30.78155411905,-27.13890197692,
    -5.367676470588));
#1277 = CARTESIAN_POINT('',(-31.12856979215,-26.53785320009,
    -5.075705882353));
#1278 = CARTESIAN_POINT('',(-31.12856979215,-26.53785320009,
    -5.367676470588));
#1279 = ADVANCED_FACE('',(#1280),#1296,.T.);
#1280 = FACE_BOUND('',#1281,.T.);
#1281 = EDGE_LOOP('',(#1282,#1289,#1290,#1291));
#1282 = ORIENTED_EDGE('',*,*,#1283,.F.);
#1283 = EDGE_CURVE('',#1240,#1284,#1286,.T.);
#1284 = VERTEX_POINT('',#1285);
#1285 = CARTESIAN_POINT('',(-30.11903022958,-26.33017220538,
    -5.367676470588));
#1286 = B_SPLINE_CURVE_WITH_KNOTS('',1,(#1287,#1288),.UNSPECIFIED.,.F.,
  .F.,(2,2),(0.,3.600524499068),.PIECEWISE_BEZIER_KNOTS.);
#1287 = CARTESIAN_POINT('',(-28.44064749706,-24.70523588787,
    -5.367676470588));
#1288 = CARTESIAN_POINT('',(-30.11903022958,-26.33017220538,
    -5.367676470588));
#1289 = ORIENTED_EDGE('',*,*,#1248,.T.);
#1290 = ORIENTED_EDGE('',*,*,#247,.F.);
#1291 = ORIENTED_EDGE('',*,*,#1292,.F.);
#1292 = EDGE_CURVE('',#1284,#248,#1293,.T.);
#1293 = B_SPLINE_CURVE_WITH_KNOTS('',1,(#1294,#1295),.UNSPECIFIED.,.F.,
  .F.,(2,2),(0.,0.45),.PIECEWISE_BEZIER_KNOTS.);
#1294 = CARTESIAN_POINT('',(-30.11903022958,-26.33017220538,
    -5.367676470588));
#1295 = CARTESIAN_POINT('',(-30.11903022958,-26.33017220538,
    -5.075705882353));
#1296 = B_SPLINE_SURFACE_WITH_KNOTS('',1,1,(
    (#1297,#1298)
    ,(#1299,#1300
    )),.UNSPECIFIED.,.F.,.F.,.F.,(2,2),(2,2),(0.,3.600524499068),(-0.45,
    0.),.PIECEWISE_BEZIER_KNOTS.);
#1297 = CARTESIAN_POINT('',(-28.44064749706,-24.70523588787,
    -5.075705882353));
#1298 = CARTESIAN_POINT('',(-28.44064749706,-24.70523588787,
    -5.367676470588));
#1299 = CARTESIAN_POINT('',(-30.11903022958,-26.33017220538,
    -5.075705882353));
#1300 = CARTESIAN_POINT('',(-30.11903022958,-26.33017220538,
    -5.367676470588));
#1301 = ADVANCED_FACE('',(#1302),#1318,.T.);
#1302 = FACE_BOUND('',#1303,.T.);
#1303 = EDGE_LOOP('',(#1304,#1311,#1316,#1317));
#1304 = ORIENTED_EDGE('',*,*,#1305,.F.);
#1305 = EDGE_CURVE('',#1306,#1262,#1308,.T.);
#1306 = VERTEX_POINT('',#1307);
#1307 = CARTESIAN_POINT('',(-27.5786340416,-26.19828698953,
    -5.367676470588));
#1308 = B_SPLINE_CURVE_WITH_KNOTS('',1,(#1309,#1310),.UNSPECIFIED.,.F.,
  .F.,(2,2),(0.,5.144975523637),.PIECEWISE_BEZIER_KNOTS.);
#1309 = CARTESIAN_POINT('',(-27.5786340416,-26.19828698953,
    -5.367676470588));
#1310 = CARTESIAN_POINT('',(-30.78155411905,-27.13890197692,
    -5.367676470588));
#1311 = ORIENTED_EDGE('',*,*,#1312,.T.);
#1312 = EDGE_CURVE('',#1306,#262,#1313,.T.);
#1313 = B_SPLINE_CURVE_WITH_KNOTS('',1,(#1314,#1315),.UNSPECIFIED.,.F.,
  .F.,(2,2),(0.,0.45),.PIECEWISE_BEZIER_KNOTS.);
#1314 = CARTESIAN_POINT('',(-27.5786340416,-26.19828698953,
    -5.367676470588));
#1315 = CARTESIAN_POINT('',(-27.5786340416,-26.19828698953,
    -5.075705882353));
#1316 = ORIENTED_EDGE('',*,*,#268,.F.);
#1317 = ORIENTED_EDGE('',*,*,#1268,.F.);
#1318 = B_SPLINE_SURFACE_WITH_KNOTS('',1,1,(
    (#1319,#1320)
    ,(#1321,#1322
    )),.UNSPECIFIED.,.F.,.F.,.F.,(2,2),(2,2),(0.,5.144975523637),(-0.45,
    0.),.PIECEWISE_BEZIER_KNOTS.);
#1319 = CARTESIAN_POINT('',(-27.5786340416,-26.19828698953,
    -5.075705882353));
#1320 = CARTESIAN_POINT('',(-27.5786340416,-26.19828698953,
    -5.367676470588));
#1321 = CARTESIAN_POINT('',(-30.78155411905,-27.13890197692,
    -5.075705882353));
#1322 = CARTESIAN_POINT('',(-30.78155411905,-27.13890197692,
    -5.367676470588));
#1323 = ADVANCED_FACE('',(#1324),#1340,.T.);
#1324 = FACE_BOUND('',#1325,.T.);
#1325 = EDGE_LOOP('',(#1326,#1333,#1334,#1335));
#1326 = ORIENTED_EDGE('',*,*,#1327,.F.);
#1327 = EDGE_CURVE('',#1284,#1328,#1330,.T.);
#1328 = VERTEX_POINT('',#1329);
#1329 = CARTESIAN_POINT('',(-27.9079673874,-25.62786490197,
    -5.367676470588));
#1330 = B_SPLINE_CURVE_WITH_KNOTS('',1,(#1331,#1332),.UNSPECIFIED.,.F.,
  .F.,(2,2),(0.,3.575581200611),.PIECEWISE_BEZIER_KNOTS.);
#1331 = CARTESIAN_POINT('',(-30.11903022958,-26.33017220538,
    -5.367676470588));
#1332 = CARTESIAN_POINT('',(-27.9079673874,-25.62786490197,
    -5.367676470588));
#1333 = ORIENTED_EDGE('',*,*,#1292,.T.);
#1334 = ORIENTED_EDGE('',*,*,#254,.F.);
#1335 = ORIENTED_EDGE('',*,*,#1336,.F.);
#1336 = EDGE_CURVE('',#1328,#255,#1337,.T.);
#1337 = B_SPLINE_CURVE_WITH_KNOTS('',1,(#1338,#1339),.UNSPECIFIED.,.F.,
  .F.,(2,2),(0.,0.45),.PIECEWISE_BEZIER_KNOTS.);
#1338 = CARTESIAN_POINT('',(-27.9079673874,-25.62786490197,
    -5.367676470588));
#1339 = CARTESIAN_POINT('',(-27.9079673874,-25.62786490197,
    -5.075705882353));
#1340 = B_SPLINE_SURFACE_WITH_KNOTS('',1,1,(
    (#1341,#1342)
    ,(#1343,#1344
    )),.UNSPECIFIED.,.F.,.F.,.F.,(2,2),(2,2),(0.,3.575581200611),(-0.45,
    0.),.PIECEWISE_BEZIER_KNOTS.);
#1341 = CARTESIAN_POINT('',(-30.11903022958,-26.33017220538,
    -5.075705882353));
#1342 = CARTESIAN_POINT('',(-30.11903022958,-26.33017220538,
    -5.367676470588));
#1343 = CARTESIAN_POINT('',(-27.9079673874,-25.62786490197,
    -5.075705882353));
#1344 = CARTESIAN_POINT('',(-27.9079673874,-25.62786490197,
    -5.367676470588));
#1345 = ADVANCED_FACE('',(#1346),#1356,.T.);
#1346 = FACE_BOUND('',#1347,.T.);
#1347 = EDGE_LOOP('',(#1348,#1353,#1354,#1355));
#1348 = ORIENTED_EDGE('',*,*,#1349,.F.);
#1349 = EDGE_CURVE('',#1328,#1306,#1350,.T.);
#1350 = B_SPLINE_CURVE_WITH_KNOTS('',1,(#1351,#1352),.UNSPECIFIED.,.F.,
  .F.,(2,2),(0.,1.015170784884),.PIECEWISE_BEZIER_KNOTS.);
#1351 = CARTESIAN_POINT('',(-27.9079673874,-25.62786490197,
    -5.367676470588));
#1352 = CARTESIAN_POINT('',(-27.5786340416,-26.19828698953,
    -5.367676470588));
#1353 = ORIENTED_EDGE('',*,*,#1336,.T.);
#1354 = ORIENTED_EDGE('',*,*,#261,.F.);
#1355 = ORIENTED_EDGE('',*,*,#1312,.F.);
#1356 = B_SPLINE_SURFACE_WITH_KNOTS('',1,1,(
    (#1357,#1358)
    ,(#1359,#1360
    )),.UNSPECIFIED.,.F.,.F.,.F.,(2,2),(2,2),(0.,1.015170784884),(-0.45,
    0.),.PIECEWISE_BEZIER_KNOTS.);
#1357 = CARTESIAN_POINT('',(-27.9079673874,-25.62786490197,
    -5.075705882353));
#1358 = CARTESIAN_POINT('',(-27.9079673874,-25.62786490197,
    -5.367676470588));
#1359 = CARTESIAN_POINT('',(-27.5786340416,-26.19828698953,
    -5.075705882353));
#1360 = CARTESIAN_POINT('',(-27.5786340416,-26.19828698953,
    -5.367676470588));
#1361 = ADVANCED_FACE('',(#1362),#1388,.F.);
#1362 = FACE_BOUND('',#1363,.F.);
#1363 = EDGE_LOOP('',(#1364,#1375,#1382,#1387));
#1364 = ORIENTED_EDGE('',*,*,#1365,.T.);
#1365 = EDGE_CURVE('',#306,#1366,#1368,.T.);
#1366 = VERTEX_POINT('',#1367);
#1367 = CARTESIAN_POINT('',(-26.45326642221,-28.89809460746,
    -5.270352941176));
#1368 = B_SPLINE_CURVE_WITH_KNOTS('',5,(#1369,#1370,#1371,#1372,#1373,
    #1374),.UNSPECIFIED.,.F.,.F.,(6,6),(0.,1.),
  .PIECEWISE_BEZIER_KNOTS.);
#1369 = CARTESIAN_POINT('',(-26.45326642221,-28.89809460746,
    -5.125705493059));
#1370 = CARTESIAN_POINT('',(-26.45326642221,-28.89809460746,
    -5.152824376271));
#1371 = CARTESIAN_POINT('',(-26.45326642221,-28.89809460746,
    -5.183166310169));
#1372 = CARTESIAN_POINT('',(-26.45326642221,-28.89809460746,
    -5.212878810316));
#1373 = CARTESIAN_POINT('',(-26.45326642221,-28.89809460746,
    -5.241182527939));
#1374 = CARTESIAN_POINT('',(-26.45326642221,-28.89809460746,
    -5.270352941176));
#1375 = ORIENTED_EDGE('',*,*,#1376,.T.);
#1376 = EDGE_CURVE('',#1366,#1377,#1379,.T.);
#1377 = VERTEX_POINT('',#1378);
#1378 = CARTESIAN_POINT('',(-23.03780402079,-26.92617647058,
    -5.270352941176));
#1379 = B_SPLINE_CURVE_WITH_KNOTS('',1,(#1380,#1381),.UNSPECIFIED.,.F.,
  .F.,(2,2),(0.,8.),.PIECEWISE_BEZIER_KNOTS.);
#1380 = CARTESIAN_POINT('',(-27.53298529314,-29.52147058823,
    -5.270352941176));
#1381 = CARTESIAN_POINT('',(-23.03780402079,-26.92617647058,
    -5.270352941176));
#1382 = ORIENTED_EDGE('',*,*,#1383,.T.);
#1383 = EDGE_CURVE('',#1377,#304,#1384,.T.);
#1384 = B_SPLINE_CURVE_WITH_KNOTS('',1,(#1385,#1386),.UNSPECIFIED.,.F.,
  .F.,(2,2),(0.,0.3),.PIECEWISE_BEZIER_KNOTS.);
#1385 = CARTESIAN_POINT('',(-23.03780402079,-26.92617647058,
    -5.270352941176));
#1386 = CARTESIAN_POINT('',(-23.03780402079,-26.92617647058,
    -5.075705882353));
#1387 = ORIENTED_EDGE('',*,*,#303,.T.);
#1388 = B_SPLINE_SURFACE_WITH_KNOTS('',1,1,(
    (#1389,#1390)
    ,(#1391,#1392
    )),.UNSPECIFIED.,.F.,.F.,.F.,(2,2),(2,2),(0.,0.3),(-8.,0.),
  .PIECEWISE_BEZIER_KNOTS.);
#1389 = CARTESIAN_POINT('',(-23.03780402079,-26.92617647058,
    -5.270352941176));
#1390 = CARTESIAN_POINT('',(-27.53298529314,-29.52147058823,
    -5.270352941176));
#1391 = CARTESIAN_POINT('',(-23.03780402079,-26.92617647058,
    -5.075705882353));
#1392 = CARTESIAN_POINT('',(-27.53298529314,-29.52147058823,
    -5.075705882353));
#1393 = ADVANCED_FACE('',(#1394),#1428,.T.);
#1394 = FACE_BOUND('',#1395,.T.);
#1395 = EDGE_LOOP('',(#1396,#1406,#1411,#1412,#1413,#1423));
#1396 = ORIENTED_EDGE('',*,*,#1397,.F.);
#1397 = EDGE_CURVE('',#1398,#1400,#1402,.T.);
#1398 = VERTEX_POINT('',#1399);
#1399 = CARTESIAN_POINT('',(-26.6457360033,-27.70094689548,
    -5.367676470588));
#1400 = VERTEX_POINT('',#1401);
#1401 = CARTESIAN_POINT('',(-26.45826837382,-28.91595553364,
    -5.367676470588));
#1402 = B_SPLINE_CURVE_WITH_KNOTS('',2,(#1403,#1404,#1405),
  .UNSPECIFIED.,.F.,.F.,(3,3),(0.,1.),.PIECEWISE_BEZIER_KNOTS.);
#1403 = CARTESIAN_POINT('',(-26.6457360033,-27.70094689548,
    -5.367676470588));
#1404 = CARTESIAN_POINT('',(-26.28766887565,-28.32113735309,
    -5.367676470588));
#1405 = CARTESIAN_POINT('',(-26.45826837382,-28.91595553364,
    -5.367676470588));
#1406 = ORIENTED_EDGE('',*,*,#1407,.T.);
#1407 = EDGE_CURVE('',#1398,#668,#1408,.T.);
#1408 = B_SPLINE_CURVE_WITH_KNOTS('',1,(#1409,#1410),.UNSPECIFIED.,.F.,
  .F.,(2,2),(0.,0.45),.PIECEWISE_BEZIER_KNOTS.);
#1409 = CARTESIAN_POINT('',(-26.6457360033,-27.70094689548,
    -5.367676470588));
#1410 = CARTESIAN_POINT('',(-26.6457360033,-27.70094689548,
    -5.075705882353));
#1411 = ORIENTED_EDGE('',*,*,#679,.F.);
#1412 = ORIENTED_EDGE('',*,*,#1365,.T.);
#1413 = ORIENTED_EDGE('',*,*,#1414,.T.);
#1414 = EDGE_CURVE('',#1366,#1415,#1417,.T.);
#1415 = VERTEX_POINT('',#1416);
#1416 = CARTESIAN_POINT('',(-26.45826837382,-28.91595553364,
    -5.270352941176));
#1417 = B_SPLINE_CURVE_WITH_KNOTS('',4,(#1418,#1419,#1420,#1421,#1422),
  .UNSPECIFIED.,.F.,.F.,(5,5),(0.,1.),.PIECEWISE_BEZIER_KNOTS.);
#1418 = CARTESIAN_POINT('',(-26.45326642221,-28.89809460746,
    -5.270352941176));
#1419 = CARTESIAN_POINT('',(-26.45448859218,-28.90256659228,
    -5.270352941176));
#1420 = CARTESIAN_POINT('',(-26.45572970385,-28.90703413017,
    -5.270352941176));
#1421 = CARTESIAN_POINT('',(-26.45698966355,-28.91149713767,
    -5.270352941176));
#1422 = CARTESIAN_POINT('',(-26.45826837382,-28.91595553364,
    -5.270352941176));
#1423 = ORIENTED_EDGE('',*,*,#1424,.F.);
#1424 = EDGE_CURVE('',#1400,#1415,#1425,.T.);
#1425 = B_SPLINE_CURVE_WITH_KNOTS('',1,(#1426,#1427),.UNSPECIFIED.,.F.,
  .F.,(2,2),(0.,0.45),.PIECEWISE_BEZIER_KNOTS.);
#1426 = CARTESIAN_POINT('',(-26.45826837382,-28.91595553364,
    -5.367676470588));
#1427 = CARTESIAN_POINT('',(-26.45826837382,-28.91595553364,
    -5.075705882353));
#1428 = B_SPLINE_SURFACE_WITH_KNOTS('',2,1,(
    (#1429,#1430)
    ,(#1431,#1432)
    ,(#1433,#1434
    )),.UNSPECIFIED.,.F.,.F.,.F.,(3,3),(2,2),(0.,1.),(-0.45,0.),
  .PIECEWISE_BEZIER_KNOTS.);
#1429 = CARTESIAN_POINT('',(-26.6457360033,-27.70094689548,
    -5.075705882353));
#1430 = CARTESIAN_POINT('',(-26.6457360033,-27.70094689548,
    -5.367676470588));
#1431 = CARTESIAN_POINT('',(-26.28766887565,-28.32113735309,
    -5.075705882353));
#1432 = CARTESIAN_POINT('',(-26.28766887565,-28.32113735309,
    -5.367676470588));
#1433 = CARTESIAN_POINT('',(-26.45826837382,-28.91595553364,
    -5.075705882353));
#1434 = CARTESIAN_POINT('',(-26.45826837382,-28.91595553364,
    -5.367676470588));
#1435 = ADVANCED_FACE('',(#1436),#1453,.T.);
#1436 = FACE_BOUND('',#1437,.T.);
#1437 = EDGE_LOOP('',(#1438,#1446,#1451,#1452));
#1438 = ORIENTED_EDGE('',*,*,#1439,.F.);
#1439 = EDGE_CURVE('',#1440,#1398,#1442,.T.);
#1440 = VERTEX_POINT('',#1441);
#1441 = CARTESIAN_POINT('',(-27.1062389383,-27.16031557166,
    -5.367676470588));
#1442 = B_SPLINE_CURVE_WITH_KNOTS('',2,(#1443,#1444,#1445),
  .UNSPECIFIED.,.F.,.F.,(3,3),(0.,1.),.PIECEWISE_BEZIER_KNOTS.);
#1443 = CARTESIAN_POINT('',(-27.1062389383,-27.16031557166,
    -5.367676470588));
#1444 = CARTESIAN_POINT('',(-26.84355703987,-27.35831080933,
    -5.367676470588));
#1445 = CARTESIAN_POINT('',(-26.6457360033,-27.70094689548,
    -5.367676470588));
#1446 = ORIENTED_EDGE('',*,*,#1447,.T.);
#1447 = EDGE_CURVE('',#1440,#657,#1448,.T.);
#1448 = B_SPLINE_CURVE_WITH_KNOTS('',1,(#1449,#1450),.UNSPECIFIED.,.F.,
  .F.,(2,2),(0.,0.45),.PIECEWISE_BEZIER_KNOTS.);
#1449 = CARTESIAN_POINT('',(-27.1062389383,-27.16031557166,
    -5.367676470588));
#1450 = CARTESIAN_POINT('',(-27.1062389383,-27.16031557166,
    -5.075705882353));
#1451 = ORIENTED_EDGE('',*,*,#667,.F.);
#1452 = ORIENTED_EDGE('',*,*,#1407,.F.);
#1453 = B_SPLINE_SURFACE_WITH_KNOTS('',2,1,(
    (#1454,#1455)
    ,(#1456,#1457)
    ,(#1458,#1459
    )),.UNSPECIFIED.,.F.,.F.,.F.,(3,3),(2,2),(0.,1.),(-0.45,0.),
  .PIECEWISE_BEZIER_KNOTS.);
#1454 = CARTESIAN_POINT('',(-27.1062389383,-27.16031557166,
    -5.075705882353));
#1455 = CARTESIAN_POINT('',(-27.1062389383,-27.16031557166,
    -5.367676470588));
#1456 = CARTESIAN_POINT('',(-26.84355703987,-27.35831080933,
    -5.075705882353));
#1457 = CARTESIAN_POINT('',(-26.84355703987,-27.35831080933,
    -5.367676470588));
#1458 = CARTESIAN_POINT('',(-26.6457360033,-27.70094689548,
    -5.075705882353));
#1459 = CARTESIAN_POINT('',(-26.6457360033,-27.70094689548,
    -5.367676470588));
#1460 = ADVANCED_FACE('',(#1461),#1478,.T.);
#1461 = FACE_BOUND('',#1462,.T.);
#1462 = EDGE_LOOP('',(#1463,#1471,#1476,#1477));
#1463 = ORIENTED_EDGE('',*,*,#1464,.F.);
#1464 = EDGE_CURVE('',#1465,#1440,#1467,.T.);
#1465 = VERTEX_POINT('',#1466);
#1466 = CARTESIAN_POINT('',(-27.56888147159,-26.94369082069,
    -5.367676470588));
#1467 = B_SPLINE_CURVE_WITH_KNOTS('',2,(#1468,#1469,#1470),
  .UNSPECIFIED.,.F.,.F.,(3,3),(0.,1.),.PIECEWISE_BEZIER_KNOTS.);
#1468 = CARTESIAN_POINT('',(-27.56888147159,-26.94369082069,
    -5.367676470588));
#1469 = CARTESIAN_POINT('',(-27.30250575884,-27.01075119048,
    -5.367676470588));
#1470 = CARTESIAN_POINT('',(-27.1062389383,-27.16031557166,
    -5.367676470588));
#1471 = ORIENTED_EDGE('',*,*,#1472,.T.);
#1472 = EDGE_CURVE('',#1465,#644,#1473,.T.);
#1473 = B_SPLINE_CURVE_WITH_KNOTS('',1,(#1474,#1475),.UNSPECIFIED.,.F.,
  .F.,(2,2),(0.,0.45),.PIECEWISE_BEZIER_KNOTS.);
#1474 = CARTESIAN_POINT('',(-27.56888147159,-26.94369082069,
    -5.367676470588));
#1475 = CARTESIAN_POINT('',(-27.56888147159,-26.94369082069,
    -5.075705882353));
#1476 = ORIENTED_EDGE('',*,*,#656,.F.);
#1477 = ORIENTED_EDGE('',*,*,#1447,.F.);
#1478 = B_SPLINE_SURFACE_WITH_KNOTS('',2,1,(
    (#1479,#1480)
    ,(#1481,#1482)
    ,(#1483,#1484
    )),.UNSPECIFIED.,.F.,.F.,.F.,(3,3),(2,2),(0.,1.),(-0.45,0.),
  .PIECEWISE_BEZIER_KNOTS.);
#1479 = CARTESIAN_POINT('',(-27.56888147159,-26.94369082069,
    -5.075705882353));
#1480 = CARTESIAN_POINT('',(-27.56888147159,-26.94369082069,
    -5.367676470588));
#1481 = CARTESIAN_POINT('',(-27.30250575884,-27.01075119048,
    -5.075705882353));
#1482 = CARTESIAN_POINT('',(-27.30250575884,-27.01075119048,
    -5.367676470588));
#1483 = CARTESIAN_POINT('',(-27.1062389383,-27.16031557166,
    -5.075705882353));
#1484 = CARTESIAN_POINT('',(-27.1062389383,-27.16031557166,
    -5.367676470588));
#1485 = ADVANCED_FACE('',(#1486),#1503,.T.);
#1486 = FACE_BOUND('',#1487,.T.);
#1487 = EDGE_LOOP('',(#1488,#1496,#1501,#1502));
#1488 = ORIENTED_EDGE('',*,*,#1489,.F.);
#1489 = EDGE_CURVE('',#1490,#1465,#1492,.T.);
#1490 = VERTEX_POINT('',#1491);
#1491 = CARTESIAN_POINT('',(-28.10508282803,-26.90497330192,
    -5.367676470588));
#1492 = B_SPLINE_CURVE_WITH_KNOTS('',2,(#1493,#1494,#1495),
  .UNSPECIFIED.,.F.,.F.,(3,3),(0.,1.),.PIECEWISE_BEZIER_KNOTS.);
#1493 = CARTESIAN_POINT('',(-28.10508282803,-26.90497330192,
    -5.367676470588));
#1494 = CARTESIAN_POINT('',(-27.83505589678,-26.87668438574,
    -5.367676470588));
#1495 = CARTESIAN_POINT('',(-27.56888147159,-26.94369082069,
    -5.367676470588));
#1496 = ORIENTED_EDGE('',*,*,#1497,.T.);
#1497 = EDGE_CURVE('',#1490,#632,#1498,.T.);
#1498 = B_SPLINE_CURVE_WITH_KNOTS('',1,(#1499,#1500),.UNSPECIFIED.,.F.,
  .F.,(2,2),(0.,0.45),.PIECEWISE_BEZIER_KNOTS.);
#1499 = CARTESIAN_POINT('',(-28.10508282803,-26.90497330192,
    -5.367676470588));
#1500 = CARTESIAN_POINT('',(-28.10508282803,-26.90497330192,
    -5.075705882353));
#1501 = ORIENTED_EDGE('',*,*,#643,.F.);
#1502 = ORIENTED_EDGE('',*,*,#1472,.F.);
#1503 = B_SPLINE_SURFACE_WITH_KNOTS('',2,1,(
    (#1504,#1505)
    ,(#1506,#1507)
    ,(#1508,#1509
    )),.UNSPECIFIED.,.F.,.F.,.F.,(3,3),(2,2),(0.,1.),(-0.45,0.),
  .PIECEWISE_BEZIER_KNOTS.);
#1504 = CARTESIAN_POINT('',(-28.10508282803,-26.90497330192,
    -5.075705882353));
#1505 = CARTESIAN_POINT('',(-28.10508282803,-26.90497330192,
    -5.367676470588));
#1506 = CARTESIAN_POINT('',(-27.83505589678,-26.87668438574,
    -5.075705882353));
#1507 = CARTESIAN_POINT('',(-27.83505589678,-26.87668438574,
    -5.367676470588));
#1508 = CARTESIAN_POINT('',(-27.56888147159,-26.94369082069,
    -5.075705882353));
#1509 = CARTESIAN_POINT('',(-27.56888147159,-26.94369082069,
    -5.367676470588));
#1510 = ADVANCED_FACE('',(#1511),#1528,.T.);
#1511 = FACE_BOUND('',#1512,.T.);
#1512 = EDGE_LOOP('',(#1513,#1521,#1526,#1527));
#1513 = ORIENTED_EDGE('',*,*,#1514,.F.);
#1514 = EDGE_CURVE('',#1515,#1490,#1517,.T.);
#1515 = VERTEX_POINT('',#1516);
#1516 = CARTESIAN_POINT('',(-28.90025849454,-27.19306917197,
    -5.367676470588));
#1517 = B_SPLINE_CURVE_WITH_KNOTS('',2,(#1518,#1519,#1520),
  .UNSPECIFIED.,.F.,.F.,(3,3),(0.,1.),.PIECEWISE_BEZIER_KNOTS.);
#1518 = CARTESIAN_POINT('',(-28.90025849454,-27.19306917197,
    -5.367676470588));
#1519 = CARTESIAN_POINT('',(-28.47071917761,-26.94507453171,
    -5.367676470588));
#1520 = CARTESIAN_POINT('',(-28.10508282803,-26.90497330192,
    -5.367676470588));
#1521 = ORIENTED_EDGE('',*,*,#1522,.T.);
#1522 = EDGE_CURVE('',#1515,#609,#1523,.T.);
#1523 = B_SPLINE_CURVE_WITH_KNOTS('',1,(#1524,#1525),.UNSPECIFIED.,.F.,
  .F.,(2,2),(0.,0.45),.PIECEWISE_BEZIER_KNOTS.);
#1524 = CARTESIAN_POINT('',(-28.90025849454,-27.19306917197,
    -5.367676470588));
#1525 = CARTESIAN_POINT('',(-28.90025849454,-27.19306917197,
    -5.075705882353));
#1526 = ORIENTED_EDGE('',*,*,#631,.F.);
#1527 = ORIENTED_EDGE('',*,*,#1497,.F.);
#1528 = B_SPLINE_SURFACE_WITH_KNOTS('',2,1,(
    (#1529,#1530)
    ,(#1531,#1532)
    ,(#1533,#1534
    )),.UNSPECIFIED.,.F.,.F.,.F.,(3,3),(2,2),(0.,1.),(-0.45,0.),
  .PIECEWISE_BEZIER_KNOTS.);
#1529 = CARTESIAN_POINT('',(-28.90025849454,-27.19306917197,
    -5.075705882353));
#1530 = CARTESIAN_POINT('',(-28.90025849454,-27.19306917197,
    -5.367676470588));
#1531 = CARTESIAN_POINT('',(-28.47071917761,-26.94507453171,
    -5.075705882353));
#1532 = CARTESIAN_POINT('',(-28.47071917761,-26.94507453171,
    -5.367676470588));
#1533 = CARTESIAN_POINT('',(-28.10508282803,-26.90497330192,
    -5.075705882353));
#1534 = CARTESIAN_POINT('',(-28.10508282803,-26.90497330192,
    -5.367676470588));
#1535 = ADVANCED_FACE('',(#1536),#1553,.T.);
#1536 = FACE_BOUND('',#1537,.T.);
#1537 = EDGE_LOOP('',(#1538,#1546,#1551,#1552));
#1538 = ORIENTED_EDGE('',*,*,#1539,.F.);
#1539 = EDGE_CURVE('',#1540,#1515,#1542,.T.);
#1540 = VERTEX_POINT('',#1541);
#1541 = CARTESIAN_POINT('',(-29.74090636591,-28.17099669914,
    -5.367676470588));
#1542 = B_SPLINE_CURVE_WITH_KNOTS('',2,(#1543,#1544,#1545),
  .UNSPECIFIED.,.F.,.F.,(3,3),(0.,1.),.PIECEWISE_BEZIER_KNOTS.);
#1543 = CARTESIAN_POINT('',(-29.74090636591,-28.17099669914,
    -5.367676470588));
#1544 = CARTESIAN_POINT('',(-29.57149343426,-27.58060684511,
    -5.367676470588));
#1545 = CARTESIAN_POINT('',(-28.90025849454,-27.19306917197,
    -5.367676470588));
#1546 = ORIENTED_EDGE('',*,*,#1547,.T.);
#1547 = EDGE_CURVE('',#1540,#586,#1548,.T.);
#1548 = B_SPLINE_CURVE_WITH_KNOTS('',1,(#1549,#1550),.UNSPECIFIED.,.F.,
  .F.,(2,2),(0.,0.45),.PIECEWISE_BEZIER_KNOTS.);
#1549 = CARTESIAN_POINT('',(-29.74090636591,-28.17099669914,
    -5.367676470588));
#1550 = CARTESIAN_POINT('',(-29.74090636591,-28.17099669914,
    -5.075705882353));
#1551 = ORIENTED_EDGE('',*,*,#608,.F.);
#1552 = ORIENTED_EDGE('',*,*,#1522,.F.);
#1553 = B_SPLINE_SURFACE_WITH_KNOTS('',2,1,(
    (#1554,#1555)
    ,(#1556,#1557)
    ,(#1558,#1559
    )),.UNSPECIFIED.,.F.,.F.,.F.,(3,3),(2,2),(0.,1.),(-0.45,0.),
  .PIECEWISE_BEZIER_KNOTS.);
#1554 = CARTESIAN_POINT('',(-29.74090636591,-28.17099669914,
    -5.075705882353));
#1555 = CARTESIAN_POINT('',(-29.74090636591,-28.17099669914,
    -5.367676470588));
#1556 = CARTESIAN_POINT('',(-29.57149343426,-27.58060684511,
    -5.075705882353));
#1557 = CARTESIAN_POINT('',(-29.57149343426,-27.58060684511,
    -5.367676470588));
#1558 = CARTESIAN_POINT('',(-28.90025849454,-27.19306917197,
    -5.075705882353));
#1559 = CARTESIAN_POINT('',(-28.90025849454,-27.19306917197,
    -5.367676470588));
#1560 = ADVANCED_FACE('',(#1561),#1578,.T.);
#1561 = FACE_BOUND('',#1562,.T.);
#1562 = EDGE_LOOP('',(#1563,#1571,#1576,#1577));
#1563 = ORIENTED_EDGE('',*,*,#1564,.F.);
#1564 = EDGE_CURVE('',#1565,#1540,#1567,.T.);
#1565 = VERTEX_POINT('',#1566);
#1566 = CARTESIAN_POINT('',(-29.54880912234,-29.38724583866,
    -5.367676470588));
#1567 = B_SPLINE_CURVE_WITH_KNOTS('',2,(#1568,#1569,#1570),
  .UNSPECIFIED.,.F.,.F.,(3,3),(0.,1.),.PIECEWISE_BEZIER_KNOTS.);
#1568 = CARTESIAN_POINT('',(-29.54880912234,-29.38724583866,
    -5.367676470588));
#1569 = CARTESIAN_POINT('',(-29.91019168636,-28.76131287681,
    -5.367676470588));
#1570 = CARTESIAN_POINT('',(-29.74090636591,-28.17099669914,
    -5.367676470588));
#1571 = ORIENTED_EDGE('',*,*,#1572,.T.);
#1572 = EDGE_CURVE('',#1565,#567,#1573,.T.);
#1573 = B_SPLINE_CURVE_WITH_KNOTS('',1,(#1574,#1575),.UNSPECIFIED.,.F.,
  .F.,(2,2),(0.,0.45),.PIECEWISE_BEZIER_KNOTS.);
#1574 = CARTESIAN_POINT('',(-29.54880912234,-29.38724583866,
    -5.367676470588));
#1575 = CARTESIAN_POINT('',(-29.54880912234,-29.38724583866,
    -5.075705882353));
#1576 = ORIENTED_EDGE('',*,*,#585,.F.);
#1577 = ORIENTED_EDGE('',*,*,#1547,.F.);
#1578 = B_SPLINE_SURFACE_WITH_KNOTS('',2,1,(
    (#1579,#1580)
    ,(#1581,#1582)
    ,(#1583,#1584
    )),.UNSPECIFIED.,.F.,.F.,.F.,(3,3),(2,2),(0.,1.),(-0.45,0.),
  .PIECEWISE_BEZIER_KNOTS.);
#1579 = CARTESIAN_POINT('',(-29.54880912234,-29.38724583866,
    -5.075705882353));
#1580 = CARTESIAN_POINT('',(-29.54880912234,-29.38724583866,
    -5.367676470588));
#1581 = CARTESIAN_POINT('',(-29.91019168636,-28.76131287681,
    -5.075705882353));
#1582 = CARTESIAN_POINT('',(-29.91019168636,-28.76131287681,
    -5.367676470588));
#1583 = CARTESIAN_POINT('',(-29.74090636591,-28.17099669914,
    -5.075705882353));
#1584 = CARTESIAN_POINT('',(-29.74090636591,-28.17099669914,
    -5.367676470588));
#1585 = ADVANCED_FACE('',(#1586),#1603,.T.);
#1586 = FACE_BOUND('',#1587,.T.);
#1587 = EDGE_LOOP('',(#1588,#1596,#1601,#1602));
#1588 = ORIENTED_EDGE('',*,*,#1589,.F.);
#1589 = EDGE_CURVE('',#1590,#1565,#1592,.T.);
#1590 = VERTEX_POINT('',#1591);
#1591 = CARTESIAN_POINT('',(-28.59406150572,-30.15296968358,
    -5.367676470588));
#1592 = B_SPLINE_CURVE_WITH_KNOTS('',2,(#1593,#1594,#1595),
  .UNSPECIFIED.,.F.,.F.,(3,3),(0.,1.),.PIECEWISE_BEZIER_KNOTS.);
#1593 = CARTESIAN_POINT('',(-28.59406150572,-30.15296968358,
    -5.367676470588));
#1594 = CARTESIAN_POINT('',(-29.19184714015,-30.00552212819,
    -5.367676470588));
#1595 = CARTESIAN_POINT('',(-29.54880912234,-29.38724583866,
    -5.367676470588));
#1596 = ORIENTED_EDGE('',*,*,#1597,.T.);
#1597 = EDGE_CURVE('',#1590,#544,#1598,.T.);
#1598 = B_SPLINE_CURVE_WITH_KNOTS('',1,(#1599,#1600),.UNSPECIFIED.,.F.,
  .F.,(2,2),(0.,0.45),.PIECEWISE_BEZIER_KNOTS.);
#1599 = CARTESIAN_POINT('',(-28.59406150572,-30.15296968358,
    -5.367676470588));
#1600 = CARTESIAN_POINT('',(-28.59406150572,-30.15296968358,
    -5.075705882353));
#1601 = ORIENTED_EDGE('',*,*,#566,.F.);
#1602 = ORIENTED_EDGE('',*,*,#1572,.F.);
#1603 = B_SPLINE_SURFACE_WITH_KNOTS('',2,1,(
    (#1604,#1605)
    ,(#1606,#1607)
    ,(#1608,#1609
    )),.UNSPECIFIED.,.F.,.F.,.F.,(3,3),(2,2),(0.,1.),(-0.45,0.),
  .PIECEWISE_BEZIER_KNOTS.);
#1604 = CARTESIAN_POINT('',(-28.59406150572,-30.15296968358,
    -5.075705882353));
#1605 = CARTESIAN_POINT('',(-28.59406150572,-30.15296968358,
    -5.367676470588));
#1606 = CARTESIAN_POINT('',(-29.19184714015,-30.00552212819,
    -5.075705882353));
#1607 = CARTESIAN_POINT('',(-29.19184714015,-30.00552212819,
    -5.367676470588));
#1608 = CARTESIAN_POINT('',(-29.54880912234,-29.38724583866,
    -5.075705882353));
#1609 = CARTESIAN_POINT('',(-29.54880912234,-29.38724583866,
    -5.367676470588));
#1610 = ADVANCED_FACE('',(#1611),#1628,.T.);
#1611 = FACE_BOUND('',#1612,.T.);
#1612 = EDGE_LOOP('',(#1613,#1621,#1626,#1627));
#1613 = ORIENTED_EDGE('',*,*,#1614,.F.);
#1614 = EDGE_CURVE('',#1615,#1590,#1617,.T.);
#1615 = VERTEX_POINT('',#1616);
#1616 = CARTESIAN_POINT('',(-27.31534247997,-29.90728016218,
    -5.367676470588));
#1617 = B_SPLINE_CURVE_WITH_KNOTS('',2,(#1618,#1619,#1620),
  .UNSPECIFIED.,.F.,.F.,(3,3),(0.,1.),.PIECEWISE_BEZIER_KNOTS.);
#1618 = CARTESIAN_POINT('',(-27.31534247997,-29.90728016218,
    -5.367676470588));
#1619 = CARTESIAN_POINT('',(-27.99614826008,-30.3003435626,
    -5.367676470588));
#1620 = CARTESIAN_POINT('',(-28.59406150572,-30.15296968358,
    -5.367676470588));
#1621 = ORIENTED_EDGE('',*,*,#1622,.T.);
#1622 = EDGE_CURVE('',#1615,#521,#1623,.T.);
#1623 = B_SPLINE_CURVE_WITH_KNOTS('',1,(#1624,#1625),.UNSPECIFIED.,.F.,
  .F.,(2,2),(0.,0.45),.PIECEWISE_BEZIER_KNOTS.);
#1624 = CARTESIAN_POINT('',(-27.31534247997,-29.90728016218,
    -5.367676470588));
#1625 = CARTESIAN_POINT('',(-27.31534247997,-29.90728016218,
    -5.075705882353));
#1626 = ORIENTED_EDGE('',*,*,#543,.F.);
#1627 = ORIENTED_EDGE('',*,*,#1597,.F.);
#1628 = B_SPLINE_SURFACE_WITH_KNOTS('',2,1,(
    (#1629,#1630)
    ,(#1631,#1632)
    ,(#1633,#1634
    )),.UNSPECIFIED.,.F.,.F.,.F.,(3,3),(2,2),(0.,1.),(-0.45,0.),
  .PIECEWISE_BEZIER_KNOTS.);
#1629 = CARTESIAN_POINT('',(-27.31534247997,-29.90728016218,
    -5.075705882353));
#1630 = CARTESIAN_POINT('',(-27.31534247997,-29.90728016218,
    -5.367676470588));
#1631 = CARTESIAN_POINT('',(-27.99614826008,-30.3003435626,
    -5.075705882353));
#1632 = CARTESIAN_POINT('',(-27.99614826008,-30.3003435626,
    -5.367676470588));
#1633 = CARTESIAN_POINT('',(-28.59406150572,-30.15296968358,
    -5.075705882353));
#1634 = CARTESIAN_POINT('',(-28.59406150572,-30.15296968358,
    -5.367676470588));
#1635 = ADVANCED_FACE('',(#1636),#1679,.T.);
#1636 = FACE_BOUND('',#1637,.T.);
#1637 = EDGE_LOOP('',(#1638,#1644,#1645,#1668,#1677,#1678));
#1638 = ORIENTED_EDGE('',*,*,#1639,.F.);
#1639 = EDGE_CURVE('',#1400,#1615,#1640,.T.);
#1640 = B_SPLINE_CURVE_WITH_KNOTS('',2,(#1641,#1642,#1643),
  .UNSPECIFIED.,.F.,.F.,(3,3),(0.,1.),.PIECEWISE_BEZIER_KNOTS.);
#1641 = CARTESIAN_POINT('',(-26.45826837382,-28.91595553364,
    -5.367676470588));
#1642 = CARTESIAN_POINT('',(-26.62879419562,-29.5109013254,
    -5.367676470588));
#1643 = CARTESIAN_POINT('',(-27.31534247997,-29.90728016218,
    -5.367676470588));
#1644 = ORIENTED_EDGE('',*,*,#1424,.T.);
#1645 = ORIENTED_EDGE('',*,*,#1646,.T.);
#1646 = EDGE_CURVE('',#1415,#1647,#1649,.T.);
#1647 = VERTEX_POINT('',#1648);
#1648 = CARTESIAN_POINT('',(-27.31151581707,-29.9050669731,
    -5.270352941176));
#1649 = B_SPLINE_CURVE_WITH_KNOTS('',5,(#1650,#1651,#1652,#1653,#1654,
    #1655,#1656,#1657,#1658,#1659,#1660,#1661,#1662,#1663,#1664,#1665,
    #1666,#1667),.UNSPECIFIED.,.F.,.F.,(6,4,4,4,6),(0.,
    9.190717376919E-02,0.348218806779,0.615922183788,1.),.UNSPECIFIED.);
#1650 = CARTESIAN_POINT('',(-26.45826837382,-28.91595553364,
    -5.270352941176));
#1651 = CARTESIAN_POINT('',(-26.46497389135,-28.93935033634,
    -5.270352941176));
#1652 = CARTESIAN_POINT('',(-26.47218896904,-28.96259119704,
    -5.270352941176));
#1653 = CARTESIAN_POINT('',(-26.47991332275,-28.98566447401,
    -5.270352941176));
#1654 = CARTESIAN_POINT('',(-26.48814441961,-29.00855709193,
    -5.270352941176));
#1655 = CARTESIAN_POINT('',(-26.52123231426,-29.09456099319,
    -5.270352941176));
#1656 = CARTESIAN_POINT('',(-26.54949340944,-29.15636928943,
    -5.270352941176));
#1657 = CARTESIAN_POINT('',(-26.58155225033,-29.21639456925,
    -5.270352941176));
#1658 = CARTESIAN_POINT('',(-26.61717503743,-29.27444725872,
    -5.270352941176));
#1659 = CARTESIAN_POINT('',(-26.69666545081,-29.38885625366,
    -5.270352941176));
#1660 = CARTESIAN_POINT('',(-26.74083394025,-29.44502867997,
    -5.270352941176));
#1661 = CARTESIAN_POINT('',(-26.78822043297,-29.49879916937,
    -5.270352941176));
#1662 = CARTESIAN_POINT('',(-26.83844103115,-29.55016555817,
    -5.270352941176));
#1663 = CARTESIAN_POINT('',(-26.9667839776,-29.66950918194,
    -5.270352941176));
#1664 = CARTESIAN_POINT('',(-27.04753882373,-29.73499302524,
    -5.270352941176));
#1665 = CARTESIAN_POINT('',(-27.13242657596,-29.79583079581,
    -5.270352941176));
#1666 = CARTESIAN_POINT('',(-27.2206029719,-29.85239491834,
    -5.270352941176));
#1667 = CARTESIAN_POINT('',(-27.31151581707,-29.9050669731,
    -5.270352941176));
#1668 = ORIENTED_EDGE('',*,*,#1669,.T.);
#1669 = EDGE_CURVE('',#1647,#514,#1670,.T.);
#1670 = B_SPLINE_CURVE_WITH_KNOTS('',5,(#1671,#1672,#1673,#1674,#1675,
    #1676),.UNSPECIFIED.,.F.,.F.,(6,6),(0.,1.),
  .PIECEWISE_BEZIER_KNOTS.);
#1671 = CARTESIAN_POINT('',(-27.31151581707,-29.9050669731,
    -5.270352941176));
#1672 = CARTESIAN_POINT('',(-27.31151581707,-29.9050669731,
    -5.242570032615));
#1673 = CARTESIAN_POINT('',(-27.31151581707,-29.9050669731,
    -5.212709973412));
#1674 = CARTESIAN_POINT('',(-27.31151581707,-29.9050669731,
    -5.183262600807));
#1675 = CARTESIAN_POINT('',(-27.31151581707,-29.9050669731,-5.1547443497
    ));
#1676 = CARTESIAN_POINT('',(-27.31151581707,-29.9050669731,
    -5.125705493059));
#1677 = ORIENTED_EDGE('',*,*,#520,.F.);
#1678 = ORIENTED_EDGE('',*,*,#1622,.F.);
#1679 = B_SPLINE_SURFACE_WITH_KNOTS('',2,1,(
    (#1680,#1681)
    ,(#1682,#1683)
    ,(#1684,#1685
    )),.UNSPECIFIED.,.F.,.F.,.F.,(3,3),(2,2),(0.,1.),(-0.45,0.),
  .PIECEWISE_BEZIER_KNOTS.);
#1680 = CARTESIAN_POINT('',(-26.45826837382,-28.91595553364,
    -5.075705882353));
#1681 = CARTESIAN_POINT('',(-26.45826837382,-28.91595553364,
    -5.367676470588));
#1682 = CARTESIAN_POINT('',(-26.62879419562,-29.5109013254,
    -5.075705882353));
#1683 = CARTESIAN_POINT('',(-26.62879419562,-29.5109013254,
    -5.367676470588));
#1684 = CARTESIAN_POINT('',(-27.31534247997,-29.90728016218,
    -5.075705882353));
#1685 = CARTESIAN_POINT('',(-27.31534247997,-29.90728016218,
    -5.367676470588));
#1686 = ADVANCED_FACE('',(#1687),#1703,.F.);
#1687 = FACE_BOUND('',#1688,.F.);
#1688 = EDGE_LOOP('',(#1689,#1696,#1701,#1702));
#1689 = ORIENTED_EDGE('',*,*,#1690,.T.);
#1690 = EDGE_CURVE('',#507,#1691,#1693,.T.);
#1691 = VERTEX_POINT('',#1692);
#1692 = CARTESIAN_POINT('',(-27.05681495445,-30.34622180789,
    -5.270352941176));
#1693 = B_SPLINE_CURVE_WITH_KNOTS('',1,(#1694,#1695),.UNSPECIFIED.,.F.,
  .F.,(2,2),(0.,1.),.PIECEWISE_BEZIER_KNOTS.);
#1694 = CARTESIAN_POINT('',(-27.05681495445,-30.34622180789,
    -5.125705103765));
#1695 = CARTESIAN_POINT('',(-27.05681495445,-30.34622180789,
    -5.270352941176));
#1696 = ORIENTED_EDGE('',*,*,#1697,.F.);
#1697 = EDGE_CURVE('',#1647,#1691,#1698,.T.);
#1698 = B_SPLINE_CURVE_WITH_KNOTS('',1,(#1699,#1700),.UNSPECIFIED.,.F.,
  .F.,(2,2),(0.,16.),.PIECEWISE_BEZIER_KNOTS.);
#1699 = CARTESIAN_POINT('',(-27.53298529314,-29.52147058823,
    -5.270352941176));
#1700 = CARTESIAN_POINT('',(-22.34239705784,-38.51183313293,
    -5.270352941176));
#1701 = ORIENTED_EDGE('',*,*,#1669,.T.);
#1702 = ORIENTED_EDGE('',*,*,#513,.T.);
#1703 = B_SPLINE_SURFACE_WITH_KNOTS('',1,1,(
    (#1704,#1705)
    ,(#1706,#1707
    )),.UNSPECIFIED.,.F.,.F.,.F.,(2,2),(2,2),(0.,0.3),(0.,16.),
  .PIECEWISE_BEZIER_KNOTS.);
#1704 = CARTESIAN_POINT('',(-27.53298529314,-29.52147058823,
    -5.270352941176));
#1705 = CARTESIAN_POINT('',(-22.34239705784,-38.51183313293,
    -5.270352941176));
#1706 = CARTESIAN_POINT('',(-27.53298529314,-29.52147058823,
    -5.075705882353));
#1707 = CARTESIAN_POINT('',(-22.34239705784,-38.51183313293,
    -5.075705882353));
#1708 = ADVANCED_FACE('',(#1709),#1739,.T.);
#1709 = FACE_BOUND('',#1710,.T.);
#1710 = EDGE_LOOP('',(#1711,#1720,#1725,#1726,#1727,#1734));
#1711 = ORIENTED_EDGE('',*,*,#1712,.F.);
#1712 = EDGE_CURVE('',#1713,#1715,#1717,.T.);
#1713 = VERTEX_POINT('',#1714);
#1714 = CARTESIAN_POINT('',(-28.46155910206,-31.15725121965,
    -5.367676470588));
#1715 = VERTEX_POINT('',#1716);
#1716 = CARTESIAN_POINT('',(-25.65207080684,-29.53519239612,
    -5.367676470588));
#1717 = B_SPLINE_CURVE_WITH_KNOTS('',1,(#1718,#1719),.UNSPECIFIED.,.F.,
  .F.,(2,2),(0.,5.),.PIECEWISE_BEZIER_KNOTS.);
#1718 = CARTESIAN_POINT('',(-28.46155910206,-31.15725121965,
    -5.367676470588));
#1719 = CARTESIAN_POINT('',(-25.65207080684,-29.53519239612,
    -5.367676470588));
#1720 = ORIENTED_EDGE('',*,*,#1721,.T.);
#1721 = EDGE_CURVE('',#1713,#500,#1722,.T.);
#1722 = B_SPLINE_CURVE_WITH_KNOTS('',1,(#1723,#1724),.UNSPECIFIED.,.F.,
  .F.,(2,2),(0.,0.45),.PIECEWISE_BEZIER_KNOTS.);
#1723 = CARTESIAN_POINT('',(-28.46155910206,-31.15725121965,
    -5.367676470588));
#1724 = CARTESIAN_POINT('',(-28.46155910206,-31.15725121965,
    -5.075705882353));
#1725 = ORIENTED_EDGE('',*,*,#506,.F.);
#1726 = ORIENTED_EDGE('',*,*,#1690,.T.);
#1727 = ORIENTED_EDGE('',*,*,#1728,.T.);
#1728 = EDGE_CURVE('',#1691,#1729,#1731,.T.);
#1729 = VERTEX_POINT('',#1730);
#1730 = CARTESIAN_POINT('',(-25.65207080684,-29.53519239612,
    -5.270352941176));
#1731 = B_SPLINE_CURVE_WITH_KNOTS('',1,(#1732,#1733),.UNSPECIFIED.,.F.,
  .F.,(2,2),(0.,1.),.PIECEWISE_BEZIER_KNOTS.);
#1732 = CARTESIAN_POINT('',(-27.05681495445,-30.34622180789,
    -5.270352941176));
#1733 = CARTESIAN_POINT('',(-25.65207080684,-29.53519239612,
    -5.270352941176));
#1734 = ORIENTED_EDGE('',*,*,#1735,.F.);
#1735 = EDGE_CURVE('',#1715,#1729,#1736,.T.);
#1736 = B_SPLINE_CURVE_WITH_KNOTS('',1,(#1737,#1738),.UNSPECIFIED.,.F.,
  .F.,(2,2),(0.,0.45),.PIECEWISE_BEZIER_KNOTS.);
#1737 = CARTESIAN_POINT('',(-25.65207080684,-29.53519239612,
    -5.367676470588));
#1738 = CARTESIAN_POINT('',(-25.65207080684,-29.53519239612,
    -5.075705882353));
#1739 = B_SPLINE_SURFACE_WITH_KNOTS('',1,1,(
    (#1740,#1741)
    ,(#1742,#1743
    )),.UNSPECIFIED.,.F.,.F.,.F.,(2,2),(2,2),(0.,5.),(-0.45,0.),
  .PIECEWISE_BEZIER_KNOTS.);
#1740 = CARTESIAN_POINT('',(-28.46155910206,-31.15725121965,
    -5.075705882353));
#1741 = CARTESIAN_POINT('',(-28.46155910206,-31.15725121965,
    -5.367676470588));
#1742 = CARTESIAN_POINT('',(-25.65207080684,-29.53519239612,
    -5.075705882353));
#1743 = CARTESIAN_POINT('',(-25.65207080684,-29.53519239612,
    -5.367676470588));
#1744 = ADVANCED_FACE('',(#1745),#1761,.T.);
#1745 = FACE_BOUND('',#1746,.T.);
#1746 = EDGE_LOOP('',(#1747,#1754,#1759,#1760));
#1747 = ORIENTED_EDGE('',*,*,#1748,.F.);
#1748 = EDGE_CURVE('',#1749,#1713,#1751,.T.);
#1749 = VERTEX_POINT('',#1750);
#1750 = CARTESIAN_POINT('',(-28.13443604717,-31.72384497105,
    -5.367676470588));
#1751 = B_SPLINE_CURVE_WITH_KNOTS('',1,(#1752,#1753),.UNSPECIFIED.,.F.,
  .F.,(2,2),(0.,1.00835755814),.PIECEWISE_BEZIER_KNOTS.);
#1752 = CARTESIAN_POINT('',(-28.13443604717,-31.72384497105,
    -5.367676470588));
#1753 = CARTESIAN_POINT('',(-28.46155910206,-31.15725121965,
    -5.367676470588));
#1754 = ORIENTED_EDGE('',*,*,#1755,.T.);
#1755 = EDGE_CURVE('',#1749,#493,#1756,.T.);
#1756 = B_SPLINE_CURVE_WITH_KNOTS('',1,(#1757,#1758),.UNSPECIFIED.,.F.,
  .F.,(2,2),(0.,0.45),.PIECEWISE_BEZIER_KNOTS.);
#1757 = CARTESIAN_POINT('',(-28.13443604717,-31.72384497105,
    -5.367676470588));
#1758 = CARTESIAN_POINT('',(-28.13443604717,-31.72384497105,
    -5.075705882353));
#1759 = ORIENTED_EDGE('',*,*,#499,.F.);
#1760 = ORIENTED_EDGE('',*,*,#1721,.F.);
#1761 = B_SPLINE_SURFACE_WITH_KNOTS('',1,1,(
    (#1762,#1763)
    ,(#1764,#1765
    )),.UNSPECIFIED.,.F.,.F.,.F.,(2,2),(2,2),(0.,1.00835755814),(-0.45,
    0.),.PIECEWISE_BEZIER_KNOTS.);
#1762 = CARTESIAN_POINT('',(-28.13443604717,-31.72384497105,
    -5.075705882353));
#1763 = CARTESIAN_POINT('',(-28.13443604717,-31.72384497105,
    -5.367676470588));
#1764 = CARTESIAN_POINT('',(-28.46155910206,-31.15725121965,
    -5.075705882353));
#1765 = CARTESIAN_POINT('',(-28.46155910206,-31.15725121965,
    -5.367676470588));
#1766 = ADVANCED_FACE('',(#1767),#1783,.T.);
#1767 = FACE_BOUND('',#1768,.T.);
#1768 = EDGE_LOOP('',(#1769,#1776,#1781,#1782));
#1769 = ORIENTED_EDGE('',*,*,#1770,.F.);
#1770 = EDGE_CURVE('',#1771,#1749,#1773,.T.);
#1771 = VERTEX_POINT('',#1772);
#1772 = CARTESIAN_POINT('',(-26.9583711794,-31.04484360306,
    -5.367676470588));
#1773 = B_SPLINE_CURVE_WITH_KNOTS('',1,(#1774,#1775),.UNSPECIFIED.,.F.,
  .F.,(2,2),(0.,2.093023255814),.PIECEWISE_BEZIER_KNOTS.);
#1774 = CARTESIAN_POINT('',(-26.9583711794,-31.04484360306,
    -5.367676470588));
#1775 = CARTESIAN_POINT('',(-28.13443604717,-31.72384497105,
    -5.367676470588));
#1776 = ORIENTED_EDGE('',*,*,#1777,.T.);
#1777 = EDGE_CURVE('',#1771,#486,#1778,.T.);
#1778 = B_SPLINE_CURVE_WITH_KNOTS('',1,(#1779,#1780),.UNSPECIFIED.,.F.,
  .F.,(2,2),(0.,0.45),.PIECEWISE_BEZIER_KNOTS.);
#1779 = CARTESIAN_POINT('',(-26.9583711794,-31.04484360306,
    -5.367676470588));
#1780 = CARTESIAN_POINT('',(-26.9583711794,-31.04484360306,
    -5.075705882353));
#1781 = ORIENTED_EDGE('',*,*,#492,.F.);
#1782 = ORIENTED_EDGE('',*,*,#1755,.F.);
#1783 = B_SPLINE_SURFACE_WITH_KNOTS('',1,1,(
    (#1784,#1785)
    ,(#1786,#1787
    )),.UNSPECIFIED.,.F.,.F.,.F.,(2,2),(2,2),(0.,2.093023255814),(-0.45,
    0.),.PIECEWISE_BEZIER_KNOTS.);
#1784 = CARTESIAN_POINT('',(-26.9583711794,-31.04484360306,
    -5.075705882353));
#1785 = CARTESIAN_POINT('',(-26.9583711794,-31.04484360306,
    -5.367676470588));
#1786 = CARTESIAN_POINT('',(-28.13443604717,-31.72384497105,
    -5.075705882353));
#1787 = CARTESIAN_POINT('',(-28.13443604717,-31.72384497105,
    -5.367676470588));
#1788 = ADVANCED_FACE('',(#1789),#1805,.T.);
#1789 = FACE_BOUND('',#1790,.T.);
#1790 = EDGE_LOOP('',(#1791,#1798,#1803,#1804));
#1791 = ORIENTED_EDGE('',*,*,#1792,.F.);
#1792 = EDGE_CURVE('',#1793,#1771,#1795,.T.);
#1793 = VERTEX_POINT('',#1794);
#1794 = CARTESIAN_POINT('',(-26.89206245206,-31.15969368781,
    -5.367676470588));
#1795 = B_SPLINE_CURVE_WITH_KNOTS('',1,(#1796,#1797),.UNSPECIFIED.,.F.,
  .F.,(2,2),(0.,0.204396802326),.PIECEWISE_BEZIER_KNOTS.);
#1796 = CARTESIAN_POINT('',(-26.89206245206,-31.15969368781,
    -5.367676470588));
#1797 = CARTESIAN_POINT('',(-26.9583711794,-31.04484360306,
    -5.367676470588));
#1798 = ORIENTED_EDGE('',*,*,#1799,.T.);
#1799 = EDGE_CURVE('',#1793,#474,#1800,.T.);
#1800 = B_SPLINE_CURVE_WITH_KNOTS('',1,(#1801,#1802),.UNSPECIFIED.,.F.,
  .F.,(2,2),(0.,0.45),.PIECEWISE_BEZIER_KNOTS.);
#1801 = CARTESIAN_POINT('',(-26.89206245206,-31.15969368781,
    -5.367676470588));
#1802 = CARTESIAN_POINT('',(-26.89206245206,-31.15969368781,
    -5.075705882353));
#1803 = ORIENTED_EDGE('',*,*,#485,.F.);
#1804 = ORIENTED_EDGE('',*,*,#1777,.F.);
#1805 = B_SPLINE_SURFACE_WITH_KNOTS('',1,1,(
    (#1806,#1807)
    ,(#1808,#1809
    )),.UNSPECIFIED.,.F.,.F.,.F.,(2,2),(2,2),(0.,0.204396802326),(-0.45,
    0.),.PIECEWISE_BEZIER_KNOTS.);
#1806 = CARTESIAN_POINT('',(-26.89206245206,-31.15969368781,
    -5.075705882353));
#1807 = CARTESIAN_POINT('',(-26.89206245206,-31.15969368781,
    -5.367676470588));
#1808 = CARTESIAN_POINT('',(-26.9583711794,-31.04484360306,
    -5.075705882353));
#1809 = CARTESIAN_POINT('',(-26.9583711794,-31.04484360306,
    -5.367676470588));
#1810 = ADVANCED_FACE('',(#1811),#1828,.T.);
#1811 = FACE_BOUND('',#1812,.T.);
#1812 = EDGE_LOOP('',(#1813,#1821,#1826,#1827));
#1813 = ORIENTED_EDGE('',*,*,#1814,.F.);
#1814 = EDGE_CURVE('',#1815,#1793,#1817,.T.);
#1815 = VERTEX_POINT('',#1816);
#1816 = CARTESIAN_POINT('',(-26.75904335807,-31.46317646978,
    -5.367676470588));
#1817 = B_SPLINE_CURVE_WITH_KNOTS('',2,(#1818,#1819,#1820),
  .UNSPECIFIED.,.F.,.F.,(3,3),(0.,1.),.PIECEWISE_BEZIER_KNOTS.);
#1818 = CARTESIAN_POINT('',(-26.75904335807,-31.46317646978,
    -5.367676470588));
#1819 = CARTESIAN_POINT('',(-26.77933761558,-31.35493883187,
    -5.367676470588));
#1820 = CARTESIAN_POINT('',(-26.89206245206,-31.15969368781,
    -5.367676470588));
#1821 = ORIENTED_EDGE('',*,*,#1822,.T.);
#1822 = EDGE_CURVE('',#1815,#463,#1823,.T.);
#1823 = B_SPLINE_CURVE_WITH_KNOTS('',1,(#1824,#1825),.UNSPECIFIED.,.F.,
  .F.,(2,2),(0.,0.45),.PIECEWISE_BEZIER_KNOTS.);
#1824 = CARTESIAN_POINT('',(-26.75904335807,-31.46317646978,
    -5.367676470588));
#1825 = CARTESIAN_POINT('',(-26.75904335807,-31.46317646978,
    -5.075705882353));
#1826 = ORIENTED_EDGE('',*,*,#473,.F.);
#1827 = ORIENTED_EDGE('',*,*,#1799,.F.);
#1828 = B_SPLINE_SURFACE_WITH_KNOTS('',2,1,(
    (#1829,#1830)
    ,(#1831,#1832)
    ,(#1833,#1834
    )),.UNSPECIFIED.,.F.,.F.,.F.,(3,3),(2,2),(0.,1.),(-0.45,0.),
  .PIECEWISE_BEZIER_KNOTS.);
#1829 = CARTESIAN_POINT('',(-26.75904335807,-31.46317646978,
    -5.075705882353));
#1830 = CARTESIAN_POINT('',(-26.75904335807,-31.46317646978,
    -5.367676470588));
#1831 = CARTESIAN_POINT('',(-26.77933761558,-31.35493883187,
    -5.075705882353));
#1832 = CARTESIAN_POINT('',(-26.77933761558,-31.35493883187,
    -5.367676470588));
#1833 = CARTESIAN_POINT('',(-26.89206245206,-31.15969368781,
    -5.075705882353));
#1834 = CARTESIAN_POINT('',(-26.89206245206,-31.15969368781,
    -5.367676470588));
#1835 = ADVANCED_FACE('',(#1836),#1853,.T.);
#1836 = FACE_BOUND('',#1837,.T.);
#1837 = EDGE_LOOP('',(#1838,#1846,#1851,#1852));
#1838 = ORIENTED_EDGE('',*,*,#1839,.F.);
#1839 = EDGE_CURVE('',#1840,#1815,#1842,.T.);
#1840 = VERTEX_POINT('',#1841);
#1841 = CARTESIAN_POINT('',(-26.77770488774,-31.70109865434,
    -5.367676470588));
#1842 = B_SPLINE_CURVE_WITH_KNOTS('',2,(#1843,#1844,#1845),
  .UNSPECIFIED.,.F.,.F.,(3,3),(0.,1.),.PIECEWISE_BEZIER_KNOTS.);
#1843 = CARTESIAN_POINT('',(-26.77770488774,-31.70109865434,
    -5.367676470588));
#1844 = CARTESIAN_POINT('',(-26.73874910056,-31.5714141077,
    -5.367676470588));
#1845 = CARTESIAN_POINT('',(-26.75904335807,-31.46317646978,
    -5.367676470588));
#1846 = ORIENTED_EDGE('',*,*,#1847,.T.);
#1847 = EDGE_CURVE('',#1840,#450,#1848,.T.);
#1848 = B_SPLINE_CURVE_WITH_KNOTS('',1,(#1849,#1850),.UNSPECIFIED.,.F.,
  .F.,(2,2),(0.,0.45),.PIECEWISE_BEZIER_KNOTS.);
#1849 = CARTESIAN_POINT('',(-26.77770488774,-31.70109865434,
    -5.367676470588));
#1850 = CARTESIAN_POINT('',(-26.77770488774,-31.70109865434,
    -5.075705882353));
#1851 = ORIENTED_EDGE('',*,*,#462,.F.);
#1852 = ORIENTED_EDGE('',*,*,#1822,.F.);
#1853 = B_SPLINE_SURFACE_WITH_KNOTS('',2,1,(
    (#1854,#1855)
    ,(#1856,#1857)
    ,(#1858,#1859
    )),.UNSPECIFIED.,.F.,.F.,.F.,(3,3),(2,2),(0.,1.),(-0.45,0.),
  .PIECEWISE_BEZIER_KNOTS.);
#1854 = CARTESIAN_POINT('',(-26.77770488774,-31.70109865434,
    -5.075705882353));
#1855 = CARTESIAN_POINT('',(-26.77770488774,-31.70109865434,
    -5.367676470588));
#1856 = CARTESIAN_POINT('',(-26.73874910056,-31.5714141077,
    -5.075705882353));
#1857 = CARTESIAN_POINT('',(-26.73874910056,-31.5714141077,
    -5.367676470588));
#1858 = CARTESIAN_POINT('',(-26.75904335807,-31.46317646978,
    -5.075705882353));
#1859 = CARTESIAN_POINT('',(-26.75904335807,-31.46317646978,
    -5.367676470588));
#1860 = ADVANCED_FACE('',(#1861),#1878,.T.);
#1861 = FACE_BOUND('',#1862,.T.);
#1862 = EDGE_LOOP('',(#1863,#1871,#1876,#1877));
#1863 = ORIENTED_EDGE('',*,*,#1864,.F.);
#1864 = EDGE_CURVE('',#1865,#1840,#1867,.T.);
#1865 = VERTEX_POINT('',#1866);
#1866 = CARTESIAN_POINT('',(-27.01837966811,-32.23819926402,
    -5.367676470588));
#1867 = B_SPLINE_CURVE_WITH_KNOTS('',2,(#1868,#1869,#1870),
  .UNSPECIFIED.,.F.,.F.,(3,3),(0.,1.),.PIECEWISE_BEZIER_KNOTS.);
#1868 = CARTESIAN_POINT('',(-27.01837966811,-32.23819926402,
    -5.367676470588));
#1869 = CARTESIAN_POINT('',(-26.81653306372,-31.83070952463,
    -5.367676470588));
#1870 = CARTESIAN_POINT('',(-26.77770488774,-31.70109865434,
    -5.367676470588));
#1871 = ORIENTED_EDGE('',*,*,#1872,.T.);
#1872 = EDGE_CURVE('',#1865,#443,#1873,.T.);
#1873 = B_SPLINE_CURVE_WITH_KNOTS('',1,(#1874,#1875),.UNSPECIFIED.,.F.,
  .F.,(2,2),(0.,0.45),.PIECEWISE_BEZIER_KNOTS.);
#1874 = CARTESIAN_POINT('',(-27.01837966811,-32.23819926402,
    -5.367676470588));
#1875 = CARTESIAN_POINT('',(-27.01837966811,-32.23819926402,
    -5.075705882353));
#1876 = ORIENTED_EDGE('',*,*,#449,.F.);
#1877 = ORIENTED_EDGE('',*,*,#1847,.F.);
#1878 = B_SPLINE_SURFACE_WITH_KNOTS('',2,1,(
    (#1879,#1880)
    ,(#1881,#1882)
    ,(#1883,#1884
    )),.UNSPECIFIED.,.F.,.F.,.F.,(3,3),(2,2),(0.,1.),(-0.45,0.),
  .PIECEWISE_BEZIER_KNOTS.);
#1879 = CARTESIAN_POINT('',(-27.01837966811,-32.23819926402,
    -5.075705882353));
#1880 = CARTESIAN_POINT('',(-27.01837966811,-32.23819926402,
    -5.367676470588));
#1881 = CARTESIAN_POINT('',(-26.81653306372,-31.83070952463,
    -5.075705882353));
#1882 = CARTESIAN_POINT('',(-26.81653306372,-31.83070952463,
    -5.367676470588));
#1883 = CARTESIAN_POINT('',(-26.77770488774,-31.70109865434,
    -5.075705882353));
#1884 = CARTESIAN_POINT('',(-26.77770488774,-31.70109865434,
    -5.367676470588));
#1885 = ADVANCED_FACE('',(#1886),#1902,.T.);
#1886 = FACE_BOUND('',#1887,.T.);
#1887 = EDGE_LOOP('',(#1888,#1895,#1900,#1901));
#1888 = ORIENTED_EDGE('',*,*,#1889,.F.);
#1889 = EDGE_CURVE('',#1890,#1865,#1892,.T.);
#1890 = VERTEX_POINT('',#1891);
#1891 = CARTESIAN_POINT('',(-27.39619888275,-33.00250924785,
    -5.367676470588));
#1892 = B_SPLINE_CURVE_WITH_KNOTS('',1,(#1893,#1894),.UNSPECIFIED.,.F.,
  .F.,(2,2),(0.,1.314061994326),.PIECEWISE_BEZIER_KNOTS.);
#1893 = CARTESIAN_POINT('',(-27.39619888275,-33.00250924785,
    -5.367676470588));
#1894 = CARTESIAN_POINT('',(-27.01837966811,-32.23819926402,
    -5.367676470588));
#1895 = ORIENTED_EDGE('',*,*,#1896,.T.);
#1896 = EDGE_CURVE('',#1890,#436,#1897,.T.);
#1897 = B_SPLINE_CURVE_WITH_KNOTS('',1,(#1898,#1899),.UNSPECIFIED.,.F.,
  .F.,(2,2),(0.,0.45),.PIECEWISE_BEZIER_KNOTS.);
#1898 = CARTESIAN_POINT('',(-27.39619888275,-33.00250924785,
    -5.367676470588));
#1899 = CARTESIAN_POINT('',(-27.39619888275,-33.00250924785,
    -5.075705882353));
#1900 = ORIENTED_EDGE('',*,*,#442,.F.);
#1901 = ORIENTED_EDGE('',*,*,#1872,.F.);
#1902 = B_SPLINE_SURFACE_WITH_KNOTS('',1,1,(
    (#1903,#1904)
    ,(#1905,#1906
    )),.UNSPECIFIED.,.F.,.F.,.F.,(2,2),(2,2),(0.,1.314061994326),(-0.45,
    0.),.PIECEWISE_BEZIER_KNOTS.);
#1903 = CARTESIAN_POINT('',(-27.39619888275,-33.00250924785,
    -5.075705882353));
#1904 = CARTESIAN_POINT('',(-27.39619888275,-33.00250924785,
    -5.367676470588));
#1905 = CARTESIAN_POINT('',(-27.01837966811,-32.23819926402,
    -5.075705882353));
#1906 = CARTESIAN_POINT('',(-27.01837966811,-32.23819926402,
    -5.367676470588));
#1907 = ADVANCED_FACE('',(#1908),#1924,.T.);
#1908 = FACE_BOUND('',#1909,.T.);
#1909 = EDGE_LOOP('',(#1910,#1917,#1922,#1923));
#1910 = ORIENTED_EDGE('',*,*,#1911,.F.);
#1911 = EDGE_CURVE('',#1912,#1890,#1914,.T.);
#1912 = VERTEX_POINT('',#1913);
#1913 = CARTESIAN_POINT('',(-27.00497739143,-33.68012474784,
    -5.367676470588));
#1914 = B_SPLINE_CURVE_WITH_KNOTS('',1,(#1915,#1916),.UNSPECIFIED.,.F.,
  .F.,(2,2),(0.,1.205941133721),.PIECEWISE_BEZIER_KNOTS.);
#1915 = CARTESIAN_POINT('',(-27.00497739143,-33.68012474784,
    -5.367676470588));
#1916 = CARTESIAN_POINT('',(-27.39619888275,-33.00250924785,
    -5.367676470588));
#1917 = ORIENTED_EDGE('',*,*,#1918,.T.);
#1918 = EDGE_CURVE('',#1912,#429,#1919,.T.);
#1919 = B_SPLINE_CURVE_WITH_KNOTS('',1,(#1920,#1921),.UNSPECIFIED.,.F.,
  .F.,(2,2),(0.,0.45),.PIECEWISE_BEZIER_KNOTS.);
#1920 = CARTESIAN_POINT('',(-27.00497739143,-33.68012474784,
    -5.367676470588));
#1921 = CARTESIAN_POINT('',(-27.00497739143,-33.68012474784,
    -5.075705882353));
#1922 = ORIENTED_EDGE('',*,*,#435,.F.);
#1923 = ORIENTED_EDGE('',*,*,#1896,.F.);
#1924 = B_SPLINE_SURFACE_WITH_KNOTS('',1,1,(
    (#1925,#1926)
    ,(#1927,#1928
    )),.UNSPECIFIED.,.F.,.F.,.F.,(2,2),(2,2),(0.,1.205941133721),(-0.45,
    0.),.PIECEWISE_BEZIER_KNOTS.);
#1925 = CARTESIAN_POINT('',(-27.00497739143,-33.68012474784,
    -5.075705882353));
#1926 = CARTESIAN_POINT('',(-27.00497739143,-33.68012474784,
    -5.367676470588));
#1927 = CARTESIAN_POINT('',(-27.39619888275,-33.00250924785,
    -5.075705882353));
#1928 = CARTESIAN_POINT('',(-27.39619888275,-33.00250924785,
    -5.367676470588));
#1929 = ADVANCED_FACE('',(#1930),#1946,.T.);
#1930 = FACE_BOUND('',#1931,.T.);
#1931 = EDGE_LOOP('',(#1932,#1939,#1944,#1945));
#1932 = ORIENTED_EDGE('',*,*,#1933,.F.);
#1933 = EDGE_CURVE('',#1934,#1912,#1936,.T.);
#1934 = VERTEX_POINT('',#1935);
#1935 = CARTESIAN_POINT('',(-26.65330457811,-33.02023823953,
    -5.367676470588));
#1936 = B_SPLINE_CURVE_WITH_KNOTS('',1,(#1937,#1938),.UNSPECIFIED.,.F.,
  .F.,(2,2),(0.,1.152464257514),.PIECEWISE_BEZIER_KNOTS.);
#1937 = CARTESIAN_POINT('',(-26.65330457811,-33.02023823953,
    -5.367676470588));
#1938 = CARTESIAN_POINT('',(-27.00497739143,-33.68012474784,
    -5.367676470588));
#1939 = ORIENTED_EDGE('',*,*,#1940,.T.);
#1940 = EDGE_CURVE('',#1934,#416,#1941,.T.);
#1941 = B_SPLINE_CURVE_WITH_KNOTS('',1,(#1942,#1943),.UNSPECIFIED.,.F.,
  .F.,(2,2),(0.,0.45),.PIECEWISE_BEZIER_KNOTS.);
#1942 = CARTESIAN_POINT('',(-26.65330457811,-33.02023823953,
    -5.367676470588));
#1943 = CARTESIAN_POINT('',(-26.65330457811,-33.02023823953,
    -5.075705882353));
#1944 = ORIENTED_EDGE('',*,*,#428,.F.);
#1945 = ORIENTED_EDGE('',*,*,#1918,.F.);
#1946 = B_SPLINE_SURFACE_WITH_KNOTS('',1,1,(
    (#1947,#1948)
    ,(#1949,#1950
    )),.UNSPECIFIED.,.F.,.F.,.F.,(2,2),(2,2),(0.,1.152464257514),(-0.45,
    0.),.PIECEWISE_BEZIER_KNOTS.);
#1947 = CARTESIAN_POINT('',(-26.65330457811,-33.02023823953,
    -5.075705882353));
#1948 = CARTESIAN_POINT('',(-26.65330457811,-33.02023823953,
    -5.367676470588));
#1949 = CARTESIAN_POINT('',(-27.00497739143,-33.68012474784,
    -5.075705882353));
#1950 = CARTESIAN_POINT('',(-27.00497739143,-33.68012474784,
    -5.367676470588));
#1951 = ADVANCED_FACE('',(#1952),#1969,.T.);
#1952 = FACE_BOUND('',#1953,.T.);
#1953 = EDGE_LOOP('',(#1954,#1962,#1967,#1968));
#1954 = ORIENTED_EDGE('',*,*,#1955,.F.);
#1955 = EDGE_CURVE('',#1956,#1934,#1958,.T.);
#1956 = VERTEX_POINT('',#1957);
#1957 = CARTESIAN_POINT('',(-26.3821998659,-32.43358102506,
    -5.367676470588));
#1958 = B_SPLINE_CURVE_WITH_KNOTS('',2,(#1959,#1960,#1961),
  .UNSPECIFIED.,.F.,.F.,(3,3),(0.,1.),.PIECEWISE_BEZIER_KNOTS.);
#1959 = CARTESIAN_POINT('',(-26.3821998659,-32.43358102506,
    -5.367676470588));
#1960 = CARTESIAN_POINT('',(-26.44185114285,-32.62761978659,
    -5.367676470588));
#1961 = CARTESIAN_POINT('',(-26.65330457811,-33.02023823953,
    -5.367676470588));
#1962 = ORIENTED_EDGE('',*,*,#1963,.T.);
#1963 = EDGE_CURVE('',#1956,#405,#1964,.T.);
#1964 = B_SPLINE_CURVE_WITH_KNOTS('',1,(#1965,#1966),.UNSPECIFIED.,.F.,
  .F.,(2,2),(0.,0.45),.PIECEWISE_BEZIER_KNOTS.);
#1965 = CARTESIAN_POINT('',(-26.3821998659,-32.43358102506,
    -5.367676470588));
#1966 = CARTESIAN_POINT('',(-26.3821998659,-32.43358102506,
    -5.075705882353));
#1967 = ORIENTED_EDGE('',*,*,#415,.F.);
#1968 = ORIENTED_EDGE('',*,*,#1940,.F.);
#1969 = B_SPLINE_SURFACE_WITH_KNOTS('',2,1,(
    (#1970,#1971)
    ,(#1972,#1973)
    ,(#1974,#1975
    )),.UNSPECIFIED.,.F.,.F.,.F.,(3,3),(2,2),(0.,1.),(-0.45,0.),
  .PIECEWISE_BEZIER_KNOTS.);
#1970 = CARTESIAN_POINT('',(-26.3821998659,-32.43358102506,
    -5.075705882353));
#1971 = CARTESIAN_POINT('',(-26.3821998659,-32.43358102506,
    -5.367676470588));
#1972 = CARTESIAN_POINT('',(-26.44185114285,-32.62761978659,
    -5.075705882353));
#1973 = CARTESIAN_POINT('',(-26.44185114285,-32.62761978659,
    -5.367676470588));
#1974 = CARTESIAN_POINT('',(-26.65330457811,-33.02023823953,
    -5.075705882353));
#1975 = CARTESIAN_POINT('',(-26.65330457811,-33.02023823953,
    -5.367676470588));
#1976 = ADVANCED_FACE('',(#1977),#1994,.T.);
#1977 = FACE_BOUND('',#1978,.T.);
#1978 = EDGE_LOOP('',(#1979,#1987,#1992,#1993));
#1979 = ORIENTED_EDGE('',*,*,#1980,.F.);
#1980 = EDGE_CURVE('',#1981,#1956,#1983,.T.);
#1981 = VERTEX_POINT('',#1982);
#1982 = CARTESIAN_POINT('',(-26.32099263028,-31.99380056454,
    -5.367676470588));
#1983 = B_SPLINE_CURVE_WITH_KNOTS('',2,(#1984,#1985,#1986),
  .UNSPECIFIED.,.F.,.F.,(3,3),(0.,1.),.PIECEWISE_BEZIER_KNOTS.);
#1984 = CARTESIAN_POINT('',(-26.32099263028,-31.99380056454,
    -5.367676470588));
#1985 = CARTESIAN_POINT('',(-26.32247491258,-32.23966987474,
    -5.367676470588));
#1986 = CARTESIAN_POINT('',(-26.3821998659,-32.43358102506,
    -5.367676470588));
#1987 = ORIENTED_EDGE('',*,*,#1988,.T.);
#1988 = EDGE_CURVE('',#1981,#390,#1989,.T.);
#1989 = B_SPLINE_CURVE_WITH_KNOTS('',1,(#1990,#1991),.UNSPECIFIED.,.F.,
  .F.,(2,2),(0.,0.45),.PIECEWISE_BEZIER_KNOTS.);
#1990 = CARTESIAN_POINT('',(-26.32099263028,-31.99380056454,
    -5.367676470588));
#1991 = CARTESIAN_POINT('',(-26.32099263028,-31.99380056454,
    -5.075705882353));
#1992 = ORIENTED_EDGE('',*,*,#404,.F.);
#1993 = ORIENTED_EDGE('',*,*,#1963,.F.);
#1994 = B_SPLINE_SURFACE_WITH_KNOTS('',2,1,(
    (#1995,#1996)
    ,(#1997,#1998)
    ,(#1999,#2000
    )),.UNSPECIFIED.,.F.,.F.,.F.,(3,3),(2,2),(0.,1.),(-0.45,0.),
  .PIECEWISE_BEZIER_KNOTS.);
#1995 = CARTESIAN_POINT('',(-26.32099263028,-31.99380056454,
    -5.075705882353));
#1996 = CARTESIAN_POINT('',(-26.32099263028,-31.99380056454,
    -5.367676470588));
#1997 = CARTESIAN_POINT('',(-26.32247491258,-32.23966987474,
    -5.075705882353));
#1998 = CARTESIAN_POINT('',(-26.32247491258,-32.23966987474,
    -5.367676470588));
#1999 = CARTESIAN_POINT('',(-26.3821998659,-32.43358102506,
    -5.075705882353));
#2000 = CARTESIAN_POINT('',(-26.3821998659,-32.43358102506,
    -5.367676470588));
#2001 = ADVANCED_FACE('',(#2002),#2039,.T.);
#2002 = FACE_BOUND('',#2003,.T.);
#2003 = EDGE_LOOP('',(#2004,#2012,#2019,#2029,#2037,#2038));
#2004 = ORIENTED_EDGE('',*,*,#2005,.F.);
#2005 = EDGE_CURVE('',#2006,#1981,#2008,.T.);
#2006 = VERTEX_POINT('',#2007);
#2007 = CARTESIAN_POINT('',(-25.74132209023,-32.39927261276,
    -5.367676470588));
#2008 = B_SPLINE_CURVE_WITH_KNOTS('',2,(#2009,#2010,#2011),
  .UNSPECIFIED.,.F.,.F.,(3,3),(0.,1.),.PIECEWISE_BEZIER_KNOTS.);
#2009 = CARTESIAN_POINT('',(-25.74132209023,-32.39927261276,
    -5.367676470588));
#2010 = CARTESIAN_POINT('',(-26.05410285112,-32.33229093103,
    -5.367676470588));
#2011 = CARTESIAN_POINT('',(-26.32099263028,-31.99380056454,
    -5.367676470588));
#2012 = ORIENTED_EDGE('',*,*,#2013,.T.);
#2013 = EDGE_CURVE('',#2006,#2014,#2016,.T.);
#2014 = VERTEX_POINT('',#2015);
#2015 = CARTESIAN_POINT('',(-25.74132209023,-32.39927261276,
    -5.270352941176));
#2016 = B_SPLINE_CURVE_WITH_KNOTS('',1,(#2017,#2018),.UNSPECIFIED.,.F.,
  .F.,(2,2),(0.,0.45),.PIECEWISE_BEZIER_KNOTS.);
#2017 = CARTESIAN_POINT('',(-25.74132209023,-32.39927261276,
    -5.367676470588));
#2018 = CARTESIAN_POINT('',(-25.74132209023,-32.39927261276,
    -5.075705882353));
#2019 = ORIENTED_EDGE('',*,*,#2020,.T.);
#2020 = EDGE_CURVE('',#2014,#2021,#2023,.T.);
#2021 = VERTEX_POINT('',#2022);
#2022 = CARTESIAN_POINT('',(-25.9026692115,-32.34526087401,
    -5.270352941176));
#2023 = B_SPLINE_CURVE_WITH_KNOTS('',4,(#2024,#2025,#2026,#2027,#2028),
  .UNSPECIFIED.,.F.,.F.,(5,5),(0.,1.),.PIECEWISE_BEZIER_KNOTS.);
#2024 = CARTESIAN_POINT('',(-25.74132209023,-32.39927261276,
    -5.270352941176));
#2025 = CARTESIAN_POINT('',(-25.78277156807,-32.39039652476,
    -5.270352941176));
#2026 = CARTESIAN_POINT('',(-25.82360552376,-32.37835682902,
    -5.270352941176));
#2027 = CARTESIAN_POINT('',(-25.86361481762,-32.36323343636,
    -5.270352941176));
#2028 = CARTESIAN_POINT('',(-25.9026692115,-32.34526087401,
    -5.270352941176));
#2029 = ORIENTED_EDGE('',*,*,#2030,.T.);
#2030 = EDGE_CURVE('',#2021,#383,#2031,.T.);
#2031 = B_SPLINE_CURVE_WITH_KNOTS('',4,(#2032,#2033,#2034,#2035,#2036),
  .UNSPECIFIED.,.F.,.F.,(5,5),(0.,1.),.PIECEWISE_BEZIER_KNOTS.);
#2032 = CARTESIAN_POINT('',(-25.9026692115,-32.34526087401,
    -5.270352941176));
#2033 = CARTESIAN_POINT('',(-25.9026692115,-32.34526087401,
    -5.234079887796));
#2034 = CARTESIAN_POINT('',(-25.9026692115,-32.34526087401,
    -5.19869533224));
#2035 = CARTESIAN_POINT('',(-25.9026692115,-32.34526087401,
    -5.161739261303));
#2036 = CARTESIAN_POINT('',(-25.9026692115,-32.34526087401,
    -5.125705103765));
#2037 = ORIENTED_EDGE('',*,*,#389,.F.);
#2038 = ORIENTED_EDGE('',*,*,#1988,.F.);
#2039 = B_SPLINE_SURFACE_WITH_KNOTS('',2,1,(
    (#2040,#2041)
    ,(#2042,#2043)
    ,(#2044,#2045
    )),.UNSPECIFIED.,.F.,.F.,.F.,(3,3),(2,2),(0.,1.),(-0.45,0.),
  .PIECEWISE_BEZIER_KNOTS.);
#2040 = CARTESIAN_POINT('',(-25.74132209023,-32.39927261276,
    -5.075705882353));
#2041 = CARTESIAN_POINT('',(-25.74132209023,-32.39927261276,
    -5.367676470588));
#2042 = CARTESIAN_POINT('',(-26.05410285112,-32.33229093103,
    -5.075705882353));
#2043 = CARTESIAN_POINT('',(-26.05410285112,-32.33229093103,
    -5.367676470588));
#2044 = CARTESIAN_POINT('',(-26.32099263028,-31.99380056454,
    -5.075705882353));
#2045 = CARTESIAN_POINT('',(-26.32099263028,-31.99380056454,
    -5.367676470588));
#2046 = ADVANCED_FACE('',(#2047),#2063,.F.);
#2047 = FACE_BOUND('',#2048,.F.);
#2048 = EDGE_LOOP('',(#2049,#2056,#2061,#2062));
#2049 = ORIENTED_EDGE('',*,*,#2050,.T.);
#2050 = EDGE_CURVE('',#376,#2051,#2053,.T.);
#2051 = VERTEX_POINT('',#2052);
#2052 = CARTESIAN_POINT('',(-25.41729483272,-33.18595395876,
    -5.270352941176));
#2053 = B_SPLINE_CURVE_WITH_KNOTS('',1,(#2054,#2055),.UNSPECIFIED.,.F.,
  .F.,(2,2),(0.,1.),.PIECEWISE_BEZIER_KNOTS.);
#2054 = CARTESIAN_POINT('',(-25.41729483272,-33.18595395876,
    -5.125704714471));
#2055 = CARTESIAN_POINT('',(-25.41729483272,-33.18595395876,
    -5.270352941176));
#2056 = ORIENTED_EDGE('',*,*,#2057,.F.);
#2057 = EDGE_CURVE('',#2021,#2051,#2058,.T.);
#2058 = B_SPLINE_CURVE_WITH_KNOTS('',1,(#2059,#2060),.UNSPECIFIED.,.F.,
  .F.,(2,2),(0.,16.),.PIECEWISE_BEZIER_KNOTS.);
#2059 = CARTESIAN_POINT('',(-27.53298529314,-29.52147058823,
    -5.270352941176));
#2060 = CARTESIAN_POINT('',(-22.34239705784,-38.51183313293,
    -5.270352941176));
#2061 = ORIENTED_EDGE('',*,*,#2030,.T.);
#2062 = ORIENTED_EDGE('',*,*,#382,.T.);
#2063 = B_SPLINE_SURFACE_WITH_KNOTS('',1,1,(
    (#2064,#2065)
    ,(#2066,#2067
    )),.UNSPECIFIED.,.F.,.F.,.F.,(2,2),(2,2),(0.,0.3),(0.,16.),
  .PIECEWISE_BEZIER_KNOTS.);
#2064 = CARTESIAN_POINT('',(-27.53298529314,-29.52147058823,
    -5.270352941176));
#2065 = CARTESIAN_POINT('',(-22.34239705784,-38.51183313293,
    -5.270352941176));
#2066 = CARTESIAN_POINT('',(-27.53298529314,-29.52147058823,
    -5.075705882353));
#2067 = CARTESIAN_POINT('',(-22.34239705784,-38.51183313293,
    -5.075705882353));
#2068 = ADVANCED_FACE('',(#2069),#2099,.T.);
#2069 = FACE_BOUND('',#2070,.T.);
#2070 = EDGE_LOOP('',(#2071,#2080,#2085,#2086,#2087,#2094));
#2071 = ORIENTED_EDGE('',*,*,#2072,.F.);
#2072 = EDGE_CURVE('',#2073,#2075,#2077,.T.);
#2073 = VERTEX_POINT('',#2074);
#2074 = CARTESIAN_POINT('',(-26.82203898033,-33.99698337052,
    -5.367676470588));
#2075 = VERTEX_POINT('',#2076);
#2076 = CARTESIAN_POINT('',(-24.01255068511,-32.37492454699,
    -5.367676470588));
#2077 = B_SPLINE_CURVE_WITH_KNOTS('',1,(#2078,#2079),.UNSPECIFIED.,.F.,
  .F.,(2,2),(0.,5.),.PIECEWISE_BEZIER_KNOTS.);
#2078 = CARTESIAN_POINT('',(-26.82203898033,-33.99698337052,
    -5.367676470588));
#2079 = CARTESIAN_POINT('',(-24.01255068511,-32.37492454699,
    -5.367676470588));
#2080 = ORIENTED_EDGE('',*,*,#2081,.T.);
#2081 = EDGE_CURVE('',#2073,#369,#2082,.T.);
#2082 = B_SPLINE_CURVE_WITH_KNOTS('',1,(#2083,#2084),.UNSPECIFIED.,.F.,
  .F.,(2,2),(0.,0.45),.PIECEWISE_BEZIER_KNOTS.);
#2083 = CARTESIAN_POINT('',(-26.82203898033,-33.99698337052,
    -5.367676470588));
#2084 = CARTESIAN_POINT('',(-26.82203898033,-33.99698337052,
    -5.075705882353));
#2085 = ORIENTED_EDGE('',*,*,#375,.F.);
#2086 = ORIENTED_EDGE('',*,*,#2050,.T.);
#2087 = ORIENTED_EDGE('',*,*,#2088,.T.);
#2088 = EDGE_CURVE('',#2051,#2089,#2091,.T.);
#2089 = VERTEX_POINT('',#2090);
#2090 = CARTESIAN_POINT('',(-24.01255068511,-32.37492454699,
    -5.270352941176));
#2091 = B_SPLINE_CURVE_WITH_KNOTS('',1,(#2092,#2093),.UNSPECIFIED.,.F.,
  .F.,(2,2),(0.,1.),.PIECEWISE_BEZIER_KNOTS.);
#2092 = CARTESIAN_POINT('',(-25.41729483272,-33.18595395876,
    -5.270352941176));
#2093 = CARTESIAN_POINT('',(-24.01255068511,-32.37492454699,
    -5.270352941176));
#2094 = ORIENTED_EDGE('',*,*,#2095,.F.);
#2095 = EDGE_CURVE('',#2075,#2089,#2096,.T.);
#2096 = B_SPLINE_CURVE_WITH_KNOTS('',1,(#2097,#2098),.UNSPECIFIED.,.F.,
  .F.,(2,2),(0.,0.45),.PIECEWISE_BEZIER_KNOTS.);
#2097 = CARTESIAN_POINT('',(-24.01255068511,-32.37492454699,
    -5.367676470588));
#2098 = CARTESIAN_POINT('',(-24.01255068511,-32.37492454699,
    -5.075705882353));
#2099 = B_SPLINE_SURFACE_WITH_KNOTS('',1,1,(
    (#2100,#2101)
    ,(#2102,#2103
    )),.UNSPECIFIED.,.F.,.F.,.F.,(2,2),(2,2),(0.,5.),(-0.45,0.),
  .PIECEWISE_BEZIER_KNOTS.);
#2100 = CARTESIAN_POINT('',(-26.82203898033,-33.99698337052,
    -5.075705882353));
#2101 = CARTESIAN_POINT('',(-26.82203898033,-33.99698337052,
    -5.367676470588));
#2102 = CARTESIAN_POINT('',(-24.01255068511,-32.37492454699,
    -5.075705882353));
#2103 = CARTESIAN_POINT('',(-24.01255068511,-32.37492454699,
    -5.367676470588));
#2104 = ADVANCED_FACE('',(#2105),#2121,.T.);
#2105 = FACE_BOUND('',#2106,.T.);
#2106 = EDGE_LOOP('',(#2107,#2114,#2119,#2120));
#2107 = ORIENTED_EDGE('',*,*,#2108,.F.);
#2108 = EDGE_CURVE('',#2109,#2073,#2111,.T.);
#2109 = VERTEX_POINT('',#2110);
#2110 = CARTESIAN_POINT('',(-26.49491592544,-34.56357712192,
    -5.367676470588));
#2111 = B_SPLINE_CURVE_WITH_KNOTS('',1,(#2112,#2113),.UNSPECIFIED.,.F.,
  .F.,(2,2),(0.,1.00835755814),.PIECEWISE_BEZIER_KNOTS.);
#2112 = CARTESIAN_POINT('',(-26.49491592544,-34.56357712192,
    -5.367676470588));
#2113 = CARTESIAN_POINT('',(-26.82203898033,-33.99698337052,
    -5.367676470588));
#2114 = ORIENTED_EDGE('',*,*,#2115,.T.);
#2115 = EDGE_CURVE('',#2109,#362,#2116,.T.);
#2116 = B_SPLINE_CURVE_WITH_KNOTS('',1,(#2117,#2118),.UNSPECIFIED.,.F.,
  .F.,(2,2),(0.,0.45),.PIECEWISE_BEZIER_KNOTS.);
#2117 = CARTESIAN_POINT('',(-26.49491592544,-34.56357712192,
    -5.367676470588));
#2118 = CARTESIAN_POINT('',(-26.49491592544,-34.56357712192,
    -5.075705882353));
#2119 = ORIENTED_EDGE('',*,*,#368,.F.);
#2120 = ORIENTED_EDGE('',*,*,#2081,.F.);
#2121 = B_SPLINE_SURFACE_WITH_KNOTS('',1,1,(
    (#2122,#2123)
    ,(#2124,#2125
    )),.UNSPECIFIED.,.F.,.F.,.F.,(2,2),(2,2),(0.,1.00835755814),(-0.45,
    0.),.PIECEWISE_BEZIER_KNOTS.);
#2122 = CARTESIAN_POINT('',(-26.49491592544,-34.56357712192,
    -5.075705882353));
#2123 = CARTESIAN_POINT('',(-26.49491592544,-34.56357712192,
    -5.367676470588));
#2124 = CARTESIAN_POINT('',(-26.82203898033,-33.99698337052,
    -5.075705882353));
#2125 = CARTESIAN_POINT('',(-26.82203898033,-33.99698337052,
    -5.367676470588));
#2126 = ADVANCED_FACE('',(#2127),#2143,.T.);
#2127 = FACE_BOUND('',#2128,.T.);
#2128 = EDGE_LOOP('',(#2129,#2136,#2141,#2142));
#2129 = ORIENTED_EDGE('',*,*,#2130,.F.);
#2130 = EDGE_CURVE('',#2131,#2109,#2133,.T.);
#2131 = VERTEX_POINT('',#2132);
#2132 = CARTESIAN_POINT('',(-25.6440044087,-34.07230312867,
    -5.367676470588));
#2133 = B_SPLINE_CURVE_WITH_KNOTS('',1,(#2134,#2135),.UNSPECIFIED.,.F.,
  .F.,(2,2),(0.,1.514353197674),.PIECEWISE_BEZIER_KNOTS.);
#2134 = CARTESIAN_POINT('',(-25.6440044087,-34.07230312867,
    -5.367676470588));
#2135 = CARTESIAN_POINT('',(-26.49491592544,-34.56357712192,
    -5.367676470588));
#2136 = ORIENTED_EDGE('',*,*,#2137,.T.);
#2137 = EDGE_CURVE('',#2131,#355,#2138,.T.);
#2138 = B_SPLINE_CURVE_WITH_KNOTS('',1,(#2139,#2140),.UNSPECIFIED.,.F.,
  .F.,(2,2),(0.,0.45),.PIECEWISE_BEZIER_KNOTS.);
#2139 = CARTESIAN_POINT('',(-25.6440044087,-34.07230312867,
    -5.367676470588));
#2140 = CARTESIAN_POINT('',(-25.6440044087,-34.07230312867,
    -5.075705882353));
#2141 = ORIENTED_EDGE('',*,*,#361,.F.);
#2142 = ORIENTED_EDGE('',*,*,#2115,.F.);
#2143 = B_SPLINE_SURFACE_WITH_KNOTS('',1,1,(
    (#2144,#2145)
    ,(#2146,#2147
    )),.UNSPECIFIED.,.F.,.F.,.F.,(2,2),(2,2),(0.,1.514353197674),(-0.45,
    0.),.PIECEWISE_BEZIER_KNOTS.);
#2144 = CARTESIAN_POINT('',(-25.6440044087,-34.07230312867,
    -5.075705882353));
#2145 = CARTESIAN_POINT('',(-25.6440044087,-34.07230312867,
    -5.367676470588));
#2146 = CARTESIAN_POINT('',(-26.49491592544,-34.56357712192,
    -5.075705882353));
#2147 = CARTESIAN_POINT('',(-26.49491592544,-34.56357712192,
    -5.367676470588));
#2148 = ADVANCED_FACE('',(#2149),#2165,.T.);
#2149 = FACE_BOUND('',#2150,.T.);
#2150 = EDGE_LOOP('',(#2151,#2158,#2163,#2164));
#2151 = ORIENTED_EDGE('',*,*,#2152,.F.);
#2152 = EDGE_CURVE('',#2153,#2131,#2155,.T.);
#2153 = VERTEX_POINT('',#2154);
#2154 = CARTESIAN_POINT('',(-24.90890504153,-34.26042709645,
    -5.367676470588));
#2155 = B_SPLINE_CURVE_WITH_KNOTS('',1,(#2156,#2157),.UNSPECIFIED.,.F.,
  .F.,(2,2),(0.,1.169485381495),.PIECEWISE_BEZIER_KNOTS.);
#2156 = CARTESIAN_POINT('',(-24.90890504153,-34.26042709645,
    -5.367676470588));
#2157 = CARTESIAN_POINT('',(-25.6440044087,-34.07230312867,
    -5.367676470588));
#2158 = ORIENTED_EDGE('',*,*,#2159,.T.);
#2159 = EDGE_CURVE('',#2153,#348,#2160,.T.);
#2160 = B_SPLINE_CURVE_WITH_KNOTS('',1,(#2161,#2162),.UNSPECIFIED.,.F.,
  .F.,(2,2),(0.,0.45),.PIECEWISE_BEZIER_KNOTS.);
#2161 = CARTESIAN_POINT('',(-24.90890504153,-34.26042709645,
    -5.367676470588));
#2162 = CARTESIAN_POINT('',(-24.90890504153,-34.26042709645,
    -5.075705882353));
#2163 = ORIENTED_EDGE('',*,*,#354,.F.);
#2164 = ORIENTED_EDGE('',*,*,#2137,.F.);
#2165 = B_SPLINE_SURFACE_WITH_KNOTS('',1,1,(
    (#2166,#2167)
    ,(#2168,#2169
    )),.UNSPECIFIED.,.F.,.F.,.F.,(2,2),(2,2),(0.,1.169485381495),(-0.45,
    0.),.PIECEWISE_BEZIER_KNOTS.);
#2166 = CARTESIAN_POINT('',(-24.90890504153,-34.26042709645,
    -5.075705882353));
#2167 = CARTESIAN_POINT('',(-24.90890504153,-34.26042709645,
    -5.367676470588));
#2168 = CARTESIAN_POINT('',(-25.6440044087,-34.07230312867,
    -5.075705882353));
#2169 = CARTESIAN_POINT('',(-25.6440044087,-34.07230312867,
    -5.367676470588));
#2170 = ADVANCED_FACE('',(#2171),#2187,.T.);
#2171 = FACE_BOUND('',#2172,.T.);
#2172 = EDGE_LOOP('',(#2173,#2180,#2185,#2186));
#2173 = ORIENTED_EDGE('',*,*,#2174,.F.);
#2174 = EDGE_CURVE('',#2175,#2153,#2177,.T.);
#2175 = VERTEX_POINT('',#2176);
#2176 = CARTESIAN_POINT('',(-25.78430739742,-35.79438719675,
    -5.367676470588));
#2177 = B_SPLINE_CURVE_WITH_KNOTS('',1,(#2178,#2179),.UNSPECIFIED.,.F.,
  .F.,(2,2),(0.,2.722114308761),.PIECEWISE_BEZIER_KNOTS.);
#2178 = CARTESIAN_POINT('',(-25.78430739742,-35.79438719675,
    -5.367676470588));
#2179 = CARTESIAN_POINT('',(-24.90890504153,-34.26042709645,
    -5.367676470588));
#2180 = ORIENTED_EDGE('',*,*,#2181,.T.);
#2181 = EDGE_CURVE('',#2175,#341,#2182,.T.);
#2182 = B_SPLINE_CURVE_WITH_KNOTS('',1,(#2183,#2184),.UNSPECIFIED.,.F.,
  .F.,(2,2),(0.,0.45),.PIECEWISE_BEZIER_KNOTS.);
#2183 = CARTESIAN_POINT('',(-25.78430739742,-35.79438719675,
    -5.367676470588));
#2184 = CARTESIAN_POINT('',(-25.78430739742,-35.79438719675,
    -5.075705882353));
#2185 = ORIENTED_EDGE('',*,*,#347,.F.);
#2186 = ORIENTED_EDGE('',*,*,#2159,.F.);
#2187 = B_SPLINE_SURFACE_WITH_KNOTS('',1,1,(
    (#2188,#2189)
    ,(#2190,#2191
    )),.UNSPECIFIED.,.F.,.F.,.F.,(2,2),(2,2),(0.,2.722114308761),(-0.45,
    0.),.PIECEWISE_BEZIER_KNOTS.);
#2188 = CARTESIAN_POINT('',(-25.78430739742,-35.79438719675,
    -5.075705882353));
#2189 = CARTESIAN_POINT('',(-25.78430739742,-35.79438719675,
    -5.367676470588));
#2190 = CARTESIAN_POINT('',(-24.90890504153,-34.26042709645,
    -5.075705882353));
#2191 = CARTESIAN_POINT('',(-24.90890504153,-34.26042709645,
    -5.367676470588));
#2192 = ADVANCED_FACE('',(#2193),#2209,.T.);
#2193 = FACE_BOUND('',#2194,.T.);
#2194 = EDGE_LOOP('',(#2195,#2202,#2207,#2208));
#2195 = ORIENTED_EDGE('',*,*,#2196,.F.);
#2196 = EDGE_CURVE('',#2197,#2175,#2199,.T.);
#2197 = VERTEX_POINT('',#2198);
#2198 = CARTESIAN_POINT('',(-25.36103668788,-36.52751357102,
    -5.367676470588));
#2199 = B_SPLINE_CURVE_WITH_KNOTS('',1,(#2200,#2201),.UNSPECIFIED.,.F.,
  .F.,(2,2),(0.,1.304732921512),.PIECEWISE_BEZIER_KNOTS.);
#2200 = CARTESIAN_POINT('',(-25.36103668788,-36.52751357102,
    -5.367676470588));
#2201 = CARTESIAN_POINT('',(-25.78430739742,-35.79438719675,
    -5.367676470588));
#2202 = ORIENTED_EDGE('',*,*,#2203,.T.);
#2203 = EDGE_CURVE('',#2197,#334,#2204,.T.);
#2204 = B_SPLINE_CURVE_WITH_KNOTS('',1,(#2205,#2206),.UNSPECIFIED.,.F.,
  .F.,(2,2),(0.,0.45),.PIECEWISE_BEZIER_KNOTS.);
#2205 = CARTESIAN_POINT('',(-25.36103668788,-36.52751357102,
    -5.367676470588));
#2206 = CARTESIAN_POINT('',(-25.36103668788,-36.52751357102,
    -5.075705882353));
#2207 = ORIENTED_EDGE('',*,*,#340,.F.);
#2208 = ORIENTED_EDGE('',*,*,#2181,.F.);
#2209 = B_SPLINE_SURFACE_WITH_KNOTS('',1,1,(
    (#2210,#2211)
    ,(#2212,#2213
    )),.UNSPECIFIED.,.F.,.F.,.F.,(2,2),(2,2),(0.,1.304732921512),(-0.45,
    0.),.PIECEWISE_BEZIER_KNOTS.);
#2210 = CARTESIAN_POINT('',(-25.36103668788,-36.52751357102,
    -5.075705882353));
#2211 = CARTESIAN_POINT('',(-25.36103668788,-36.52751357102,
    -5.367676470588));
#2212 = CARTESIAN_POINT('',(-25.78430739742,-35.79438719675,
    -5.075705882353));
#2213 = CARTESIAN_POINT('',(-25.78430739742,-35.79438719675,
    -5.367676470588));
#2214 = ADVANCED_FACE('',(#2215),#2245,.T.);
#2215 = FACE_BOUND('',#2216,.T.);
#2216 = EDGE_LOOP('',(#2217,#2224,#2231,#2238,#2243,#2244));
#2217 = ORIENTED_EDGE('',*,*,#2218,.F.);
#2218 = EDGE_CURVE('',#2219,#2197,#2221,.T.);
#2219 = VERTEX_POINT('',#2220);
#2220 = CARTESIAN_POINT('',(-24.28224573919,-34.41927889706,
    -5.367676470588));
#2221 = B_SPLINE_CURVE_WITH_KNOTS('',1,(#2222,#2223),.UNSPECIFIED.,.F.,
  .F.,(2,2),(0.,3.650014399217),.PIECEWISE_BEZIER_KNOTS.);
#2222 = CARTESIAN_POINT('',(-24.28224573919,-34.41927889706,
    -5.367676470588));
#2223 = CARTESIAN_POINT('',(-25.36103668788,-36.52751357102,
    -5.367676470588));
#2224 = ORIENTED_EDGE('',*,*,#2225,.T.);
#2225 = EDGE_CURVE('',#2219,#2226,#2228,.T.);
#2226 = VERTEX_POINT('',#2227);
#2227 = CARTESIAN_POINT('',(-24.28224573919,-34.41927889706,
    -5.270352941176));
#2228 = B_SPLINE_CURVE_WITH_KNOTS('',1,(#2229,#2230),.UNSPECIFIED.,.F.,
  .F.,(2,2),(0.,0.45),.PIECEWISE_BEZIER_KNOTS.);
#2229 = CARTESIAN_POINT('',(-24.28224573919,-34.41927889706,
    -5.367676470588));
#2230 = CARTESIAN_POINT('',(-24.28224573919,-34.41927889706,
    -5.075705882353));
#2231 = ORIENTED_EDGE('',*,*,#2232,.T.);
#2232 = EDGE_CURVE('',#2226,#2233,#2235,.T.);
#2233 = VERTEX_POINT('',#2234);
#2234 = CARTESIAN_POINT('',(-24.48099142605,-34.80767903041,
    -5.270352941176));
#2235 = B_SPLINE_CURVE_WITH_KNOTS('',1,(#2236,#2237),.UNSPECIFIED.,.F.,
  .F.,(2,2),(0.,1.),.PIECEWISE_BEZIER_KNOTS.);
#2236 = CARTESIAN_POINT('',(-24.28224573919,-34.41927889706,
    -5.270352941176));
#2237 = CARTESIAN_POINT('',(-24.48099142605,-34.80767903041,
    -5.270352941176));
#2238 = ORIENTED_EDGE('',*,*,#2239,.T.);
#2239 = EDGE_CURVE('',#2233,#327,#2240,.T.);
#2240 = B_SPLINE_CURVE_WITH_KNOTS('',1,(#2241,#2242),.UNSPECIFIED.,.F.,
  .F.,(2,2),(0.,1.),.PIECEWISE_BEZIER_KNOTS.);
#2241 = CARTESIAN_POINT('',(-24.48099142605,-34.80767903041,
    -5.270352941176));
#2242 = CARTESIAN_POINT('',(-24.48099142605,-34.80767903041,
    -5.125704714471));
#2243 = ORIENTED_EDGE('',*,*,#333,.F.);
#2244 = ORIENTED_EDGE('',*,*,#2203,.F.);
#2245 = B_SPLINE_SURFACE_WITH_KNOTS('',1,1,(
    (#2246,#2247)
    ,(#2248,#2249
    )),.UNSPECIFIED.,.F.,.F.,.F.,(2,2),(2,2),(0.,3.650014399217),(-0.45,
    0.),.PIECEWISE_BEZIER_KNOTS.);
#2246 = CARTESIAN_POINT('',(-24.28224573919,-34.41927889706,
    -5.075705882353));
#2247 = CARTESIAN_POINT('',(-24.28224573919,-34.41927889706,
    -5.367676470588));
#2248 = CARTESIAN_POINT('',(-25.36103668788,-36.52751357102,
    -5.075705882353));
#2249 = CARTESIAN_POINT('',(-25.36103668788,-36.52751357102,
    -5.367676470588));
#2250 = ADVANCED_FACE('',(#2251),#2267,.F.);
#2251 = FACE_BOUND('',#2252,.F.);
#2252 = EDGE_LOOP('',(#2253,#2260,#2265,#2266));
#2253 = ORIENTED_EDGE('',*,*,#2254,.F.);
#2254 = EDGE_CURVE('',#2255,#320,#2257,.T.);
#2255 = VERTEX_POINT('',#2256);
#2256 = CARTESIAN_POINT('',(-22.34239705784,-38.51183313293,
    -5.270352941176));
#2257 = B_SPLINE_CURVE_WITH_KNOTS('',1,(#2258,#2259),.UNSPECIFIED.,.F.,
  .F.,(2,2),(0.,0.3),.PIECEWISE_BEZIER_KNOTS.);
#2258 = CARTESIAN_POINT('',(-22.34239705784,-38.51183313293,
    -5.270352941176));
#2259 = CARTESIAN_POINT('',(-22.34239705784,-38.51183313293,
    -5.075705882353));
#2260 = ORIENTED_EDGE('',*,*,#2261,.F.);
#2261 = EDGE_CURVE('',#2233,#2255,#2262,.T.);
#2262 = B_SPLINE_CURVE_WITH_KNOTS('',1,(#2263,#2264),.UNSPECIFIED.,.F.,
  .F.,(2,2),(0.,16.),.PIECEWISE_BEZIER_KNOTS.);
#2263 = CARTESIAN_POINT('',(-27.53298529314,-29.52147058823,
    -5.270352941176));
#2264 = CARTESIAN_POINT('',(-22.34239705784,-38.51183313293,
    -5.270352941176));
#2265 = ORIENTED_EDGE('',*,*,#2239,.T.);
#2266 = ORIENTED_EDGE('',*,*,#326,.T.);
#2267 = B_SPLINE_SURFACE_WITH_KNOTS('',1,1,(
    (#2268,#2269)
    ,(#2270,#2271
    )),.UNSPECIFIED.,.F.,.F.,.F.,(2,2),(2,2),(0.,0.3),(0.,16.),
  .PIECEWISE_BEZIER_KNOTS.);
#2268 = CARTESIAN_POINT('',(-27.53298529314,-29.52147058823,
    -5.270352941176));
#2269 = CARTESIAN_POINT('',(-22.34239705784,-38.51183313293,
    -5.270352941176));
#2270 = CARTESIAN_POINT('',(-27.53298529314,-29.52147058823,
    -5.075705882353));
#2271 = CARTESIAN_POINT('',(-22.34239705784,-38.51183313293,
    -5.075705882353));
#2272 = ADVANCED_FACE('',(#2273),#2289,.T.);
#2273 = FACE_BOUND('',#2274,.T.);
#2274 = EDGE_LOOP('',(#2275,#2276,#2283,#2288));
#2275 = ORIENTED_EDGE('',*,*,#2254,.F.);
#2276 = ORIENTED_EDGE('',*,*,#2277,.T.);
#2277 = EDGE_CURVE('',#2255,#2278,#2280,.T.);
#2278 = VERTEX_POINT('',#2279);
#2279 = CARTESIAN_POINT('',(-17.84721578549,-35.91653901528,
    -5.270352941176));
#2280 = B_SPLINE_CURVE_WITH_KNOTS('',1,(#2281,#2282),.UNSPECIFIED.,.F.,
  .F.,(2,2),(0.,8.),.PIECEWISE_BEZIER_KNOTS.);
#2281 = CARTESIAN_POINT('',(-22.34239705784,-38.51183313293,
    -5.270352941176));
#2282 = CARTESIAN_POINT('',(-17.84721578549,-35.91653901528,
    -5.270352941176));
#2283 = ORIENTED_EDGE('',*,*,#2284,.T.);
#2284 = EDGE_CURVE('',#2278,#313,#2285,.T.);
#2285 = B_SPLINE_CURVE_WITH_KNOTS('',1,(#2286,#2287),.UNSPECIFIED.,.F.,
  .F.,(2,2),(0.,0.3),.PIECEWISE_BEZIER_KNOTS.);
#2286 = CARTESIAN_POINT('',(-17.84721578549,-35.91653901528,
    -5.270352941176));
#2287 = CARTESIAN_POINT('',(-17.84721578549,-35.91653901528,
    -5.075705882353));
#2288 = ORIENTED_EDGE('',*,*,#319,.T.);
#2289 = B_SPLINE_SURFACE_WITH_KNOTS('',1,1,(
    (#2290,#2291)
    ,(#2292,#2293
    )),.UNSPECIFIED.,.F.,.F.,.F.,(2,2),(2,2),(0.,0.3),(-8.,0.),
  .PIECEWISE_BEZIER_KNOTS.);
#2290 = CARTESIAN_POINT('',(-17.84721578549,-35.91653901528,
    -5.270352941176));
#2291 = CARTESIAN_POINT('',(-22.34239705784,-38.51183313293,
    -5.270352941176));
#2292 = CARTESIAN_POINT('',(-17.84721578549,-35.91653901528,
    -5.075705882353));
#2293 = CARTESIAN_POINT('',(-22.34239705784,-38.51183313293,
    -5.075705882353));
#2294 = ADVANCED_FACE('',(#2295),#2305,.T.);
#2295 = FACE_BOUND('',#2296,.T.);
#2296 = EDGE_LOOP('',(#2297,#2298,#2303,#2304));
#2297 = ORIENTED_EDGE('',*,*,#2284,.F.);
#2298 = ORIENTED_EDGE('',*,*,#2299,.F.);
#2299 = EDGE_CURVE('',#1377,#2278,#2300,.T.);
#2300 = B_SPLINE_CURVE_WITH_KNOTS('',1,(#2301,#2302),.UNSPECIFIED.,.F.,
  .F.,(2,2),(0.,16.),.PIECEWISE_BEZIER_KNOTS.);
#2301 = CARTESIAN_POINT('',(-23.03780402079,-26.92617647058,
    -5.270352941176));
#2302 = CARTESIAN_POINT('',(-17.84721578549,-35.91653901528,
    -5.270352941176));
#2303 = ORIENTED_EDGE('',*,*,#1383,.T.);
#2304 = ORIENTED_EDGE('',*,*,#312,.T.);
#2305 = B_SPLINE_SURFACE_WITH_KNOTS('',1,1,(
    (#2306,#2307)
    ,(#2308,#2309
    )),.UNSPECIFIED.,.F.,.F.,.F.,(2,2),(2,2),(0.,0.3),(0.,16.),
  .PIECEWISE_BEZIER_KNOTS.);
#2306 = CARTESIAN_POINT('',(-23.03780402079,-26.92617647058,
    -5.270352941176));
#2307 = CARTESIAN_POINT('',(-17.84721578549,-35.91653901528,
    -5.270352941176));
#2308 = CARTESIAN_POINT('',(-23.03780402079,-26.92617647058,
    -5.075705882353));
#2309 = CARTESIAN_POINT('',(-17.84721578549,-35.91653901528,
    -5.075705882353));
#2310 = ADVANCED_FACE('',(#2311),#2322,.F.);
#2311 = FACE_BOUND('',#2312,.F.);
#2312 = EDGE_LOOP('',(#2313,#2314,#2320,#2321));
#2313 = ORIENTED_EDGE('',*,*,#846,.F.);
#2314 = ORIENTED_EDGE('',*,*,#2315,.F.);
#2315 = EDGE_CURVE('',#699,#847,#2316,.T.);
#2316 = LINE('',#2317,#2318);
#2317 = CARTESIAN_POINT('',(1.427411764706,-16.09764381743,
    -5.125705882353));
#2318 = VECTOR('',#2319,1.);
#2319 = DIRECTION('',(0.,0.,1.));
#2320 = ORIENTED_EDGE('',*,*,#698,.T.);
#2321 = ORIENTED_EDGE('',*,*,#2315,.T.);
#2322 = CYLINDRICAL_SURFACE('',#2323,2.854823529412);
#2323 = AXIS2_PLACEMENT_3D('',#2324,#2325,#2326);
#2324 = CARTESIAN_POINT('',(0.,-13.62529411764,-5.125705882353));
#2325 = DIRECTION('',(0.,0.,1.));
#2326 = DIRECTION('',(0.5,-0.866025403784,0.));
#2327 = ADVANCED_FACE('',(#2328),#2343,.F.);
#2328 = FACE_BOUND('',#2329,.F.);
#2329 = EDGE_LOOP('',(#2330,#2331,#2332,#2333,#2334,#2335,#2336,#2337,
    #2338,#2339,#2340,#2341,#2342));
#2330 = ORIENTED_EDGE('',*,*,#1079,.F.);
#2331 = ORIENTED_EDGE('',*,*,#1129,.F.);
#2332 = ORIENTED_EDGE('',*,*,#1173,.F.);
#2333 = ORIENTED_EDGE('',*,*,#1217,.F.);
#2334 = ORIENTED_EDGE('',*,*,#1261,.F.);
#2335 = ORIENTED_EDGE('',*,*,#1305,.F.);
#2336 = ORIENTED_EDGE('',*,*,#1349,.F.);
#2337 = ORIENTED_EDGE('',*,*,#1327,.F.);
#2338 = ORIENTED_EDGE('',*,*,#1283,.F.);
#2339 = ORIENTED_EDGE('',*,*,#1239,.F.);
#2340 = ORIENTED_EDGE('',*,*,#1195,.F.);
#2341 = ORIENTED_EDGE('',*,*,#1151,.F.);
#2342 = ORIENTED_EDGE('',*,*,#1107,.F.);
#2343 = B_SPLINE_SURFACE_WITH_KNOTS('',1,1,(
    (#2344,#2345)
    ,(#2346,#2347
    )),.UNSPECIFIED.,.F.,.F.,.F.,(2,2),(2,2),(-3.282029421284,
    3.272294706623),(-2.73277656887,2.26722343113),
  .PIECEWISE_BEZIER_KNOTS.);
#2344 = CARTESIAN_POINT('',(-32.51442219361,-24.13748642897,
    -5.367676470588));
#2345 = CARTESIAN_POINT('',(-29.70493389839,-22.51542760544,
    -5.367676470588));
#2346 = CARTESIAN_POINT('',(-30.38812233682,-27.82034581306,
    -5.367676470588));
#2347 = CARTESIAN_POINT('',(-27.5786340416,-26.19828698953,
    -5.367676470588));
#2348 = ADVANCED_FACE('',(#2349),#2469,.F.);
#2349 = FACE_BOUND('',#2350,.F.);
#2350 = EDGE_LOOP('',(#2351,#2352,#2353,#2354,#2355,#2356,#2363,#2382,
    #2397,#2412,#2429,#2430,#2431,#2432,#2439,#2446,#2453,#2460,#2465,
    #2466,#2467,#2468));
#2351 = ORIENTED_EDGE('',*,*,#1376,.F.);
#2352 = ORIENTED_EDGE('',*,*,#1414,.T.);
#2353 = ORIENTED_EDGE('',*,*,#1646,.T.);
#2354 = ORIENTED_EDGE('',*,*,#1697,.T.);
#2355 = ORIENTED_EDGE('',*,*,#1728,.T.);
#2356 = ORIENTED_EDGE('',*,*,#2357,.T.);
#2357 = EDGE_CURVE('',#1729,#2358,#2360,.T.);
#2358 = VERTEX_POINT('',#2359);
#2359 = CARTESIAN_POINT('',(-24.96356518793,-30.72771910937,
    -5.270352941176));
#2360 = B_SPLINE_CURVE_WITH_KNOTS('',1,(#2361,#2362),.UNSPECIFIED.,.F.,
  .F.,(2,2),(0.,1.),.PIECEWISE_BEZIER_KNOTS.);
#2361 = CARTESIAN_POINT('',(-25.65207080684,-29.53519239612,
    -5.270352941176));
#2362 = CARTESIAN_POINT('',(-24.96356518793,-30.72771910937,
    -5.270352941176));
#2363 = ORIENTED_EDGE('',*,*,#2364,.T.);
#2364 = EDGE_CURVE('',#2358,#2365,#2367,.T.);
#2365 = VERTEX_POINT('',#2366);
#2366 = CARTESIAN_POINT('',(-24.66174068651,-31.42496011008,
    -5.270352941176));
#2367 = B_SPLINE_CURVE_WITH_KNOTS('',7,(#2368,#2369,#2370,#2371,#2372,
    #2373,#2374,#2375,#2376,#2377,#2378,#2379,#2380,#2381),
  .UNSPECIFIED.,.F.,.F.,(8,6,8),(0.,0.83148379316,1.),.UNSPECIFIED.);
#2368 = CARTESIAN_POINT('',(-24.96356518793,-30.72771910937,
    -5.270352941176));
#2369 = CARTESIAN_POINT('',(-24.91399259572,-30.81358179606,
    -5.270352941176));
#2370 = CARTESIAN_POINT('',(-24.8667591523,-30.89909784311,
    -5.270352941176));
#2371 = CARTESIAN_POINT('',(-24.82217520097,-30.98435868026,
    -5.270352941176));
#2372 = CARTESIAN_POINT('',(-24.78081510741,-31.06919933748,
    -5.270352941176));
#2373 = CARTESIAN_POINT('',(-24.74366548368,-31.15316154992,
    -5.270352941176));
#2374 = CARTESIAN_POINT('',(-24.71200563387,-31.23552326766,
    -5.270352941176));
#2375 = CARTESIAN_POINT('',(-24.68327848768,-31.33125731642,
    -5.270352941176));
#2376 = CARTESIAN_POINT('',(-24.67875952867,-31.34726785547,
    -5.270352941176));
#2377 = CARTESIAN_POINT('',(-24.67458219981,-31.36314339184,
    -5.270352941176));
#2378 = CARTESIAN_POINT('',(-24.67076783274,-31.37886886524,
    -5.270352941176));
#2379 = CARTESIAN_POINT('',(-24.66733941696,-31.39442693574,
    -5.270352941176));
#2380 = CARTESIAN_POINT('',(-24.66432159983,-31.40979798376,
    -5.270352941176));
#2381 = CARTESIAN_POINT('',(-24.66174068651,-31.42496011008,
    -5.270352941176));
#2382 = ORIENTED_EDGE('',*,*,#2383,.T.);
#2383 = EDGE_CURVE('',#2365,#2384,#2386,.T.);
#2384 = VERTEX_POINT('',#2385);
#2385 = CARTESIAN_POINT('',(-24.74202574643,-31.90655199514,
    -5.270352941176));
#2386 = B_SPLINE_CURVE_WITH_KNOTS('',5,(#2387,#2388,#2389,#2390,#2391,
    #2392,#2393,#2394,#2395,#2396),.UNSPECIFIED.,.F.,.F.,(6,4,6),(0.,
    0.374399476703,1.),.UNSPECIFIED.);
#2387 = CARTESIAN_POINT('',(-24.66174068651,-31.42496011008,
    -5.270352941176));
#2388 = CARTESIAN_POINT('',(-24.65545060526,-31.46186760323,
    -5.270352941176));
#2389 = CARTESIAN_POINT('',(-24.6514032675,-31.49884684259,
    -5.270352941176));
#2390 = CARTESIAN_POINT('',(-24.64967890442,-31.53581393728,
    -5.270352941176));
#2391 = CARTESIAN_POINT('',(-24.65031498383,-31.57268041205,
    -5.270352941176));
#2392 = CARTESIAN_POINT('',(-24.65830404275,-31.6706314186,
    -5.270352941176));
#2393 = CARTESIAN_POINT('',(-24.66987660134,-31.73138578394,
    -5.270352941176));
#2394 = CARTESIAN_POINT('',(-24.68799237737,-31.79115669506,
    -5.270352941176));
#2395 = CARTESIAN_POINT('',(-24.71223498565,-31.8496207206,
    -5.270352941176));
#2396 = CARTESIAN_POINT('',(-24.74202574643,-31.90655199514,
    -5.270352941176));
#2397 = ORIENTED_EDGE('',*,*,#2398,.T.);
#2398 = EDGE_CURVE('',#2384,#2399,#2401,.T.);
#2399 = VERTEX_POINT('',#2400);
#2400 = CARTESIAN_POINT('',(-25.1129588187,-32.28405264702,
    -5.270352941176));
#2401 = B_SPLINE_CURVE_WITH_KNOTS('',5,(#2402,#2403,#2404,#2405,#2406,
    #2407,#2408,#2409,#2410,#2411),.UNSPECIFIED.,.F.,.F.,(6,4,6),(0.,
    0.234671716438,1.),.UNSPECIFIED.);
#2402 = CARTESIAN_POINT('',(-24.74202574643,-31.90655199514,
    -5.270352941176));
#2403 = CARTESIAN_POINT('',(-24.75360080309,-31.92868847103,
    -5.270352941176));
#2404 = CARTESIAN_POINT('',(-24.7659093207,-31.95037107811,
    -5.270352941176));
#2405 = CARTESIAN_POINT('',(-24.77894921758,-31.9715781042,
    -5.270352941176));
#2406 = CARTESIAN_POINT('',(-24.79271364325,-31.99229051262,
    -5.270352941176));
#2407 = CARTESIAN_POINT('',(-24.85440542777,-32.07837435329,
    -5.270352941176));
#2408 = CARTESIAN_POINT('',(-24.90921824508,-32.13884421546,
    -5.270352941176));
#2409 = CARTESIAN_POINT('',(-24.9711898963,-32.19327045329,
    -5.270352941176));
#2410 = CARTESIAN_POINT('',(-25.03943153214,-32.24160174772,
    -5.270352941176));
#2411 = CARTESIAN_POINT('',(-25.1129588187,-32.28405264702,
    -5.270352941176));
#2412 = ORIENTED_EDGE('',*,*,#2413,.T.);
#2413 = EDGE_CURVE('',#2399,#2014,#2414,.T.);
#2414 = B_SPLINE_CURVE_WITH_KNOTS('',5,(#2415,#2416,#2417,#2418,#2419,
    #2420,#2421,#2422,#2423,#2424,#2425,#2426,#2427,#2428),
  .UNSPECIFIED.,.F.,.F.,(6,4,4,6),(0.,0.399150348818,0.750750296835,1.),
  .UNSPECIFIED.);
#2415 = CARTESIAN_POINT('',(-25.1129588187,-32.28405264702,
    -5.270352941176));
#2416 = CARTESIAN_POINT('',(-25.16010818854,-32.31127442096,
    -5.270352941176));
#2417 = CARTESIAN_POINT('',(-25.2082043748,-32.33558858433,
    -5.270352941176));
#2418 = CARTESIAN_POINT('',(-25.25718791757,-32.35667391481,
    -5.270352941176));
#2419 = CARTESIAN_POINT('',(-25.30694298764,-32.37418985803,
    -5.270352941176));
#2420 = CARTESIAN_POINT('',(-25.40160499891,-32.39994925779,
    -5.270352941176));
#2421 = CARTESIAN_POINT('',(-25.44638762985,-32.40905024815,
    -5.270352941176));
#2422 = CARTESIAN_POINT('',(-25.49147939845,-32.41501524492,
    -5.270352941176));
#2423 = CARTESIAN_POINT('',(-25.53671798232,-32.41773967551,
    -5.270352941176));
#2424 = CARTESIAN_POINT('',(-25.61395762912,-32.41686336847,
    -5.270352941176));
#2425 = CARTESIAN_POINT('',(-25.64598111909,-32.41487261042,
    -5.270352941176));
#2426 = CARTESIAN_POINT('',(-25.67792214378,-32.41125629994,
    -5.270352941176));
#2427 = CARTESIAN_POINT('',(-25.70972081589,-32.40603990289,
    -5.270352941176));
#2428 = CARTESIAN_POINT('',(-25.74132209023,-32.39927261276,
    -5.270352941176));
#2429 = ORIENTED_EDGE('',*,*,#2020,.T.);
#2430 = ORIENTED_EDGE('',*,*,#2057,.T.);
#2431 = ORIENTED_EDGE('',*,*,#2088,.T.);
#2432 = ORIENTED_EDGE('',*,*,#2433,.T.);
#2433 = EDGE_CURVE('',#2089,#2434,#2436,.T.);
#2434 = VERTEX_POINT('',#2435);
#2435 = CARTESIAN_POINT('',(-23.68542763022,-32.94151829839,
    -5.270352941176));
#2436 = B_SPLINE_CURVE_WITH_KNOTS('',1,(#2437,#2438),.UNSPECIFIED.,.F.,
  .F.,(2,2),(0.,1.),.PIECEWISE_BEZIER_KNOTS.);
#2437 = CARTESIAN_POINT('',(-24.01255068511,-32.37492454699,
    -5.270352941176));
#2438 = CARTESIAN_POINT('',(-23.68542763022,-32.94151829839,
    -5.270352941176));
#2439 = ORIENTED_EDGE('',*,*,#2440,.T.);
#2440 = EDGE_CURVE('',#2434,#2441,#2443,.T.);
#2441 = VERTEX_POINT('',#2442);
#2442 = CARTESIAN_POINT('',(-24.93155104968,-33.66096799006,
    -5.270352941176));
#2443 = B_SPLINE_CURVE_WITH_KNOTS('',1,(#2444,#2445),.UNSPECIFIED.,.F.,
  .F.,(2,2),(0.,1.),.PIECEWISE_BEZIER_KNOTS.);
#2444 = CARTESIAN_POINT('',(-23.68542763022,-32.94151829839,
    -5.270352941176));
#2445 = CARTESIAN_POINT('',(-24.93155104968,-33.66096799006,
    -5.270352941176));
#2446 = ORIENTED_EDGE('',*,*,#2447,.T.);
#2447 = EDGE_CURVE('',#2441,#2448,#2450,.T.);
#2448 = VERTEX_POINT('',#2449);
#2449 = CARTESIAN_POINT('',(-23.02455064771,-34.08619080966,
    -5.270352941176));
#2450 = B_SPLINE_CURVE_WITH_KNOTS('',1,(#2451,#2452),.UNSPECIFIED.,.F.,
  .F.,(2,2),(0.,1.),.PIECEWISE_BEZIER_KNOTS.);
#2451 = CARTESIAN_POINT('',(-24.93155104968,-33.66096799006,
    -5.270352941176));
#2452 = CARTESIAN_POINT('',(-23.02455064771,-34.08619080966,
    -5.270352941176));
#2453 = ORIENTED_EDGE('',*,*,#2454,.T.);
#2454 = EDGE_CURVE('',#2448,#2455,#2457,.T.);
#2455 = VERTEX_POINT('',#2456);
#2456 = CARTESIAN_POINT('',(-22.58470275633,-34.84802970512,
    -5.270352941176));
#2457 = B_SPLINE_CURVE_WITH_KNOTS('',1,(#2458,#2459),.UNSPECIFIED.,.F.,
  .F.,(2,2),(0.,1.),.PIECEWISE_BEZIER_KNOTS.);
#2458 = CARTESIAN_POINT('',(-23.02455064771,-34.08619080966,
    -5.270352941176));
#2459 = CARTESIAN_POINT('',(-22.58470275633,-34.84802970512,
    -5.270352941176));
#2460 = ORIENTED_EDGE('',*,*,#2461,.T.);
#2461 = EDGE_CURVE('',#2455,#2226,#2462,.T.);
#2462 = B_SPLINE_CURVE_WITH_KNOTS('',1,(#2463,#2464),.UNSPECIFIED.,.F.,
  .F.,(2,2),(0.,1.),.PIECEWISE_BEZIER_KNOTS.);
#2463 = CARTESIAN_POINT('',(-22.58470275633,-34.84802970512,
    -5.270352941176));
#2464 = CARTESIAN_POINT('',(-24.28224573919,-34.41927889706,
    -5.270352941176));
#2465 = ORIENTED_EDGE('',*,*,#2232,.T.);
#2466 = ORIENTED_EDGE('',*,*,#2261,.T.);
#2467 = ORIENTED_EDGE('',*,*,#2277,.T.);
#2468 = ORIENTED_EDGE('',*,*,#2299,.F.);
#2469 = B_SPLINE_SURFACE_WITH_KNOTS('',1,1,(
    (#2470,#2471)
    ,(#2472,#2473
    )),.UNSPECIFIED.,.F.,.F.,.F.,(2,2),(2,2),(0.,16.),(0.,8.),
  .PIECEWISE_BEZIER_KNOTS.);
#2470 = CARTESIAN_POINT('',(-27.53298529314,-29.52147058823,
    -5.270352941176));
#2471 = CARTESIAN_POINT('',(-23.03780402079,-26.92617647058,
    -5.270352941176));
#2472 = CARTESIAN_POINT('',(-22.34239705784,-38.51183313293,
    -5.270352941176));
#2473 = CARTESIAN_POINT('',(-17.84721578549,-35.91653901528,
    -5.270352941176));
#2474 = ADVANCED_FACE('',(#2475,#2487),#2553,.F.);
#2475 = FACE_BOUND('',#2476,.F.);
#2476 = EDGE_LOOP('',(#2477,#2478,#2479,#2480,#2481,#2482,#2483,#2484,
    #2485,#2486));
#2477 = ORIENTED_EDGE('',*,*,#1514,.F.);
#2478 = ORIENTED_EDGE('',*,*,#1539,.F.);
#2479 = ORIENTED_EDGE('',*,*,#1564,.F.);
#2480 = ORIENTED_EDGE('',*,*,#1589,.F.);
#2481 = ORIENTED_EDGE('',*,*,#1614,.F.);
#2482 = ORIENTED_EDGE('',*,*,#1639,.F.);
#2483 = ORIENTED_EDGE('',*,*,#1397,.F.);
#2484 = ORIENTED_EDGE('',*,*,#1439,.F.);
#2485 = ORIENTED_EDGE('',*,*,#1464,.F.);
#2486 = ORIENTED_EDGE('',*,*,#1489,.F.);
#2487 = FACE_BOUND('',#2488,.F.);
#2488 = EDGE_LOOP('',(#2489,#2499,#2507,#2515,#2523,#2531,#2539,#2547));
#2489 = ORIENTED_EDGE('',*,*,#2490,.F.);
#2490 = EDGE_CURVE('',#2491,#2493,#2495,.T.);
#2491 = VERTEX_POINT('',#2492);
#2492 = CARTESIAN_POINT('',(-28.54404744976,-27.76583898152,
    -5.367676470588));
#2493 = VERTEX_POINT('',#2494);
#2494 = CARTESIAN_POINT('',(-29.14344631395,-28.40540784924,
    -5.367676470588));
#2495 = B_SPLINE_CURVE_WITH_KNOTS('',2,(#2496,#2497,#2498),
  .UNSPECIFIED.,.F.,.F.,(3,3),(0.,1.),.PIECEWISE_BEZIER_KNOTS.);
#2496 = CARTESIAN_POINT('',(-28.54404744976,-27.76583898152,
    -5.367676470588));
#2497 = CARTESIAN_POINT('',(-29.02322752555,-28.04249372727,
    -5.367676470588));
#2498 = CARTESIAN_POINT('',(-29.14344631395,-28.40540784924,
    -5.367676470588));
#2499 = ORIENTED_EDGE('',*,*,#2500,.F.);
#2500 = EDGE_CURVE('',#2501,#2491,#2503,.T.);
#2501 = VERTEX_POINT('',#2502);
#2502 = CARTESIAN_POINT('',(-27.69186639904,-27.55968112229,
    -5.367676470588));
#2503 = B_SPLINE_CURVE_WITH_KNOTS('',2,(#2504,#2505,#2506),
  .UNSPECIFIED.,.F.,.F.,(3,3),(0.,1.),.PIECEWISE_BEZIER_KNOTS.);
#2504 = CARTESIAN_POINT('',(-27.69186639904,-27.55968112229,
    -5.367676470588));
#2505 = CARTESIAN_POINT('',(-28.05708309045,-27.48468997759,
    -5.367676470588));
#2506 = CARTESIAN_POINT('',(-28.54404744976,-27.76583898152,
    -5.367676470588));
#2507 = ORIENTED_EDGE('',*,*,#2508,.F.);
#2508 = EDGE_CURVE('',#2509,#2501,#2511,.T.);
#2509 = VERTEX_POINT('',#2510);
#2510 = CARTESIAN_POINT('',(-27.12428047803,-27.9848913491,
    -5.367676470588));
#2511 = B_SPLINE_CURVE_WITH_KNOTS('',2,(#2512,#2513,#2514),
  .UNSPECIFIED.,.F.,.F.,(3,3),(0.,1.),.PIECEWISE_BEZIER_KNOTS.);
#2512 = CARTESIAN_POINT('',(-27.12428047803,-27.9848913491,
    -5.367676470588));
#2513 = CARTESIAN_POINT('',(-27.32652209643,-27.63459859064,
    -5.367676470588));
#2514 = CARTESIAN_POINT('',(-27.69186639904,-27.55968112229,
    -5.367676470588));
#2515 = ORIENTED_EDGE('',*,*,#2516,.F.);
#2516 = EDGE_CURVE('',#2517,#2509,#2519,.T.);
#2517 = VERTEX_POINT('',#2518);
#2518 = CARTESIAN_POINT('',(-27.03859007882,-28.68441067485,
    -5.367676470588));
#2519 = B_SPLINE_CURVE_WITH_KNOTS('',2,(#2520,#2521,#2522),
  .UNSPECIFIED.,.F.,.F.,(3,3),(0.,1.),.PIECEWISE_BEZIER_KNOTS.);
#2520 = CARTESIAN_POINT('',(-27.03859007882,-28.68441067485,
    -5.367676470588));
#2521 = CARTESIAN_POINT('',(-26.92203885964,-28.33518410757,
    -5.367676470588));
#2522 = CARTESIAN_POINT('',(-27.12428047803,-27.9848913491,
    -5.367676470588));
#2523 = ORIENTED_EDGE('',*,*,#2524,.F.);
#2524 = EDGE_CURVE('',#2525,#2517,#2527,.T.);
#2525 = VERTEX_POINT('',#2526);
#2526 = CARTESIAN_POINT('',(-27.64011781286,-29.3138087118,
    -5.367676470588));
#2527 = B_SPLINE_CURVE_WITH_KNOTS('',2,(#2528,#2529,#2530),
  .UNSPECIFIED.,.F.,.F.,(3,3),(0.,1.),.PIECEWISE_BEZIER_KNOTS.);
#2528 = CARTESIAN_POINT('',(-27.64011781286,-29.3138087118,
    -5.367676470588));
#2529 = CARTESIAN_POINT('',(-27.15506762163,-29.03376485333,
    -5.367676470588));
#2530 = CARTESIAN_POINT('',(-27.03859007882,-28.68441067485,
    -5.367676470588));
#2531 = ORIENTED_EDGE('',*,*,#2532,.F.);
#2532 = EDGE_CURVE('',#2533,#2525,#2535,.T.);
#2533 = VERTEX_POINT('',#2534);
#2534 = CARTESIAN_POINT('',(-28.50165009226,-29.52145209513,
    -5.367676470588));
#2535 = B_SPLINE_CURVE_WITH_KNOTS('',2,(#2536,#2537,#2538),
  .UNSPECIFIED.,.F.,.F.,(3,3),(0.,1.),.PIECEWISE_BEZIER_KNOTS.);
#2536 = CARTESIAN_POINT('',(-28.50165009226,-29.52145209513,
    -5.367676470588));
#2537 = CARTESIAN_POINT('',(-28.13078289713,-29.59709433029,
    -5.367676470588));
#2538 = CARTESIAN_POINT('',(-27.64011781286,-29.3138087118,
    -5.367676470588));
#2539 = ORIENTED_EDGE('',*,*,#2540,.F.);
#2540 = EDGE_CURVE('',#2541,#2533,#2543,.T.);
#2541 = VERTEX_POINT('',#2542);
#2542 = CARTESIAN_POINT('',(-29.0680543567,-29.1071297212,
    -5.367676470588));
#2543 = B_SPLINE_CURVE_WITH_KNOTS('',2,(#2544,#2545,#2546),
  .UNSPECIFIED.,.F.,.F.,(3,3),(0.,1.),.PIECEWISE_BEZIER_KNOTS.);
#2544 = CARTESIAN_POINT('',(-29.0680543567,-29.1071297212,
    -5.367676470588));
#2545 = CARTESIAN_POINT('',(-28.87244361104,-29.44593747119,
    -5.367676470588));
#2546 = CARTESIAN_POINT('',(-28.50165009226,-29.52145209513,
    -5.367676470588));
#2547 = ORIENTED_EDGE('',*,*,#2548,.F.);
#2548 = EDGE_CURVE('',#2493,#2541,#2549,.T.);
#2549 = B_SPLINE_CURVE_WITH_KNOTS('',2,(#2550,#2551,#2552),
  .UNSPECIFIED.,.F.,.F.,(3,3),(0.,1.),.PIECEWISE_BEZIER_KNOTS.);
#2550 = CARTESIAN_POINT('',(-29.14344631395,-28.40540784924,
    -5.367676470588));
#2551 = CARTESIAN_POINT('',(-29.26366510236,-28.7683219712,
    -5.367676470588));
#2552 = CARTESIAN_POINT('',(-29.0680543567,-29.1071297212,
    -5.367676470588));
#2553 = B_SPLINE_SURFACE_WITH_KNOTS('',1,1,(
    (#2554,#2555)
    ,(#2556,#2557
    )),.UNSPECIFIED.,.F.,.F.,.F.,(2,2),(2,2),(-2.417509452938,
    2.426694762178),(-2.592571241953,2.581847362698),
  .PIECEWISE_BEZIER_KNOTS.);
#2554 = CARTESIAN_POINT('',(-30.33677783226,-28.0224439983,
    -5.367676470588));
#2555 = CARTESIAN_POINT('',(-27.4292841314,-26.34380172744,
    -5.367676470588));
#2556 = CARTESIAN_POINT('',(-28.76526099424,-30.7443910067,
    -5.367676470588));
#2557 = CARTESIAN_POINT('',(-25.85776729338,-29.06574873584,
    -5.367676470588));
#2558 = ADVANCED_FACE('',(#2559,#2611),#2682,.F.);
#2559 = FACE_BOUND('',#2560,.F.);
#2560 = EDGE_LOOP('',(#2561,#2562,#2563,#2564,#2565,#2566,#2567,#2568,
    #2569,#2570,#2571,#2572,#2573,#2574,#2582,#2590,#2598,#2606));
#2561 = ORIENTED_EDGE('',*,*,#1712,.F.);
#2562 = ORIENTED_EDGE('',*,*,#1748,.F.);
#2563 = ORIENTED_EDGE('',*,*,#1770,.F.);
#2564 = ORIENTED_EDGE('',*,*,#1792,.F.);
#2565 = ORIENTED_EDGE('',*,*,#1814,.F.);
#2566 = ORIENTED_EDGE('',*,*,#1839,.F.);
#2567 = ORIENTED_EDGE('',*,*,#1864,.F.);
#2568 = ORIENTED_EDGE('',*,*,#1889,.F.);
#2569 = ORIENTED_EDGE('',*,*,#1911,.F.);
#2570 = ORIENTED_EDGE('',*,*,#1933,.F.);
#2571 = ORIENTED_EDGE('',*,*,#1955,.F.);
#2572 = ORIENTED_EDGE('',*,*,#1980,.F.);
#2573 = ORIENTED_EDGE('',*,*,#2005,.F.);
#2574 = ORIENTED_EDGE('',*,*,#2575,.F.);
#2575 = EDGE_CURVE('',#2576,#2006,#2578,.T.);
#2576 = VERTEX_POINT('',#2577);
#2577 = CARTESIAN_POINT('',(-25.1129588187,-32.28405264702,
    -5.367676470588));
#2578 = B_SPLINE_CURVE_WITH_KNOTS('',2,(#2579,#2580,#2581),
  .UNSPECIFIED.,.F.,.F.,(3,3),(0.,1.),.PIECEWISE_BEZIER_KNOTS.);
#2579 = CARTESIAN_POINT('',(-25.1129588187,-32.28405264702,
    -5.367676470588));
#2580 = CARTESIAN_POINT('',(-25.42854132933,-32.46625429448,
    -5.367676470588));
#2581 = CARTESIAN_POINT('',(-25.74132209023,-32.39927261276,
    -5.367676470588));
#2582 = ORIENTED_EDGE('',*,*,#2583,.F.);
#2583 = EDGE_CURVE('',#2584,#2576,#2586,.T.);
#2584 = VERTEX_POINT('',#2585);
#2585 = CARTESIAN_POINT('',(-24.74202574643,-31.90655199514,
    -5.367676470588));
#2586 = B_SPLINE_CURVE_WITH_KNOTS('',2,(#2587,#2588,#2589),
  .UNSPECIFIED.,.F.,.F.,(3,3),(0.,1.),.PIECEWISE_BEZIER_KNOTS.);
#2587 = CARTESIAN_POINT('',(-24.74202574643,-31.90655199514,
    -5.367676470588));
#2588 = CARTESIAN_POINT('',(-24.86437219083,-32.1405310905,
    -5.367676470588));
#2589 = CARTESIAN_POINT('',(-25.1129588187,-32.28405264702,
    -5.367676470588));
#2590 = ORIENTED_EDGE('',*,*,#2591,.F.);
#2591 = EDGE_CURVE('',#2592,#2584,#2594,.T.);
#2592 = VERTEX_POINT('',#2593);
#2593 = CARTESIAN_POINT('',(-24.66174068651,-31.42496011008,
    -5.367676470588));
#2594 = B_SPLINE_CURVE_WITH_KNOTS('',2,(#2595,#2596,#2597),
  .UNSPECIFIED.,.F.,.F.,(3,3),(0.,1.),.PIECEWISE_BEZIER_KNOTS.);
#2595 = CARTESIAN_POINT('',(-24.66174068651,-31.42496011008,
    -5.367676470588));
#2596 = CARTESIAN_POINT('',(-24.61955169081,-31.67249922342,
    -5.367676470588));
#2597 = CARTESIAN_POINT('',(-24.74202574643,-31.90655199514,
    -5.367676470588));
#2598 = ORIENTED_EDGE('',*,*,#2599,.F.);
#2599 = EDGE_CURVE('',#2600,#2592,#2602,.T.);
#2600 = VERTEX_POINT('',#2601);
#2601 = CARTESIAN_POINT('',(-24.96356518793,-30.72771910937,
    -5.367676470588));
#2602 = B_SPLINE_CURVE_WITH_KNOTS('',2,(#2603,#2604,#2605),
  .UNSPECIFIED.,.F.,.F.,(3,3),(0.,1.),.PIECEWISE_BEZIER_KNOTS.);
#2603 = CARTESIAN_POINT('',(-24.96356518793,-30.72771910937,
    -5.367676470588));
#2604 = CARTESIAN_POINT('',(-24.70385600584,-31.17754860795,
    -5.367676470588));
#2605 = CARTESIAN_POINT('',(-24.66174068651,-31.42496011008,
    -5.367676470588));
#2606 = ORIENTED_EDGE('',*,*,#2607,.F.);
#2607 = EDGE_CURVE('',#1715,#2600,#2608,.T.);
#2608 = B_SPLINE_CURVE_WITH_KNOTS('',1,(#2609,#2610),.UNSPECIFIED.,.F.,
  .F.,(2,2),(0.,2.122320130814),.PIECEWISE_BEZIER_KNOTS.);
#2609 = CARTESIAN_POINT('',(-25.65207080684,-29.53519239612,
    -5.367676470588));
#2610 = CARTESIAN_POINT('',(-24.96356518793,-30.72771910937,
    -5.367676470588));
#2611 = FACE_BOUND('',#2612,.F.);
#2612 = EDGE_LOOP('',(#2613,#2622,#2629,#2636,#2644,#2652,#2660,#2668,
    #2676));
#2613 = ORIENTED_EDGE('',*,*,#2614,.F.);
#2614 = EDGE_CURVE('',#2615,#2617,#2619,.T.);
#2615 = VERTEX_POINT('',#2616);
#2616 = CARTESIAN_POINT('',(-26.50917973685,-30.78550280279,
    -5.367676470588));
#2617 = VERTEX_POINT('',#2618);
#2618 = CARTESIAN_POINT('',(-26.26715288205,-31.2047056121,
    -5.367676470588));
#2619 = B_SPLINE_CURVE_WITH_KNOTS('',1,(#2620,#2621),.UNSPECIFIED.,.F.,
  .F.,(2,2),(0.,0.746048328488),.PIECEWISE_BEZIER_KNOTS.);
#2620 = CARTESIAN_POINT('',(-26.50917973685,-30.78550280279,
    -5.367676470588));
#2621 = CARTESIAN_POINT('',(-26.26715288205,-31.2047056121,
    -5.367676470588));
#2622 = ORIENTED_EDGE('',*,*,#2623,.F.);
#2623 = EDGE_CURVE('',#2624,#2615,#2626,.T.);
#2624 = VERTEX_POINT('',#2625);
#2625 = CARTESIAN_POINT('',(-25.79864054591,-30.37527280963,
    -5.367676470588));
#2626 = B_SPLINE_CURVE_WITH_KNOTS('',1,(#2627,#2628),.UNSPECIFIED.,.F.,
  .F.,(2,2),(0.,1.264534883721),.PIECEWISE_BEZIER_KNOTS.);
#2627 = CARTESIAN_POINT('',(-25.79864054591,-30.37527280963,
    -5.367676470588));
#2628 = CARTESIAN_POINT('',(-26.50917973685,-30.78550280279,
    -5.367676470588));
#2629 = ORIENTED_EDGE('',*,*,#2630,.F.);
#2630 = EDGE_CURVE('',#2631,#2624,#2633,.T.);
#2631 = VERTEX_POINT('',#2632);
#2632 = CARTESIAN_POINT('',(-25.54335194564,-30.81744563589,
    -5.367676470588));
#2633 = B_SPLINE_CURVE_WITH_KNOTS('',1,(#2634,#2635),.UNSPECIFIED.,.F.,
  .F.,(2,2),(0.,0.786927688953),.PIECEWISE_BEZIER_KNOTS.);
#2634 = CARTESIAN_POINT('',(-25.54335194564,-30.81744563589,
    -5.367676470588));
#2635 = CARTESIAN_POINT('',(-25.79864054591,-30.37527280963,
    -5.367676470588));
#2636 = ORIENTED_EDGE('',*,*,#2637,.F.);
#2637 = EDGE_CURVE('',#2638,#2631,#2640,.T.);
#2638 = VERTEX_POINT('',#2639);
#2639 = CARTESIAN_POINT('',(-25.3142113676,-31.23643166824,
    -5.367676470588));
#2640 = B_SPLINE_CURVE_WITH_KNOTS('',2,(#2641,#2642,#2643),
  .UNSPECIFIED.,.F.,.F.,(3,3),(0.,1.),.PIECEWISE_BEZIER_KNOTS.);
#2641 = CARTESIAN_POINT('',(-25.3142113676,-31.23643166824,
    -5.367676470588));
#2642 = CARTESIAN_POINT('',(-25.34442576362,-31.16199589012,
    -5.367676470588));
#2643 = CARTESIAN_POINT('',(-25.54335194564,-30.81744563589,
    -5.367676470588));
#2644 = ORIENTED_EDGE('',*,*,#2645,.F.);
#2645 = EDGE_CURVE('',#2646,#2638,#2648,.T.);
#2646 = VERTEX_POINT('',#2647);
#2647 = CARTESIAN_POINT('',(-25.30089773521,-31.51323295261,
    -5.367676470588));
#2648 = B_SPLINE_CURVE_WITH_KNOTS('',2,(#2649,#2650,#2651),
  .UNSPECIFIED.,.F.,.F.,(3,3),(0.,1.),.PIECEWISE_BEZIER_KNOTS.);
#2649 = CARTESIAN_POINT('',(-25.30089773521,-31.51323295261,
    -5.367676470588));
#2650 = CARTESIAN_POINT('',(-25.25748330054,-31.38743983904,
    -5.367676470588));
#2651 = CARTESIAN_POINT('',(-25.3142113676,-31.23643166824,
    -5.367676470588));
#2652 = ORIENTED_EDGE('',*,*,#2653,.F.);
#2653 = EDGE_CURVE('',#2654,#2646,#2656,.T.);
#2654 = VERTEX_POINT('',#2655);
#2655 = CARTESIAN_POINT('',(-25.48537648655,-31.72063973566,
    -5.367676470588));
#2656 = B_SPLINE_CURVE_WITH_KNOTS('',2,(#2657,#2658,#2659),
  .UNSPECIFIED.,.F.,.F.,(3,3),(0.,1.),.PIECEWISE_BEZIER_KNOTS.);
#2657 = CARTESIAN_POINT('',(-25.48537648655,-31.72063973566,
    -5.367676470588));
#2658 = CARTESIAN_POINT('',(-25.34411088232,-31.63908000102,
    -5.367676470588));
#2659 = CARTESIAN_POINT('',(-25.30089773521,-31.51323295261,
    -5.367676470588));
#2660 = ORIENTED_EDGE('',*,*,#2661,.F.);
#2661 = EDGE_CURVE('',#2662,#2654,#2664,.T.);
#2662 = VERTEX_POINT('',#2663);
#2663 = CARTESIAN_POINT('',(-25.7287065053,-31.78455966432,
    -5.367676470588));
#2664 = B_SPLINE_CURVE_WITH_KNOTS('',2,(#2665,#2666,#2667),
  .UNSPECIFIED.,.F.,.F.,(3,3),(0.,1.),.PIECEWISE_BEZIER_KNOTS.);
#2665 = CARTESIAN_POINT('',(-25.7287065053,-31.78455966432,
    -5.367676470588));
#2666 = CARTESIAN_POINT('',(-25.61145635736,-31.793431983,
    -5.367676470588));
#2667 = CARTESIAN_POINT('',(-25.48537648655,-31.72063973566,
    -5.367676470588));
#2668 = ORIENTED_EDGE('',*,*,#2669,.F.);
#2669 = EDGE_CURVE('',#2670,#2662,#2672,.T.);
#2670 = VERTEX_POINT('',#2671);
#2671 = CARTESIAN_POINT('',(-25.93885677662,-31.69405537929,
    -5.367676470588));
#2672 = B_SPLINE_CURVE_WITH_KNOTS('',2,(#2673,#2674,#2675),
  .UNSPECIFIED.,.F.,.F.,(3,3),(0.,1.),.PIECEWISE_BEZIER_KNOTS.);
#2673 = CARTESIAN_POINT('',(-25.93885677662,-31.69405537929,
    -5.367676470588));
#2674 = CARTESIAN_POINT('',(-25.84582904204,-31.77561366927,
    -5.367676470588));
#2675 = CARTESIAN_POINT('',(-25.7287065053,-31.78455966432,
    -5.367676470588));
#2676 = ORIENTED_EDGE('',*,*,#2677,.F.);
#2677 = EDGE_CURVE('',#2617,#2670,#2678,.T.);
#2678 = B_SPLINE_CURVE_WITH_KNOTS('',2,(#2679,#2680,#2681),
  .UNSPECIFIED.,.F.,.F.,(3,3),(0.,1.),.PIECEWISE_BEZIER_KNOTS.);
#2679 = CARTESIAN_POINT('',(-26.26715288205,-31.2047056121,
    -5.367676470588));
#2680 = CARTESIAN_POINT('',(-26.03175689999,-31.61242341294,
    -5.367676470588));
#2681 = CARTESIAN_POINT('',(-25.93885677662,-31.69405537929,
    -5.367676470588));
#2682 = B_SPLINE_SURFACE_WITH_KNOTS('',1,1,(
    (#2683,#2684)
    ,(#2685,#2686
    )),.UNSPECIFIED.,.F.,.F.,.F.,(2,2),(2,2),(-1.970290079599,
    2.51962634482),(-2.551267620436,2.448732379564),
  .PIECEWISE_BEZIER_KNOTS.);
#2683 = CARTESIAN_POINT('',(-28.46155910206,-31.15725121965,
    -5.367676470588));
#2684 = CARTESIAN_POINT('',(-25.65207080684,-29.53519239612,
    -5.367676470588));
#2685 = CARTESIAN_POINT('',(-27.00497739143,-33.68012474784,
    -5.367676470588));
#2686 = CARTESIAN_POINT('',(-24.19548909621,-32.05806592431,
    -5.367676470588));
#2687 = ADVANCED_FACE('',(#2688),#2698,.T.);
#2688 = FACE_BOUND('',#2689,.T.);
#2689 = EDGE_LOOP('',(#2690,#2691,#2692,#2693));
#2690 = ORIENTED_EDGE('',*,*,#2607,.F.);
#2691 = ORIENTED_EDGE('',*,*,#1735,.T.);
#2692 = ORIENTED_EDGE('',*,*,#2357,.T.);
#2693 = ORIENTED_EDGE('',*,*,#2694,.F.);
#2694 = EDGE_CURVE('',#2600,#2358,#2695,.T.);
#2695 = B_SPLINE_CURVE_WITH_KNOTS('',1,(#2696,#2697),.UNSPECIFIED.,.F.,
  .F.,(2,2),(0.,0.45),.PIECEWISE_BEZIER_KNOTS.);
#2696 = CARTESIAN_POINT('',(-24.96356518793,-30.72771910937,
    -5.367676470588));
#2697 = CARTESIAN_POINT('',(-24.96356518793,-30.72771910937,
    -5.075705882353));
#2698 = B_SPLINE_SURFACE_WITH_KNOTS('',1,1,(
    (#2699,#2700)
    ,(#2701,#2702
    )),.UNSPECIFIED.,.F.,.F.,.F.,(2,2),(2,2),(0.,2.122320130814),(-0.45,
    0.),.PIECEWISE_BEZIER_KNOTS.);
#2699 = CARTESIAN_POINT('',(-25.65207080684,-29.53519239612,
    -5.075705882353));
#2700 = CARTESIAN_POINT('',(-25.65207080684,-29.53519239612,
    -5.367676470588));
#2701 = CARTESIAN_POINT('',(-24.96356518793,-30.72771910937,
    -5.075705882353));
#2702 = CARTESIAN_POINT('',(-24.96356518793,-30.72771910937,
    -5.367676470588));
#2703 = ADVANCED_FACE('',(#2704),#2714,.T.);
#2704 = FACE_BOUND('',#2705,.T.);
#2705 = EDGE_LOOP('',(#2706,#2707,#2712,#2713));
#2706 = ORIENTED_EDGE('',*,*,#2575,.F.);
#2707 = ORIENTED_EDGE('',*,*,#2708,.T.);
#2708 = EDGE_CURVE('',#2576,#2399,#2709,.T.);
#2709 = B_SPLINE_CURVE_WITH_KNOTS('',1,(#2710,#2711),.UNSPECIFIED.,.F.,
  .F.,(2,2),(0.,0.45),.PIECEWISE_BEZIER_KNOTS.);
#2710 = CARTESIAN_POINT('',(-25.1129588187,-32.28405264702,
    -5.367676470588));
#2711 = CARTESIAN_POINT('',(-25.1129588187,-32.28405264702,
    -5.075705882353));
#2712 = ORIENTED_EDGE('',*,*,#2413,.T.);
#2713 = ORIENTED_EDGE('',*,*,#2013,.F.);
#2714 = B_SPLINE_SURFACE_WITH_KNOTS('',2,1,(
    (#2715,#2716)
    ,(#2717,#2718)
    ,(#2719,#2720
    )),.UNSPECIFIED.,.F.,.F.,.F.,(3,3),(2,2),(0.,1.),(-0.45,0.),
  .PIECEWISE_BEZIER_KNOTS.);
#2715 = CARTESIAN_POINT('',(-25.1129588187,-32.28405264702,
    -5.075705882353));
#2716 = CARTESIAN_POINT('',(-25.1129588187,-32.28405264702,
    -5.367676470588));
#2717 = CARTESIAN_POINT('',(-25.42854132933,-32.46625429448,
    -5.075705882353));
#2718 = CARTESIAN_POINT('',(-25.42854132933,-32.46625429448,
    -5.367676470588));
#2719 = CARTESIAN_POINT('',(-25.74132209023,-32.39927261276,
    -5.075705882353));
#2720 = CARTESIAN_POINT('',(-25.74132209023,-32.39927261276,
    -5.367676470588));
#2721 = ADVANCED_FACE('',(#2722),#2764,.F.);
#2722 = FACE_BOUND('',#2723,.F.);
#2723 = EDGE_LOOP('',(#2724,#2725,#2726,#2727,#2728,#2729,#2730,#2731,
    #2738,#2745,#2752,#2759));
#2724 = ORIENTED_EDGE('',*,*,#2072,.F.);
#2725 = ORIENTED_EDGE('',*,*,#2108,.F.);
#2726 = ORIENTED_EDGE('',*,*,#2130,.F.);
#2727 = ORIENTED_EDGE('',*,*,#2152,.F.);
#2728 = ORIENTED_EDGE('',*,*,#2174,.F.);
#2729 = ORIENTED_EDGE('',*,*,#2196,.F.);
#2730 = ORIENTED_EDGE('',*,*,#2218,.F.);
#2731 = ORIENTED_EDGE('',*,*,#2732,.F.);
#2732 = EDGE_CURVE('',#2733,#2219,#2735,.T.);
#2733 = VERTEX_POINT('',#2734);
#2734 = CARTESIAN_POINT('',(-22.58470275633,-34.84802970512,
    -5.367676470588));
#2735 = B_SPLINE_CURVE_WITH_KNOTS('',1,(#2736,#2737),.UNSPECIFIED.,.F.,
  .F.,(2,2),(0.,2.698501180317),.PIECEWISE_BEZIER_KNOTS.);
#2736 = CARTESIAN_POINT('',(-22.58470275633,-34.84802970512,
    -5.367676470588));
#2737 = CARTESIAN_POINT('',(-24.28224573919,-34.41927889706,
    -5.367676470588));
#2738 = ORIENTED_EDGE('',*,*,#2739,.F.);
#2739 = EDGE_CURVE('',#2740,#2733,#2742,.T.);
#2740 = VERTEX_POINT('',#2741);
#2741 = CARTESIAN_POINT('',(-23.02455064771,-34.08619080966,
    -5.367676470588));
#2742 = B_SPLINE_CURVE_WITH_KNOTS('',1,(#2743,#2744),.UNSPECIFIED.,.F.,
  .F.,(2,2),(0.,1.355832122093),.PIECEWISE_BEZIER_KNOTS.);
#2743 = CARTESIAN_POINT('',(-23.02455064771,-34.08619080966,
    -5.367676470588));
#2744 = CARTESIAN_POINT('',(-22.58470275633,-34.84802970512,
    -5.367676470588));
#2745 = ORIENTED_EDGE('',*,*,#2746,.F.);
#2746 = EDGE_CURVE('',#2747,#2740,#2749,.T.);
#2747 = VERTEX_POINT('',#2748);
#2748 = CARTESIAN_POINT('',(-24.93155104968,-33.66096799006,
    -5.367676470588));
#2749 = B_SPLINE_CURVE_WITH_KNOTS('',1,(#2750,#2751),.UNSPECIFIED.,.F.,
  .F.,(2,2),(0.,3.011347951633),.PIECEWISE_BEZIER_KNOTS.);
#2750 = CARTESIAN_POINT('',(-24.93155104968,-33.66096799006,
    -5.367676470588));
#2751 = CARTESIAN_POINT('',(-23.02455064771,-34.08619080966,
    -5.367676470588));
#2752 = ORIENTED_EDGE('',*,*,#2753,.F.);
#2753 = EDGE_CURVE('',#2754,#2747,#2756,.T.);
#2754 = VERTEX_POINT('',#2755);
#2755 = CARTESIAN_POINT('',(-23.68542763022,-32.94151829839,
    -5.367676470588));
#2756 = B_SPLINE_CURVE_WITH_KNOTS('',1,(#2757,#2758),.UNSPECIFIED.,.F.,
  .F.,(2,2),(0.,2.217705305233),.PIECEWISE_BEZIER_KNOTS.);
#2757 = CARTESIAN_POINT('',(-23.68542763022,-32.94151829839,
    -5.367676470588));
#2758 = CARTESIAN_POINT('',(-24.93155104968,-33.66096799006,
    -5.367676470588));
#2759 = ORIENTED_EDGE('',*,*,#2760,.F.);
#2760 = EDGE_CURVE('',#2075,#2754,#2761,.T.);
#2761 = B_SPLINE_CURVE_WITH_KNOTS('',1,(#2762,#2763),.UNSPECIFIED.,.F.,
  .F.,(2,2),(0.,1.00835755814),.PIECEWISE_BEZIER_KNOTS.);
#2762 = CARTESIAN_POINT('',(-24.01255068511,-32.37492454699,
    -5.367676470588));
#2763 = CARTESIAN_POINT('',(-23.68542763022,-32.94151829839,
    -5.367676470588));
#2764 = B_SPLINE_SURFACE_WITH_KNOTS('',1,1,(
    (#2765,#2766)
    ,(#2767,#2768
    )),.UNSPECIFIED.,.F.,.F.,.F.,(2,2),(2,2),(-1.935903479298,
    2.567639398609),(-2.541104368424,2.458895631576),
  .PIECEWISE_BEZIER_KNOTS.);
#2765 = CARTESIAN_POINT('',(-26.82203898033,-33.99698337052,
    -5.367676470588));
#2766 = CARTESIAN_POINT('',(-24.01255068511,-32.37492454699,
    -5.367676470588));
#2767 = CARTESIAN_POINT('',(-25.36103668788,-36.52751357102,
    -5.367676470588));
#2768 = CARTESIAN_POINT('',(-22.55154839266,-34.90545474749,
    -5.367676470588));
#2769 = ADVANCED_FACE('',(#2770),#2780,.T.);
#2770 = FACE_BOUND('',#2771,.T.);
#2771 = EDGE_LOOP('',(#2772,#2773,#2774,#2775));
#2772 = ORIENTED_EDGE('',*,*,#2760,.F.);
#2773 = ORIENTED_EDGE('',*,*,#2095,.T.);
#2774 = ORIENTED_EDGE('',*,*,#2433,.T.);
#2775 = ORIENTED_EDGE('',*,*,#2776,.F.);
#2776 = EDGE_CURVE('',#2754,#2434,#2777,.T.);
#2777 = B_SPLINE_CURVE_WITH_KNOTS('',1,(#2778,#2779),.UNSPECIFIED.,.F.,
  .F.,(2,2),(0.,0.45),.PIECEWISE_BEZIER_KNOTS.);
#2778 = CARTESIAN_POINT('',(-23.68542763022,-32.94151829839,
    -5.367676470588));
#2779 = CARTESIAN_POINT('',(-23.68542763022,-32.94151829839,
    -5.075705882353));
#2780 = B_SPLINE_SURFACE_WITH_KNOTS('',1,1,(
    (#2781,#2782)
    ,(#2783,#2784
    )),.UNSPECIFIED.,.F.,.F.,.F.,(2,2),(2,2),(0.,1.00835755814),(-0.45,
    0.),.PIECEWISE_BEZIER_KNOTS.);
#2781 = CARTESIAN_POINT('',(-24.01255068511,-32.37492454699,
    -5.075705882353));
#2782 = CARTESIAN_POINT('',(-24.01255068511,-32.37492454699,
    -5.367676470588));
#2783 = CARTESIAN_POINT('',(-23.68542763022,-32.94151829839,
    -5.075705882353));
#2784 = CARTESIAN_POINT('',(-23.68542763022,-32.94151829839,
    -5.367676470588));
#2785 = ADVANCED_FACE('',(#2786),#2796,.T.);
#2786 = FACE_BOUND('',#2787,.T.);
#2787 = EDGE_LOOP('',(#2788,#2789,#2794,#2795));
#2788 = ORIENTED_EDGE('',*,*,#2732,.F.);
#2789 = ORIENTED_EDGE('',*,*,#2790,.T.);
#2790 = EDGE_CURVE('',#2733,#2455,#2791,.T.);
#2791 = B_SPLINE_CURVE_WITH_KNOTS('',1,(#2792,#2793),.UNSPECIFIED.,.F.,
  .F.,(2,2),(0.,0.45),.PIECEWISE_BEZIER_KNOTS.);
#2792 = CARTESIAN_POINT('',(-22.58470275633,-34.84802970512,
    -5.367676470588));
#2793 = CARTESIAN_POINT('',(-22.58470275633,-34.84802970512,
    -5.075705882353));
#2794 = ORIENTED_EDGE('',*,*,#2461,.T.);
#2795 = ORIENTED_EDGE('',*,*,#2225,.F.);
#2796 = B_SPLINE_SURFACE_WITH_KNOTS('',1,1,(
    (#2797,#2798)
    ,(#2799,#2800
    )),.UNSPECIFIED.,.F.,.F.,.F.,(2,2),(2,2),(0.,2.698501180317),(-0.45,
    0.),.PIECEWISE_BEZIER_KNOTS.);
#2797 = CARTESIAN_POINT('',(-22.58470275633,-34.84802970512,
    -5.075705882353));
#2798 = CARTESIAN_POINT('',(-22.58470275633,-34.84802970512,
    -5.367676470588));
#2799 = CARTESIAN_POINT('',(-24.28224573919,-34.41927889706,
    -5.075705882353));
#2800 = CARTESIAN_POINT('',(-24.28224573919,-34.41927889706,
    -5.367676470588));
#2801 = ADVANCED_FACE('',(#2802),#2812,.T.);
#2802 = FACE_BOUND('',#2803,.T.);
#2803 = EDGE_LOOP('',(#2804,#2805,#2810,#2811));
#2804 = ORIENTED_EDGE('',*,*,#2739,.F.);
#2805 = ORIENTED_EDGE('',*,*,#2806,.T.);
#2806 = EDGE_CURVE('',#2740,#2448,#2807,.T.);
#2807 = B_SPLINE_CURVE_WITH_KNOTS('',1,(#2808,#2809),.UNSPECIFIED.,.F.,
  .F.,(2,2),(0.,0.45),.PIECEWISE_BEZIER_KNOTS.);
#2808 = CARTESIAN_POINT('',(-23.02455064771,-34.08619080966,
    -5.367676470588));
#2809 = CARTESIAN_POINT('',(-23.02455064771,-34.08619080966,
    -5.075705882353));
#2810 = ORIENTED_EDGE('',*,*,#2454,.T.);
#2811 = ORIENTED_EDGE('',*,*,#2790,.F.);
#2812 = B_SPLINE_SURFACE_WITH_KNOTS('',1,1,(
    (#2813,#2814)
    ,(#2815,#2816
    )),.UNSPECIFIED.,.F.,.F.,.F.,(2,2),(2,2),(0.,1.355832122093),(-0.45,
    0.),.PIECEWISE_BEZIER_KNOTS.);
#2813 = CARTESIAN_POINT('',(-23.02455064771,-34.08619080966,
    -5.075705882353));
#2814 = CARTESIAN_POINT('',(-23.02455064771,-34.08619080966,
    -5.367676470588));
#2815 = CARTESIAN_POINT('',(-22.58470275633,-34.84802970512,
    -5.075705882353));
#2816 = CARTESIAN_POINT('',(-22.58470275633,-34.84802970512,
    -5.367676470588));
#2817 = ADVANCED_FACE('',(#2818),#2828,.T.);
#2818 = FACE_BOUND('',#2819,.T.);
#2819 = EDGE_LOOP('',(#2820,#2821,#2826,#2827));
#2820 = ORIENTED_EDGE('',*,*,#2746,.F.);
#2821 = ORIENTED_EDGE('',*,*,#2822,.T.);
#2822 = EDGE_CURVE('',#2747,#2441,#2823,.T.);
#2823 = B_SPLINE_CURVE_WITH_KNOTS('',1,(#2824,#2825),.UNSPECIFIED.,.F.,
  .F.,(2,2),(0.,0.45),.PIECEWISE_BEZIER_KNOTS.);
#2824 = CARTESIAN_POINT('',(-24.93155104968,-33.66096799006,
    -5.367676470588));
#2825 = CARTESIAN_POINT('',(-24.93155104968,-33.66096799006,
    -5.075705882353));
#2826 = ORIENTED_EDGE('',*,*,#2447,.T.);
#2827 = ORIENTED_EDGE('',*,*,#2806,.F.);
#2828 = B_SPLINE_SURFACE_WITH_KNOTS('',1,1,(
    (#2829,#2830)
    ,(#2831,#2832
    )),.UNSPECIFIED.,.F.,.F.,.F.,(2,2),(2,2),(0.,3.011347951633),(-0.45,
    0.),.PIECEWISE_BEZIER_KNOTS.);
#2829 = CARTESIAN_POINT('',(-24.93155104968,-33.66096799006,
    -5.075705882353));
#2830 = CARTESIAN_POINT('',(-24.93155104968,-33.66096799006,
    -5.367676470588));
#2831 = CARTESIAN_POINT('',(-23.02455064771,-34.08619080966,
    -5.075705882353));
#2832 = CARTESIAN_POINT('',(-23.02455064771,-34.08619080966,
    -5.367676470588));
#2833 = ADVANCED_FACE('',(#2834),#2840,.T.);
#2834 = FACE_BOUND('',#2835,.T.);
#2835 = EDGE_LOOP('',(#2836,#2837,#2838,#2839));
#2836 = ORIENTED_EDGE('',*,*,#2753,.F.);
#2837 = ORIENTED_EDGE('',*,*,#2776,.T.);
#2838 = ORIENTED_EDGE('',*,*,#2440,.T.);
#2839 = ORIENTED_EDGE('',*,*,#2822,.F.);
#2840 = B_SPLINE_SURFACE_WITH_KNOTS('',1,1,(
    (#2841,#2842)
    ,(#2843,#2844
    )),.UNSPECIFIED.,.F.,.F.,.F.,(2,2),(2,2),(0.,2.217705305233),(-0.45,
    0.),.PIECEWISE_BEZIER_KNOTS.);
#2841 = CARTESIAN_POINT('',(-23.68542763022,-32.94151829839,
    -5.075705882353));
#2842 = CARTESIAN_POINT('',(-23.68542763022,-32.94151829839,
    -5.367676470588));
#2843 = CARTESIAN_POINT('',(-24.93155104968,-33.66096799006,
    -5.075705882353));
#2844 = CARTESIAN_POINT('',(-24.93155104968,-33.66096799006,
    -5.367676470588));
#2845 = ADVANCED_FACE('',(#2846),#2856,.T.);
#2846 = FACE_BOUND('',#2847,.T.);
#2847 = EDGE_LOOP('',(#2848,#2849,#2854,#2855));
#2848 = ORIENTED_EDGE('',*,*,#2583,.F.);
#2849 = ORIENTED_EDGE('',*,*,#2850,.T.);
#2850 = EDGE_CURVE('',#2584,#2384,#2851,.T.);
#2851 = B_SPLINE_CURVE_WITH_KNOTS('',1,(#2852,#2853),.UNSPECIFIED.,.F.,
  .F.,(2,2),(0.,0.45),.PIECEWISE_BEZIER_KNOTS.);
#2852 = CARTESIAN_POINT('',(-24.74202574643,-31.90655199514,
    -5.367676470588));
#2853 = CARTESIAN_POINT('',(-24.74202574643,-31.90655199514,
    -5.075705882353));
#2854 = ORIENTED_EDGE('',*,*,#2398,.T.);
#2855 = ORIENTED_EDGE('',*,*,#2708,.F.);
#2856 = B_SPLINE_SURFACE_WITH_KNOTS('',2,1,(
    (#2857,#2858)
    ,(#2859,#2860)
    ,(#2861,#2862
    )),.UNSPECIFIED.,.F.,.F.,.F.,(3,3),(2,2),(0.,1.),(-0.45,0.),
  .PIECEWISE_BEZIER_KNOTS.);
#2857 = CARTESIAN_POINT('',(-24.74202574643,-31.90655199514,
    -5.075705882353));
#2858 = CARTESIAN_POINT('',(-24.74202574643,-31.90655199514,
    -5.367676470588));
#2859 = CARTESIAN_POINT('',(-24.86437219083,-32.1405310905,
    -5.075705882353));
#2860 = CARTESIAN_POINT('',(-24.86437219083,-32.1405310905,
    -5.367676470588));
#2861 = CARTESIAN_POINT('',(-25.1129588187,-32.28405264702,
    -5.075705882353));
#2862 = CARTESIAN_POINT('',(-25.1129588187,-32.28405264702,
    -5.367676470588));
#2863 = ADVANCED_FACE('',(#2864),#2874,.T.);
#2864 = FACE_BOUND('',#2865,.T.);
#2865 = EDGE_LOOP('',(#2866,#2867,#2872,#2873));
#2866 = ORIENTED_EDGE('',*,*,#2591,.F.);
#2867 = ORIENTED_EDGE('',*,*,#2868,.T.);
#2868 = EDGE_CURVE('',#2592,#2365,#2869,.T.);
#2869 = B_SPLINE_CURVE_WITH_KNOTS('',1,(#2870,#2871),.UNSPECIFIED.,.F.,
  .F.,(2,2),(0.,0.45),.PIECEWISE_BEZIER_KNOTS.);
#2870 = CARTESIAN_POINT('',(-24.66174068651,-31.42496011008,
    -5.367676470588));
#2871 = CARTESIAN_POINT('',(-24.66174068651,-31.42496011008,
    -5.075705882353));
#2872 = ORIENTED_EDGE('',*,*,#2383,.T.);
#2873 = ORIENTED_EDGE('',*,*,#2850,.F.);
#2874 = B_SPLINE_SURFACE_WITH_KNOTS('',2,1,(
    (#2875,#2876)
    ,(#2877,#2878)
    ,(#2879,#2880
    )),.UNSPECIFIED.,.F.,.F.,.F.,(3,3),(2,2),(0.,1.),(-0.45,0.),
  .PIECEWISE_BEZIER_KNOTS.);
#2875 = CARTESIAN_POINT('',(-24.66174068651,-31.42496011008,
    -5.075705882353));
#2876 = CARTESIAN_POINT('',(-24.66174068651,-31.42496011008,
    -5.367676470588));
#2877 = CARTESIAN_POINT('',(-24.61955169081,-31.67249922342,
    -5.075705882353));
#2878 = CARTESIAN_POINT('',(-24.61955169081,-31.67249922342,
    -5.367676470588));
#2879 = CARTESIAN_POINT('',(-24.74202574643,-31.90655199514,
    -5.075705882353));
#2880 = CARTESIAN_POINT('',(-24.74202574643,-31.90655199514,
    -5.367676470588));
#2881 = ADVANCED_FACE('',(#2882),#2888,.T.);
#2882 = FACE_BOUND('',#2883,.T.);
#2883 = EDGE_LOOP('',(#2884,#2885,#2886,#2887));
#2884 = ORIENTED_EDGE('',*,*,#2599,.F.);
#2885 = ORIENTED_EDGE('',*,*,#2694,.T.);
#2886 = ORIENTED_EDGE('',*,*,#2364,.T.);
#2887 = ORIENTED_EDGE('',*,*,#2868,.F.);
#2888 = B_SPLINE_SURFACE_WITH_KNOTS('',2,1,(
    (#2889,#2890)
    ,(#2891,#2892)
    ,(#2893,#2894
    )),.UNSPECIFIED.,.F.,.F.,.F.,(3,3),(2,2),(0.,1.),(-0.45,0.),
  .PIECEWISE_BEZIER_KNOTS.);
#2889 = CARTESIAN_POINT('',(-24.96356518793,-30.72771910937,
    -5.075705882353));
#2890 = CARTESIAN_POINT('',(-24.96356518793,-30.72771910937,
    -5.367676470588));
#2891 = CARTESIAN_POINT('',(-24.70385600584,-31.17754860795,
    -5.075705882353));
#2892 = CARTESIAN_POINT('',(-24.70385600584,-31.17754860795,
    -5.367676470588));
#2893 = CARTESIAN_POINT('',(-24.66174068651,-31.42496011008,
    -5.075705882353));
#2894 = CARTESIAN_POINT('',(-24.66174068651,-31.42496011008,
    -5.367676470588));
#2895 = ADVANCED_FACE('',(#2896),#2928,.T.);
#2896 = FACE_BOUND('',#2897,.T.);
#2897 = EDGE_LOOP('',(#2898,#2899,#2906,#2923));
#2898 = ORIENTED_EDGE('',*,*,#2490,.F.);
#2899 = ORIENTED_EDGE('',*,*,#2900,.T.);
#2900 = EDGE_CURVE('',#2491,#2901,#2903,.T.);
#2901 = VERTEX_POINT('',#2902);
#2902 = CARTESIAN_POINT('',(-28.54404744976,-27.76583898152,
    -5.125705882353));
#2903 = B_SPLINE_CURVE_WITH_KNOTS('',1,(#2904,#2905),.UNSPECIFIED.,.F.,
  .F.,(2,2),(0.,0.45),.PIECEWISE_BEZIER_KNOTS.);
#2904 = CARTESIAN_POINT('',(-28.54404744976,-27.76583898152,
    -5.367676470588));
#2905 = CARTESIAN_POINT('',(-28.54404744976,-27.76583898152,
    -5.075705882353));
#2906 = ORIENTED_EDGE('',*,*,#2907,.F.);
#2907 = EDGE_CURVE('',#2908,#2901,#2910,.T.);
#2908 = VERTEX_POINT('',#2909);
#2909 = CARTESIAN_POINT('',(-29.14344631395,-28.40540784924,
    -5.125705882353));
#2910 = B_SPLINE_CURVE_WITH_KNOTS('',6,(#2911,#2912,#2913,#2914,#2915,
    #2916,#2917,#2918,#2919,#2920,#2921,#2922),.UNSPECIFIED.,.F.,.F.,(7,
    5,7),(0.,0.479964061517,1.),.UNSPECIFIED.);
#2911 = CARTESIAN_POINT('',(-29.14344631396,-28.40540784924,
    -5.125705882353));
#2912 = CARTESIAN_POINT('',(-29.12289591438,-28.34337070582,
    -5.125705882353));
#2913 = CARTESIAN_POINT('',(-29.09611229177,-28.28302901881,
    -5.125705882353));
#2914 = CARTESIAN_POINT('',(-29.06326559546,-28.22466474071,
    -5.125705882353));
#2915 = CARTESIAN_POINT('',(-29.02470359234,-28.16845106179,
    -5.125705882353));
#2916 = CARTESIAN_POINT('',(-28.98088069172,-28.11447829796,
    -5.125705882353));
#2917 = CARTESIAN_POINT('',(-28.87963619138,-28.00676498466,
    -5.125705882353));
#2918 = CARTESIAN_POINT('',(-28.82137915241,-27.95341363621,
    -5.125705882353));
#2919 = CARTESIAN_POINT('',(-28.75811278453,-27.90274003645,
    -5.125705882353));
#2920 = CARTESIAN_POINT('',(-28.69045251765,-27.854668456,
    -5.125705882353));
#2921 = CARTESIAN_POINT('',(-28.61894653346,-27.80908198766,
    -5.125705882353));
#2922 = CARTESIAN_POINT('',(-28.54404744976,-27.76583898152,
    -5.125705882353));
#2923 = ORIENTED_EDGE('',*,*,#2924,.F.);
#2924 = EDGE_CURVE('',#2493,#2908,#2925,.T.);
#2925 = B_SPLINE_CURVE_WITH_KNOTS('',1,(#2926,#2927),.UNSPECIFIED.,.F.,
  .F.,(2,2),(0.,0.45),.PIECEWISE_BEZIER_KNOTS.);
#2926 = CARTESIAN_POINT('',(-29.14344631395,-28.40540784924,
    -5.367676470588));
#2927 = CARTESIAN_POINT('',(-29.14344631395,-28.40540784924,
    -5.075705882353));
#2928 = B_SPLINE_SURFACE_WITH_KNOTS('',2,1,(
    (#2929,#2930)
    ,(#2931,#2932)
    ,(#2933,#2934
    )),.UNSPECIFIED.,.F.,.F.,.F.,(3,3),(2,2),(0.,1.),(-0.45,0.),
  .PIECEWISE_BEZIER_KNOTS.);
#2929 = CARTESIAN_POINT('',(-28.54404744976,-27.76583898152,
    -5.075705882353));
#2930 = CARTESIAN_POINT('',(-28.54404744976,-27.76583898152,
    -5.367676470588));
#2931 = CARTESIAN_POINT('',(-29.02322752555,-28.04249372727,
    -5.075705882353));
#2932 = CARTESIAN_POINT('',(-29.02322752555,-28.04249372727,
    -5.367676470588));
#2933 = CARTESIAN_POINT('',(-29.14344631395,-28.40540784924,
    -5.075705882353));
#2934 = CARTESIAN_POINT('',(-29.14344631395,-28.40540784924,
    -5.367676470588));
#2935 = ADVANCED_FACE('',(#2936),#2962,.T.);
#2936 = FACE_BOUND('',#2937,.T.);
#2937 = EDGE_LOOP('',(#2938,#2939,#2946,#2961));
#2938 = ORIENTED_EDGE('',*,*,#2500,.F.);
#2939 = ORIENTED_EDGE('',*,*,#2940,.T.);
#2940 = EDGE_CURVE('',#2501,#2941,#2943,.T.);
#2941 = VERTEX_POINT('',#2942);
#2942 = CARTESIAN_POINT('',(-27.69186639904,-27.55968112229,
    -5.125705882353));
#2943 = B_SPLINE_CURVE_WITH_KNOTS('',1,(#2944,#2945),.UNSPECIFIED.,.F.,
  .F.,(2,2),(0.,0.45),.PIECEWISE_BEZIER_KNOTS.);
#2944 = CARTESIAN_POINT('',(-27.69186639904,-27.55968112229,
    -5.367676470588));
#2945 = CARTESIAN_POINT('',(-27.69186639904,-27.55968112229,
    -5.075705882353));
#2946 = ORIENTED_EDGE('',*,*,#2947,.F.);
#2947 = EDGE_CURVE('',#2901,#2941,#2948,.T.);
#2948 = B_SPLINE_CURVE_WITH_KNOTS('',6,(#2949,#2950,#2951,#2952,#2953,
    #2954,#2955,#2956,#2957,#2958,#2959,#2960),.UNSPECIFIED.,.F.,.F.,(7,
    5,7),(0.,0.524359830271,1.),.UNSPECIFIED.);
#2949 = CARTESIAN_POINT('',(-28.54404744976,-27.76583898152,
    -5.125705882353));
#2950 = CARTESIAN_POINT('',(-28.4679575939,-27.72190848276,
    -5.125705882353));
#2951 = CARTESIAN_POINT('',(-28.39164676303,-27.68203776344,
    -5.125705882353));
#2952 = CARTESIAN_POINT('',(-28.31522325675,-27.64670347338,
    -5.125705882353));
#2953 = CARTESIAN_POINT('',(-28.23887317381,-27.61646825984,
    -5.125705882353));
#2954 = CARTESIAN_POINT('',(-28.1628597561,-27.59195104933,
    -5.125705882353));
#2955 = CARTESIAN_POINT('',(-28.01918027433,-27.55719240931,
    -5.125705882353));
#2956 = CARTESIAN_POINT('',(-27.95138967079,-27.54583543454,
    -5.125705882353));
#2957 = CARTESIAN_POINT('',(-27.88443057711,-27.5400879358,
    -5.125705882353));
#2958 = CARTESIAN_POINT('',(-27.81862588056,-27.54034120653,
    -5.125705882353));
#2959 = CARTESIAN_POINT('',(-27.75432108143,-27.5468570969,
    -5.125705882353));
#2960 = CARTESIAN_POINT('',(-27.69186639904,-27.55968112229,
    -5.125705882353));
#2961 = ORIENTED_EDGE('',*,*,#2900,.F.);
#2962 = B_SPLINE_SURFACE_WITH_KNOTS('',2,1,(
    (#2963,#2964)
    ,(#2965,#2966)
    ,(#2967,#2968
    )),.UNSPECIFIED.,.F.,.F.,.F.,(3,3),(2,2),(0.,1.),(-0.45,0.),
  .PIECEWISE_BEZIER_KNOTS.);
#2963 = CARTESIAN_POINT('',(-27.69186639904,-27.55968112229,
    -5.075705882353));
#2964 = CARTESIAN_POINT('',(-27.69186639904,-27.55968112229,
    -5.367676470588));
#2965 = CARTESIAN_POINT('',(-28.05708309045,-27.48468997759,
    -5.075705882353));
#2966 = CARTESIAN_POINT('',(-28.05708309045,-27.48468997759,
    -5.367676470588));
#2967 = CARTESIAN_POINT('',(-28.54404744976,-27.76583898152,
    -5.075705882353));
#2968 = CARTESIAN_POINT('',(-28.54404744976,-27.76583898152,
    -5.367676470588));
#2969 = ADVANCED_FACE('',(#2970),#2994,.T.);
#2970 = FACE_BOUND('',#2971,.T.);
#2971 = EDGE_LOOP('',(#2972,#2973,#2980,#2993));
#2972 = ORIENTED_EDGE('',*,*,#2508,.F.);
#2973 = ORIENTED_EDGE('',*,*,#2974,.T.);
#2974 = EDGE_CURVE('',#2509,#2975,#2977,.T.);
#2975 = VERTEX_POINT('',#2976);
#2976 = CARTESIAN_POINT('',(-27.12428047803,-27.9848913491,
    -5.125705882353));
#2977 = B_SPLINE_CURVE_WITH_KNOTS('',1,(#2978,#2979),.UNSPECIFIED.,.F.,
  .F.,(2,2),(0.,0.45),.PIECEWISE_BEZIER_KNOTS.);
#2978 = CARTESIAN_POINT('',(-27.12428047803,-27.9848913491,
    -5.367676470588));
#2979 = CARTESIAN_POINT('',(-27.12428047803,-27.9848913491,
    -5.075705882353));
#2980 = ORIENTED_EDGE('',*,*,#2981,.F.);
#2981 = EDGE_CURVE('',#2941,#2975,#2982,.T.);
#2982 = B_SPLINE_CURVE_WITH_KNOTS('',5,(#2983,#2984,#2985,#2986,#2987,
    #2988,#2989,#2990,#2991,#2992),.UNSPECIFIED.,.F.,.F.,(6,4,6),(0.,
    0.377524986697,1.),.UNSPECIFIED.);
#2983 = CARTESIAN_POINT('',(-27.69186639904,-27.55968112229,
    -5.125705882353));
#2984 = CARTESIAN_POINT('',(-27.6370449159,-27.57092281047,
    -5.125705882353));
#2985 = CARTESIAN_POINT('',(-27.58400062859,-27.58614599732,
    -5.125705882353));
#2986 = CARTESIAN_POINT('',(-27.53297248477,-27.60546603628,
    -5.125705882353));
#2987 = CARTESIAN_POINT('',(-27.48417050697,-27.62891057164,
    -5.125705882353));
#2988 = CARTESIAN_POINT('',(-27.36122831255,-27.701679314,
    -5.125705882353));
#2989 = CARTESIAN_POINT('',(-27.29116562398,-27.75794181998,
    -5.125705882353));
#2990 = CARTESIAN_POINT('',(-27.22834394141,-27.82472527343,
    -5.125705882353));
#2991 = CARTESIAN_POINT('',(-27.17280946765,-27.90083667345,
    -5.125705882353));
#2992 = CARTESIAN_POINT('',(-27.12428047803,-27.9848913491,
    -5.125705882353));
#2993 = ORIENTED_EDGE('',*,*,#2940,.F.);
#2994 = B_SPLINE_SURFACE_WITH_KNOTS('',2,1,(
    (#2995,#2996)
    ,(#2997,#2998)
    ,(#2999,#3000
    )),.UNSPECIFIED.,.F.,.F.,.F.,(3,3),(2,2),(0.,1.),(-0.45,0.),
  .PIECEWISE_BEZIER_KNOTS.);
#2995 = CARTESIAN_POINT('',(-27.12428047803,-27.9848913491,
    -5.075705882353));
#2996 = CARTESIAN_POINT('',(-27.12428047803,-27.9848913491,
    -5.367676470588));
#2997 = CARTESIAN_POINT('',(-27.32652209643,-27.63459859064,
    -5.075705882353));
#2998 = CARTESIAN_POINT('',(-27.32652209643,-27.63459859064,
    -5.367676470588));
#2999 = CARTESIAN_POINT('',(-27.69186639904,-27.55968112229,
    -5.075705882353));
#3000 = CARTESIAN_POINT('',(-27.69186639904,-27.55968112229,
    -5.367676470588));
#3001 = ADVANCED_FACE('',(#3002),#3026,.T.);
#3002 = FACE_BOUND('',#3003,.T.);
#3003 = EDGE_LOOP('',(#3004,#3005,#3012,#3025));
#3004 = ORIENTED_EDGE('',*,*,#2516,.F.);
#3005 = ORIENTED_EDGE('',*,*,#3006,.T.);
#3006 = EDGE_CURVE('',#2517,#3007,#3009,.T.);
#3007 = VERTEX_POINT('',#3008);
#3008 = CARTESIAN_POINT('',(-27.03859007882,-28.68441067485,
    -5.125705882353));
#3009 = B_SPLINE_CURVE_WITH_KNOTS('',1,(#3010,#3011),.UNSPECIFIED.,.F.,
  .F.,(2,2),(0.,0.45),.PIECEWISE_BEZIER_KNOTS.);
#3010 = CARTESIAN_POINT('',(-27.03859007882,-28.68441067485,
    -5.367676470588));
#3011 = CARTESIAN_POINT('',(-27.03859007882,-28.68441067485,
    -5.075705882353));
#3012 = ORIENTED_EDGE('',*,*,#3013,.F.);
#3013 = EDGE_CURVE('',#2975,#3007,#3014,.T.);
#3014 = B_SPLINE_CURVE_WITH_KNOTS('',5,(#3015,#3016,#3017,#3018,#3019,
    #3020,#3021,#3022,#3023,#3024),.UNSPECIFIED.,.F.,.F.,(6,4,6),(0.,
    0.640794666487,1.),.UNSPECIFIED.);
#3015 = CARTESIAN_POINT('',(-27.12428047803,-27.9848913491,
    -5.125705882353));
#3016 = CARTESIAN_POINT('',(-27.07443109914,-28.07123300606,
    -5.125705882353));
#3017 = CARTESIAN_POINT('',(-27.03546227088,-28.15965637248,
    -5.125705882353));
#3018 = CARTESIAN_POINT('',(-27.00883916453,-28.24967250244,
    -5.125705882353));
#3019 = CARTESIAN_POINT('',(-26.9956845321,-28.34058722699,
    -5.125705882353));
#3020 = CARTESIAN_POINT('',(-26.99615012998,-28.4823544731,
    -5.125705882353));
#3021 = CARTESIAN_POINT('',(-27.00054456103,-28.53326621675,
    -5.125705882353));
#3022 = CARTESIAN_POINT('',(-27.00916651601,-28.58400554513,
    -5.125705882353));
#3023 = CARTESIAN_POINT('',(-27.02190929468,-28.63442944748,
    -5.125705882353));
#3024 = CARTESIAN_POINT('',(-27.03859007882,-28.68441067485,
    -5.125705882353));
#3025 = ORIENTED_EDGE('',*,*,#2974,.F.);
#3026 = B_SPLINE_SURFACE_WITH_KNOTS('',2,1,(
    (#3027,#3028)
    ,(#3029,#3030)
    ,(#3031,#3032
    )),.UNSPECIFIED.,.F.,.F.,.F.,(3,3),(2,2),(0.,1.),(-0.45,0.),
  .PIECEWISE_BEZIER_KNOTS.);
#3027 = CARTESIAN_POINT('',(-27.03859007882,-28.68441067485,
    -5.075705882353));
#3028 = CARTESIAN_POINT('',(-27.03859007882,-28.68441067485,
    -5.367676470588));
#3029 = CARTESIAN_POINT('',(-26.92203885964,-28.33518410757,
    -5.075705882353));
#3030 = CARTESIAN_POINT('',(-26.92203885964,-28.33518410757,
    -5.367676470588));
#3031 = CARTESIAN_POINT('',(-27.12428047803,-27.9848913491,
    -5.075705882353));
#3032 = CARTESIAN_POINT('',(-27.12428047803,-27.9848913491,
    -5.367676470588));
#3033 = ADVANCED_FACE('',(#3034),#3060,.T.);
#3034 = FACE_BOUND('',#3035,.T.);
#3035 = EDGE_LOOP('',(#3036,#3037,#3044,#3059));
#3036 = ORIENTED_EDGE('',*,*,#2524,.F.);
#3037 = ORIENTED_EDGE('',*,*,#3038,.T.);
#3038 = EDGE_CURVE('',#2525,#3039,#3041,.T.);
#3039 = VERTEX_POINT('',#3040);
#3040 = CARTESIAN_POINT('',(-27.64011781286,-29.3138087118,
    -5.125705882353));
#3041 = B_SPLINE_CURVE_WITH_KNOTS('',1,(#3042,#3043),.UNSPECIFIED.,.F.,
  .F.,(2,2),(0.,0.45),.PIECEWISE_BEZIER_KNOTS.);
#3042 = CARTESIAN_POINT('',(-27.64011781286,-29.3138087118,
    -5.367676470588));
#3043 = CARTESIAN_POINT('',(-27.64011781286,-29.3138087118,
    -5.075705882353));
#3044 = ORIENTED_EDGE('',*,*,#3045,.F.);
#3045 = EDGE_CURVE('',#3007,#3039,#3046,.T.);
#3046 = B_SPLINE_CURVE_WITH_KNOTS('',6,(#3047,#3048,#3049,#3050,#3051,
    #3052,#3053,#3054,#3055,#3056,#3057,#3058),.UNSPECIFIED.,.F.,.F.,(7,
    5,7),(0.,0.477340236685,1.),.UNSPECIFIED.);
#3047 = CARTESIAN_POINT('',(-27.03859007882,-28.68441067485,
    -5.125705882353));
#3048 = CARTESIAN_POINT('',(-27.05860550053,-28.74444345919,
    -5.125705882353));
#3049 = CARTESIAN_POINT('',(-27.08505334142,-28.80295351182,
    -5.125705882353));
#3050 = CARTESIAN_POINT('',(-27.11770989121,-28.8596612928,
    -5.125705882353));
#3051 = CARTESIAN_POINT('',(-27.15616467563,-28.91439990549,
    -5.125705882353));
#3052 = CARTESIAN_POINT('',(-27.1999074701,-28.96708685258,
    -5.125705882353));
#3053 = CARTESIAN_POINT('',(-27.30152857737,-29.07310963401,
    -5.125705882353));
#3054 = CARTESIAN_POINT('',(-27.3603584079,-29.12603691168,
    -5.125705882353));
#3055 = CARTESIAN_POINT('',(-27.42424519105,-29.17647409632,
    -5.125705882353));
#3056 = CARTESIAN_POINT('',(-27.49252981094,-29.22450032562,
    -5.125705882353));
#3057 = CARTESIAN_POINT('',(-27.56464050983,-29.27023187058,
    -5.125705882353));
#3058 = CARTESIAN_POINT('',(-27.64011781286,-29.3138087118,
    -5.125705882353));
#3059 = ORIENTED_EDGE('',*,*,#3006,.F.);
#3060 = B_SPLINE_SURFACE_WITH_KNOTS('',2,1,(
    (#3061,#3062)
    ,(#3063,#3064)
    ,(#3065,#3066
    )),.UNSPECIFIED.,.F.,.F.,.F.,(3,3),(2,2),(0.,1.),(-0.45,0.),
  .PIECEWISE_BEZIER_KNOTS.);
#3061 = CARTESIAN_POINT('',(-27.64011781286,-29.3138087118,
    -5.075705882353));
#3062 = CARTESIAN_POINT('',(-27.64011781286,-29.3138087118,
    -5.367676470588));
#3063 = CARTESIAN_POINT('',(-27.15506762163,-29.03376485333,
    -5.075705882353));
#3064 = CARTESIAN_POINT('',(-27.15506762163,-29.03376485333,
    -5.367676470588));
#3065 = CARTESIAN_POINT('',(-27.03859007882,-28.68441067485,
    -5.075705882353));
#3066 = CARTESIAN_POINT('',(-27.03859007882,-28.68441067485,
    -5.367676470588));
#3067 = ADVANCED_FACE('',(#3068),#3094,.T.);
#3068 = FACE_BOUND('',#3069,.T.);
#3069 = EDGE_LOOP('',(#3070,#3071,#3078,#3093));
#3070 = ORIENTED_EDGE('',*,*,#2532,.F.);
#3071 = ORIENTED_EDGE('',*,*,#3072,.T.);
#3072 = EDGE_CURVE('',#2533,#3073,#3075,.T.);
#3073 = VERTEX_POINT('',#3074);
#3074 = CARTESIAN_POINT('',(-28.50165009226,-29.52145209513,
    -5.125705882353));
#3075 = B_SPLINE_CURVE_WITH_KNOTS('',1,(#3076,#3077),.UNSPECIFIED.,.F.,
  .F.,(2,2),(0.,0.45),.PIECEWISE_BEZIER_KNOTS.);
#3076 = CARTESIAN_POINT('',(-28.50165009226,-29.52145209513,
    -5.367676470588));
#3077 = CARTESIAN_POINT('',(-28.50165009226,-29.52145209513,
    -5.075705882353));
#3078 = ORIENTED_EDGE('',*,*,#3079,.F.);
#3079 = EDGE_CURVE('',#3039,#3073,#3080,.T.);
#3080 = B_SPLINE_CURVE_WITH_KNOTS('',6,(#3081,#3082,#3083,#3084,#3085,
    #3086,#3087,#3088,#3089,#3090,#3091,#3092),.UNSPECIFIED.,.F.,.F.,(7,
    5,7),(0.,0.524208036646,1.),.UNSPECIFIED.);
#3081 = CARTESIAN_POINT('',(-27.64011781286,-29.3138087118,
    -5.125705882353));
#3082 = CARTESIAN_POINT('',(-27.716800192,-29.35808130404,
    -5.125705882353));
#3083 = CARTESIAN_POINT('',(-27.79374361475,-29.39825834276,
    -5.125705882353));
#3084 = CARTESIAN_POINT('',(-27.8708416837,-29.4338591683,
    -5.125705882353));
#3085 = CARTESIAN_POINT('',(-27.9479099358,-29.46431706987,
    -5.125705882353));
#3086 = CARTESIAN_POINT('',(-28.02468625623,-29.48900965265,
    -5.125705882353));
#3087 = CARTESIAN_POINT('',(-28.16994760915,-29.52402001675,
    -5.125705882353));
#3088 = CARTESIAN_POINT('',(-28.23854894664,-29.53545569194,
    -5.125705882353));
#3089 = CARTESIAN_POINT('',(-28.30635387738,-29.54123351005,
    -5.125705882353));
#3090 = CARTESIAN_POINT('',(-28.37303830468,-29.54096225081,
    -5.125705882353));
#3091 = CARTESIAN_POINT('',(-28.4382548474,-29.53438221697,
    -5.125705882353));
#3092 = CARTESIAN_POINT('',(-28.50165009226,-29.52145209513,
    -5.125705882353));
#3093 = ORIENTED_EDGE('',*,*,#3038,.F.);
#3094 = B_SPLINE_SURFACE_WITH_KNOTS('',2,1,(
    (#3095,#3096)
    ,(#3097,#3098)
    ,(#3099,#3100
    )),.UNSPECIFIED.,.F.,.F.,.F.,(3,3),(2,2),(0.,1.),(-0.45,0.),
  .PIECEWISE_BEZIER_KNOTS.);
#3095 = CARTESIAN_POINT('',(-28.50165009226,-29.52145209513,
    -5.075705882353));
#3096 = CARTESIAN_POINT('',(-28.50165009226,-29.52145209513,
    -5.367676470588));
#3097 = CARTESIAN_POINT('',(-28.13078289713,-29.59709433029,
    -5.075705882353));
#3098 = CARTESIAN_POINT('',(-28.13078289713,-29.59709433029,
    -5.367676470588));
#3099 = CARTESIAN_POINT('',(-27.64011781286,-29.3138087118,
    -5.075705882353));
#3100 = CARTESIAN_POINT('',(-27.64011781286,-29.3138087118,
    -5.367676470588));
#3101 = ADVANCED_FACE('',(#3102),#3126,.T.);
#3102 = FACE_BOUND('',#3103,.T.);
#3103 = EDGE_LOOP('',(#3104,#3105,#3112,#3125));
#3104 = ORIENTED_EDGE('',*,*,#2540,.F.);
#3105 = ORIENTED_EDGE('',*,*,#3106,.T.);
#3106 = EDGE_CURVE('',#2541,#3107,#3109,.T.);
#3107 = VERTEX_POINT('',#3108);
#3108 = CARTESIAN_POINT('',(-29.0680543567,-29.1071297212,
    -5.125705882353));
#3109 = B_SPLINE_CURVE_WITH_KNOTS('',1,(#3110,#3111),.UNSPECIFIED.,.F.,
  .F.,(2,2),(0.,0.45),.PIECEWISE_BEZIER_KNOTS.);
#3110 = CARTESIAN_POINT('',(-29.0680543567,-29.1071297212,
    -5.367676470588));
#3111 = CARTESIAN_POINT('',(-29.0680543567,-29.1071297212,
    -5.075705882353));
#3112 = ORIENTED_EDGE('',*,*,#3113,.F.);
#3113 = EDGE_CURVE('',#3073,#3107,#3114,.T.);
#3114 = B_SPLINE_CURVE_WITH_KNOTS('',5,(#3115,#3116,#3117,#3118,#3119,
    #3120,#3121,#3122,#3123,#3124),.UNSPECIFIED.,.F.,.F.,(6,4,6),(0.,
    0.448953104832,1.),.UNSPECIFIED.);
#3115 = CARTESIAN_POINT('',(-28.50165009226,-29.52145209513,
    -5.125705882353));
#3116 = CARTESIAN_POINT('',(-28.5672304366,-29.50809621163,
    -5.125705882353));
#3117 = CARTESIAN_POINT('',(-28.63022416538,-29.48942202226,
    -5.125705882353));
#3118 = CARTESIAN_POINT('',(-28.69022202024,-29.46521400245,
    -5.125705882353));
#3119 = CARTESIAN_POINT('',(-28.74686359413,-29.43540582344,
    -5.125705882353));
#3120 = CARTESIAN_POINT('',(-28.86497426739,-29.35692602789,
    -5.125705882353));
#3121 = CARTESIAN_POINT('',(-28.92463126401,-29.30549337855,
    -5.125705882353));
#3122 = CARTESIAN_POINT('',(-28.97836407627,-29.2461948435,
    -5.125705882353));
#3123 = CARTESIAN_POINT('',(-29.02611393555,-29.17977266152,
    -5.125705882353));
#3124 = CARTESIAN_POINT('',(-29.0680543567,-29.1071297212,
    -5.125705882353));
#3125 = ORIENTED_EDGE('',*,*,#3072,.F.);
#3126 = B_SPLINE_SURFACE_WITH_KNOTS('',2,1,(
    (#3127,#3128)
    ,(#3129,#3130)
    ,(#3131,#3132
    )),.UNSPECIFIED.,.F.,.F.,.F.,(3,3),(2,2),(0.,1.),(-0.45,0.),
  .PIECEWISE_BEZIER_KNOTS.);
#3127 = CARTESIAN_POINT('',(-29.0680543567,-29.1071297212,
    -5.075705882353));
#3128 = CARTESIAN_POINT('',(-29.0680543567,-29.1071297212,
    -5.367676470588));
#3129 = CARTESIAN_POINT('',(-28.87244361104,-29.44593747119,
    -5.075705882353));
#3130 = CARTESIAN_POINT('',(-28.87244361104,-29.44593747119,
    -5.367676470588));
#3131 = CARTESIAN_POINT('',(-28.50165009226,-29.52145209513,
    -5.075705882353));
#3132 = CARTESIAN_POINT('',(-28.50165009226,-29.52145209513,
    -5.367676470588));
#3133 = ADVANCED_FACE('',(#3134),#3152,.T.);
#3134 = FACE_BOUND('',#3135,.T.);
#3135 = EDGE_LOOP('',(#3136,#3137,#3138,#3151));
#3136 = ORIENTED_EDGE('',*,*,#2548,.F.);
#3137 = ORIENTED_EDGE('',*,*,#2924,.T.);
#3138 = ORIENTED_EDGE('',*,*,#3139,.F.);
#3139 = EDGE_CURVE('',#3107,#2908,#3140,.T.);
#3140 = B_SPLINE_CURVE_WITH_KNOTS('',5,(#3141,#3142,#3143,#3144,#3145,
    #3146,#3147,#3148,#3149,#3150),.UNSPECIFIED.,.F.,.F.,(6,4,6),(0.,
    0.534742183995,1.),.UNSPECIFIED.);
#3141 = CARTESIAN_POINT('',(-29.0680543567,-29.1071297212,
    -5.125705882353));
#3142 = CARTESIAN_POINT('',(-29.10883047302,-29.03650341599,
    -5.125705882353));
#3143 = CARTESIAN_POINT('',(-29.14174435214,-28.96398342094,
    -5.125705882353));
#3144 = CARTESIAN_POINT('',(-29.16600942237,-28.88984494419,
    -5.125705882353));
#3145 = CARTESIAN_POINT('',(-29.18107527603,-28.81447360702,
    -5.125705882353));
#3146 = CARTESIAN_POINT('',(-29.1919789799,-28.67222816296,
    -5.125705882353));
#3147 = CARTESIAN_POINT('',(-29.19006224645,-28.60550611345,
    -5.125705882353));
#3148 = CARTESIAN_POINT('',(-29.181125581,-28.53859223669,
    -5.125705882353));
#3149 = CARTESIAN_POINT('',(-29.16543946547,-28.47180034393,
    -5.125705882353));
#3150 = CARTESIAN_POINT('',(-29.14344631395,-28.40540784924,
    -5.125705882353));
#3151 = ORIENTED_EDGE('',*,*,#3106,.F.);
#3152 = B_SPLINE_SURFACE_WITH_KNOTS('',2,1,(
    (#3153,#3154)
    ,(#3155,#3156)
    ,(#3157,#3158
    )),.UNSPECIFIED.,.F.,.F.,.F.,(3,3),(2,2),(0.,1.),(-0.45,0.),
  .PIECEWISE_BEZIER_KNOTS.);
#3153 = CARTESIAN_POINT('',(-29.14344631395,-28.40540784924,
    -5.075705882353));
#3154 = CARTESIAN_POINT('',(-29.14344631395,-28.40540784924,
    -5.367676470588));
#3155 = CARTESIAN_POINT('',(-29.26366510236,-28.7683219712,
    -5.075705882353));
#3156 = CARTESIAN_POINT('',(-29.26366510236,-28.7683219712,
    -5.367676470588));
#3157 = CARTESIAN_POINT('',(-29.0680543567,-29.1071297212,
    -5.075705882353));
#3158 = CARTESIAN_POINT('',(-29.0680543567,-29.1071297212,
    -5.367676470588));
#3159 = ADVANCED_FACE('',(#3160),#3182,.T.);
#3160 = FACE_BOUND('',#3161,.T.);
#3161 = EDGE_LOOP('',(#3162,#3163,#3170,#3177));
#3162 = ORIENTED_EDGE('',*,*,#2614,.F.);
#3163 = ORIENTED_EDGE('',*,*,#3164,.T.);
#3164 = EDGE_CURVE('',#2615,#3165,#3167,.T.);
#3165 = VERTEX_POINT('',#3166);
#3166 = CARTESIAN_POINT('',(-26.50917973685,-30.78550280279,
    -5.270352941176));
#3167 = B_SPLINE_CURVE_WITH_KNOTS('',1,(#3168,#3169),.UNSPECIFIED.,.F.,
  .F.,(2,2),(0.,0.45),.PIECEWISE_BEZIER_KNOTS.);
#3168 = CARTESIAN_POINT('',(-26.50917973685,-30.78550280279,
    -5.367676470588));
#3169 = CARTESIAN_POINT('',(-26.50917973685,-30.78550280279,
    -5.075705882353));
#3170 = ORIENTED_EDGE('',*,*,#3171,.T.);
#3171 = EDGE_CURVE('',#3165,#3172,#3174,.T.);
#3172 = VERTEX_POINT('',#3173);
#3173 = CARTESIAN_POINT('',(-26.26715288205,-31.2047056121,
    -5.270352941176));
#3174 = B_SPLINE_CURVE_WITH_KNOTS('',1,(#3175,#3176),.UNSPECIFIED.,.F.,
  .F.,(2,2),(0.,1.),.PIECEWISE_BEZIER_KNOTS.);
#3175 = CARTESIAN_POINT('',(-26.50917973685,-30.78550280279,
    -5.270352941176));
#3176 = CARTESIAN_POINT('',(-26.26715288205,-31.2047056121,
    -5.270352941176));
#3177 = ORIENTED_EDGE('',*,*,#3178,.F.);
#3178 = EDGE_CURVE('',#2617,#3172,#3179,.T.);
#3179 = B_SPLINE_CURVE_WITH_KNOTS('',1,(#3180,#3181),.UNSPECIFIED.,.F.,
  .F.,(2,2),(0.,0.45),.PIECEWISE_BEZIER_KNOTS.);
#3180 = CARTESIAN_POINT('',(-26.26715288205,-31.2047056121,
    -5.367676470588));
#3181 = CARTESIAN_POINT('',(-26.26715288205,-31.2047056121,
    -5.075705882353));
#3182 = B_SPLINE_SURFACE_WITH_KNOTS('',1,1,(
    (#3183,#3184)
    ,(#3185,#3186
    )),.UNSPECIFIED.,.F.,.F.,.F.,(2,2),(2,2),(0.,0.746048328488),(-0.45,
    0.),.PIECEWISE_BEZIER_KNOTS.);
#3183 = CARTESIAN_POINT('',(-26.50917973685,-30.78550280279,
    -5.075705882353));
#3184 = CARTESIAN_POINT('',(-26.50917973685,-30.78550280279,
    -5.367676470588));
#3185 = CARTESIAN_POINT('',(-26.26715288205,-31.2047056121,
    -5.075705882353));
#3186 = CARTESIAN_POINT('',(-26.26715288205,-31.2047056121,
    -5.367676470588));
#3187 = ADVANCED_FACE('',(#3188),#3204,.T.);
#3188 = FACE_BOUND('',#3189,.T.);
#3189 = EDGE_LOOP('',(#3190,#3191,#3198,#3203));
#3190 = ORIENTED_EDGE('',*,*,#2623,.F.);
#3191 = ORIENTED_EDGE('',*,*,#3192,.T.);
#3192 = EDGE_CURVE('',#2624,#3193,#3195,.T.);
#3193 = VERTEX_POINT('',#3194);
#3194 = CARTESIAN_POINT('',(-25.79864054591,-30.37527280963,
    -5.270352941176));
#3195 = B_SPLINE_CURVE_WITH_KNOTS('',1,(#3196,#3197),.UNSPECIFIED.,.F.,
  .F.,(2,2),(0.,0.45),.PIECEWISE_BEZIER_KNOTS.);
#3196 = CARTESIAN_POINT('',(-25.79864054591,-30.37527280963,
    -5.367676470588));
#3197 = CARTESIAN_POINT('',(-25.79864054591,-30.37527280963,
    -5.075705882353));
#3198 = ORIENTED_EDGE('',*,*,#3199,.T.);
#3199 = EDGE_CURVE('',#3193,#3165,#3200,.T.);
#3200 = B_SPLINE_CURVE_WITH_KNOTS('',1,(#3201,#3202),.UNSPECIFIED.,.F.,
  .F.,(2,2),(0.,1.),.PIECEWISE_BEZIER_KNOTS.);
#3201 = CARTESIAN_POINT('',(-25.79864054591,-30.37527280963,
    -5.270352941176));
#3202 = CARTESIAN_POINT('',(-26.50917973685,-30.78550280279,
    -5.270352941176));
#3203 = ORIENTED_EDGE('',*,*,#3164,.F.);
#3204 = B_SPLINE_SURFACE_WITH_KNOTS('',1,1,(
    (#3205,#3206)
    ,(#3207,#3208
    )),.UNSPECIFIED.,.F.,.F.,.F.,(2,2),(2,2),(0.,1.264534883721),(-0.45,
    0.),.PIECEWISE_BEZIER_KNOTS.);
#3205 = CARTESIAN_POINT('',(-25.79864054591,-30.37527280963,
    -5.075705882353));
#3206 = CARTESIAN_POINT('',(-25.79864054591,-30.37527280963,
    -5.367676470588));
#3207 = CARTESIAN_POINT('',(-26.50917973685,-30.78550280279,
    -5.075705882353));
#3208 = CARTESIAN_POINT('',(-26.50917973685,-30.78550280279,
    -5.367676470588));
#3209 = ADVANCED_FACE('',(#3210),#3226,.T.);
#3210 = FACE_BOUND('',#3211,.T.);
#3211 = EDGE_LOOP('',(#3212,#3213,#3220,#3225));
#3212 = ORIENTED_EDGE('',*,*,#2630,.F.);
#3213 = ORIENTED_EDGE('',*,*,#3214,.T.);
#3214 = EDGE_CURVE('',#2631,#3215,#3217,.T.);
#3215 = VERTEX_POINT('',#3216);
#3216 = CARTESIAN_POINT('',(-25.54335194564,-30.81744563589,
    -5.270352941176));
#3217 = B_SPLINE_CURVE_WITH_KNOTS('',1,(#3218,#3219),.UNSPECIFIED.,.F.,
  .F.,(2,2),(0.,0.45),.PIECEWISE_BEZIER_KNOTS.);
#3218 = CARTESIAN_POINT('',(-25.54335194564,-30.81744563589,
    -5.367676470588));
#3219 = CARTESIAN_POINT('',(-25.54335194564,-30.81744563589,
    -5.075705882353));
#3220 = ORIENTED_EDGE('',*,*,#3221,.T.);
#3221 = EDGE_CURVE('',#3215,#3193,#3222,.T.);
#3222 = B_SPLINE_CURVE_WITH_KNOTS('',1,(#3223,#3224),.UNSPECIFIED.,.F.,
  .F.,(2,2),(0.,1.),.PIECEWISE_BEZIER_KNOTS.);
#3223 = CARTESIAN_POINT('',(-25.54335194564,-30.81744563589,
    -5.270352941176));
#3224 = CARTESIAN_POINT('',(-25.79864054591,-30.37527280963,
    -5.270352941176));
#3225 = ORIENTED_EDGE('',*,*,#3192,.F.);
#3226 = B_SPLINE_SURFACE_WITH_KNOTS('',1,1,(
    (#3227,#3228)
    ,(#3229,#3230
    )),.UNSPECIFIED.,.F.,.F.,.F.,(2,2),(2,2),(0.,0.786927688953),(-0.45,
    0.),.PIECEWISE_BEZIER_KNOTS.);
#3227 = CARTESIAN_POINT('',(-25.54335194564,-30.81744563589,
    -5.075705882353));
#3228 = CARTESIAN_POINT('',(-25.54335194564,-30.81744563589,
    -5.367676470588));
#3229 = CARTESIAN_POINT('',(-25.79864054591,-30.37527280963,
    -5.075705882353));
#3230 = CARTESIAN_POINT('',(-25.79864054591,-30.37527280963,
    -5.367676470588));
#3231 = ADVANCED_FACE('',(#3232),#3260,.T.);
#3232 = FACE_BOUND('',#3233,.T.);
#3233 = EDGE_LOOP('',(#3234,#3235,#3242,#3259));
#3234 = ORIENTED_EDGE('',*,*,#2637,.F.);
#3235 = ORIENTED_EDGE('',*,*,#3236,.T.);
#3236 = EDGE_CURVE('',#2638,#3237,#3239,.T.);
#3237 = VERTEX_POINT('',#3238);
#3238 = CARTESIAN_POINT('',(-25.3142113676,-31.23643166824,
    -5.270352941176));
#3239 = B_SPLINE_CURVE_WITH_KNOTS('',1,(#3240,#3241),.UNSPECIFIED.,.F.,
  .F.,(2,2),(0.,0.45),.PIECEWISE_BEZIER_KNOTS.);
#3240 = CARTESIAN_POINT('',(-25.3142113676,-31.23643166824,
    -5.367676470588));
#3241 = CARTESIAN_POINT('',(-25.3142113676,-31.23643166824,
    -5.075705882353));
#3242 = ORIENTED_EDGE('',*,*,#3243,.T.);
#3243 = EDGE_CURVE('',#3237,#3215,#3244,.T.);
#3244 = B_SPLINE_CURVE_WITH_KNOTS('',7,(#3245,#3246,#3247,#3248,#3249,
    #3250,#3251,#3252,#3253,#3254,#3255,#3256,#3257,#3258),
  .UNSPECIFIED.,.F.,.F.,(8,6,8),(0.,0.305492326526,1.),.UNSPECIFIED.);
#3245 = CARTESIAN_POINT('',(-25.3142113676,-31.23643166824,
    -5.270352941176));
#3246 = CARTESIAN_POINT('',(-25.31764165012,-31.22798084974,
    -5.270352941176));
#3247 = CARTESIAN_POINT('',(-25.32226889272,-31.21767550768,
    -5.270352941176));
#3248 = CARTESIAN_POINT('',(-25.32798214818,-31.20570613823,
    -5.270352941176));
#3249 = CARTESIAN_POINT('',(-25.33464967983,-31.19228989205,
    -5.270352941176));
#3250 = CARTESIAN_POINT('',(-25.34214440119,-31.17763199445,
    -5.270352941176));
#3251 = CARTESIAN_POINT('',(-25.35035837531,-31.16190376676,
    -5.270352941176));
#3252 = CARTESIAN_POINT('',(-25.37932148066,-31.10734752339,
    -5.270352941176));
#3253 = CARTESIAN_POINT('',(-25.40264061967,-31.06474549742,
    -5.270352941176));
#3254 = CARTESIAN_POINT('',(-25.42819731452,-31.0189034789,
    -5.270352941176));
#3255 = CARTESIAN_POINT('',(-25.45538919628,-30.97074428251,
    -5.270352941176));
#3256 = CARTESIAN_POINT('',(-25.48378048908,-30.9209238988,
    -5.270352941176));
#3257 = CARTESIAN_POINT('',(-25.51313028979,-30.86979110195,
    -5.270352941176));
#3258 = CARTESIAN_POINT('',(-25.54335194564,-30.81744563589,
    -5.270352941176));
#3259 = ORIENTED_EDGE('',*,*,#3214,.F.);
#3260 = B_SPLINE_SURFACE_WITH_KNOTS('',2,1,(
    (#3261,#3262)
    ,(#3263,#3264)
    ,(#3265,#3266
    )),.UNSPECIFIED.,.F.,.F.,.F.,(3,3),(2,2),(0.,1.),(-0.45,0.),
  .PIECEWISE_BEZIER_KNOTS.);
#3261 = CARTESIAN_POINT('',(-25.3142113676,-31.23643166824,
    -5.075705882353));
#3262 = CARTESIAN_POINT('',(-25.3142113676,-31.23643166824,
    -5.367676470588));
#3263 = CARTESIAN_POINT('',(-25.34442576362,-31.16199589012,
    -5.075705882353));
#3264 = CARTESIAN_POINT('',(-25.34442576362,-31.16199589012,
    -5.367676470588));
#3265 = CARTESIAN_POINT('',(-25.54335194564,-30.81744563589,
    -5.075705882353));
#3266 = CARTESIAN_POINT('',(-25.54335194564,-30.81744563589,
    -5.367676470588));
#3267 = ADVANCED_FACE('',(#3268),#3292,.T.);
#3268 = FACE_BOUND('',#3269,.T.);
#3269 = EDGE_LOOP('',(#3270,#3271,#3278,#3291));
#3270 = ORIENTED_EDGE('',*,*,#2645,.F.);
#3271 = ORIENTED_EDGE('',*,*,#3272,.T.);
#3272 = EDGE_CURVE('',#2646,#3273,#3275,.T.);
#3273 = VERTEX_POINT('',#3274);
#3274 = CARTESIAN_POINT('',(-25.30089773521,-31.51323295261,
    -5.270352941176));
#3275 = B_SPLINE_CURVE_WITH_KNOTS('',1,(#3276,#3277),.UNSPECIFIED.,.F.,
  .F.,(2,2),(0.,0.45),.PIECEWISE_BEZIER_KNOTS.);
#3276 = CARTESIAN_POINT('',(-25.30089773521,-31.51323295261,
    -5.367676470588));
#3277 = CARTESIAN_POINT('',(-25.30089773521,-31.51323295261,
    -5.075705882353));
#3278 = ORIENTED_EDGE('',*,*,#3279,.T.);
#3279 = EDGE_CURVE('',#3273,#3237,#3280,.T.);
#3280 = B_SPLINE_CURVE_WITH_KNOTS('',5,(#3281,#3282,#3283,#3284,#3285,
    #3286,#3287,#3288,#3289,#3290),.UNSPECIFIED.,.F.,.F.,(6,4,6),(0.,
    0.107806000338,1.),.UNSPECIFIED.);
#3281 = CARTESIAN_POINT('',(-25.30089773521,-31.51323295261,
    -5.270352941176));
#3282 = CARTESIAN_POINT('',(-25.29900176097,-31.50773937636,
    -5.270352941176));
#3283 = CARTESIAN_POINT('',(-25.29722449341,-31.50221382229,
    -5.270352941176));
#3284 = CARTESIAN_POINT('',(-25.29556631793,-31.49665688006,
    -5.270352941176));
#3285 = CARTESIAN_POINT('',(-25.29402751043,-31.49106917004,
    -5.270352941176));
#3286 = CARTESIAN_POINT('',(-25.28086240182,-31.43895866086,
    -5.270352941176));
#3287 = CARTESIAN_POINT('',(-25.27730046201,-31.39038985975,
    -5.270352941176));
#3288 = CARTESIAN_POINT('',(-25.28203524977,-31.34015254193,
    -5.270352941176));
#3289 = CARTESIAN_POINT('',(-25.29457838861,-31.28869383024,
    -5.270352941176));
#3290 = CARTESIAN_POINT('',(-25.3142113676,-31.23643166824,
    -5.270352941176));
#3291 = ORIENTED_EDGE('',*,*,#3236,.F.);
#3292 = B_SPLINE_SURFACE_WITH_KNOTS('',2,1,(
    (#3293,#3294)
    ,(#3295,#3296)
    ,(#3297,#3298
    )),.UNSPECIFIED.,.F.,.F.,.F.,(3,3),(2,2),(0.,1.),(-0.45,0.),
  .PIECEWISE_BEZIER_KNOTS.);
#3293 = CARTESIAN_POINT('',(-25.30089773521,-31.51323295261,
    -5.075705882353));
#3294 = CARTESIAN_POINT('',(-25.30089773521,-31.51323295261,
    -5.367676470588));
#3295 = CARTESIAN_POINT('',(-25.25748330054,-31.38743983904,
    -5.075705882353));
#3296 = CARTESIAN_POINT('',(-25.25748330054,-31.38743983904,
    -5.367676470588));
#3297 = CARTESIAN_POINT('',(-25.3142113676,-31.23643166824,
    -5.075705882353));
#3298 = CARTESIAN_POINT('',(-25.3142113676,-31.23643166824,
    -5.367676470588));
#3299 = ADVANCED_FACE('',(#3300),#3324,.T.);
#3300 = FACE_BOUND('',#3301,.T.);
#3301 = EDGE_LOOP('',(#3302,#3303,#3310,#3323));
#3302 = ORIENTED_EDGE('',*,*,#2653,.F.);
#3303 = ORIENTED_EDGE('',*,*,#3304,.T.);
#3304 = EDGE_CURVE('',#2654,#3305,#3307,.T.);
#3305 = VERTEX_POINT('',#3306);
#3306 = CARTESIAN_POINT('',(-25.48537648655,-31.72063973566,
    -5.270352941176));
#3307 = B_SPLINE_CURVE_WITH_KNOTS('',1,(#3308,#3309),.UNSPECIFIED.,.F.,
  .F.,(2,2),(0.,0.45),.PIECEWISE_BEZIER_KNOTS.);
#3308 = CARTESIAN_POINT('',(-25.48537648655,-31.72063973566,
    -5.367676470588));
#3309 = CARTESIAN_POINT('',(-25.48537648655,-31.72063973566,
    -5.075705882353));
#3310 = ORIENTED_EDGE('',*,*,#3311,.T.);
#3311 = EDGE_CURVE('',#3305,#3273,#3312,.T.);
#3312 = B_SPLINE_CURVE_WITH_KNOTS('',5,(#3313,#3314,#3315,#3316,#3317,
    #3318,#3319,#3320,#3321,#3322),.UNSPECIFIED.,.F.,.F.,(6,4,6),(0.,
    0.885242948957,1.),.UNSPECIFIED.);
#3313 = CARTESIAN_POINT('',(-25.48537648655,-31.72063973566,
    -5.270352941176));
#3314 = CARTESIAN_POINT('',(-25.43697343439,-31.69269430487,
    -5.270352941176));
#3315 = CARTESIAN_POINT('',(-25.39469867052,-31.66088304136,
    -5.270352941176));
#3316 = CARTESIAN_POINT('',(-25.35943362426,-31.62506467787,
    -5.270352941176));
#3317 = CARTESIAN_POINT('',(-25.33190227571,-31.58527279563,
    -5.270352941176));
#3318 = CARTESIAN_POINT('',(-25.3097396645,-31.5363032605,
    -5.270352941176));
#3319 = CARTESIAN_POINT('',(-25.30732918929,-31.53062363698,
    -5.270352941176));
#3320 = CARTESIAN_POINT('',(-25.30505192665,-31.52488478932,
    -5.270352941176));
#3321 = CARTESIAN_POINT('',(-25.30290808882,-31.51908758434,
    -5.270352941176));
#3322 = CARTESIAN_POINT('',(-25.30089773521,-31.51323295261,
    -5.270352941176));
#3323 = ORIENTED_EDGE('',*,*,#3272,.F.);
#3324 = B_SPLINE_SURFACE_WITH_KNOTS('',2,1,(
    (#3325,#3326)
    ,(#3327,#3328)
    ,(#3329,#3330
    )),.UNSPECIFIED.,.F.,.F.,.F.,(3,3),(2,2),(0.,1.),(-0.45,0.),
  .PIECEWISE_BEZIER_KNOTS.);
#3325 = CARTESIAN_POINT('',(-25.48537648655,-31.72063973566,
    -5.075705882353));
#3326 = CARTESIAN_POINT('',(-25.48537648655,-31.72063973566,
    -5.367676470588));
#3327 = CARTESIAN_POINT('',(-25.34411088232,-31.63908000102,
    -5.075705882353));
#3328 = CARTESIAN_POINT('',(-25.34411088232,-31.63908000102,
    -5.367676470588));
#3329 = CARTESIAN_POINT('',(-25.30089773521,-31.51323295261,
    -5.075705882353));
#3330 = CARTESIAN_POINT('',(-25.30089773521,-31.51323295261,
    -5.367676470588));
#3331 = ADVANCED_FACE('',(#3332),#3352,.T.);
#3332 = FACE_BOUND('',#3333,.T.);
#3333 = EDGE_LOOP('',(#3334,#3335,#3342,#3351));
#3334 = ORIENTED_EDGE('',*,*,#2661,.F.);
#3335 = ORIENTED_EDGE('',*,*,#3336,.T.);
#3336 = EDGE_CURVE('',#2662,#3337,#3339,.T.);
#3337 = VERTEX_POINT('',#3338);
#3338 = CARTESIAN_POINT('',(-25.7287065053,-31.78455966432,
    -5.270352941176));
#3339 = B_SPLINE_CURVE_WITH_KNOTS('',1,(#3340,#3341),.UNSPECIFIED.,.F.,
  .F.,(2,2),(0.,0.45),.PIECEWISE_BEZIER_KNOTS.);
#3340 = CARTESIAN_POINT('',(-25.7287065053,-31.78455966432,
    -5.367676470588));
#3341 = CARTESIAN_POINT('',(-25.7287065053,-31.78455966432,
    -5.075705882353));
#3342 = ORIENTED_EDGE('',*,*,#3343,.T.);
#3343 = EDGE_CURVE('',#3337,#3305,#3344,.T.);
#3344 = B_SPLINE_CURVE_WITH_KNOTS('',5,(#3345,#3346,#3347,#3348,#3349,
    #3350),.UNSPECIFIED.,.F.,.F.,(6,6),(0.,1.),
  .PIECEWISE_BEZIER_KNOTS.);
#3345 = CARTESIAN_POINT('',(-25.7287065053,-31.78455966432,
    -5.270352941176));
#3346 = CARTESIAN_POINT('',(-25.68113384098,-31.78815952017,
    -5.270352941176));
#3347 = CARTESIAN_POINT('',(-25.63268583906,-31.78335429973,
    -5.270352941176));
#3348 = CARTESIAN_POINT('',(-25.58370726462,-31.77014230416,
    -5.270352941176));
#3349 = CARTESIAN_POINT('',(-25.53451355653,-31.74900907749,
    -5.270352941176));
#3350 = CARTESIAN_POINT('',(-25.48537648655,-31.72063973566,
    -5.270352941176));
#3351 = ORIENTED_EDGE('',*,*,#3304,.F.);
#3352 = B_SPLINE_SURFACE_WITH_KNOTS('',2,1,(
    (#3353,#3354)
    ,(#3355,#3356)
    ,(#3357,#3358
    )),.UNSPECIFIED.,.F.,.F.,.F.,(3,3),(2,2),(0.,1.),(-0.45,0.),
  .PIECEWISE_BEZIER_KNOTS.);
#3353 = CARTESIAN_POINT('',(-25.7287065053,-31.78455966432,
    -5.075705882353));
#3354 = CARTESIAN_POINT('',(-25.7287065053,-31.78455966432,
    -5.367676470588));
#3355 = CARTESIAN_POINT('',(-25.61145635736,-31.793431983,
    -5.075705882353));
#3356 = CARTESIAN_POINT('',(-25.61145635736,-31.793431983,
    -5.367676470588));
#3357 = CARTESIAN_POINT('',(-25.48537648655,-31.72063973566,
    -5.075705882353));
#3358 = CARTESIAN_POINT('',(-25.48537648655,-31.72063973566,
    -5.367676470588));
#3359 = ADVANCED_FACE('',(#3360),#3382,.T.);
#3360 = FACE_BOUND('',#3361,.T.);
#3361 = EDGE_LOOP('',(#3362,#3363,#3370,#3381));
#3362 = ORIENTED_EDGE('',*,*,#2669,.F.);
#3363 = ORIENTED_EDGE('',*,*,#3364,.T.);
#3364 = EDGE_CURVE('',#2670,#3365,#3367,.T.);
#3365 = VERTEX_POINT('',#3366);
#3366 = CARTESIAN_POINT('',(-25.93885677662,-31.69405537929,
    -5.270352941176));
#3367 = B_SPLINE_CURVE_WITH_KNOTS('',1,(#3368,#3369),.UNSPECIFIED.,.F.,
  .F.,(2,2),(0.,0.45),.PIECEWISE_BEZIER_KNOTS.);
#3368 = CARTESIAN_POINT('',(-25.93885677662,-31.69405537929,
    -5.367676470588));
#3369 = CARTESIAN_POINT('',(-25.93885677662,-31.69405537929,
    -5.075705882353));
#3370 = ORIENTED_EDGE('',*,*,#3371,.T.);
#3371 = EDGE_CURVE('',#3365,#3337,#3372,.T.);
#3372 = B_SPLINE_CURVE_WITH_KNOTS('',4,(#3373,#3374,#3375,#3376,#3377,
    #3378,#3379,#3380),.UNSPECIFIED.,.F.,.F.,(5,3,5),(0.,0.630413882897,
    1.),.UNSPECIFIED.);
#3373 = CARTESIAN_POINT('',(-25.93885677662,-31.69405537929,
    -5.270352941176));
#3374 = CARTESIAN_POINT('',(-25.90981912668,-31.71951262332,
    -5.270352941176));
#3375 = CARTESIAN_POINT('',(-25.87896713191,-31.74047401725,
    -5.270352941176));
#3376 = CARTESIAN_POINT('',(-25.84635267241,-31.75664949796,
    -5.270352941176));
#3377 = CARTESIAN_POINT('',(-25.79207097917,-31.77462450823,
    -5.270352941176));
#3378 = CARTESIAN_POINT('',(-25.77145708529,-31.77960369847,
    -5.270352941176));
#3379 = CARTESIAN_POINT('',(-25.75032242679,-31.78290859643,
    -5.270352941176));
#3380 = CARTESIAN_POINT('',(-25.7287065053,-31.78455966432,
    -5.270352941176));
#3381 = ORIENTED_EDGE('',*,*,#3336,.F.);
#3382 = B_SPLINE_SURFACE_WITH_KNOTS('',2,1,(
    (#3383,#3384)
    ,(#3385,#3386)
    ,(#3387,#3388
    )),.UNSPECIFIED.,.F.,.F.,.F.,(3,3),(2,2),(0.,1.),(-0.45,0.),
  .PIECEWISE_BEZIER_KNOTS.);
#3383 = CARTESIAN_POINT('',(-25.93885677662,-31.69405537929,
    -5.075705882353));
#3384 = CARTESIAN_POINT('',(-25.93885677662,-31.69405537929,
    -5.367676470588));
#3385 = CARTESIAN_POINT('',(-25.84582904204,-31.77561366927,
    -5.075705882353));
#3386 = CARTESIAN_POINT('',(-25.84582904204,-31.77561366927,
    -5.367676470588));
#3387 = CARTESIAN_POINT('',(-25.7287065053,-31.78455966432,
    -5.075705882353));
#3388 = CARTESIAN_POINT('',(-25.7287065053,-31.78455966432,
    -5.367676470588));
#3389 = ADVANCED_FACE('',(#3390),#3412,.T.);
#3390 = FACE_BOUND('',#3391,.T.);
#3391 = EDGE_LOOP('',(#3392,#3393,#3394,#3411));
#3392 = ORIENTED_EDGE('',*,*,#2677,.F.);
#3393 = ORIENTED_EDGE('',*,*,#3178,.T.);
#3394 = ORIENTED_EDGE('',*,*,#3395,.T.);
#3395 = EDGE_CURVE('',#3172,#3365,#3396,.T.);
#3396 = B_SPLINE_CURVE_WITH_KNOTS('',7,(#3397,#3398,#3399,#3400,#3401,
    #3402,#3403,#3404,#3405,#3406,#3407,#3408,#3409,#3410),
  .UNSPECIFIED.,.F.,.F.,(8,6,8),(0.,0.672377036224,1.),.UNSPECIFIED.);
#3397 = CARTESIAN_POINT('',(-26.26715288205,-31.2047056121,
    -5.270352941176));
#3398 = CARTESIAN_POINT('',(-26.23323692164,-31.26344964709,
    -5.270352941176));
#3399 = CARTESIAN_POINT('',(-26.19949294094,-31.32093675622,
    -5.270352941176));
#3400 = CARTESIAN_POINT('',(-26.16589786079,-31.37704435221,
    -5.270352941176));
#3401 = CARTESIAN_POINT('',(-26.13251862821,-31.43144602191,
    -5.270352941176));
#3402 = CARTESIAN_POINT('',(-26.09953017085,-31.48351428303,
    -5.270352941176));
#3403 = CARTESIAN_POINT('',(-26.06720031906,-31.53240213931,
    -5.270352941176));
#3404 = CARTESIAN_POINT('',(-26.02076177725,-31.59810037497,
    -5.270352941176));
#3405 = CARTESIAN_POINT('',(-26.00583965608,-31.61846332827,
    -5.270352941176));
#3406 = CARTESIAN_POINT('',(-25.99125835628,-31.63749536415,
    -5.270352941176));
#3407 = CARTESIAN_POINT('',(-25.97711184789,-31.65494050096,
    -5.270352941176));
#3408 = CARTESIAN_POINT('',(-25.96354036172,-31.67045391293,
    -5.270352941176));
#3409 = CARTESIAN_POINT('',(-25.95072223931,-31.68362919116,
    -5.270352941176));
#3410 = CARTESIAN_POINT('',(-25.93885677662,-31.69405537929,
    -5.270352941176));
#3411 = ORIENTED_EDGE('',*,*,#3364,.F.);
#3412 = B_SPLINE_SURFACE_WITH_KNOTS('',2,1,(
    (#3413,#3414)
    ,(#3415,#3416)
    ,(#3417,#3418
    )),.UNSPECIFIED.,.F.,.F.,.F.,(3,3),(2,2),(0.,1.),(-0.45,0.),
  .PIECEWISE_BEZIER_KNOTS.);
#3413 = CARTESIAN_POINT('',(-26.26715288205,-31.2047056121,
    -5.075705882353));
#3414 = CARTESIAN_POINT('',(-26.26715288205,-31.2047056121,
    -5.367676470588));
#3415 = CARTESIAN_POINT('',(-26.03175689999,-31.61242341294,
    -5.075705882353));
#3416 = CARTESIAN_POINT('',(-26.03175689999,-31.61242341294,
    -5.367676470588));
#3417 = CARTESIAN_POINT('',(-25.93885677662,-31.69405537929,
    -5.075705882353));
#3418 = CARTESIAN_POINT('',(-25.93885677662,-31.69405537929,
    -5.367676470588));
#3419 = ADVANCED_FACE('',(#3420),#3430,.F.);
#3420 = FACE_BOUND('',#3421,.F.);
#3421 = EDGE_LOOP('',(#3422,#3423,#3424,#3425,#3426,#3427,#3428,#3429));
#3422 = ORIENTED_EDGE('',*,*,#2907,.F.);
#3423 = ORIENTED_EDGE('',*,*,#3139,.F.);
#3424 = ORIENTED_EDGE('',*,*,#3113,.F.);
#3425 = ORIENTED_EDGE('',*,*,#3079,.F.);
#3426 = ORIENTED_EDGE('',*,*,#3045,.F.);
#3427 = ORIENTED_EDGE('',*,*,#3013,.F.);
#3428 = ORIENTED_EDGE('',*,*,#2981,.F.);
#3429 = ORIENTED_EDGE('',*,*,#2947,.F.);
#3430 = PLANE('',#3431);
#3431 = AXIS2_PLACEMENT_3D('',#3432,#3433,#3434);
#3432 = CARTESIAN_POINT('',(0.,-13.62529411764,-5.125705882353));
#3433 = DIRECTION('',(0.,0.,1.));
#3434 = DIRECTION('',(0.5,-0.866025403784,0.));
#3435 = ADVANCED_FACE('',(#3436),#3447,.F.);
#3436 = FACE_BOUND('',#3437,.F.);
#3437 = EDGE_LOOP('',(#3438,#3439,#3440,#3441,#3442,#3443,#3444,#3445,
    #3446));
#3438 = ORIENTED_EDGE('',*,*,#3199,.T.);
#3439 = ORIENTED_EDGE('',*,*,#3171,.T.);
#3440 = ORIENTED_EDGE('',*,*,#3395,.T.);
#3441 = ORIENTED_EDGE('',*,*,#3371,.T.);
#3442 = ORIENTED_EDGE('',*,*,#3343,.T.);
#3443 = ORIENTED_EDGE('',*,*,#3311,.T.);
#3444 = ORIENTED_EDGE('',*,*,#3279,.T.);
#3445 = ORIENTED_EDGE('',*,*,#3243,.T.);
#3446 = ORIENTED_EDGE('',*,*,#3221,.T.);
#3447 = B_SPLINE_SURFACE_WITH_KNOTS('',1,1,(
    (#3448,#3449)
    ,(#3450,#3451
    )),.UNSPECIFIED.,.F.,.F.,.F.,(2,2),(2,2),(0.,16.),(0.,8.),
  .PIECEWISE_BEZIER_KNOTS.);
#3448 = CARTESIAN_POINT('',(-27.53298529314,-29.52147058823,
    -5.270352941176));
#3449 = CARTESIAN_POINT('',(-23.03780402079,-26.92617647058,
    -5.270352941176));
#3450 = CARTESIAN_POINT('',(-22.34239705784,-38.51183313293,
    -5.270352941176));
#3451 = CARTESIAN_POINT('',(-17.84721578549,-35.91653901528,
    -5.270352941176));
#3452 = ( GEOMETRIC_REPRESENTATION_CONTEXT(3) 
GLOBAL_UNCERTAINTY_ASSIGNED_CONTEXT((#3456)) 
GLOBAL_UNIT_ASSIGNED_CONTEXT((#3453,#3454,#3455)) REPRESENTATION_CONTEXT
('Context #1','3D Context with UNIT and UNCERTAINTY') );
#3453 = ( LENGTH_UNIT() NAMED_UNIT(*) SI_UNIT(.MILLI.,.METRE.) );
#3454 = ( NAMED_UNIT(*) PLANE_ANGLE_UNIT() SI_UNIT($,.RADIAN.) );
#3455 = ( NAMED_UNIT(*) SI_UNIT($,.STERADIAN.) SOLID_ANGLE_UNIT() );
#3456 = UNCERTAINTY_MEASURE_WITH_UNIT(LENGTH_MEASURE(2.E-06),#3453,
  'distance_accuracy_value','confusion accuracy');
#3457 = PRODUCT_RELATED_PRODUCT_CATEGORY('part',$,(#7));
ENDSEC;
END-ISO-10303-21;
