ISO-10303-21;
HEADER;
FILE_DESCRIPTION(('FreeCAD Model'),'2;1');
FILE_NAME('Open CASCADE Shape Model','2026-09-30T19:00:57',('Author'),(
    ''),'Open CASCADE STEP processor 7.9','FreeCAD','Unknown');
FILE_SCHEMA(('AUTOMOTIVE_DESIGN { 1 0 10303 214 1 1 1 1 }'));
ENDSEC;
DATA;
#1 = APPLICATION_PROTOCOL_DEFINITION('international standard',
  'automotive_design',2000,#2);
#2 = APPLICATION_CONTEXT(
  'core data for automotive mechanical design processes');
#3 = SHAPE_DEFINITION_REPRESENTATION(#4,#10);
#4 = PRODUCT_DEFINITION_SHAPE('','',#5);
#5 = PRODUCT_DEFINITION('design','',#6,#9);
#6 = PRODUCT_DEFINITION_FORMATION('','',#7);
#7 = PRODUCT('UnitsDiskRest','UnitsDiskRest','',(#8));
#8 = PRODUCT_CONTEXT('',#2,'mechanical');
#9 = PRODUCT_DEFINITION_CONTEXT('part definition',#2,'design');
#10 = ADVANCED_BREP_SHAPE_REPRESENTATION('',(#11,#15),#3682);
#11 = AXIS2_PLACEMENT_3D('',#12,#13,#14);
#12 = CARTESIAN_POINT('',(0.,0.,0.));
#13 = DIRECTION('',(0.,0.,1.));
#14 = DIRECTION('',(1.,0.,-0.));
#15 = MANIFOLD_SOLID_BREP('',#16);
#16 = CLOSED_SHELL('',(#17,#59,#92,#778,#802,#926,#943,#960,#977,#994,
    #1011,#1028,#1045,#1062,#1079,#1096,#1113,#1130,#1142,#1170,#1192,
    #1214,#1239,#1261,#1286,#1308,#1333,#1358,#1383,#1408,#1433,#1458,
    #1483,#1505,#1530,#1552,#1568,#1596,#1618,#1640,#1662,#1684,#1706,
    #1728,#1750,#1772,#1794,#1816,#1832,#1860,#1886,#1939,#1964,#1989,
    #2014,#2039,#2064,#2089,#2114,#2136,#2161,#2186,#2211,#2236,#2261,
    #2286,#2333,#2355,#2391,#2413,#2449,#2471,#2493,#2509,#2526,#2623,
    #2643,#2918,#3051,#3069,#3087,#3131,#3147,#3163,#3191,#3213,#3235,
    #3265,#3297,#3329,#3357,#3387,#3411,#3427,#3443,#3455,#3473,#3491,
    #3509,#3527,#3545,#3563,#3579,#3597,#3615,#3633,#3651,#3665));
#17 = ADVANCED_FACE('',(#18),#54,.T.);
#18 = FACE_BOUND('',#19,.T.);
#19 = EDGE_LOOP('',(#20,#30,#39,#47));
#20 = ORIENTED_EDGE('',*,*,#21,.T.);
#21 = EDGE_CURVE('',#22,#24,#26,.T.);
#22 = VERTEX_POINT('',#23);
#23 = CARTESIAN_POINT('',(79.156470588235,-56.32951620496,
    -2.141117647059));
#24 = VERTEX_POINT('',#25);
#25 = CARTESIAN_POINT('',(79.156470588235,-56.32951620496,
    -0.843470588235));
#26 = LINE('',#27,#28);
#27 = CARTESIAN_POINT('',(79.156470588235,-56.32951620496,
    -2.141117647059));
#28 = VECTOR('',#29,1.);
#29 = DIRECTION('',(0.,0.,1.));
#30 = ORIENTED_EDGE('',*,*,#31,.F.);
#31 = EDGE_CURVE('',#32,#24,#34,.T.);
#32 = VERTEX_POINT('',#33);
#33 = CARTESIAN_POINT('',(79.156470588235,29.078927969672,
    -0.843470588235));
#34 = CIRCLE('',#35,49.310588235294);
#35 = AXIS2_PLACEMENT_3D('',#36,#37,#38);
#36 = CARTESIAN_POINT('',(54.501176470588,-13.62529411764,
    -0.843470588235));
#37 = DIRECTION('',(-0.,0.,1.));
#38 = DIRECTION('',(0.5,-0.866025403784,0.));
#39 = ORIENTED_EDGE('',*,*,#40,.F.);
#40 = EDGE_CURVE('',#41,#32,#43,.T.);
#41 = VERTEX_POINT('',#42);
#42 = CARTESIAN_POINT('',(79.156470588235,29.078927969672,
    -2.141117647059));
#43 = LINE('',#44,#45);
#44 = CARTESIAN_POINT('',(79.156470588235,29.078927969672,
    -2.141117647059));
#45 = VECTOR('',#46,1.);
#46 = DIRECTION('',(0.,0.,1.));
#47 = ORIENTED_EDGE('',*,*,#48,.T.);
#48 = EDGE_CURVE('',#41,#22,#49,.T.);
#49 = CIRCLE('',#50,49.310588235294);
#50 = AXIS2_PLACEMENT_3D('',#51,#52,#53);
#51 = CARTESIAN_POINT('',(54.501176470588,-13.62529411764,
    -2.141117647059));
#52 = DIRECTION('',(-0.,0.,1.));
#53 = DIRECTION('',(0.5,-0.866025403784,0.));
#54 = CYLINDRICAL_SURFACE('',#55,49.310588235294);
#55 = AXIS2_PLACEMENT_3D('',#56,#57,#58);
#56 = CARTESIAN_POINT('',(54.501176470588,-13.62529411764,
    -2.141117647059));
#57 = DIRECTION('',(0.,0.,1.));
#58 = DIRECTION('',(0.5,-0.866025403784,0.));
#59 = ADVANCED_FACE('',(#60),#87,.T.);
#60 = FACE_BOUND('',#61,.T.);
#61 = EDGE_LOOP('',(#62,#71,#72,#81));
#62 = ORIENTED_EDGE('',*,*,#63,.F.);
#63 = EDGE_CURVE('',#24,#64,#66,.T.);
#64 = VERTEX_POINT('',#65);
#65 = CARTESIAN_POINT('',(103.81176470588,-13.62529411764,
    -0.843470588235));
#66 = CIRCLE('',#67,49.310588235294);
#67 = AXIS2_PLACEMENT_3D('',#68,#69,#70);
#68 = CARTESIAN_POINT('',(54.501176470588,-13.62529411764,
    -0.843470588235));
#69 = DIRECTION('',(-0.,0.,1.));
#70 = DIRECTION('',(0.5,-0.866025403784,0.));
#71 = ORIENTED_EDGE('',*,*,#21,.F.);
#72 = ORIENTED_EDGE('',*,*,#73,.T.);
#73 = EDGE_CURVE('',#22,#74,#76,.T.);
#74 = VERTEX_POINT('',#75);
#75 = CARTESIAN_POINT('',(103.81176470588,-13.62529411764,
    -2.141117647059));
#76 = CIRCLE('',#77,49.310588235294);
#77 = AXIS2_PLACEMENT_3D('',#78,#79,#80);
#78 = CARTESIAN_POINT('',(54.501176470588,-13.62529411764,
    -2.141117647059));
#79 = DIRECTION('',(-0.,0.,1.));
#80 = DIRECTION('',(0.5,-0.866025403784,0.));
#81 = ORIENTED_EDGE('',*,*,#82,.T.);
#82 = EDGE_CURVE('',#74,#64,#83,.T.);
#83 = LINE('',#84,#85);
#84 = CARTESIAN_POINT('',(103.81176470588,-13.62529411764,
    -2.141117647059));
#85 = VECTOR('',#86,1.);
#86 = DIRECTION('',(0.,0.,1.));
#87 = CYLINDRICAL_SURFACE('',#88,49.310588235294);
#88 = AXIS2_PLACEMENT_3D('',#89,#90,#91);
#89 = CARTESIAN_POINT('',(54.501176470588,-13.62529411764,
    -2.141117647059));
#90 = DIRECTION('',(0.,0.,1.));
#91 = DIRECTION('',(0.5,-0.866025403784,0.));
#92 = ADVANCED_FACE('',(#93,#207,#398,#484,#762),#773,.F.);
#93 = FACE_BOUND('',#94,.F.);
#94 = EDGE_LOOP('',(#95,#96,#97,#105,#113,#121,#129,#137,#145,#153,#161,
    #169,#177,#185,#193,#201));
#95 = ORIENTED_EDGE('',*,*,#48,.T.);
#96 = ORIENTED_EDGE('',*,*,#73,.T.);
#97 = ORIENTED_EDGE('',*,*,#98,.F.);
#98 = EDGE_CURVE('',#99,#74,#101,.T.);
#99 = VERTEX_POINT('',#100);
#100 = CARTESIAN_POINT('',(90.835294117647,-13.62529411764,
    -2.141117647059));
#101 = LINE('',#102,#103);
#102 = CARTESIAN_POINT('',(54.501176470588,-13.62529411764,
    -2.141117647059));
#103 = VECTOR('',#104,1.);
#104 = DIRECTION('',(1.,0.,0.));
#105 = ORIENTED_EDGE('',*,*,#106,.T.);
#106 = EDGE_CURVE('',#99,#107,#109,.T.);
#107 = VERTEX_POINT('',#108);
#108 = CARTESIAN_POINT('',(90.69703183043,-10.45856710703,
    -2.141117647059));
#109 = LINE('',#110,#111);
#110 = CARTESIAN_POINT('',(90.835294117647,-13.62529411764,
    -2.141117647059));
#111 = VECTOR('',#112,1.);
#112 = DIRECTION('',(-4.361938736534E-02,0.999048221582,0.));
#113 = ORIENTED_EDGE('',*,*,#114,.T.);
#114 = EDGE_CURVE('',#107,#115,#117,.T.);
#115 = VERTEX_POINT('',#116);
#116 = CARTESIAN_POINT('',(90.283297228269,-7.315940801099,
    -2.141117647059));
#117 = LINE('',#118,#119);
#118 = CARTESIAN_POINT('',(90.69703183043,-10.45856710703,
    -2.141117647059));
#119 = VECTOR('',#120,1.);
#120 = DIRECTION('',(-0.13052619222,0.991444861374,0.));
#121 = ORIENTED_EDGE('',*,*,#122,.T.);
#122 = EDGE_CURVE('',#115,#123,#125,.T.);
#123 = VERTEX_POINT('',#124);
#124 = CARTESIAN_POINT('',(89.597239081308,-4.221332483593,
    -2.141117647059));
#125 = LINE('',#126,#127);
#126 = CARTESIAN_POINT('',(90.283297228269,-7.315940801099,
    -2.141117647059));
#127 = VECTOR('',#128,1.);
#128 = DIRECTION('',(-0.216439613938,0.97629600712,0.));
#129 = ORIENTED_EDGE('',*,*,#130,.T.);
#130 = EDGE_CURVE('',#123,#131,#133,.T.);
#131 = VERTEX_POINT('',#132);
#132 = CARTESIAN_POINT('',(88.644078706296,-1.198293992388,
    -2.141117647059));
#133 = LINE('',#134,#135);
#134 = CARTESIAN_POINT('',(89.597239081308,-4.221332483593,
    -2.141117647059));
#135 = VECTOR('',#136,1.);
#136 = DIRECTION('',(-0.300705799504,0.953716950748,0.));
#137 = ORIENTED_EDGE('',*,*,#138,.T.);
#138 = EDGE_CURVE('',#131,#139,#141,.T.);
#139 = VERTEX_POINT('',#140);
#140 = CARTESIAN_POINT('',(87.431070229223,1.730167524235,
    -2.141117647059));
#141 = LINE('',#142,#143);
#142 = CARTESIAN_POINT('',(88.644078706296,-1.198293992388,
    -2.141117647059));
#143 = VECTOR('',#144,1.);
#144 = DIRECTION('',(-0.382683432365,0.923879532511,0.));
#145 = ORIENTED_EDGE('',*,*,#146,.T.);
#146 = EDGE_CURVE('',#139,#147,#149,.T.);
#147 = VERTEX_POINT('',#148);
#148 = CARTESIAN_POINT('',(85.967445377034,4.541764705882,
    -2.141117647059));
#149 = LINE('',#150,#151);
#150 = CARTESIAN_POINT('',(87.431070229223,1.730167524235,
    -2.141117647059));
#151 = VECTOR('',#152,1.);
#152 = DIRECTION('',(-0.461748613235,0.887010833178,0.));
#153 = ORIENTED_EDGE('',*,*,#154,.T.);
#154 = EDGE_CURVE('',#147,#155,#157,.T.);
#155 = VERTEX_POINT('',#156);
#156 = CARTESIAN_POINT('',(84.264343218613,7.215099600313,
    -2.141117647059));
#157 = LINE('',#158,#159);
#158 = CARTESIAN_POINT('',(85.967445377034,4.541764705882,
    -2.141117647059));
#159 = VECTOR('',#160,1.);
#160 = DIRECTION('',(-0.537299608347,0.843391445813,0.));
#161 = ORIENTED_EDGE('',*,*,#162,.T.);
#162 = EDGE_CURVE('',#155,#163,#165,.T.);
#163 = VERTEX_POINT('',#164);
#164 = CARTESIAN_POINT('',(82.334725389749,9.729826514775,
    -2.141117647059));
#165 = LINE('',#166,#167);
#166 = CARTESIAN_POINT('',(84.264343218613,7.215099600313,
    -2.141117647059));
#167 = VECTOR('',#168,1.);
#168 = DIRECTION('',(-0.608761429009,0.793353340291,0.));
#169 = ORIENTED_EDGE('',*,*,#170,.T.);
#170 = EDGE_CURVE('',#163,#171,#173,.T.);
#171 = VERTEX_POINT('',#172);
#172 = CARTESIAN_POINT('',(80.193277447253,12.066806859018,
    -2.141117647059));
#173 = LINE('',#174,#175);
#174 = CARTESIAN_POINT('',(82.334725389749,9.729826514775,
    -2.141117647059));
#175 = VECTOR('',#176,1.);
#176 = DIRECTION('',(-0.675590207616,0.73727733681,0.));
#177 = ORIENTED_EDGE('',*,*,#178,.T.);
#178 = EDGE_CURVE('',#171,#179,#181,.T.);
#179 = VERTEX_POINT('',#180);
#180 = CARTESIAN_POINT('',(77.856297103011,14.208254801514,
    -2.141117647059));
#181 = LINE('',#182,#183);
#182 = CARTESIAN_POINT('',(80.193277447253,12.066806859018,
    -2.141117647059));
#183 = VECTOR('',#184,1.);
#184 = DIRECTION('',(-0.73727733681,0.675590207616,0.));
#185 = ORIENTED_EDGE('',*,*,#186,.T.);
#186 = EDGE_CURVE('',#179,#187,#189,.T.);
#187 = VERTEX_POINT('',#188);
#188 = CARTESIAN_POINT('',(75.341570188548,16.137872630378,
    -2.141117647059));
#189 = LINE('',#190,#191);
#190 = CARTESIAN_POINT('',(77.856297103011,14.208254801514,
    -2.141117647059));
#191 = VECTOR('',#192,1.);
#192 = DIRECTION('',(-0.793353340291,0.608761429009,0.));
#193 = ORIENTED_EDGE('',*,*,#194,.T.);
#194 = EDGE_CURVE('',#187,#195,#197,.T.);
#195 = VERTEX_POINT('',#196);
#196 = CARTESIAN_POINT('',(72.668235294118,17.840974788798,
    -2.141117647059));
#197 = LINE('',#198,#199);
#198 = CARTESIAN_POINT('',(75.341570188548,16.137872630378,
    -2.141117647059));
#199 = VECTOR('',#200,1.);
#200 = DIRECTION('',(-0.843391445813,0.537299608347,0.));
#201 = ORIENTED_EDGE('',*,*,#202,.F.);
#202 = EDGE_CURVE('',#41,#195,#203,.T.);
#203 = LINE('',#204,#205);
#204 = CARTESIAN_POINT('',(79.156470588235,29.078927969672,
    -2.141117647059));
#205 = VECTOR('',#206,1.);
#206 = DIRECTION('',(-0.5,-0.866025403784,0.));
#207 = FACE_BOUND('',#208,.F.);
#208 = EDGE_LOOP('',(#209,#218,#225,#238,#253,#268,#283,#298,#309,#322,
    #329,#336,#343,#356,#367,#379,#386,#393));
#209 = ORIENTED_EDGE('',*,*,#210,.F.);
#210 = EDGE_CURVE('',#211,#213,#215,.T.);
#211 = VERTEX_POINT('',#212);
#212 = CARTESIAN_POINT('',(25.460766534713,-23.66641687137,
    -2.141117647059));
#213 = VERTEX_POINT('',#214);
#214 = CARTESIAN_POINT('',(22.651278239494,-25.2884756949,
    -2.141117647059));
#215 = B_SPLINE_CURVE_WITH_KNOTS('',1,(#216,#217),.UNSPECIFIED.,.F.,.F.,
  (2,2),(0.,1.),.PIECEWISE_BEZIER_KNOTS.);
#216 = CARTESIAN_POINT('',(25.460766534713,-23.66641687137,
    -2.141117647059));
#217 = CARTESIAN_POINT('',(22.651278239494,-25.2884756949,
    -2.141117647059));
#218 = ORIENTED_EDGE('',*,*,#219,.F.);
#219 = EDGE_CURVE('',#220,#211,#222,.T.);
#220 = VERTEX_POINT('',#221);
#221 = CARTESIAN_POINT('',(26.149272153621,-24.85894358462,
    -2.141117647059));
#222 = B_SPLINE_CURVE_WITH_KNOTS('',1,(#223,#224),.UNSPECIFIED.,.F.,.F.,
  (2,2),(0.,1.),.PIECEWISE_BEZIER_KNOTS.);
#223 = CARTESIAN_POINT('',(26.149272153621,-24.85894358462,
    -2.141117647059));
#224 = CARTESIAN_POINT('',(25.460766534713,-23.66641687137,
    -2.141117647059));
#225 = ORIENTED_EDGE('',*,*,#226,.F.);
#226 = EDGE_CURVE('',#227,#220,#229,.T.);
#227 = VERTEX_POINT('',#228);
#228 = CARTESIAN_POINT('',(26.451096655045,-25.55618458533,
    -2.141117647059));
#229 = B_SPLINE_CURVE_WITH_KNOTS('',7,(#230,#231,#232,#233,#234,#235,
    #236,#237),.UNSPECIFIED.,.F.,.F.,(8,8),(0.,1.),
  .PIECEWISE_BEZIER_KNOTS.);
#230 = CARTESIAN_POINT('',(26.451096655045,-25.55618458533,
    -2.141117647059));
#231 = CARTESIAN_POINT('',(26.437495169874,-25.47628102694,
    -2.141117647059));
#232 = CARTESIAN_POINT('',(26.411160024797,-25.38703202589,
    -2.141117647059));
#233 = CARTESIAN_POINT('',(26.373911291814,-25.29035834746,
    -2.141117647059));
#234 = CARTESIAN_POINT('',(26.327681522065,-25.18805278813,
    -2.141117647059));
#235 = CARTESIAN_POINT('',(26.274074812243,-25.08149587175,
    -2.141117647059));
#236 = CARTESIAN_POINT('',(26.21433588129,-24.97163726667,
    -2.141117647059));
#237 = CARTESIAN_POINT('',(26.149272153621,-24.85894358462,
    -2.141117647059));
#238 = ORIENTED_EDGE('',*,*,#239,.F.);
#239 = EDGE_CURVE('',#240,#227,#242,.T.);
#240 = VERTEX_POINT('',#241);
#241 = CARTESIAN_POINT('',(26.370811595127,-26.03777647039,
    -2.141117647059));
#242 = B_SPLINE_CURVE_WITH_KNOTS('',5,(#243,#244,#245,#246,#247,#248,
    #249,#250,#251,#252),.UNSPECIFIED.,.F.,.F.,(6,4,6),(0.,
    0.624836562193,1.),.UNSPECIFIED.);
#243 = CARTESIAN_POINT('',(26.370811595127,-26.03777647039,
    -2.141117647059));
#244 = CARTESIAN_POINT('',(26.401040501474,-25.98000783293,
    -2.141117647059));
#245 = CARTESIAN_POINT('',(26.425249366321,-25.92124901666,
    -2.141117647059));
#246 = CARTESIAN_POINT('',(26.443156445952,-25.86162582915,
    -2.141117647059));
#247 = CARTESIAN_POINT('',(26.454592275938,-25.80129054871,
    -2.141117647059));
#248 = CARTESIAN_POINT('',(26.462516108549,-25.70388396455,
    -2.141117647059));
#249 = CARTESIAN_POINT('',(26.463151054973,-25.66714914576,
    -2.141117647059));
#250 = CARTESIAN_POINT('',(26.461445497249,-25.63026172019,
    -2.141117647059));
#251 = CARTESIAN_POINT('',(26.457415648857,-25.59326055976,
    -2.141117647059));
#252 = CARTESIAN_POINT('',(26.451096655045,-25.55618458533,
    -2.141117647059));
#253 = ORIENTED_EDGE('',*,*,#254,.F.);
#254 = EDGE_CURVE('',#255,#240,#257,.T.);
#255 = VERTEX_POINT('',#256);
#256 = CARTESIAN_POINT('',(25.999878522854,-26.41527712226,
    -2.141117647059));
#257 = B_SPLINE_CURVE_WITH_KNOTS('',5,(#258,#259,#260,#261,#262,#263,
    #264,#265,#266,#267),.UNSPECIFIED.,.F.,.F.,(6,4,6),(0.,
    0.763187985128,1.),.UNSPECIFIED.);
#258 = CARTESIAN_POINT('',(25.999878522854,-26.41527712226,
    -2.141117647059));
#259 = CARTESIAN_POINT('',(26.07457134237,-26.37215320281,
    -2.141117647059));
#260 = CARTESIAN_POINT('',(26.142922867638,-26.32347363506,
    -2.141117647059));
#261 = CARTESIAN_POINT('',(26.204408508564,-26.26915520524,
    -2.141117647059));
#262 = CARTESIAN_POINT('',(26.258636124215,-26.20925386057,
    -2.141117647059));
#263 = CARTESIAN_POINT('',(26.319941877626,-26.12378708319,
    -2.141117647059));
#264 = CARTESIAN_POINT('',(26.333743791537,-26.10303431698,
    -2.141117647059));
#265 = CARTESIAN_POINT('',(26.346824453339,-26.08177563714,
    -2.141117647059));
#266 = CARTESIAN_POINT('',(26.359180732528,-26.060019689,-2.141117647059
    ));
#267 = CARTESIAN_POINT('',(26.370811595127,-26.03777647039,
    -2.141117647059));
#268 = ORIENTED_EDGE('',*,*,#269,.F.);
#269 = EDGE_CURVE('',#270,#255,#272,.T.);
#270 = VERTEX_POINT('',#271);
#271 = CARTESIAN_POINT('',(25.371515251329,-26.530497088,-2.141117647059
    ));
#272 = B_SPLINE_CURVE_WITH_KNOTS('',5,(#273,#274,#275,#276,#277,#278,
    #279,#280,#281,#282),.UNSPECIFIED.,.F.,.F.,(6,4,6),(0.,0.25132618622
    ,1.),.UNSPECIFIED.);
#273 = CARTESIAN_POINT('',(25.371515251329,-26.530497088,-2.141117647059
    ));
#274 = CARTESIAN_POINT('',(25.40317253097,-26.53727646223,
    -2.141117647059));
#275 = CARTESIAN_POINT('',(25.434937808892,-26.54247980168,
    -2.141117647059));
#276 = CARTESIAN_POINT('',(25.466782408215,-26.54608249925,
    -2.141117647059));
#277 = CARTESIAN_POINT('',(25.49867640646,-26.54807193391,
    -2.141117647059));
#278 = CARTESIAN_POINT('',(25.625651751006,-26.54956615444,
    -2.141117647059));
#279 = CARTESIAN_POINT('',(25.720901472014,-26.53636393684,
    -2.141117647059));
#280 = CARTESIAN_POINT('',(25.815441990082,-26.50881682526,
    -2.141117647059));
#281 = CARTESIAN_POINT('',(25.90860043688,-26.46797654977,
    -2.141117647059));
#282 = CARTESIAN_POINT('',(25.999878522854,-26.41527712226,
    -2.141117647059));
#283 = ORIENTED_EDGE('',*,*,#284,.F.);
#284 = EDGE_CURVE('',#285,#270,#287,.T.);
#285 = VERTEX_POINT('',#286);
#286 = CARTESIAN_POINT('',(24.79184471127,-26.12502503978,
    -2.141117647059));
#287 = B_SPLINE_CURVE_WITH_KNOTS('',5,(#288,#289,#290,#291,#292,#293,
    #294,#295,#296,#297),.UNSPECIFIED.,.F.,.F.,(6,4,6),(0.,
    0.513649981742,1.),.UNSPECIFIED.);
#288 = CARTESIAN_POINT('',(24.79184471127,-26.12502503978,
    -2.141117647059));
#289 = CARTESIAN_POINT('',(24.843116902737,-26.19005241901,
    -2.141117647059));
#290 = CARTESIAN_POINT('',(24.89657401141,-26.25024503598,
    -2.141117647059));
#291 = CARTESIAN_POINT('',(24.952267607019,-26.30500381483,
    -2.141117647059));
#292 = CARTESIAN_POINT('',(25.010189898088,-26.35365688327,
    -2.141117647059));
#293 = CARTESIAN_POINT('',(25.127034714427,-26.43538832162,
    -2.141117647059));
#294 = CARTESIAN_POINT('',(25.185745702088,-26.46916113134,
    -2.141117647059));
#295 = CARTESIAN_POINT('',(25.246212422967,-26.49646663961,
    -2.141117647059));
#296 = CARTESIAN_POINT('',(25.308235979268,-26.51694589627,
    -2.141117647059));
#297 = CARTESIAN_POINT('',(25.371515251329,-26.530497088,-2.141117647059
    ));
#298 = ORIENTED_EDGE('',*,*,#299,.F.);
#299 = EDGE_CURVE('',#300,#285,#302,.T.);
#300 = VERTEX_POINT('',#301);
#301 = CARTESIAN_POINT('',(24.730637475658,-26.56480550031,
    -2.141117647059));
#302 = B_SPLINE_CURVE_WITH_KNOTS('',5,(#303,#304,#305,#306,#307,#308),
  .UNSPECIFIED.,.F.,.F.,(6,6),(0.,1.),.PIECEWISE_BEZIER_KNOTS.);
#303 = CARTESIAN_POINT('',(24.730637475658,-26.56480550031,
    -2.141117647059));
#304 = CARTESIAN_POINT('',(24.754877720855,-26.4861038259,
    -2.141117647059));
#305 = CARTESIAN_POINT('',(24.772982515421,-26.40250449775,
    -2.141117647059));
#306 = CARTESIAN_POINT('',(24.785049782785,-26.31426014641,
    -2.141117647059));
#307 = CARTESIAN_POINT('',(24.791262091588,-26.22166540295,
    -2.141117647059));
#308 = CARTESIAN_POINT('',(24.79184471127,-26.12502503978,
    -2.141117647059));
#309 = ORIENTED_EDGE('',*,*,#310,.F.);
#310 = EDGE_CURVE('',#311,#300,#313,.T.);
#311 = VERTEX_POINT('',#312);
#312 = CARTESIAN_POINT('',(24.459532763441,-27.15146271478,
    -2.141117647059));
#313 = B_SPLINE_CURVE_WITH_KNOTS('',7,(#314,#315,#316,#317,#318,#319,
    #320,#321),.UNSPECIFIED.,.F.,.F.,(8,8),(0.,1.),
  .PIECEWISE_BEZIER_KNOTS.);
#314 = CARTESIAN_POINT('',(24.459532763441,-27.15146271478,
    -2.141117647059));
#315 = CARTESIAN_POINT('',(24.513507624937,-27.05124430692,
    -2.141117647059));
#316 = CARTESIAN_POINT('',(24.563658076707,-26.95496155672,
    -2.141117647059));
#317 = CARTESIAN_POINT('',(24.609429914057,-26.86323323489,
    -2.141117647059));
#318 = CARTESIAN_POINT('',(24.65003851004,-26.7770136162,-2.141117647059
    ));
#319 = CARTESIAN_POINT('',(24.684511970876,-26.69754406202,
    -2.141117647059));
#320 = CARTESIAN_POINT('',(24.7117295912,-26.62631067959,-2.141117647059
    ));
#321 = CARTESIAN_POINT('',(24.730637475658,-26.56480550031,
    -2.141117647059));
#322 = ORIENTED_EDGE('',*,*,#323,.F.);
#323 = EDGE_CURVE('',#324,#311,#326,.T.);
#324 = VERTEX_POINT('',#325);
#325 = CARTESIAN_POINT('',(24.107859950122,-27.81134922308,
    -2.141117647059));
#326 = B_SPLINE_CURVE_WITH_KNOTS('',1,(#327,#328),.UNSPECIFIED.,.F.,.F.,
  (2,2),(0.,1.),.PIECEWISE_BEZIER_KNOTS.);
#327 = CARTESIAN_POINT('',(24.107859950122,-27.81134922308,
    -2.141117647059));
#328 = CARTESIAN_POINT('',(24.459532763441,-27.15146271478,
    -2.141117647059));
#329 = ORIENTED_EDGE('',*,*,#330,.F.);
#330 = EDGE_CURVE('',#331,#324,#333,.T.);
#331 = VERTEX_POINT('',#332);
#332 = CARTESIAN_POINT('',(23.7166384588,-27.1337337231,-2.141117647059)
  );
#333 = B_SPLINE_CURVE_WITH_KNOTS('',1,(#334,#335),.UNSPECIFIED.,.F.,.F.,
  (2,2),(0.,1.),.PIECEWISE_BEZIER_KNOTS.);
#334 = CARTESIAN_POINT('',(23.7166384588,-27.1337337231,-2.141117647059)
  );
#335 = CARTESIAN_POINT('',(24.107859950122,-27.81134922308,
    -2.141117647059));
#336 = ORIENTED_EDGE('',*,*,#337,.F.);
#337 = EDGE_CURVE('',#338,#331,#340,.T.);
#338 = VERTEX_POINT('',#339);
#339 = CARTESIAN_POINT('',(24.094457673446,-26.36942373927,
    -2.141117647059));
#340 = B_SPLINE_CURVE_WITH_KNOTS('',1,(#341,#342),.UNSPECIFIED.,.F.,.F.,
  (2,2),(0.,1.),.PIECEWISE_BEZIER_KNOTS.);
#341 = CARTESIAN_POINT('',(24.094457673446,-26.36942373927,
    -2.141117647059));
#342 = CARTESIAN_POINT('',(23.7166384588,-27.1337337231,-2.141117647059)
  );
#343 = ORIENTED_EDGE('',*,*,#344,.F.);
#344 = EDGE_CURVE('',#345,#338,#347,.T.);
#345 = VERTEX_POINT('',#346);
#346 = CARTESIAN_POINT('',(24.335132453813,-25.83232312959,
    -2.141117647059));
#347 = B_SPLINE_CURVE_WITH_KNOTS('',7,(#348,#349,#350,#351,#352,#353,
    #354,#355),.UNSPECIFIED.,.F.,.F.,(8,8),(0.,1.),
  .PIECEWISE_BEZIER_KNOTS.);
#348 = CARTESIAN_POINT('',(24.335132453813,-25.83232312959,
    -2.141117647059));
#349 = CARTESIAN_POINT('',(24.322575277949,-25.8742397649,
    -2.141117647059));
#350 = CARTESIAN_POINT('',(24.300474458108,-25.93176668371,
    -2.141117647059));
#351 = CARTESIAN_POINT('',(24.270096273678,-26.0025570157,
    -2.141117647059));
#352 = CARTESIAN_POINT('',(24.233099190084,-26.08373709556,
    -2.141117647059));
#353 = CARTESIAN_POINT('',(24.190863113808,-26.17296688215,
    -2.141117647059));
#354 = CARTESIAN_POINT('',(24.144444009843,-26.26851087401,
    -2.141117647059));
#355 = CARTESIAN_POINT('',(24.094457673446,-26.36942373927,
    -2.141117647059));
#356 = ORIENTED_EDGE('',*,*,#357,.F.);
#357 = EDGE_CURVE('',#358,#345,#360,.T.);
#358 = VERTEX_POINT('',#359);
#359 = CARTESIAN_POINT('',(24.353793983487,-25.59440094503,
    -2.141117647059));
#360 = B_SPLINE_CURVE_WITH_KNOTS('',5,(#361,#362,#363,#364,#365,#366),
  .UNSPECIFIED.,.F.,.F.,(6,6),(0.,1.),.PIECEWISE_BEZIER_KNOTS.);
#361 = CARTESIAN_POINT('',(24.353793983487,-25.59440094503,
    -2.141117647059));
#362 = CARTESIAN_POINT('',(24.361949356393,-25.6378969093,
    -2.141117647059));
#363 = CARTESIAN_POINT('',(24.364115933356,-25.6835112333,
    -2.141117647059));
#364 = CARTESIAN_POINT('',(24.360308604962,-25.73117849558,
    -2.141117647059));
#365 = CARTESIAN_POINT('',(24.350604914717,-25.78081501686,
    -2.141117647059));
#366 = CARTESIAN_POINT('',(24.335132453813,-25.83232312959,
    -2.141117647059));
#367 = ORIENTED_EDGE('',*,*,#368,.F.);
#368 = EDGE_CURVE('',#369,#358,#371,.T.);
#369 = VERTEX_POINT('',#370);
#370 = CARTESIAN_POINT('',(24.220774889493,-25.29091816305,
    -2.141117647059));
#371 = B_SPLINE_CURVE_WITH_KNOTS('',6,(#372,#373,#374,#375,#376,#377,
    #378),.UNSPECIFIED.,.F.,.F.,(7,7),(0.,1.),.PIECEWISE_BEZIER_KNOTS.);
#372 = CARTESIAN_POINT('',(24.220774889493,-25.29091816305,
    -2.141117647059));
#373 = CARTESIAN_POINT('',(24.256939362229,-25.35355686726,
    -2.141117647059));
#374 = CARTESIAN_POINT('',(24.288031989782,-25.41192440004,
    -2.141117647059));
#375 = CARTESIAN_POINT('',(24.313639337285,-25.46560249313,
    -2.141117647059));
#376 = CARTESIAN_POINT('',(24.333354528052,-25.51416215973,
    -2.141117647059));
#377 = CARTESIAN_POINT('',(24.346818911376,-25.55720001126,
    -2.141117647059));
#378 = CARTESIAN_POINT('',(24.353793983487,-25.59440094503,
    -2.141117647059));
#379 = ORIENTED_EDGE('',*,*,#380,.F.);
#380 = EDGE_CURVE('',#381,#369,#383,.T.);
#381 = VERTEX_POINT('',#382);
#382 = CARTESIAN_POINT('',(24.154466162151,-25.17606807831,
    -2.141117647059));
#383 = B_SPLINE_CURVE_WITH_KNOTS('',1,(#384,#385),.UNSPECIFIED.,.F.,.F.,
  (2,2),(0.,1.),.PIECEWISE_BEZIER_KNOTS.);
#384 = CARTESIAN_POINT('',(24.154466162151,-25.17606807831,
    -2.141117647059));
#385 = CARTESIAN_POINT('',(24.220774889493,-25.29091816305,
    -2.141117647059));
#386 = ORIENTED_EDGE('',*,*,#387,.F.);
#387 = EDGE_CURVE('',#388,#381,#390,.T.);
#388 = VERTEX_POINT('',#389);
#389 = CARTESIAN_POINT('',(22.978401294385,-25.8550694463,
    -2.141117647059));
#390 = B_SPLINE_CURVE_WITH_KNOTS('',1,(#391,#392),.UNSPECIFIED.,.F.,.F.,
  (2,2),(0.,1.),.PIECEWISE_BEZIER_KNOTS.);
#391 = CARTESIAN_POINT('',(22.978401294385,-25.8550694463,
    -2.141117647059));
#392 = CARTESIAN_POINT('',(24.154466162151,-25.17606807831,
    -2.141117647059));
#393 = ORIENTED_EDGE('',*,*,#394,.F.);
#394 = EDGE_CURVE('',#213,#388,#395,.T.);
#395 = B_SPLINE_CURVE_WITH_KNOTS('',1,(#396,#397),.UNSPECIFIED.,.F.,.F.,
  (2,2),(0.,1.),.PIECEWISE_BEZIER_KNOTS.);
#396 = CARTESIAN_POINT('',(22.651278239494,-25.2884756949,
    -2.141117647059));
#397 = CARTESIAN_POINT('',(22.978401294385,-25.8550694463,
    -2.141117647059));
#398 = FACE_BOUND('',#399,.F.);
#399 = EDGE_LOOP('',(#400,#409,#416,#423,#430,#437,#444,#451,#458,#465,
    #472,#479));
#400 = ORIENTED_EDGE('',*,*,#401,.F.);
#401 = EDGE_CURVE('',#402,#404,#406,.T.);
#402 = VERTEX_POINT('',#403);
#403 = CARTESIAN_POINT('',(27.095866074619,-26.49849234992,
    -2.141117647059));
#404 = VERTEX_POINT('',#405);
#405 = CARTESIAN_POINT('',(24.286377779401,-28.12055117345,
    -2.141117647059));
#406 = B_SPLINE_CURVE_WITH_KNOTS('',1,(#407,#408),.UNSPECIFIED.,.F.,.F.,
  (2,2),(0.,1.),.PIECEWISE_BEZIER_KNOTS.);
#407 = CARTESIAN_POINT('',(27.095866074619,-26.49849234992,
    -2.141117647059));
#408 = CARTESIAN_POINT('',(24.286377779401,-28.12055117345,
    -2.141117647059));
#409 = ORIENTED_EDGE('',*,*,#410,.F.);
#410 = EDGE_CURVE('',#411,#402,#413,.T.);
#411 = VERTEX_POINT('',#412);
#412 = CARTESIAN_POINT('',(28.297159184978,-28.57919305185,
    -2.141117647059));
#413 = B_SPLINE_CURVE_WITH_KNOTS('',1,(#414,#415),.UNSPECIFIED.,.F.,.F.,
  (2,2),(0.,1.),.PIECEWISE_BEZIER_KNOTS.);
#414 = CARTESIAN_POINT('',(28.297159184978,-28.57919305185,
    -2.141117647059));
#415 = CARTESIAN_POINT('',(27.095866074619,-26.49849234992,
    -2.141117647059));
#416 = ORIENTED_EDGE('',*,*,#417,.F.);
#417 = EDGE_CURVE('',#418,#411,#420,.T.);
#418 = VERTEX_POINT('',#419);
#419 = CARTESIAN_POINT('',(27.823466391016,-28.85267971395,
    -2.141117647059));
#420 = B_SPLINE_CURVE_WITH_KNOTS('',1,(#421,#422),.UNSPECIFIED.,.F.,.F.,
  (2,2),(0.,1.),.PIECEWISE_BEZIER_KNOTS.);
#421 = CARTESIAN_POINT('',(27.823466391016,-28.85267971395,
    -2.141117647059));
#422 = CARTESIAN_POINT('',(28.297159184978,-28.57919305185,
    -2.141117647059));
#423 = ORIENTED_EDGE('',*,*,#424,.F.);
#424 = EDGE_CURVE('',#425,#418,#427,.T.);
#425 = VERTEX_POINT('',#426);
#426 = CARTESIAN_POINT('',(26.949296335549,-27.33857276343,
    -2.141117647059));
#427 = B_SPLINE_CURVE_WITH_KNOTS('',1,(#428,#429),.UNSPECIFIED.,.F.,.F.,
  (2,2),(0.,1.),.PIECEWISE_BEZIER_KNOTS.);
#428 = CARTESIAN_POINT('',(26.949296335549,-27.33857276343,
    -2.141117647059));
#429 = CARTESIAN_POINT('',(27.823466391016,-28.85267971395,
    -2.141117647059));
#430 = ORIENTED_EDGE('',*,*,#431,.F.);
#431 = EDGE_CURVE('',#432,#425,#434,.T.);
#432 = VERTEX_POINT('',#433);
#433 = CARTESIAN_POINT('',(26.328595433117,-27.69693459653,
    -2.141117647059));
#434 = B_SPLINE_CURVE_WITH_KNOTS('',1,(#435,#436),.UNSPECIFIED.,.F.,.F.,
  (2,2),(0.,1.),.PIECEWISE_BEZIER_KNOTS.);
#435 = CARTESIAN_POINT('',(26.328595433117,-27.69693459653,
    -2.141117647059));
#436 = CARTESIAN_POINT('',(26.949296335549,-27.33857276343,
    -2.141117647059));
#437 = ORIENTED_EDGE('',*,*,#438,.F.);
#438 = EDGE_CURVE('',#439,#432,#441,.T.);
#439 = VERTEX_POINT('',#440);
#440 = CARTESIAN_POINT('',(27.14198248852,-29.10576230271,
    -2.141117647059));
#441 = B_SPLINE_CURVE_WITH_KNOTS('',1,(#442,#443),.UNSPECIFIED.,.F.,.F.,
  (2,2),(0.,1.),.PIECEWISE_BEZIER_KNOTS.);
#442 = CARTESIAN_POINT('',(27.14198248852,-29.10576230271,
    -2.141117647059));
#443 = CARTESIAN_POINT('',(26.328595433117,-27.69693459653,
    -2.141117647059));
#444 = ORIENTED_EDGE('',*,*,#445,.F.);
#445 = EDGE_CURVE('',#446,#439,#448,.T.);
#446 = VERTEX_POINT('',#447);
#447 = CARTESIAN_POINT('',(26.668289694559,-29.37924896482,
    -2.141117647059));
#448 = B_SPLINE_CURVE_WITH_KNOTS('',1,(#449,#450),.UNSPECIFIED.,.F.,.F.,
  (2,2),(0.,1.),.PIECEWISE_BEZIER_KNOTS.);
#449 = CARTESIAN_POINT('',(26.668289694559,-29.37924896482,
    -2.141117647059));
#450 = CARTESIAN_POINT('',(27.14198248852,-29.10576230271,
    -2.141117647059));
#451 = ORIENTED_EDGE('',*,*,#452,.F.);
#452 = EDGE_CURVE('',#453,#446,#455,.T.);
#453 = VERTEX_POINT('',#454);
#454 = CARTESIAN_POINT('',(25.854902639156,-27.97042125864,
    -2.141117647059));
#455 = B_SPLINE_CURVE_WITH_KNOTS('',1,(#456,#457),.UNSPECIFIED.,.F.,.F.,
  (2,2),(0.,1.),.PIECEWISE_BEZIER_KNOTS.);
#456 = CARTESIAN_POINT('',(25.854902639156,-27.97042125864,
    -2.141117647059));
#457 = CARTESIAN_POINT('',(26.668289694559,-29.37924896482,
    -2.141117647059));
#458 = ORIENTED_EDGE('',*,*,#459,.F.);
#459 = EDGE_CURVE('',#460,#453,#462,.T.);
#460 = VERTEX_POINT('',#461);
#461 = CARTESIAN_POINT('',(25.087193628253,-28.41365826274,
    -2.141117647059));
#462 = B_SPLINE_CURVE_WITH_KNOTS('',1,(#463,#464),.UNSPECIFIED.,.F.,.F.,
  (2,2),(0.,1.),.PIECEWISE_BEZIER_KNOTS.);
#463 = CARTESIAN_POINT('',(25.087193628253,-28.41365826274,
    -2.141117647059));
#464 = CARTESIAN_POINT('',(25.854902639156,-27.97042125864,
    -2.141117647059));
#465 = ORIENTED_EDGE('',*,*,#466,.F.);
#466 = EDGE_CURVE('',#467,#460,#469,.T.);
#467 = VERTEX_POINT('',#468);
#468 = CARTESIAN_POINT('',(25.992307756481,-29.98136191948,
    -2.141117647059));
#469 = B_SPLINE_CURVE_WITH_KNOTS('',1,(#470,#471),.UNSPECIFIED.,.F.,.F.,
  (2,2),(0.,1.),.PIECEWISE_BEZIER_KNOTS.);
#470 = CARTESIAN_POINT('',(25.992307756481,-29.98136191948,
    -2.141117647059));
#471 = CARTESIAN_POINT('',(25.087193628253,-28.41365826274,
    -2.141117647059));
#472 = ORIENTED_EDGE('',*,*,#473,.F.);
#473 = EDGE_CURVE('',#474,#467,#476,.T.);
#474 = VERTEX_POINT('',#475);
#475 = CARTESIAN_POINT('',(25.518614962519,-30.25484858159,
    -2.141117647059));
#476 = B_SPLINE_CURVE_WITH_KNOTS('',1,(#477,#478),.UNSPECIFIED.,.F.,.F.,
  (2,2),(0.,1.),.PIECEWISE_BEZIER_KNOTS.);
#477 = CARTESIAN_POINT('',(25.518614962519,-30.25484858159,
    -2.141117647059));
#478 = CARTESIAN_POINT('',(25.992307756481,-29.98136191948,
    -2.141117647059));
#479 = ORIENTED_EDGE('',*,*,#480,.F.);
#480 = EDGE_CURVE('',#404,#474,#481,.T.);
#481 = B_SPLINE_CURVE_WITH_KNOTS('',1,(#482,#483),.UNSPECIFIED.,.F.,.F.,
  (2,2),(0.,1.),.PIECEWISE_BEZIER_KNOTS.);
#482 = CARTESIAN_POINT('',(24.286377779401,-28.12055117345,
    -2.141117647059));
#483 = CARTESIAN_POINT('',(25.518614962519,-30.25484858159,
    -2.141117647059));
#484 = FACE_BOUND('',#485,.F.);
#485 = EDGE_LOOP('',(#486,#495,#502,#509,#516,#523,#530,#537,#544,#559,
    #570,#585,#600,#612,#629,#646,#653,#668,#680,#692,#707,#720,#731,
    #744,#757));
#486 = ORIENTED_EDGE('',*,*,#487,.F.);
#487 = EDGE_CURVE('',#488,#490,#492,.T.);
#488 = VERTEX_POINT('',#489);
#489 = CARTESIAN_POINT('',(31.463372449798,-26.92617647058,
    -2.141117647059));
#490 = VERTEX_POINT('',#491);
#491 = CARTESIAN_POINT('',(26.968191177448,-29.52147058823,
    -2.141117647059));
#492 = B_SPLINE_CURVE_WITH_KNOTS('',1,(#493,#494),.UNSPECIFIED.,.F.,.F.,
  (2,2),(0.,1.),.PIECEWISE_BEZIER_KNOTS.);
#493 = CARTESIAN_POINT('',(31.463372449798,-26.92617647058,
    -2.141117647059));
#494 = CARTESIAN_POINT('',(26.968191177448,-29.52147058823,
    -2.141117647059));
#495 = ORIENTED_EDGE('',*,*,#496,.T.);
#496 = EDGE_CURVE('',#488,#497,#499,.T.);
#497 = VERTEX_POINT('',#498);
#498 = CARTESIAN_POINT('',(36.653960685092,-35.91653901528,
    -2.141117647059));
#499 = B_SPLINE_CURVE_WITH_KNOTS('',1,(#500,#501),.UNSPECIFIED.,.F.,.F.,
  (2,2),(0.,1.),.PIECEWISE_BEZIER_KNOTS.);
#500 = CARTESIAN_POINT('',(31.463372449798,-26.92617647058,
    -2.141117647059));
#501 = CARTESIAN_POINT('',(36.653960685092,-35.91653901528,
    -2.141117647059));
#502 = ORIENTED_EDGE('',*,*,#503,.T.);
#503 = EDGE_CURVE('',#497,#504,#506,.T.);
#504 = VERTEX_POINT('',#505);
#505 = CARTESIAN_POINT('',(32.158779412743,-38.51183313293,
    -2.141117647059));
#506 = B_SPLINE_CURVE_WITH_KNOTS('',1,(#507,#508),.UNSPECIFIED.,.F.,.F.,
  (2,2),(0.,1.),.PIECEWISE_BEZIER_KNOTS.);
#507 = CARTESIAN_POINT('',(36.653960685092,-35.91653901528,
    -2.141117647059));
#508 = CARTESIAN_POINT('',(32.158779412743,-38.51183313293,
    -2.141117647059));
#509 = ORIENTED_EDGE('',*,*,#510,.F.);
#510 = EDGE_CURVE('',#511,#504,#513,.T.);
#511 = VERTEX_POINT('',#512);
#512 = CARTESIAN_POINT('',(29.400726840015,-33.73474594702,
    -2.141117647059));
#513 = B_SPLINE_CURVE_WITH_KNOTS('',1,(#514,#515),.UNSPECIFIED.,.F.,.F.,
  (2,2),(0.,1.),.PIECEWISE_BEZIER_KNOTS.);
#514 = CARTESIAN_POINT('',(26.968191177448,-29.52147058823,
    -2.141117647059));
#515 = CARTESIAN_POINT('',(32.158779412743,-38.51183313293,
    -2.141117647059));
#516 = ORIENTED_EDGE('',*,*,#517,.F.);
#517 = EDGE_CURVE('',#518,#511,#520,.T.);
#518 = VERTEX_POINT('',#519);
#519 = CARTESIAN_POINT('',(27.995982692406,-34.54577535878,
    -2.141117647059));
#520 = B_SPLINE_CURVE_WITH_KNOTS('',1,(#521,#522),.UNSPECIFIED.,.F.,.F.,
  (2,2),(0.,1.),.PIECEWISE_BEZIER_KNOTS.);
#521 = CARTESIAN_POINT('',(27.995982692406,-34.54577535878,
    -2.141117647059));
#522 = CARTESIAN_POINT('',(30.331778193663,-33.19720319736,
    -2.141117647059));
#523 = ORIENTED_EDGE('',*,*,#524,.F.);
#524 = EDGE_CURVE('',#525,#518,#527,.T.);
#525 = VERTEX_POINT('',#526);
#526 = CARTESIAN_POINT('',(27.668859637515,-33.97918160739,
    -2.141117647059));
#527 = B_SPLINE_CURVE_WITH_KNOTS('',1,(#528,#529),.UNSPECIFIED.,.F.,.F.,
  (2,2),(0.,1.),.PIECEWISE_BEZIER_KNOTS.);
#528 = CARTESIAN_POINT('',(27.668859637515,-33.97918160739,
    -2.141117647059));
#529 = CARTESIAN_POINT('',(27.995982692406,-34.54577535878,
    -2.141117647059));
#530 = ORIENTED_EDGE('',*,*,#531,.F.);
#531 = EDGE_CURVE('',#532,#525,#534,.T.);
#532 = VERTEX_POINT('',#533);
#533 = CARTESIAN_POINT('',(29.073603785124,-33.16815219562,
    -2.141117647059));
#534 = B_SPLINE_CURVE_WITH_KNOTS('',1,(#535,#536),.UNSPECIFIED.,.F.,.F.,
  (2,2),(0.,1.),.PIECEWISE_BEZIER_KNOTS.);
#535 = CARTESIAN_POINT('',(30.004655138772,-32.63060944596,
    -2.141117647059));
#536 = CARTESIAN_POINT('',(27.668859637515,-33.97918160739,
    -2.141117647059));
#537 = ORIENTED_EDGE('',*,*,#538,.F.);
#538 = EDGE_CURVE('',#539,#532,#541,.T.);
#539 = VERTEX_POINT('',#540);
#540 = CARTESIAN_POINT('',(28.306927610005,-31.84023010736,
    -2.141117647059));
#541 = B_SPLINE_CURVE_WITH_KNOTS('',1,(#542,#543),.UNSPECIFIED.,.F.,.F.,
  (2,2),(0.,1.),.PIECEWISE_BEZIER_KNOTS.);
#542 = CARTESIAN_POINT('',(26.968191177448,-29.52147058823,
    -2.141117647059));
#543 = CARTESIAN_POINT('',(32.158779412743,-38.51183313293,
    -2.141117647059));
#544 = ORIENTED_EDGE('',*,*,#545,.F.);
#545 = EDGE_CURVE('',#546,#539,#548,.T.);
#546 = VERTEX_POINT('',#547);
#547 = CARTESIAN_POINT('',(28.231570547256,-32.02887385358,
    -2.141117647059));
#548 = B_SPLINE_CURVE_WITH_KNOTS('',5,(#549,#550,#551,#552,#553,#554,
    #555,#556,#557,#558),.UNSPECIFIED.,.F.,.F.,(6,4,6),(0.,
    0.317248324334,1.),.UNSPECIFIED.);
#549 = CARTESIAN_POINT('',(28.231570547256,-32.02887385358,
    -2.141117647059));
#550 = CARTESIAN_POINT('',(28.246356458157,-32.0013930339,
    -2.141117647059));
#551 = CARTESIAN_POINT('',(28.259889453547,-31.97344959131,
    -2.141117647059));
#552 = CARTESIAN_POINT('',(28.27215512035,-31.9450540685,-2.141117647059
    ));
#553 = CARTESIAN_POINT('',(28.283143855186,-31.91621889697,
    -2.141117647059));
#554 = CARTESIAN_POINT('',(28.31374136646,-31.82398673155,
    -2.141117647059));
#555 = CARTESIAN_POINT('',(28.32869615682,-31.75904335942,
    -2.141117647059));
#556 = CARTESIAN_POINT('',(28.337665926411,-31.69227475475,
    -2.141117647059));
#557 = CARTESIAN_POINT('',(28.340716421619,-31.62385222937,
    -2.141117647059));
#558 = CARTESIAN_POINT('',(28.338003249619,-31.55396459915,
    -2.141117647059));
#559 = ORIENTED_EDGE('',*,*,#560,.F.);
#560 = EDGE_CURVE('',#561,#546,#563,.T.);
#561 = VERTEX_POINT('',#562);
#562 = CARTESIAN_POINT('',(27.848853508922,-32.39922582299,
    -2.141117647059));
#563 = B_SPLINE_CURVE_WITH_KNOTS('',5,(#564,#565,#566,#567,#568,#569),
  .UNSPECIFIED.,.F.,.F.,(6,6),(0.,1.),.PIECEWISE_BEZIER_KNOTS.);
#564 = CARTESIAN_POINT('',(27.848853508922,-32.39922582299,
    -2.141117647059));
#565 = CARTESIAN_POINT('',(27.951993621285,-32.33967785135,
    -2.141117647059));
#566 = CARTESIAN_POINT('',(28.043295760507,-32.27296032344,
    -2.141117647059));
#567 = CARTESIAN_POINT('',(28.121133913377,-32.1988130515,
    -2.141117647059));
#568 = CARTESIAN_POINT('',(28.18408111289,-32.11724477246,
    -2.141117647059));
#569 = CARTESIAN_POINT('',(28.231570547256,-32.02887385358,
    -2.141117647059));
#570 = ORIENTED_EDGE('',*,*,#571,.F.);
#571 = EDGE_CURVE('',#572,#561,#574,.T.);
#572 = VERTEX_POINT('',#573);
#573 = CARTESIAN_POINT('',(27.319239215546,-32.52634309046,
    -2.141117647059));
#574 = B_SPLINE_CURVE_WITH_KNOTS('',5,(#575,#576,#577,#578,#579,#580,
    #581,#582,#583,#584),.UNSPECIFIED.,.F.,.F.,(6,4,6),(0.,
    0.609661365117,1.),.UNSPECIFIED.);
#575 = CARTESIAN_POINT('',(27.319239215546,-32.52634309046,
    -2.141117647059));
#576 = CARTESIAN_POINT('',(27.388778712429,-32.52930600508,
    -2.141117647059));
#577 = CARTESIAN_POINT('',(27.457102173044,-32.52676951039,
    -2.141117647059));
#578 = CARTESIAN_POINT('',(27.524014457433,-32.51857329989,
    -2.141117647059));
#579 = CARTESIAN_POINT('',(27.589334468922,-32.5046484374,
    -2.141117647059));
#580 = CARTESIAN_POINT('',(27.693602161546,-32.47249406345,
    -2.141117647059));
#581 = CARTESIAN_POINT('',(27.733584617712,-32.45761483047,
    -2.141117647059));
#582 = CARTESIAN_POINT('',(27.772808817489,-32.44042050553,
    -2.141117647059));
#583 = CARTESIAN_POINT('',(27.811240772335,-32.42094154658,
    -2.141117647059));
#584 = CARTESIAN_POINT('',(27.848853508922,-32.39922582299,
    -2.141117647059));
#585 = ORIENTED_EDGE('',*,*,#586,.F.);
#586 = EDGE_CURVE('',#587,#572,#589,.T.);
#587 = VERTEX_POINT('',#588);
#588 = CARTESIAN_POINT('',(26.787007295173,-32.32828696009,
    -2.141117647059));
#589 = B_SPLINE_CURVE_WITH_KNOTS('',5,(#590,#591,#592,#593,#594,#595,
    #596,#597,#598,#599),.UNSPECIFIED.,.F.,.F.,(6,4,6),(0.,
    0.670202222986,1.),.UNSPECIFIED.);
#590 = CARTESIAN_POINT('',(26.787007295173,-32.32828696009,
    -2.141117647059));
#591 = CARTESIAN_POINT('',(26.851399208238,-32.37730228147,
    -2.141117647059));
#592 = CARTESIAN_POINT('',(26.918377604434,-32.41927707053,
    -2.141117647059));
#593 = CARTESIAN_POINT('',(26.987828715349,-32.4537512215,
    -2.141117647059));
#594 = CARTESIAN_POINT('',(27.059565382263,-32.4804178908,
    -2.141117647059));
#595 = CARTESIAN_POINT('',(27.169586047578,-32.50845141929,
    -2.141117647059));
#596 = CARTESIAN_POINT('',(27.206356055611,-32.51578928057,
    -2.141117647059));
#597 = CARTESIAN_POINT('',(27.24357868873,-32.52121143051,
    -2.141117647059));
#598 = CARTESIAN_POINT('',(27.281218861578,-32.52472313248,
    -2.141117647059));
#599 = CARTESIAN_POINT('',(27.319239215546,-32.52634309046,
    -2.141117647059));
#600 = ORIENTED_EDGE('',*,*,#601,.F.);
#601 = EDGE_CURVE('',#602,#587,#604,.T.);
#602 = VERTEX_POINT('',#603);
#603 = CARTESIAN_POINT('',(26.331994096969,-31.77682946294,
    -2.141117647059));
#604 = B_SPLINE_CURVE_WITH_KNOTS('',6,(#605,#606,#607,#608,#609,#610,
    #611),.UNSPECIFIED.,.F.,.F.,(7,7),(0.,1.),.PIECEWISE_BEZIER_KNOTS.);
#605 = CARTESIAN_POINT('',(26.331994096969,-31.77682946294,
    -2.141117647059));
#606 = CARTESIAN_POINT('',(26.398288637599,-31.89165497557,
    -2.141117647059));
#607 = CARTESIAN_POINT('',(26.468244964389,-31.99881739047,
    -2.141117647059));
#608 = CARTESIAN_POINT('',(26.542046025376,-32.0972712742,
    -2.141117647059));
#609 = CARTESIAN_POINT('',(26.619806079014,-32.18580849658,
    -2.141117647059));
#610 = CARTESIAN_POINT('',(26.70153043651,-32.26316185765,
    -2.141117647059));
#611 = CARTESIAN_POINT('',(26.787007295173,-32.32828696009,
    -2.141117647059));
#612 = ORIENTED_EDGE('',*,*,#613,.F.);
#613 = EDGE_CURVE('',#614,#602,#616,.T.);
#614 = VERTEX_POINT('',#615);
#615 = CARTESIAN_POINT('',(26.104217223061,-30.8185368094,
    -2.141117647059));
#616 = B_SPLINE_CURVE_WITH_KNOTS('',6,(#617,#618,#619,#620,#621,#622,
    #623,#624,#625,#626,#627,#628),.UNSPECIFIED.,.F.,.F.,(7,5,7),(0.,
    0.478587685777,1.),.UNSPECIFIED.);
#617 = CARTESIAN_POINT('',(26.104217223061,-30.8185368094,
    -2.141117647059));
#618 = CARTESIAN_POINT('',(26.090612959685,-30.89150408823,
    -2.141117647059));
#619 = CARTESIAN_POINT('',(26.083855444025,-30.96609762116,
    -2.141117647059));
#620 = CARTESIAN_POINT('',(26.083929612968,-31.04191748851,
    -2.141117647059));
#621 = CARTESIAN_POINT('',(26.09057712714,-31.11858313118,
    -2.141117647059));
#622 = CARTESIAN_POINT('',(26.103387922282,-31.19574629013,
    -2.141117647059));
#623 = CARTESIAN_POINT('',(26.142051345726,-31.35738366189,
    -2.141117647059));
#624 = CARTESIAN_POINT('',(26.168970203989,-31.44190380467,
    -2.141117647059));
#625 = CARTESIAN_POINT('',(26.202051220845,-31.52632113654,
    -2.141117647059));
#626 = CARTESIAN_POINT('',(26.240636664701,-31.6103813138,
    -2.141117647059));
#627 = CARTESIAN_POINT('',(26.284122664499,-31.69391370967,
    -2.141117647059));
#628 = CARTESIAN_POINT('',(26.331994096969,-31.77682946294,
    -2.141117647059));
#629 = ORIENTED_EDGE('',*,*,#630,.F.);
#630 = EDGE_CURVE('',#631,#614,#633,.T.);
#631 = VERTEX_POINT('',#632);
#632 = CARTESIAN_POINT('',(26.618933801323,-30.06706916362,
    -2.141117647059));
#633 = B_SPLINE_CURVE_WITH_KNOTS('',6,(#634,#635,#636,#637,#638,#639,
    #640,#641,#642,#643,#644,#645),.UNSPECIFIED.,.F.,.F.,(7,5,7),(0.,
    0.895685872774,1.),.UNSPECIFIED.);
#634 = CARTESIAN_POINT('',(26.618933801323,-30.06706916362,
    -2.141117647059));
#635 = CARTESIAN_POINT('',(26.498573995972,-30.15702556793,
    -2.141117647059));
#636 = CARTESIAN_POINT('',(26.38990509677,-30.25507122848,
    -2.141117647059));
#637 = CARTESIAN_POINT('',(26.295690380341,-30.36156989595,
    -2.141117647059));
#638 = CARTESIAN_POINT('',(26.218889213607,-30.47651381096,
    -2.141117647059));
#639 = CARTESIAN_POINT('',(26.161989597099,-30.59922407429,
    -2.141117647059));
#640 = CARTESIAN_POINT('',(26.121283090355,-30.74262221293,
    -2.141117647059));
#641 = CARTESIAN_POINT('',(26.117313821482,-30.75765922909,
    -2.141117647059));
#642 = CARTESIAN_POINT('',(26.11362232917,-30.77277205843,
    -2.141117647059));
#643 = CARTESIAN_POINT('',(26.110209054752,-30.7879578761,
    -2.141117647059));
#644 = CARTESIAN_POINT('',(26.107074099189,-30.80321378373,
    -2.141117647059));
#645 = CARTESIAN_POINT('',(26.104217223061,-30.8185368094,
    -2.141117647059));
#646 = ORIENTED_EDGE('',*,*,#647,.F.);
#647 = EDGE_CURVE('',#648,#631,#650,.T.);
#648 = VERTEX_POINT('',#649);
#649 = CARTESIAN_POINT('',(26.994385512529,-30.58534255944,
    -2.141117647059));
#650 = B_SPLINE_CURVE_WITH_KNOTS('',1,(#651,#652),.UNSPECIFIED.,.F.,.F.,
  (2,2),(0.,1.),.PIECEWISE_BEZIER_KNOTS.);
#651 = CARTESIAN_POINT('',(26.994385512529,-30.58534255944,
    -2.141117647059));
#652 = CARTESIAN_POINT('',(26.618933801323,-30.06706916362,
    -2.141117647059));
#653 = ORIENTED_EDGE('',*,*,#654,.F.);
#654 = EDGE_CURVE('',#655,#648,#657,.T.);
#655 = VERTEX_POINT('',#656);
#656 = CARTESIAN_POINT('',(26.708455778504,-31.01959873734,
    -2.141117647059));
#657 = B_SPLINE_CURVE_WITH_KNOTS('',5,(#658,#659,#660,#661,#662,#663,
    #664,#665,#666,#667),.UNSPECIFIED.,.F.,.F.,(6,4,6),(0.,
    0.442524178679,1.),.UNSPECIFIED.);
#658 = CARTESIAN_POINT('',(26.708455778504,-31.01959873734,
    -2.141117647059));
#659 = CARTESIAN_POINT('',(26.715868502394,-30.97836371259,
    -2.141117647059));
#660 = CARTESIAN_POINT('',(26.727514599279,-30.93757308845,
    -2.141117647059));
#661 = CARTESIAN_POINT('',(26.743349541288,-30.8973266619,
    -2.141117647059));
#662 = CARTESIAN_POINT('',(26.763246956994,-30.85770412832,
    -2.141117647059));
#663 = CARTESIAN_POINT('',(26.81698204373,-30.76971982678,
    -2.141117647059));
#664 = CARTESIAN_POINT('',(26.853099837473,-30.72175930727,
    -2.141117647059));
#665 = CARTESIAN_POINT('',(26.895019999863,-30.67501061837,
    -2.141117647059));
#666 = CARTESIAN_POINT('',(26.942270642882,-30.6295320724,
    -2.141117647059));
#667 = CARTESIAN_POINT('',(26.994385512529,-30.58534255944,
    -2.141117647059));
#668 = ORIENTED_EDGE('',*,*,#669,.F.);
#669 = EDGE_CURVE('',#670,#655,#672,.T.);
#670 = VERTEX_POINT('',#671);
#671 = CARTESIAN_POINT('',(26.817169444435,-31.50437001779,
    -2.141117647059));
#672 = B_SPLINE_CURVE_WITH_KNOTS('',6,(#673,#674,#675,#676,#677,#678,
    #679),.UNSPECIFIED.,.F.,.F.,(7,7),(0.,1.),.PIECEWISE_BEZIER_KNOTS.);
#673 = CARTESIAN_POINT('',(26.817169444435,-31.50437001779,
    -2.141117647059));
#674 = CARTESIAN_POINT('',(26.769263565762,-31.42139460195,
    -2.141117647059));
#675 = CARTESIAN_POINT('',(26.732074840771,-31.33864130377,
    -2.141117647059));
#676 = CARTESIAN_POINT('',(26.706708728304,-31.25656627194,
    -2.141117647059));
#677 = CARTESIAN_POINT('',(26.694077884028,-31.17567591468,
    -2.141117647059));
#678 = CARTESIAN_POINT('',(26.694701971723,-31.09650628826,
    -2.141117647059));
#679 = CARTESIAN_POINT('',(26.708455778504,-31.01959873734,
    -2.141117647059));
#680 = ORIENTED_EDGE('',*,*,#681,.F.);
#681 = EDGE_CURVE('',#682,#670,#684,.T.);
#682 = VERTEX_POINT('',#683);
#683 = CARTESIAN_POINT('',(27.170013925496,-31.85057438224,
    -2.141117647059));
#684 = B_SPLINE_CURVE_WITH_KNOTS('',6,(#685,#686,#687,#688,#689,#690,
    #691),.UNSPECIFIED.,.F.,.F.,(7,7),(0.,1.),.PIECEWISE_BEZIER_KNOTS.);
#685 = CARTESIAN_POINT('',(27.170013925496,-31.85057438224,
    -2.141117647059));
#686 = CARTESIAN_POINT('',(27.102775948838,-31.82555857606,
    -2.141117647059));
#687 = CARTESIAN_POINT('',(27.038507896871,-31.78628537248,
    -2.141117647059));
#688 = CARTESIAN_POINT('',(26.977711247377,-31.73323361722,
    -2.141117647059));
#689 = CARTESIAN_POINT('',(26.9205712791,-31.66760405901,-2.141117647059
    ));
#690 = CARTESIAN_POINT('',(26.867092499938,-31.59083928639,
    -2.141117647059));
#691 = CARTESIAN_POINT('',(26.817169444435,-31.50437001779,
    -2.141117647059));
#692 = ORIENTED_EDGE('',*,*,#693,.F.);
#693 = EDGE_CURVE('',#694,#682,#696,.T.);
#694 = VERTEX_POINT('',#695);
#695 = CARTESIAN_POINT('',(27.51879539631,-31.83432662796,
    -2.141117647059));
#696 = B_SPLINE_CURVE_WITH_KNOTS('',5,(#697,#698,#699,#700,#701,#702,
    #703,#704,#705,#706),.UNSPECIFIED.,.F.,.F.,(6,4,6),(0.,
    0.286584425986,1.),.UNSPECIFIED.);
#697 = CARTESIAN_POINT('',(27.51879539631,-31.83432662796,
    -2.141117647059));
#698 = CARTESIAN_POINT('',(27.501129201344,-31.84452621038,
    -2.141117647059));
#699 = CARTESIAN_POINT('',(27.483086822044,-31.85341590372,
    -2.141117647059));
#700 = CARTESIAN_POINT('',(27.464677161297,-31.86097798725,
    -2.141117647059));
#701 = CARTESIAN_POINT('',(27.445911306114,-31.86720185836,
    -2.141117647059));
#702 = CARTESIAN_POINT('',(27.379233647602,-31.88423758585,
    -2.141117647059));
#703 = CARTESIAN_POINT('',(27.329535554122,-31.88807793209,
    -2.141117647059));
#704 = CARTESIAN_POINT('',(27.277922762779,-31.88354727515,
    -2.141117647059));
#705 = CARTESIAN_POINT('',(27.224655429296,-31.87089781499,
    -2.141117647059));
#706 = CARTESIAN_POINT('',(27.170013925496,-31.85057438224,
    -2.141117647059));
#707 = ORIENTED_EDGE('',*,*,#708,.F.);
#708 = EDGE_CURVE('',#709,#694,#711,.T.);
#709 = VERTEX_POINT('',#710);
#710 = CARTESIAN_POINT('',(27.652987967864,-31.6789226013,
    -2.141117647059));
#711 = B_SPLINE_CURVE_WITH_KNOTS('',4,(#712,#713,#714,#715,#716,#717,
    #718,#719),.UNSPECIFIED.,.F.,.F.,(5,3,5),(0.,0.323717482367,1.),
  .UNSPECIFIED.);
#712 = CARTESIAN_POINT('',(27.652987967864,-31.6789226013,
    -2.141117647059));
#713 = CARTESIAN_POINT('',(27.647233400702,-31.69485970309,
    -2.141117647059));
#714 = CARTESIAN_POINT('',(27.640372231178,-31.71008397221,
    -2.141117647059));
#715 = CARTESIAN_POINT('',(27.63240285075,-31.72458686532,
    -2.141117647059));
#716 = CARTESIAN_POINT('',(27.604371931023,-31.76714316224,
    -2.141117647059));
#717 = CARTESIAN_POINT('',(27.580593442185,-31.79275181144,
    -2.141117647059));
#718 = CARTESIAN_POINT('',(27.552026276919,-31.81514077009,
    -2.141117647059));
#719 = CARTESIAN_POINT('',(27.51879539631,-31.83432662796,
    -2.141117647059));
#720 = ORIENTED_EDGE('',*,*,#721,.F.);
#721 = EDGE_CURVE('',#722,#709,#724,.T.);
#722 = VERTEX_POINT('',#723);
#723 = CARTESIAN_POINT('',(27.655791792787,-31.40557701913,
    -2.141117647059));
#724 = B_SPLINE_CURVE_WITH_KNOTS('',5,(#725,#726,#727,#728,#729,#730),
  .UNSPECIFIED.,.F.,.F.,(6,6),(0.,1.),.PIECEWISE_BEZIER_KNOTS.);
#725 = CARTESIAN_POINT('',(27.655791792787,-31.40557701913,
    -2.141117647059));
#726 = CARTESIAN_POINT('',(27.668632252165,-31.47405420114,
    -2.141117647059));
#727 = CARTESIAN_POINT('',(27.675099844086,-31.53612826937,
    -2.141117647059));
#728 = CARTESIAN_POINT('',(27.674810406298,-31.5912539776,
    -2.141117647059));
#729 = CARTESIAN_POINT('',(27.667469679765,-31.63895076075,
    -2.141117647059));
#730 = CARTESIAN_POINT('',(27.652987967864,-31.6789226013,
    -2.141117647059));
#731 = ORIENTED_EDGE('',*,*,#732,.F.);
#732 = EDGE_CURVE('',#733,#722,#735,.T.);
#733 = VERTEX_POINT('',#734);
#734 = CARTESIAN_POINT('',(27.517399966485,-30.88060046433,
    -2.141117647059));
#735 = B_SPLINE_CURVE_WITH_KNOTS('',7,(#736,#737,#738,#739,#740,#741,
    #742,#743),.UNSPECIFIED.,.F.,.F.,(8,8),(0.,1.),
  .PIECEWISE_BEZIER_KNOTS.);
#736 = CARTESIAN_POINT('',(27.517399966485,-30.88060046433,
    -2.141117647059));
#737 = CARTESIAN_POINT('',(27.54639825309,-30.98226475827,
    -2.141117647059));
#738 = CARTESIAN_POINT('',(27.573232489117,-31.07780202084,
    -2.141117647059));
#739 = CARTESIAN_POINT('',(27.59752177176,-31.16610163661,
    -2.141117647059));
#740 = CARTESIAN_POINT('',(27.618676673858,-31.24538229949,
    -2.141117647059));
#741 = CARTESIAN_POINT('',(27.635959549925,-31.3133693926,
    -2.141117647059));
#742 = CARTESIAN_POINT('',(27.648533150895,-31.36743699729,
    -2.141117647059));
#743 = CARTESIAN_POINT('',(27.655791792787,-31.40557701913,
    -2.141117647059));
#744 = ORIENTED_EDGE('',*,*,#745,.F.);
#745 = EDGE_CURVE('',#746,#733,#748,.T.);
#746 = VERTEX_POINT('',#747);
#747 = CARTESIAN_POINT('',(27.410886506625,-30.28824139064,
    -2.141117647059));
#748 = B_SPLINE_CURVE_WITH_KNOTS('',7,(#749,#750,#751,#752,#753,#754,
    #755,#756),.UNSPECIFIED.,.F.,.F.,(8,8),(0.,1.),
  .PIECEWISE_BEZIER_KNOTS.);
#749 = CARTESIAN_POINT('',(27.427239478997,-30.08021179485,
    -2.141117647059));
#750 = CARTESIAN_POINT('',(27.408273464076,-30.16987674375,
    -2.141117647059));
#751 = CARTESIAN_POINT('',(27.402468052312,-30.27117737055,
    -2.141117647059));
#752 = CARTESIAN_POINT('',(27.408450284464,-30.38185377491,
    -2.141117647059));
#753 = CARTESIAN_POINT('',(27.424396900362,-30.49964177593,
    -2.141117647059));
#754 = CARTESIAN_POINT('',(27.448694880432,-30.62275950062,
    -2.141117647059));
#755 = CARTESIAN_POINT('',(27.480008819158,-30.74995516651,
    -2.141117647059));
#756 = CARTESIAN_POINT('',(27.517399966485,-30.88060046433,
    -2.141117647059));
#757 = ORIENTED_EDGE('',*,*,#758,.F.);
#758 = EDGE_CURVE('',#490,#746,#759,.T.);
#759 = B_SPLINE_CURVE_WITH_KNOTS('',1,(#760,#761),.UNSPECIFIED.,.F.,.F.,
  (2,2),(0.,1.),.PIECEWISE_BEZIER_KNOTS.);
#760 = CARTESIAN_POINT('',(26.968191177448,-29.52147058823,
    -2.141117647059));
#761 = CARTESIAN_POINT('',(32.158779412743,-38.51183313293,
    -2.141117647059));
#762 = FACE_BOUND('',#763,.F.);
#763 = EDGE_LOOP('',(#764));
#764 = ORIENTED_EDGE('',*,*,#765,.F.);
#765 = EDGE_CURVE('',#766,#766,#768,.T.);
#766 = VERTEX_POINT('',#767);
#767 = CARTESIAN_POINT('',(55.928588235294,-16.09764381743,
    -2.141117647059));
#768 = CIRCLE('',#769,2.854823529412);
#769 = AXIS2_PLACEMENT_3D('',#770,#771,#772);
#770 = CARTESIAN_POINT('',(54.501176470588,-13.62529411764,
    -2.141117647059));
#771 = DIRECTION('',(-0.,0.,1.));
#772 = DIRECTION('',(0.5,-0.866025403784,0.));
#773 = PLANE('',#774);
#774 = AXIS2_PLACEMENT_3D('',#775,#776,#777);
#775 = CARTESIAN_POINT('',(54.501176470588,-13.62529411764,
    -2.141117647059));
#776 = DIRECTION('',(0.,0.,1.));
#777 = DIRECTION('',(0.5,-0.866025403784,0.));
#778 = ADVANCED_FACE('',(#779),#797,.T.);
#779 = FACE_BOUND('',#780,.T.);
#780 = EDGE_LOOP('',(#781,#782,#783,#791));
#781 = ORIENTED_EDGE('',*,*,#202,.F.);
#782 = ORIENTED_EDGE('',*,*,#40,.T.);
#783 = ORIENTED_EDGE('',*,*,#784,.T.);
#784 = EDGE_CURVE('',#32,#785,#787,.T.);
#785 = VERTEX_POINT('',#786);
#786 = CARTESIAN_POINT('',(72.668235294118,17.840974788798,
    -0.843470588235));
#787 = LINE('',#788,#789);
#788 = CARTESIAN_POINT('',(79.156470588235,29.078927969672,
    -0.843470588235));
#789 = VECTOR('',#790,1.);
#790 = DIRECTION('',(-0.5,-0.866025403784,0.));
#791 = ORIENTED_EDGE('',*,*,#792,.F.);
#792 = EDGE_CURVE('',#195,#785,#793,.T.);
#793 = LINE('',#794,#795);
#794 = CARTESIAN_POINT('',(72.668235294118,17.840974788798,
    -2.141117647059));
#795 = VECTOR('',#796,1.);
#796 = DIRECTION('',(0.,0.,1.));
#797 = PLANE('',#798);
#798 = AXIS2_PLACEMENT_3D('',#799,#800,#801);
#799 = CARTESIAN_POINT('',(79.156470588235,29.078927969672,
    -2.141117647059));
#800 = DIRECTION('',(0.866025403784,-0.5,0.));
#801 = DIRECTION('',(-0.5,-0.866025403784,0.));
#802 = ADVANCED_FACE('',(#803,#910),#921,.T.);
#803 = FACE_BOUND('',#804,.T.);
#804 = EDGE_LOOP('',(#805,#806,#807,#815,#823,#831,#839,#847,#855,#863,
    #871,#879,#887,#895,#903,#909));
#805 = ORIENTED_EDGE('',*,*,#31,.T.);
#806 = ORIENTED_EDGE('',*,*,#63,.T.);
#807 = ORIENTED_EDGE('',*,*,#808,.F.);
#808 = EDGE_CURVE('',#809,#64,#811,.T.);
#809 = VERTEX_POINT('',#810);
#810 = CARTESIAN_POINT('',(90.835294117647,-13.62529411764,
    -0.843470588235));
#811 = LINE('',#812,#813);
#812 = CARTESIAN_POINT('',(54.501176470588,-13.62529411764,
    -0.843470588235));
#813 = VECTOR('',#814,1.);
#814 = DIRECTION('',(1.,0.,0.));
#815 = ORIENTED_EDGE('',*,*,#816,.T.);
#816 = EDGE_CURVE('',#809,#817,#819,.T.);
#817 = VERTEX_POINT('',#818);
#818 = CARTESIAN_POINT('',(90.69703183043,-10.45856710703,
    -0.843470588235));
#819 = LINE('',#820,#821);
#820 = CARTESIAN_POINT('',(90.835294117647,-13.62529411764,
    -0.843470588235));
#821 = VECTOR('',#822,1.);
#822 = DIRECTION('',(-4.361938736534E-02,0.999048221582,0.));
#823 = ORIENTED_EDGE('',*,*,#824,.T.);
#824 = EDGE_CURVE('',#817,#825,#827,.T.);
#825 = VERTEX_POINT('',#826);
#826 = CARTESIAN_POINT('',(90.283297228269,-7.315940801099,
    -0.843470588235));
#827 = LINE('',#828,#829);
#828 = CARTESIAN_POINT('',(90.69703183043,-10.45856710703,
    -0.843470588235));
#829 = VECTOR('',#830,1.);
#830 = DIRECTION('',(-0.13052619222,0.991444861374,0.));
#831 = ORIENTED_EDGE('',*,*,#832,.T.);
#832 = EDGE_CURVE('',#825,#833,#835,.T.);
#833 = VERTEX_POINT('',#834);
#834 = CARTESIAN_POINT('',(89.597239081308,-4.221332483593,
    -0.843470588235));
#835 = LINE('',#836,#837);
#836 = CARTESIAN_POINT('',(90.283297228269,-7.315940801099,
    -0.843470588235));
#837 = VECTOR('',#838,1.);
#838 = DIRECTION('',(-0.216439613938,0.97629600712,0.));
#839 = ORIENTED_EDGE('',*,*,#840,.T.);
#840 = EDGE_CURVE('',#833,#841,#843,.T.);
#841 = VERTEX_POINT('',#842);
#842 = CARTESIAN_POINT('',(88.644078706296,-1.198293992388,
    -0.843470588235));
#843 = LINE('',#844,#845);
#844 = CARTESIAN_POINT('',(89.597239081308,-4.221332483593,
    -0.843470588235));
#845 = VECTOR('',#846,1.);
#846 = DIRECTION('',(-0.300705799504,0.953716950748,0.));
#847 = ORIENTED_EDGE('',*,*,#848,.T.);
#848 = EDGE_CURVE('',#841,#849,#851,.T.);
#849 = VERTEX_POINT('',#850);
#850 = CARTESIAN_POINT('',(87.431070229223,1.730167524235,
    -0.843470588235));
#851 = LINE('',#852,#853);
#852 = CARTESIAN_POINT('',(88.644078706296,-1.198293992388,
    -0.843470588235));
#853 = VECTOR('',#854,1.);
#854 = DIRECTION('',(-0.382683432365,0.923879532511,0.));
#855 = ORIENTED_EDGE('',*,*,#856,.T.);
#856 = EDGE_CURVE('',#849,#857,#859,.T.);
#857 = VERTEX_POINT('',#858);
#858 = CARTESIAN_POINT('',(85.967445377034,4.541764705882,
    -0.843470588235));
#859 = LINE('',#860,#861);
#860 = CARTESIAN_POINT('',(87.431070229223,1.730167524235,
    -0.843470588235));
#861 = VECTOR('',#862,1.);
#862 = DIRECTION('',(-0.461748613235,0.887010833178,0.));
#863 = ORIENTED_EDGE('',*,*,#864,.T.);
#864 = EDGE_CURVE('',#857,#865,#867,.T.);
#865 = VERTEX_POINT('',#866);
#866 = CARTESIAN_POINT('',(84.264343218613,7.215099600313,
    -0.843470588235));
#867 = LINE('',#868,#869);
#868 = CARTESIAN_POINT('',(85.967445377034,4.541764705882,
    -0.843470588235));
#869 = VECTOR('',#870,1.);
#870 = DIRECTION('',(-0.537299608347,0.843391445813,0.));
#871 = ORIENTED_EDGE('',*,*,#872,.T.);
#872 = EDGE_CURVE('',#865,#873,#875,.T.);
#873 = VERTEX_POINT('',#874);
#874 = CARTESIAN_POINT('',(82.334725389749,9.729826514775,
    -0.843470588235));
#875 = LINE('',#876,#877);
#876 = CARTESIAN_POINT('',(84.264343218613,7.215099600313,
    -0.843470588235));
#877 = VECTOR('',#878,1.);
#878 = DIRECTION('',(-0.608761429009,0.793353340291,0.));
#879 = ORIENTED_EDGE('',*,*,#880,.T.);
#880 = EDGE_CURVE('',#873,#881,#883,.T.);
#881 = VERTEX_POINT('',#882);
#882 = CARTESIAN_POINT('',(80.193277447253,12.066806859018,
    -0.843470588235));
#883 = LINE('',#884,#885);
#884 = CARTESIAN_POINT('',(82.334725389749,9.729826514775,
    -0.843470588235));
#885 = VECTOR('',#886,1.);
#886 = DIRECTION('',(-0.675590207616,0.73727733681,0.));
#887 = ORIENTED_EDGE('',*,*,#888,.T.);
#888 = EDGE_CURVE('',#881,#889,#891,.T.);
#889 = VERTEX_POINT('',#890);
#890 = CARTESIAN_POINT('',(77.856297103011,14.208254801514,
    -0.843470588235));
#891 = LINE('',#892,#893);
#892 = CARTESIAN_POINT('',(80.193277447253,12.066806859018,
    -0.843470588235));
#893 = VECTOR('',#894,1.);
#894 = DIRECTION('',(-0.73727733681,0.675590207616,0.));
#895 = ORIENTED_EDGE('',*,*,#896,.T.);
#896 = EDGE_CURVE('',#889,#897,#899,.T.);
#897 = VERTEX_POINT('',#898);
#898 = CARTESIAN_POINT('',(75.341570188548,16.137872630378,
    -0.843470588235));
#899 = LINE('',#900,#901);
#900 = CARTESIAN_POINT('',(77.856297103011,14.208254801514,
    -0.843470588235));
#901 = VECTOR('',#902,1.);
#902 = DIRECTION('',(-0.793353340291,0.608761429009,0.));
#903 = ORIENTED_EDGE('',*,*,#904,.T.);
#904 = EDGE_CURVE('',#897,#785,#905,.T.);
#905 = LINE('',#906,#907);
#906 = CARTESIAN_POINT('',(75.341570188548,16.137872630378,
    -0.843470588235));
#907 = VECTOR('',#908,1.);
#908 = DIRECTION('',(-0.843391445813,0.537299608347,0.));
#909 = ORIENTED_EDGE('',*,*,#784,.F.);
#910 = FACE_BOUND('',#911,.T.);
#911 = EDGE_LOOP('',(#912));
#912 = ORIENTED_EDGE('',*,*,#913,.F.);
#913 = EDGE_CURVE('',#914,#914,#916,.T.);
#914 = VERTEX_POINT('',#915);
#915 = CARTESIAN_POINT('',(55.928588235294,-16.09764381743,
    -0.843470588235));
#916 = CIRCLE('',#917,2.854823529412);
#917 = AXIS2_PLACEMENT_3D('',#918,#919,#920);
#918 = CARTESIAN_POINT('',(54.501176470588,-13.62529411764,
    -0.843470588235));
#919 = DIRECTION('',(-0.,0.,1.));
#920 = DIRECTION('',(0.5,-0.866025403784,0.));
#921 = PLANE('',#922);
#922 = AXIS2_PLACEMENT_3D('',#923,#924,#925);
#923 = CARTESIAN_POINT('',(54.501176470588,-13.62529411764,
    -0.843470588235));
#924 = DIRECTION('',(0.,0.,1.));
#925 = DIRECTION('',(0.5,-0.866025403784,0.));
#926 = ADVANCED_FACE('',(#927),#938,.T.);
#927 = FACE_BOUND('',#928,.T.);
#928 = EDGE_LOOP('',(#929,#930,#936,#937));
#929 = ORIENTED_EDGE('',*,*,#98,.F.);
#930 = ORIENTED_EDGE('',*,*,#931,.T.);
#931 = EDGE_CURVE('',#99,#809,#932,.T.);
#932 = LINE('',#933,#934);
#933 = CARTESIAN_POINT('',(90.835294117647,-13.62529411764,
    -2.141117647059));
#934 = VECTOR('',#935,1.);
#935 = DIRECTION('',(0.,0.,1.));
#936 = ORIENTED_EDGE('',*,*,#808,.T.);
#937 = ORIENTED_EDGE('',*,*,#82,.F.);
#938 = PLANE('',#939);
#939 = AXIS2_PLACEMENT_3D('',#940,#941,#942);
#940 = CARTESIAN_POINT('',(54.501176470588,-13.62529411764,
    -2.141117647059));
#941 = DIRECTION('',(0.,1.,0.));
#942 = DIRECTION('',(1.,0.,0.));
#943 = ADVANCED_FACE('',(#944),#955,.F.);
#944 = FACE_BOUND('',#945,.F.);
#945 = EDGE_LOOP('',(#946,#952,#953,#954));
#946 = ORIENTED_EDGE('',*,*,#947,.T.);
#947 = EDGE_CURVE('',#187,#897,#948,.T.);
#948 = LINE('',#949,#950);
#949 = CARTESIAN_POINT('',(75.341570188548,16.137872630378,
    -2.141117647059));
#950 = VECTOR('',#951,1.);
#951 = DIRECTION('',(0.,0.,1.));
#952 = ORIENTED_EDGE('',*,*,#904,.T.);
#953 = ORIENTED_EDGE('',*,*,#792,.F.);
#954 = ORIENTED_EDGE('',*,*,#194,.F.);
#955 = PLANE('',#956);
#956 = AXIS2_PLACEMENT_3D('',#957,#958,#959);
#957 = CARTESIAN_POINT('',(75.341570188548,16.137872630378,
    -2.141117647059));
#958 = DIRECTION('',(-0.537299608347,-0.843391445813,0.));
#959 = DIRECTION('',(-0.843391445813,0.537299608347,0.));
#960 = ADVANCED_FACE('',(#961),#972,.F.);
#961 = FACE_BOUND('',#962,.F.);
#962 = EDGE_LOOP('',(#963,#969,#970,#971));
#963 = ORIENTED_EDGE('',*,*,#964,.T.);
#964 = EDGE_CURVE('',#179,#889,#965,.T.);
#965 = LINE('',#966,#967);
#966 = CARTESIAN_POINT('',(77.856297103011,14.208254801514,
    -2.141117647059));
#967 = VECTOR('',#968,1.);
#968 = DIRECTION('',(0.,0.,1.));
#969 = ORIENTED_EDGE('',*,*,#896,.T.);
#970 = ORIENTED_EDGE('',*,*,#947,.F.);
#971 = ORIENTED_EDGE('',*,*,#186,.F.);
#972 = PLANE('',#973);
#973 = AXIS2_PLACEMENT_3D('',#974,#975,#976);
#974 = CARTESIAN_POINT('',(77.856297103011,14.208254801514,
    -2.141117647059));
#975 = DIRECTION('',(-0.608761429009,-0.793353340291,0.));
#976 = DIRECTION('',(-0.793353340291,0.608761429009,0.));
#977 = ADVANCED_FACE('',(#978),#989,.F.);
#978 = FACE_BOUND('',#979,.F.);
#979 = EDGE_LOOP('',(#980,#981,#982,#988));
#980 = ORIENTED_EDGE('',*,*,#931,.T.);
#981 = ORIENTED_EDGE('',*,*,#816,.T.);
#982 = ORIENTED_EDGE('',*,*,#983,.F.);
#983 = EDGE_CURVE('',#107,#817,#984,.T.);
#984 = LINE('',#985,#986);
#985 = CARTESIAN_POINT('',(90.69703183043,-10.45856710703,
    -2.141117647059));
#986 = VECTOR('',#987,1.);
#987 = DIRECTION('',(0.,0.,1.));
#988 = ORIENTED_EDGE('',*,*,#106,.F.);
#989 = PLANE('',#990);
#990 = AXIS2_PLACEMENT_3D('',#991,#992,#993);
#991 = CARTESIAN_POINT('',(90.835294117647,-13.62529411764,
    -2.141117647059));
#992 = DIRECTION('',(-0.999048221582,-4.361938736534E-02,0.));
#993 = DIRECTION('',(-4.361938736534E-02,0.999048221582,0.));
#994 = ADVANCED_FACE('',(#995),#1006,.F.);
#995 = FACE_BOUND('',#996,.F.);
#996 = EDGE_LOOP('',(#997,#1003,#1004,#1005));
#997 = ORIENTED_EDGE('',*,*,#998,.T.);
#998 = EDGE_CURVE('',#171,#881,#999,.T.);
#999 = LINE('',#1000,#1001);
#1000 = CARTESIAN_POINT('',(80.193277447253,12.066806859018,
    -2.141117647059));
#1001 = VECTOR('',#1002,1.);
#1002 = DIRECTION('',(0.,0.,1.));
#1003 = ORIENTED_EDGE('',*,*,#888,.T.);
#1004 = ORIENTED_EDGE('',*,*,#964,.F.);
#1005 = ORIENTED_EDGE('',*,*,#178,.F.);
#1006 = PLANE('',#1007);
#1007 = AXIS2_PLACEMENT_3D('',#1008,#1009,#1010);
#1008 = CARTESIAN_POINT('',(80.193277447253,12.066806859018,
    -2.141117647059));
#1009 = DIRECTION('',(-0.675590207616,-0.73727733681,0.));
#1010 = DIRECTION('',(-0.73727733681,0.675590207616,0.));
#1011 = ADVANCED_FACE('',(#1012),#1023,.F.);
#1012 = FACE_BOUND('',#1013,.F.);
#1013 = EDGE_LOOP('',(#1014,#1015,#1016,#1022));
#1014 = ORIENTED_EDGE('',*,*,#983,.T.);
#1015 = ORIENTED_EDGE('',*,*,#824,.T.);
#1016 = ORIENTED_EDGE('',*,*,#1017,.F.);
#1017 = EDGE_CURVE('',#115,#825,#1018,.T.);
#1018 = LINE('',#1019,#1020);
#1019 = CARTESIAN_POINT('',(90.283297228269,-7.315940801099,
    -2.141117647059));
#1020 = VECTOR('',#1021,1.);
#1021 = DIRECTION('',(0.,0.,1.));
#1022 = ORIENTED_EDGE('',*,*,#114,.F.);
#1023 = PLANE('',#1024);
#1024 = AXIS2_PLACEMENT_3D('',#1025,#1026,#1027);
#1025 = CARTESIAN_POINT('',(90.69703183043,-10.45856710703,
    -2.141117647059));
#1026 = DIRECTION('',(-0.991444861374,-0.13052619222,0.));
#1027 = DIRECTION('',(-0.13052619222,0.991444861374,0.));
#1028 = ADVANCED_FACE('',(#1029),#1040,.F.);
#1029 = FACE_BOUND('',#1030,.F.);
#1030 = EDGE_LOOP('',(#1031,#1037,#1038,#1039));
#1031 = ORIENTED_EDGE('',*,*,#1032,.T.);
#1032 = EDGE_CURVE('',#163,#873,#1033,.T.);
#1033 = LINE('',#1034,#1035);
#1034 = CARTESIAN_POINT('',(82.334725389749,9.729826514775,
    -2.141117647059));
#1035 = VECTOR('',#1036,1.);
#1036 = DIRECTION('',(0.,0.,1.));
#1037 = ORIENTED_EDGE('',*,*,#880,.T.);
#1038 = ORIENTED_EDGE('',*,*,#998,.F.);
#1039 = ORIENTED_EDGE('',*,*,#170,.F.);
#1040 = PLANE('',#1041);
#1041 = AXIS2_PLACEMENT_3D('',#1042,#1043,#1044);
#1042 = CARTESIAN_POINT('',(82.334725389749,9.729826514775,
    -2.141117647059));
#1043 = DIRECTION('',(-0.73727733681,-0.675590207616,0.));
#1044 = DIRECTION('',(-0.675590207616,0.73727733681,0.));
#1045 = ADVANCED_FACE('',(#1046),#1057,.F.);
#1046 = FACE_BOUND('',#1047,.F.);
#1047 = EDGE_LOOP('',(#1048,#1049,#1050,#1056));
#1048 = ORIENTED_EDGE('',*,*,#1017,.T.);
#1049 = ORIENTED_EDGE('',*,*,#832,.T.);
#1050 = ORIENTED_EDGE('',*,*,#1051,.F.);
#1051 = EDGE_CURVE('',#123,#833,#1052,.T.);
#1052 = LINE('',#1053,#1054);
#1053 = CARTESIAN_POINT('',(89.597239081308,-4.221332483593,
    -2.141117647059));
#1054 = VECTOR('',#1055,1.);
#1055 = DIRECTION('',(0.,0.,1.));
#1056 = ORIENTED_EDGE('',*,*,#122,.F.);
#1057 = PLANE('',#1058);
#1058 = AXIS2_PLACEMENT_3D('',#1059,#1060,#1061);
#1059 = CARTESIAN_POINT('',(90.283297228269,-7.315940801099,
    -2.141117647059));
#1060 = DIRECTION('',(-0.97629600712,-0.216439613938,0.));
#1061 = DIRECTION('',(-0.216439613938,0.97629600712,0.));
#1062 = ADVANCED_FACE('',(#1063),#1074,.F.);
#1063 = FACE_BOUND('',#1064,.F.);
#1064 = EDGE_LOOP('',(#1065,#1071,#1072,#1073));
#1065 = ORIENTED_EDGE('',*,*,#1066,.T.);
#1066 = EDGE_CURVE('',#155,#865,#1067,.T.);
#1067 = LINE('',#1068,#1069);
#1068 = CARTESIAN_POINT('',(84.264343218613,7.215099600313,
    -2.141117647059));
#1069 = VECTOR('',#1070,1.);
#1070 = DIRECTION('',(0.,0.,1.));
#1071 = ORIENTED_EDGE('',*,*,#872,.T.);
#1072 = ORIENTED_EDGE('',*,*,#1032,.F.);
#1073 = ORIENTED_EDGE('',*,*,#162,.F.);
#1074 = PLANE('',#1075);
#1075 = AXIS2_PLACEMENT_3D('',#1076,#1077,#1078);
#1076 = CARTESIAN_POINT('',(84.264343218613,7.215099600313,
    -2.141117647059));
#1077 = DIRECTION('',(-0.793353340291,-0.608761429009,0.));
#1078 = DIRECTION('',(-0.608761429009,0.793353340291,0.));
#1079 = ADVANCED_FACE('',(#1080),#1091,.F.);
#1080 = FACE_BOUND('',#1081,.F.);
#1081 = EDGE_LOOP('',(#1082,#1083,#1084,#1090));
#1082 = ORIENTED_EDGE('',*,*,#1051,.T.);
#1083 = ORIENTED_EDGE('',*,*,#840,.T.);
#1084 = ORIENTED_EDGE('',*,*,#1085,.F.);
#1085 = EDGE_CURVE('',#131,#841,#1086,.T.);
#1086 = LINE('',#1087,#1088);
#1087 = CARTESIAN_POINT('',(88.644078706296,-1.198293992388,
    -2.141117647059));
#1088 = VECTOR('',#1089,1.);
#1089 = DIRECTION('',(0.,0.,1.));
#1090 = ORIENTED_EDGE('',*,*,#130,.F.);
#1091 = PLANE('',#1092);
#1092 = AXIS2_PLACEMENT_3D('',#1093,#1094,#1095);
#1093 = CARTESIAN_POINT('',(89.597239081308,-4.221332483593,
    -2.141117647059));
#1094 = DIRECTION('',(-0.953716950748,-0.300705799504,0.));
#1095 = DIRECTION('',(-0.300705799504,0.953716950748,0.));
#1096 = ADVANCED_FACE('',(#1097),#1108,.F.);
#1097 = FACE_BOUND('',#1098,.F.);
#1098 = EDGE_LOOP('',(#1099,#1105,#1106,#1107));
#1099 = ORIENTED_EDGE('',*,*,#1100,.T.);
#1100 = EDGE_CURVE('',#147,#857,#1101,.T.);
#1101 = LINE('',#1102,#1103);
#1102 = CARTESIAN_POINT('',(85.967445377034,4.541764705882,
    -2.141117647059));
#1103 = VECTOR('',#1104,1.);
#1104 = DIRECTION('',(0.,0.,1.));
#1105 = ORIENTED_EDGE('',*,*,#864,.T.);
#1106 = ORIENTED_EDGE('',*,*,#1066,.F.);
#1107 = ORIENTED_EDGE('',*,*,#154,.F.);
#1108 = PLANE('',#1109);
#1109 = AXIS2_PLACEMENT_3D('',#1110,#1111,#1112);
#1110 = CARTESIAN_POINT('',(85.967445377034,4.541764705882,
    -2.141117647059));
#1111 = DIRECTION('',(-0.843391445813,-0.537299608347,0.));
#1112 = DIRECTION('',(-0.537299608347,0.843391445813,0.));
#1113 = ADVANCED_FACE('',(#1114),#1125,.F.);
#1114 = FACE_BOUND('',#1115,.F.);
#1115 = EDGE_LOOP('',(#1116,#1117,#1118,#1124));
#1116 = ORIENTED_EDGE('',*,*,#1085,.T.);
#1117 = ORIENTED_EDGE('',*,*,#848,.T.);
#1118 = ORIENTED_EDGE('',*,*,#1119,.F.);
#1119 = EDGE_CURVE('',#139,#849,#1120,.T.);
#1120 = LINE('',#1121,#1122);
#1121 = CARTESIAN_POINT('',(87.431070229223,1.730167524235,
    -2.141117647059));
#1122 = VECTOR('',#1123,1.);
#1123 = DIRECTION('',(0.,0.,1.));
#1124 = ORIENTED_EDGE('',*,*,#138,.F.);
#1125 = PLANE('',#1126);
#1126 = AXIS2_PLACEMENT_3D('',#1127,#1128,#1129);
#1127 = CARTESIAN_POINT('',(88.644078706296,-1.198293992388,
    -2.141117647059));
#1128 = DIRECTION('',(-0.923879532511,-0.382683432365,0.));
#1129 = DIRECTION('',(-0.382683432365,0.923879532511,0.));
#1130 = ADVANCED_FACE('',(#1131),#1137,.F.);
#1131 = FACE_BOUND('',#1132,.F.);
#1132 = EDGE_LOOP('',(#1133,#1134,#1135,#1136));
#1133 = ORIENTED_EDGE('',*,*,#1119,.T.);
#1134 = ORIENTED_EDGE('',*,*,#856,.T.);
#1135 = ORIENTED_EDGE('',*,*,#1100,.F.);
#1136 = ORIENTED_EDGE('',*,*,#146,.F.);
#1137 = PLANE('',#1138);
#1138 = AXIS2_PLACEMENT_3D('',#1139,#1140,#1141);
#1139 = CARTESIAN_POINT('',(87.431070229223,1.730167524235,
    -2.141117647059));
#1140 = DIRECTION('',(-0.887010833178,-0.461748613235,0.));
#1141 = DIRECTION('',(-0.461748613235,0.887010833178,0.));
#1142 = ADVANCED_FACE('',(#1143),#1165,.T.);
#1143 = FACE_BOUND('',#1144,.T.);
#1144 = EDGE_LOOP('',(#1145,#1154,#1159,#1160));
#1145 = ORIENTED_EDGE('',*,*,#1146,.F.);
#1146 = EDGE_CURVE('',#1147,#1149,#1151,.T.);
#1147 = VERTEX_POINT('',#1148);
#1148 = CARTESIAN_POINT('',(22.651278239494,-25.2884756949,
    -2.383088235294));
#1149 = VERTEX_POINT('',#1150);
#1150 = CARTESIAN_POINT('',(25.460766534713,-23.66641687137,
    -2.383088235294));
#1151 = B_SPLINE_CURVE_WITH_KNOTS('',1,(#1152,#1153),.UNSPECIFIED.,.F.,
  .F.,(2,2),(0.,5.),.PIECEWISE_BEZIER_KNOTS.);
#1152 = CARTESIAN_POINT('',(22.651278239494,-25.2884756949,
    -2.383088235294));
#1153 = CARTESIAN_POINT('',(25.460766534713,-23.66641687137,
    -2.383088235294));
#1154 = ORIENTED_EDGE('',*,*,#1155,.T.);
#1155 = EDGE_CURVE('',#1147,#213,#1156,.T.);
#1156 = B_SPLINE_CURVE_WITH_KNOTS('',1,(#1157,#1158),.UNSPECIFIED.,.F.,
  .F.,(2,2),(0.,0.45),.PIECEWISE_BEZIER_KNOTS.);
#1157 = CARTESIAN_POINT('',(22.651278239494,-25.2884756949,
    -2.383088235294));
#1158 = CARTESIAN_POINT('',(22.651278239494,-25.2884756949,
    -2.091117647059));
#1159 = ORIENTED_EDGE('',*,*,#210,.F.);
#1160 = ORIENTED_EDGE('',*,*,#1161,.F.);
#1161 = EDGE_CURVE('',#1149,#211,#1162,.T.);
#1162 = B_SPLINE_CURVE_WITH_KNOTS('',1,(#1163,#1164),.UNSPECIFIED.,.F.,
  .F.,(2,2),(0.,0.45),.PIECEWISE_BEZIER_KNOTS.);
#1163 = CARTESIAN_POINT('',(25.460766534713,-23.66641687137,
    -2.383088235294));
#1164 = CARTESIAN_POINT('',(25.460766534713,-23.66641687137,
    -2.091117647059));
#1165 = B_SPLINE_SURFACE_WITH_KNOTS('',1,1,(
    (#1166,#1167)
    ,(#1168,#1169
    )),.UNSPECIFIED.,.F.,.F.,.F.,(2,2),(2,2),(0.,5.),(-0.45,0.),
  .PIECEWISE_BEZIER_KNOTS.);
#1166 = CARTESIAN_POINT('',(22.651278239494,-25.2884756949,
    -2.091117647059));
#1167 = CARTESIAN_POINT('',(22.651278239494,-25.2884756949,
    -2.383088235294));
#1168 = CARTESIAN_POINT('',(25.460766534713,-23.66641687137,
    -2.091117647059));
#1169 = CARTESIAN_POINT('',(25.460766534713,-23.66641687137,
    -2.383088235294));
#1170 = ADVANCED_FACE('',(#1171),#1187,.T.);
#1171 = FACE_BOUND('',#1172,.T.);
#1172 = EDGE_LOOP('',(#1173,#1180,#1181,#1182));
#1173 = ORIENTED_EDGE('',*,*,#1174,.F.);
#1174 = EDGE_CURVE('',#1149,#1175,#1177,.T.);
#1175 = VERTEX_POINT('',#1176);
#1176 = CARTESIAN_POINT('',(26.149272153621,-24.85894358462,
    -2.383088235294));
#1177 = B_SPLINE_CURVE_WITH_KNOTS('',1,(#1178,#1179),.UNSPECIFIED.,.F.,
  .F.,(2,2),(0.,2.122320130814),.PIECEWISE_BEZIER_KNOTS.);
#1178 = CARTESIAN_POINT('',(25.460766534713,-23.66641687137,
    -2.383088235294));
#1179 = CARTESIAN_POINT('',(26.149272153621,-24.85894358462,
    -2.383088235294));
#1180 = ORIENTED_EDGE('',*,*,#1161,.T.);
#1181 = ORIENTED_EDGE('',*,*,#219,.F.);
#1182 = ORIENTED_EDGE('',*,*,#1183,.F.);
#1183 = EDGE_CURVE('',#1175,#220,#1184,.T.);
#1184 = B_SPLINE_CURVE_WITH_KNOTS('',1,(#1185,#1186),.UNSPECIFIED.,.F.,
  .F.,(2,2),(0.,0.45),.PIECEWISE_BEZIER_KNOTS.);
#1185 = CARTESIAN_POINT('',(26.149272153621,-24.85894358462,
    -2.383088235294));
#1186 = CARTESIAN_POINT('',(26.149272153621,-24.85894358462,
    -2.091117647059));
#1187 = B_SPLINE_SURFACE_WITH_KNOTS('',1,1,(
    (#1188,#1189)
    ,(#1190,#1191
    )),.UNSPECIFIED.,.F.,.F.,.F.,(2,2),(2,2),(0.,2.122320130814),(-0.45,
    0.),.PIECEWISE_BEZIER_KNOTS.);
#1188 = CARTESIAN_POINT('',(25.460766534713,-23.66641687137,
    -2.091117647059));
#1189 = CARTESIAN_POINT('',(25.460766534713,-23.66641687137,
    -2.383088235294));
#1190 = CARTESIAN_POINT('',(26.149272153621,-24.85894358462,
    -2.091117647059));
#1191 = CARTESIAN_POINT('',(26.149272153621,-24.85894358462,
    -2.383088235294));
#1192 = ADVANCED_FACE('',(#1193),#1209,.T.);
#1193 = FACE_BOUND('',#1194,.T.);
#1194 = EDGE_LOOP('',(#1195,#1202,#1207,#1208));
#1195 = ORIENTED_EDGE('',*,*,#1196,.F.);
#1196 = EDGE_CURVE('',#1197,#1147,#1199,.T.);
#1197 = VERTEX_POINT('',#1198);
#1198 = CARTESIAN_POINT('',(22.978401294385,-25.8550694463,
    -2.383088235294));
#1199 = B_SPLINE_CURVE_WITH_KNOTS('',1,(#1200,#1201),.UNSPECIFIED.,.F.,
  .F.,(2,2),(0.,1.00835755814),.PIECEWISE_BEZIER_KNOTS.);
#1200 = CARTESIAN_POINT('',(22.978401294385,-25.8550694463,
    -2.383088235294));
#1201 = CARTESIAN_POINT('',(22.651278239494,-25.2884756949,
    -2.383088235294));
#1202 = ORIENTED_EDGE('',*,*,#1203,.T.);
#1203 = EDGE_CURVE('',#1197,#388,#1204,.T.);
#1204 = B_SPLINE_CURVE_WITH_KNOTS('',1,(#1205,#1206),.UNSPECIFIED.,.F.,
  .F.,(2,2),(0.,0.45),.PIECEWISE_BEZIER_KNOTS.);
#1205 = CARTESIAN_POINT('',(22.978401294385,-25.8550694463,
    -2.383088235294));
#1206 = CARTESIAN_POINT('',(22.978401294385,-25.8550694463,
    -2.091117647059));
#1207 = ORIENTED_EDGE('',*,*,#394,.F.);
#1208 = ORIENTED_EDGE('',*,*,#1155,.F.);
#1209 = B_SPLINE_SURFACE_WITH_KNOTS('',1,1,(
    (#1210,#1211)
    ,(#1212,#1213
    )),.UNSPECIFIED.,.F.,.F.,.F.,(2,2),(2,2),(0.,1.00835755814),(-0.45,
    0.),.PIECEWISE_BEZIER_KNOTS.);
#1210 = CARTESIAN_POINT('',(22.978401294385,-25.8550694463,
    -2.091117647059));
#1211 = CARTESIAN_POINT('',(22.978401294385,-25.8550694463,
    -2.383088235294));
#1212 = CARTESIAN_POINT('',(22.651278239494,-25.2884756949,
    -2.091117647059));
#1213 = CARTESIAN_POINT('',(22.651278239494,-25.2884756949,
    -2.383088235294));
#1214 = ADVANCED_FACE('',(#1215),#1232,.T.);
#1215 = FACE_BOUND('',#1216,.T.);
#1216 = EDGE_LOOP('',(#1217,#1225,#1226,#1227));
#1217 = ORIENTED_EDGE('',*,*,#1218,.F.);
#1218 = EDGE_CURVE('',#1175,#1219,#1221,.T.);
#1219 = VERTEX_POINT('',#1220);
#1220 = CARTESIAN_POINT('',(26.451096655045,-25.55618458533,
    -2.383088235294));
#1221 = B_SPLINE_CURVE_WITH_KNOTS('',2,(#1222,#1223,#1224),
  .UNSPECIFIED.,.F.,.F.,(3,3),(0.,1.),.PIECEWISE_BEZIER_KNOTS.);
#1222 = CARTESIAN_POINT('',(26.149272153621,-24.85894358462,
    -2.383088235294));
#1223 = CARTESIAN_POINT('',(26.408981335713,-25.30877308319,
    -2.383088235294));
#1224 = CARTESIAN_POINT('',(26.451096655045,-25.55618458533,
    -2.383088235294));
#1225 = ORIENTED_EDGE('',*,*,#1183,.T.);
#1226 = ORIENTED_EDGE('',*,*,#226,.F.);
#1227 = ORIENTED_EDGE('',*,*,#1228,.F.);
#1228 = EDGE_CURVE('',#1219,#227,#1229,.T.);
#1229 = B_SPLINE_CURVE_WITH_KNOTS('',1,(#1230,#1231),.UNSPECIFIED.,.F.,
  .F.,(2,2),(0.,0.45),.PIECEWISE_BEZIER_KNOTS.);
#1230 = CARTESIAN_POINT('',(26.451096655045,-25.55618458533,
    -2.383088235294));
#1231 = CARTESIAN_POINT('',(26.451096655045,-25.55618458533,
    -2.091117647059));
#1232 = B_SPLINE_SURFACE_WITH_KNOTS('',2,1,(
    (#1233,#1234)
    ,(#1235,#1236)
    ,(#1237,#1238
    )),.UNSPECIFIED.,.F.,.F.,.F.,(3,3),(2,2),(0.,1.),(-0.45,0.),
  .PIECEWISE_BEZIER_KNOTS.);
#1233 = CARTESIAN_POINT('',(26.149272153621,-24.85894358462,
    -2.091117647059));
#1234 = CARTESIAN_POINT('',(26.149272153621,-24.85894358462,
    -2.383088235294));
#1235 = CARTESIAN_POINT('',(26.408981335713,-25.30877308319,
    -2.091117647059));
#1236 = CARTESIAN_POINT('',(26.408981335713,-25.30877308319,
    -2.383088235294));
#1237 = CARTESIAN_POINT('',(26.451096655045,-25.55618458533,
    -2.091117647059));
#1238 = CARTESIAN_POINT('',(26.451096655045,-25.55618458533,
    -2.383088235294));
#1239 = ADVANCED_FACE('',(#1240),#1256,.T.);
#1240 = FACE_BOUND('',#1241,.T.);
#1241 = EDGE_LOOP('',(#1242,#1249,#1254,#1255));
#1242 = ORIENTED_EDGE('',*,*,#1243,.F.);
#1243 = EDGE_CURVE('',#1244,#1197,#1246,.T.);
#1244 = VERTEX_POINT('',#1245);
#1245 = CARTESIAN_POINT('',(24.154466162151,-25.17606807831,
    -2.383088235294));
#1246 = B_SPLINE_CURVE_WITH_KNOTS('',1,(#1247,#1248),.UNSPECIFIED.,.F.,
  .F.,(2,2),(0.,2.093023255814),.PIECEWISE_BEZIER_KNOTS.);
#1247 = CARTESIAN_POINT('',(24.154466162151,-25.17606807831,
    -2.383088235294));
#1248 = CARTESIAN_POINT('',(22.978401294385,-25.8550694463,
    -2.383088235294));
#1249 = ORIENTED_EDGE('',*,*,#1250,.T.);
#1250 = EDGE_CURVE('',#1244,#381,#1251,.T.);
#1251 = B_SPLINE_CURVE_WITH_KNOTS('',1,(#1252,#1253),.UNSPECIFIED.,.F.,
  .F.,(2,2),(0.,0.45),.PIECEWISE_BEZIER_KNOTS.);
#1252 = CARTESIAN_POINT('',(24.154466162151,-25.17606807831,
    -2.383088235294));
#1253 = CARTESIAN_POINT('',(24.154466162151,-25.17606807831,
    -2.091117647059));
#1254 = ORIENTED_EDGE('',*,*,#387,.F.);
#1255 = ORIENTED_EDGE('',*,*,#1203,.F.);
#1256 = B_SPLINE_SURFACE_WITH_KNOTS('',1,1,(
    (#1257,#1258)
    ,(#1259,#1260
    )),.UNSPECIFIED.,.F.,.F.,.F.,(2,2),(2,2),(0.,2.093023255814),(-0.45,
    0.),.PIECEWISE_BEZIER_KNOTS.);
#1257 = CARTESIAN_POINT('',(24.154466162151,-25.17606807831,
    -2.091117647059));
#1258 = CARTESIAN_POINT('',(24.154466162151,-25.17606807831,
    -2.383088235294));
#1259 = CARTESIAN_POINT('',(22.978401294385,-25.8550694463,
    -2.091117647059));
#1260 = CARTESIAN_POINT('',(22.978401294385,-25.8550694463,
    -2.383088235294));
#1261 = ADVANCED_FACE('',(#1262),#1279,.T.);
#1262 = FACE_BOUND('',#1263,.T.);
#1263 = EDGE_LOOP('',(#1264,#1272,#1273,#1274));
#1264 = ORIENTED_EDGE('',*,*,#1265,.F.);
#1265 = EDGE_CURVE('',#1219,#1266,#1268,.T.);
#1266 = VERTEX_POINT('',#1267);
#1267 = CARTESIAN_POINT('',(26.370811595127,-26.03777647039,
    -2.383088235294));
#1268 = B_SPLINE_CURVE_WITH_KNOTS('',2,(#1269,#1270,#1271),
  .UNSPECIFIED.,.F.,.F.,(3,3),(0.,1.),.PIECEWISE_BEZIER_KNOTS.);
#1269 = CARTESIAN_POINT('',(26.451096655045,-25.55618458533,
    -2.383088235294));
#1270 = CARTESIAN_POINT('',(26.49328565074,-25.80372369867,
    -2.383088235294));
#1271 = CARTESIAN_POINT('',(26.370811595127,-26.03777647039,
    -2.383088235294));
#1272 = ORIENTED_EDGE('',*,*,#1228,.T.);
#1273 = ORIENTED_EDGE('',*,*,#239,.F.);
#1274 = ORIENTED_EDGE('',*,*,#1275,.F.);
#1275 = EDGE_CURVE('',#1266,#240,#1276,.T.);
#1276 = B_SPLINE_CURVE_WITH_KNOTS('',1,(#1277,#1278),.UNSPECIFIED.,.F.,
  .F.,(2,2),(0.,0.45),.PIECEWISE_BEZIER_KNOTS.);
#1277 = CARTESIAN_POINT('',(26.370811595127,-26.03777647039,
    -2.383088235294));
#1278 = CARTESIAN_POINT('',(26.370811595127,-26.03777647039,
    -2.091117647059));
#1279 = B_SPLINE_SURFACE_WITH_KNOTS('',2,1,(
    (#1280,#1281)
    ,(#1282,#1283)
    ,(#1284,#1285
    )),.UNSPECIFIED.,.F.,.F.,.F.,(3,3),(2,2),(0.,1.),(-0.45,0.),
  .PIECEWISE_BEZIER_KNOTS.);
#1280 = CARTESIAN_POINT('',(26.451096655045,-25.55618458533,
    -2.091117647059));
#1281 = CARTESIAN_POINT('',(26.451096655045,-25.55618458533,
    -2.383088235294));
#1282 = CARTESIAN_POINT('',(26.49328565074,-25.80372369867,
    -2.091117647059));
#1283 = CARTESIAN_POINT('',(26.49328565074,-25.80372369867,
    -2.383088235294));
#1284 = CARTESIAN_POINT('',(26.370811595127,-26.03777647039,
    -2.091117647059));
#1285 = CARTESIAN_POINT('',(26.370811595127,-26.03777647039,
    -2.383088235294));
#1286 = ADVANCED_FACE('',(#1287),#1303,.T.);
#1287 = FACE_BOUND('',#1288,.T.);
#1288 = EDGE_LOOP('',(#1289,#1296,#1301,#1302));
#1289 = ORIENTED_EDGE('',*,*,#1290,.F.);
#1290 = EDGE_CURVE('',#1291,#1244,#1293,.T.);
#1291 = VERTEX_POINT('',#1292);
#1292 = CARTESIAN_POINT('',(24.220774889493,-25.29091816305,
    -2.383088235294));
#1293 = B_SPLINE_CURVE_WITH_KNOTS('',1,(#1294,#1295),.UNSPECIFIED.,.F.,
  .F.,(2,2),(0.,0.204396802326),.PIECEWISE_BEZIER_KNOTS.);
#1294 = CARTESIAN_POINT('',(24.220774889493,-25.29091816305,
    -2.383088235294));
#1295 = CARTESIAN_POINT('',(24.154466162151,-25.17606807831,
    -2.383088235294));
#1296 = ORIENTED_EDGE('',*,*,#1297,.T.);
#1297 = EDGE_CURVE('',#1291,#369,#1298,.T.);
#1298 = B_SPLINE_CURVE_WITH_KNOTS('',1,(#1299,#1300),.UNSPECIFIED.,.F.,
  .F.,(2,2),(0.,0.45),.PIECEWISE_BEZIER_KNOTS.);
#1299 = CARTESIAN_POINT('',(24.220774889493,-25.29091816305,
    -2.383088235294));
#1300 = CARTESIAN_POINT('',(24.220774889493,-25.29091816305,
    -2.091117647059));
#1301 = ORIENTED_EDGE('',*,*,#380,.F.);
#1302 = ORIENTED_EDGE('',*,*,#1250,.F.);
#1303 = B_SPLINE_SURFACE_WITH_KNOTS('',1,1,(
    (#1304,#1305)
    ,(#1306,#1307
    )),.UNSPECIFIED.,.F.,.F.,.F.,(2,2),(2,2),(0.,0.204396802326),(-0.45,
    0.),.PIECEWISE_BEZIER_KNOTS.);
#1304 = CARTESIAN_POINT('',(24.220774889493,-25.29091816305,
    -2.091117647059));
#1305 = CARTESIAN_POINT('',(24.220774889493,-25.29091816305,
    -2.383088235294));
#1306 = CARTESIAN_POINT('',(24.154466162151,-25.17606807831,
    -2.091117647059));
#1307 = CARTESIAN_POINT('',(24.154466162151,-25.17606807831,
    -2.383088235294));
#1308 = ADVANCED_FACE('',(#1309),#1326,.T.);
#1309 = FACE_BOUND('',#1310,.T.);
#1310 = EDGE_LOOP('',(#1311,#1319,#1320,#1321));
#1311 = ORIENTED_EDGE('',*,*,#1312,.F.);
#1312 = EDGE_CURVE('',#1266,#1313,#1315,.T.);
#1313 = VERTEX_POINT('',#1314);
#1314 = CARTESIAN_POINT('',(25.999878522854,-26.41527712226,
    -2.383088235294));
#1315 = B_SPLINE_CURVE_WITH_KNOTS('',2,(#1316,#1317,#1318),
  .UNSPECIFIED.,.F.,.F.,(3,3),(0.,1.),.PIECEWISE_BEZIER_KNOTS.);
#1316 = CARTESIAN_POINT('',(26.370811595127,-26.03777647039,
    -2.383088235294));
#1317 = CARTESIAN_POINT('',(26.24846515072,-26.27175556575,
    -2.383088235294));
#1318 = CARTESIAN_POINT('',(25.999878522854,-26.41527712226,
    -2.383088235294));
#1319 = ORIENTED_EDGE('',*,*,#1275,.T.);
#1320 = ORIENTED_EDGE('',*,*,#254,.F.);
#1321 = ORIENTED_EDGE('',*,*,#1322,.F.);
#1322 = EDGE_CURVE('',#1313,#255,#1323,.T.);
#1323 = B_SPLINE_CURVE_WITH_KNOTS('',1,(#1324,#1325),.UNSPECIFIED.,.F.,
  .F.,(2,2),(0.,0.45),.PIECEWISE_BEZIER_KNOTS.);
#1324 = CARTESIAN_POINT('',(25.999878522854,-26.41527712226,
    -2.383088235294));
#1325 = CARTESIAN_POINT('',(25.999878522854,-26.41527712226,
    -2.091117647059));
#1326 = B_SPLINE_SURFACE_WITH_KNOTS('',2,1,(
    (#1327,#1328)
    ,(#1329,#1330)
    ,(#1331,#1332
    )),.UNSPECIFIED.,.F.,.F.,.F.,(3,3),(2,2),(0.,1.),(-0.45,0.),
  .PIECEWISE_BEZIER_KNOTS.);
#1327 = CARTESIAN_POINT('',(26.370811595127,-26.03777647039,
    -2.091117647059));
#1328 = CARTESIAN_POINT('',(26.370811595127,-26.03777647039,
    -2.383088235294));
#1329 = CARTESIAN_POINT('',(26.24846515072,-26.27175556575,
    -2.091117647059));
#1330 = CARTESIAN_POINT('',(26.24846515072,-26.27175556575,
    -2.383088235294));
#1331 = CARTESIAN_POINT('',(25.999878522854,-26.41527712226,
    -2.091117647059));
#1332 = CARTESIAN_POINT('',(25.999878522854,-26.41527712226,
    -2.383088235294));
#1333 = ADVANCED_FACE('',(#1334),#1351,.T.);
#1334 = FACE_BOUND('',#1335,.T.);
#1335 = EDGE_LOOP('',(#1336,#1344,#1349,#1350));
#1336 = ORIENTED_EDGE('',*,*,#1337,.F.);
#1337 = EDGE_CURVE('',#1338,#1291,#1340,.T.);
#1338 = VERTEX_POINT('',#1339);
#1339 = CARTESIAN_POINT('',(24.353793983487,-25.59440094503,
    -2.383088235294));
#1340 = B_SPLINE_CURVE_WITH_KNOTS('',2,(#1341,#1342,#1343),
  .UNSPECIFIED.,.F.,.F.,(3,3),(0.,1.),.PIECEWISE_BEZIER_KNOTS.);
#1341 = CARTESIAN_POINT('',(24.353793983487,-25.59440094503,
    -2.383088235294));
#1342 = CARTESIAN_POINT('',(24.333499725976,-25.48616330712,
    -2.383088235294));
#1343 = CARTESIAN_POINT('',(24.220774889493,-25.29091816305,
    -2.383088235294));
#1344 = ORIENTED_EDGE('',*,*,#1345,.T.);
#1345 = EDGE_CURVE('',#1338,#358,#1346,.T.);
#1346 = B_SPLINE_CURVE_WITH_KNOTS('',1,(#1347,#1348),.UNSPECIFIED.,.F.,
  .F.,(2,2),(0.,0.45),.PIECEWISE_BEZIER_KNOTS.);
#1347 = CARTESIAN_POINT('',(24.353793983487,-25.59440094503,
    -2.383088235294));
#1348 = CARTESIAN_POINT('',(24.353793983487,-25.59440094503,
    -2.091117647059));
#1349 = ORIENTED_EDGE('',*,*,#368,.F.);
#1350 = ORIENTED_EDGE('',*,*,#1297,.F.);
#1351 = B_SPLINE_SURFACE_WITH_KNOTS('',2,1,(
    (#1352,#1353)
    ,(#1354,#1355)
    ,(#1356,#1357
    )),.UNSPECIFIED.,.F.,.F.,.F.,(3,3),(2,2),(0.,1.),(-0.45,0.),
  .PIECEWISE_BEZIER_KNOTS.);
#1352 = CARTESIAN_POINT('',(24.353793983487,-25.59440094503,
    -2.091117647059));
#1353 = CARTESIAN_POINT('',(24.353793983487,-25.59440094503,
    -2.383088235294));
#1354 = CARTESIAN_POINT('',(24.333499725976,-25.48616330712,
    -2.091117647059));
#1355 = CARTESIAN_POINT('',(24.333499725976,-25.48616330712,
    -2.383088235294));
#1356 = CARTESIAN_POINT('',(24.220774889493,-25.29091816305,
    -2.091117647059));
#1357 = CARTESIAN_POINT('',(24.220774889493,-25.29091816305,
    -2.383088235294));
#1358 = ADVANCED_FACE('',(#1359),#1376,.T.);
#1359 = FACE_BOUND('',#1360,.T.);
#1360 = EDGE_LOOP('',(#1361,#1369,#1370,#1371));
#1361 = ORIENTED_EDGE('',*,*,#1362,.F.);
#1362 = EDGE_CURVE('',#1313,#1363,#1365,.T.);
#1363 = VERTEX_POINT('',#1364);
#1364 = CARTESIAN_POINT('',(25.371515251329,-26.530497088,
    -2.383088235294));
#1365 = B_SPLINE_CURVE_WITH_KNOTS('',2,(#1366,#1367,#1368),
  .UNSPECIFIED.,.F.,.F.,(3,3),(0.,1.),.PIECEWISE_BEZIER_KNOTS.);
#1366 = CARTESIAN_POINT('',(25.999878522854,-26.41527712226,
    -2.383088235294));
#1367 = CARTESIAN_POINT('',(25.684296012222,-26.59747876973,
    -2.383088235294));
#1368 = CARTESIAN_POINT('',(25.371515251329,-26.530497088,
    -2.383088235294));
#1369 = ORIENTED_EDGE('',*,*,#1322,.T.);
#1370 = ORIENTED_EDGE('',*,*,#269,.F.);
#1371 = ORIENTED_EDGE('',*,*,#1372,.F.);
#1372 = EDGE_CURVE('',#1363,#270,#1373,.T.);
#1373 = B_SPLINE_CURVE_WITH_KNOTS('',1,(#1374,#1375),.UNSPECIFIED.,.F.,
  .F.,(2,2),(0.,0.45),.PIECEWISE_BEZIER_KNOTS.);
#1374 = CARTESIAN_POINT('',(25.371515251329,-26.530497088,
    -2.383088235294));
#1375 = CARTESIAN_POINT('',(25.371515251329,-26.530497088,
    -2.091117647059));
#1376 = B_SPLINE_SURFACE_WITH_KNOTS('',2,1,(
    (#1377,#1378)
    ,(#1379,#1380)
    ,(#1381,#1382
    )),.UNSPECIFIED.,.F.,.F.,.F.,(3,3),(2,2),(0.,1.),(-0.45,0.),
  .PIECEWISE_BEZIER_KNOTS.);
#1377 = CARTESIAN_POINT('',(25.999878522854,-26.41527712226,
    -2.091117647059));
#1378 = CARTESIAN_POINT('',(25.999878522854,-26.41527712226,
    -2.383088235294));
#1379 = CARTESIAN_POINT('',(25.684296012222,-26.59747876973,
    -2.091117647059));
#1380 = CARTESIAN_POINT('',(25.684296012222,-26.59747876973,
    -2.383088235294));
#1381 = CARTESIAN_POINT('',(25.371515251329,-26.530497088,
    -2.091117647059));
#1382 = CARTESIAN_POINT('',(25.371515251329,-26.530497088,
    -2.383088235294));
#1383 = ADVANCED_FACE('',(#1384),#1401,.T.);
#1384 = FACE_BOUND('',#1385,.T.);
#1385 = EDGE_LOOP('',(#1386,#1394,#1399,#1400));
#1386 = ORIENTED_EDGE('',*,*,#1387,.F.);
#1387 = EDGE_CURVE('',#1388,#1338,#1390,.T.);
#1388 = VERTEX_POINT('',#1389);
#1389 = CARTESIAN_POINT('',(24.335132453813,-25.83232312959,
    -2.383088235294));
#1390 = B_SPLINE_CURVE_WITH_KNOTS('',2,(#1391,#1392,#1393),
  .UNSPECIFIED.,.F.,.F.,(3,3),(0.,1.),.PIECEWISE_BEZIER_KNOTS.);
#1391 = CARTESIAN_POINT('',(24.335132453813,-25.83232312959,
    -2.383088235294));
#1392 = CARTESIAN_POINT('',(24.374088240999,-25.70263858295,
    -2.383088235294));
#1393 = CARTESIAN_POINT('',(24.353793983487,-25.59440094503,
    -2.383088235294));
#1394 = ORIENTED_EDGE('',*,*,#1395,.T.);
#1395 = EDGE_CURVE('',#1388,#345,#1396,.T.);
#1396 = B_SPLINE_CURVE_WITH_KNOTS('',1,(#1397,#1398),.UNSPECIFIED.,.F.,
  .F.,(2,2),(0.,0.45),.PIECEWISE_BEZIER_KNOTS.);
#1397 = CARTESIAN_POINT('',(24.335132453813,-25.83232312959,
    -2.383088235294));
#1398 = CARTESIAN_POINT('',(24.335132453813,-25.83232312959,
    -2.091117647059));
#1399 = ORIENTED_EDGE('',*,*,#357,.F.);
#1400 = ORIENTED_EDGE('',*,*,#1345,.F.);
#1401 = B_SPLINE_SURFACE_WITH_KNOTS('',2,1,(
    (#1402,#1403)
    ,(#1404,#1405)
    ,(#1406,#1407
    )),.UNSPECIFIED.,.F.,.F.,.F.,(3,3),(2,2),(0.,1.),(-0.45,0.),
  .PIECEWISE_BEZIER_KNOTS.);
#1402 = CARTESIAN_POINT('',(24.335132453813,-25.83232312959,
    -2.091117647059));
#1403 = CARTESIAN_POINT('',(24.335132453813,-25.83232312959,
    -2.383088235294));
#1404 = CARTESIAN_POINT('',(24.374088240999,-25.70263858295,
    -2.091117647059));
#1405 = CARTESIAN_POINT('',(24.374088240999,-25.70263858295,
    -2.383088235294));
#1406 = CARTESIAN_POINT('',(24.353793983487,-25.59440094503,
    -2.091117647059));
#1407 = CARTESIAN_POINT('',(24.353793983487,-25.59440094503,
    -2.383088235294));
#1408 = ADVANCED_FACE('',(#1409),#1426,.T.);
#1409 = FACE_BOUND('',#1410,.T.);
#1410 = EDGE_LOOP('',(#1411,#1419,#1420,#1421));
#1411 = ORIENTED_EDGE('',*,*,#1412,.F.);
#1412 = EDGE_CURVE('',#1363,#1413,#1415,.T.);
#1413 = VERTEX_POINT('',#1414);
#1414 = CARTESIAN_POINT('',(24.79184471127,-26.12502503978,
    -2.383088235294));
#1415 = B_SPLINE_CURVE_WITH_KNOTS('',2,(#1416,#1417,#1418),
  .UNSPECIFIED.,.F.,.F.,(3,3),(0.,1.),.PIECEWISE_BEZIER_KNOTS.);
#1416 = CARTESIAN_POINT('',(25.371515251329,-26.530497088,
    -2.383088235294));
#1417 = CARTESIAN_POINT('',(25.058734490435,-26.46351540628,
    -2.383088235294));
#1418 = CARTESIAN_POINT('',(24.79184471127,-26.12502503978,
    -2.383088235294));
#1419 = ORIENTED_EDGE('',*,*,#1372,.T.);
#1420 = ORIENTED_EDGE('',*,*,#284,.F.);
#1421 = ORIENTED_EDGE('',*,*,#1422,.F.);
#1422 = EDGE_CURVE('',#1413,#285,#1423,.T.);
#1423 = B_SPLINE_CURVE_WITH_KNOTS('',1,(#1424,#1425),.UNSPECIFIED.,.F.,
  .F.,(2,2),(0.,0.45),.PIECEWISE_BEZIER_KNOTS.);
#1424 = CARTESIAN_POINT('',(24.79184471127,-26.12502503978,
    -2.383088235294));
#1425 = CARTESIAN_POINT('',(24.79184471127,-26.12502503978,
    -2.091117647059));
#1426 = B_SPLINE_SURFACE_WITH_KNOTS('',2,1,(
    (#1427,#1428)
    ,(#1429,#1430)
    ,(#1431,#1432
    )),.UNSPECIFIED.,.F.,.F.,.F.,(3,3),(2,2),(0.,1.),(-0.45,0.),
  .PIECEWISE_BEZIER_KNOTS.);
#1427 = CARTESIAN_POINT('',(25.371515251329,-26.530497088,
    -2.091117647059));
#1428 = CARTESIAN_POINT('',(25.371515251329,-26.530497088,
    -2.383088235294));
#1429 = CARTESIAN_POINT('',(25.058734490435,-26.46351540628,
    -2.091117647059));
#1430 = CARTESIAN_POINT('',(25.058734490435,-26.46351540628,
    -2.383088235294));
#1431 = CARTESIAN_POINT('',(24.79184471127,-26.12502503978,
    -2.091117647059));
#1432 = CARTESIAN_POINT('',(24.79184471127,-26.12502503978,
    -2.383088235294));
#1433 = ADVANCED_FACE('',(#1434),#1451,.T.);
#1434 = FACE_BOUND('',#1435,.T.);
#1435 = EDGE_LOOP('',(#1436,#1444,#1449,#1450));
#1436 = ORIENTED_EDGE('',*,*,#1437,.F.);
#1437 = EDGE_CURVE('',#1438,#1388,#1440,.T.);
#1438 = VERTEX_POINT('',#1439);
#1439 = CARTESIAN_POINT('',(24.094457673446,-26.36942373927,
    -2.383088235294));
#1440 = B_SPLINE_CURVE_WITH_KNOTS('',2,(#1441,#1442,#1443),
  .UNSPECIFIED.,.F.,.F.,(3,3),(0.,1.),.PIECEWISE_BEZIER_KNOTS.);
#1441 = CARTESIAN_POINT('',(24.094457673446,-26.36942373927,
    -2.383088235294));
#1442 = CARTESIAN_POINT('',(24.296304277833,-25.96193399987,
    -2.383088235294));
#1443 = CARTESIAN_POINT('',(24.335132453813,-25.83232312959,
    -2.383088235294));
#1444 = ORIENTED_EDGE('',*,*,#1445,.T.);
#1445 = EDGE_CURVE('',#1438,#338,#1446,.T.);
#1446 = B_SPLINE_CURVE_WITH_KNOTS('',1,(#1447,#1448),.UNSPECIFIED.,.F.,
  .F.,(2,2),(0.,0.45),.PIECEWISE_BEZIER_KNOTS.);
#1447 = CARTESIAN_POINT('',(24.094457673446,-26.36942373927,
    -2.383088235294));
#1448 = CARTESIAN_POINT('',(24.094457673446,-26.36942373927,
    -2.091117647059));
#1449 = ORIENTED_EDGE('',*,*,#344,.F.);
#1450 = ORIENTED_EDGE('',*,*,#1395,.F.);
#1451 = B_SPLINE_SURFACE_WITH_KNOTS('',2,1,(
    (#1452,#1453)
    ,(#1454,#1455)
    ,(#1456,#1457
    )),.UNSPECIFIED.,.F.,.F.,.F.,(3,3),(2,2),(0.,1.),(-0.45,0.),
  .PIECEWISE_BEZIER_KNOTS.);
#1452 = CARTESIAN_POINT('',(24.094457673446,-26.36942373927,
    -2.091117647059));
#1453 = CARTESIAN_POINT('',(24.094457673446,-26.36942373927,
    -2.383088235294));
#1454 = CARTESIAN_POINT('',(24.296304277833,-25.96193399987,
    -2.091117647059));
#1455 = CARTESIAN_POINT('',(24.296304277833,-25.96193399987,
    -2.383088235294));
#1456 = CARTESIAN_POINT('',(24.335132453813,-25.83232312959,
    -2.091117647059));
#1457 = CARTESIAN_POINT('',(24.335132453813,-25.83232312959,
    -2.383088235294));
#1458 = ADVANCED_FACE('',(#1459),#1476,.T.);
#1459 = FACE_BOUND('',#1460,.T.);
#1460 = EDGE_LOOP('',(#1461,#1469,#1470,#1471));
#1461 = ORIENTED_EDGE('',*,*,#1462,.F.);
#1462 = EDGE_CURVE('',#1413,#1463,#1465,.T.);
#1463 = VERTEX_POINT('',#1464);
#1464 = CARTESIAN_POINT('',(24.730637475658,-26.56480550031,
    -2.383088235294));
#1465 = B_SPLINE_CURVE_WITH_KNOTS('',2,(#1466,#1467,#1468),
  .UNSPECIFIED.,.F.,.F.,(3,3),(0.,1.),.PIECEWISE_BEZIER_KNOTS.);
#1466 = CARTESIAN_POINT('',(24.79184471127,-26.12502503978,
    -2.383088235294));
#1467 = CARTESIAN_POINT('',(24.790362428976,-26.37089434998,
    -2.383088235294));
#1468 = CARTESIAN_POINT('',(24.730637475658,-26.56480550031,
    -2.383088235294));
#1469 = ORIENTED_EDGE('',*,*,#1422,.T.);
#1470 = ORIENTED_EDGE('',*,*,#299,.F.);
#1471 = ORIENTED_EDGE('',*,*,#1472,.F.);
#1472 = EDGE_CURVE('',#1463,#300,#1473,.T.);
#1473 = B_SPLINE_CURVE_WITH_KNOTS('',1,(#1474,#1475),.UNSPECIFIED.,.F.,
  .F.,(2,2),(0.,0.45),.PIECEWISE_BEZIER_KNOTS.);
#1474 = CARTESIAN_POINT('',(24.730637475658,-26.56480550031,
    -2.383088235294));
#1475 = CARTESIAN_POINT('',(24.730637475658,-26.56480550031,
    -2.091117647059));
#1476 = B_SPLINE_SURFACE_WITH_KNOTS('',2,1,(
    (#1477,#1478)
    ,(#1479,#1480)
    ,(#1481,#1482
    )),.UNSPECIFIED.,.F.,.F.,.F.,(3,3),(2,2),(0.,1.),(-0.45,0.),
  .PIECEWISE_BEZIER_KNOTS.);
#1477 = CARTESIAN_POINT('',(24.79184471127,-26.12502503978,
    -2.091117647059));
#1478 = CARTESIAN_POINT('',(24.79184471127,-26.12502503978,
    -2.383088235294));
#1479 = CARTESIAN_POINT('',(24.790362428976,-26.37089434998,
    -2.091117647059));
#1480 = CARTESIAN_POINT('',(24.790362428976,-26.37089434998,
    -2.383088235294));
#1481 = CARTESIAN_POINT('',(24.730637475658,-26.56480550031,
    -2.091117647059));
#1482 = CARTESIAN_POINT('',(24.730637475658,-26.56480550031,
    -2.383088235294));
#1483 = ADVANCED_FACE('',(#1484),#1500,.T.);
#1484 = FACE_BOUND('',#1485,.T.);
#1485 = EDGE_LOOP('',(#1486,#1493,#1498,#1499));
#1486 = ORIENTED_EDGE('',*,*,#1487,.F.);
#1487 = EDGE_CURVE('',#1488,#1438,#1490,.T.);
#1488 = VERTEX_POINT('',#1489);
#1489 = CARTESIAN_POINT('',(23.7166384588,-27.1337337231,-2.383088235294
    ));
#1490 = B_SPLINE_CURVE_WITH_KNOTS('',1,(#1491,#1492),.UNSPECIFIED.,.F.,
  .F.,(2,2),(0.,1.314061994326),.PIECEWISE_BEZIER_KNOTS.);
#1491 = CARTESIAN_POINT('',(23.7166384588,-27.1337337231,-2.383088235294
    ));
#1492 = CARTESIAN_POINT('',(24.094457673446,-26.36942373927,
    -2.383088235294));
#1493 = ORIENTED_EDGE('',*,*,#1494,.T.);
#1494 = EDGE_CURVE('',#1488,#331,#1495,.T.);
#1495 = B_SPLINE_CURVE_WITH_KNOTS('',1,(#1496,#1497),.UNSPECIFIED.,.F.,
  .F.,(2,2),(0.,0.45),.PIECEWISE_BEZIER_KNOTS.);
#1496 = CARTESIAN_POINT('',(23.7166384588,-27.1337337231,-2.383088235294
    ));
#1497 = CARTESIAN_POINT('',(23.7166384588,-27.1337337231,-2.091117647059
    ));
#1498 = ORIENTED_EDGE('',*,*,#337,.F.);
#1499 = ORIENTED_EDGE('',*,*,#1445,.F.);
#1500 = B_SPLINE_SURFACE_WITH_KNOTS('',1,1,(
    (#1501,#1502)
    ,(#1503,#1504
    )),.UNSPECIFIED.,.F.,.F.,.F.,(2,2),(2,2),(0.,1.314061994326),(-0.45,
    0.),.PIECEWISE_BEZIER_KNOTS.);
#1501 = CARTESIAN_POINT('',(23.7166384588,-27.1337337231,-2.091117647059
    ));
#1502 = CARTESIAN_POINT('',(23.7166384588,-27.1337337231,-2.383088235294
    ));
#1503 = CARTESIAN_POINT('',(24.094457673446,-26.36942373927,
    -2.091117647059));
#1504 = CARTESIAN_POINT('',(24.094457673446,-26.36942373927,
    -2.383088235294));
#1505 = ADVANCED_FACE('',(#1506),#1523,.T.);
#1506 = FACE_BOUND('',#1507,.T.);
#1507 = EDGE_LOOP('',(#1508,#1516,#1517,#1518));
#1508 = ORIENTED_EDGE('',*,*,#1509,.F.);
#1509 = EDGE_CURVE('',#1463,#1510,#1512,.T.);
#1510 = VERTEX_POINT('',#1511);
#1511 = CARTESIAN_POINT('',(24.459532763441,-27.15146271478,
    -2.383088235294));
#1512 = B_SPLINE_CURVE_WITH_KNOTS('',2,(#1513,#1514,#1515),
  .UNSPECIFIED.,.F.,.F.,(3,3),(0.,1.),.PIECEWISE_BEZIER_KNOTS.);
#1513 = CARTESIAN_POINT('',(24.730637475658,-26.56480550031,
    -2.383088235294));
#1514 = CARTESIAN_POINT('',(24.670986198705,-26.75884426184,
    -2.383088235294));
#1515 = CARTESIAN_POINT('',(24.459532763441,-27.15146271478,
    -2.383088235294));
#1516 = ORIENTED_EDGE('',*,*,#1472,.T.);
#1517 = ORIENTED_EDGE('',*,*,#310,.F.);
#1518 = ORIENTED_EDGE('',*,*,#1519,.F.);
#1519 = EDGE_CURVE('',#1510,#311,#1520,.T.);
#1520 = B_SPLINE_CURVE_WITH_KNOTS('',1,(#1521,#1522),.UNSPECIFIED.,.F.,
  .F.,(2,2),(0.,0.45),.PIECEWISE_BEZIER_KNOTS.);
#1521 = CARTESIAN_POINT('',(24.459532763441,-27.15146271478,
    -2.383088235294));
#1522 = CARTESIAN_POINT('',(24.459532763441,-27.15146271478,
    -2.091117647059));
#1523 = B_SPLINE_SURFACE_WITH_KNOTS('',2,1,(
    (#1524,#1525)
    ,(#1526,#1527)
    ,(#1528,#1529
    )),.UNSPECIFIED.,.F.,.F.,.F.,(3,3),(2,2),(0.,1.),(-0.45,0.),
  .PIECEWISE_BEZIER_KNOTS.);
#1524 = CARTESIAN_POINT('',(24.730637475658,-26.56480550031,
    -2.091117647059));
#1525 = CARTESIAN_POINT('',(24.730637475658,-26.56480550031,
    -2.383088235294));
#1526 = CARTESIAN_POINT('',(24.670986198705,-26.75884426184,
    -2.091117647059));
#1527 = CARTESIAN_POINT('',(24.670986198705,-26.75884426184,
    -2.383088235294));
#1528 = CARTESIAN_POINT('',(24.459532763441,-27.15146271478,
    -2.091117647059));
#1529 = CARTESIAN_POINT('',(24.459532763441,-27.15146271478,
    -2.383088235294));
#1530 = ADVANCED_FACE('',(#1531),#1547,.T.);
#1531 = FACE_BOUND('',#1532,.T.);
#1532 = EDGE_LOOP('',(#1533,#1540,#1545,#1546));
#1533 = ORIENTED_EDGE('',*,*,#1534,.F.);
#1534 = EDGE_CURVE('',#1535,#1488,#1537,.T.);
#1535 = VERTEX_POINT('',#1536);
#1536 = CARTESIAN_POINT('',(24.107859950122,-27.81134922308,
    -2.383088235294));
#1537 = B_SPLINE_CURVE_WITH_KNOTS('',1,(#1538,#1539),.UNSPECIFIED.,.F.,
  .F.,(2,2),(0.,1.205941133721),.PIECEWISE_BEZIER_KNOTS.);
#1538 = CARTESIAN_POINT('',(24.107859950122,-27.81134922308,
    -2.383088235294));
#1539 = CARTESIAN_POINT('',(23.7166384588,-27.1337337231,-2.383088235294
    ));
#1540 = ORIENTED_EDGE('',*,*,#1541,.T.);
#1541 = EDGE_CURVE('',#1535,#324,#1542,.T.);
#1542 = B_SPLINE_CURVE_WITH_KNOTS('',1,(#1543,#1544),.UNSPECIFIED.,.F.,
  .F.,(2,2),(0.,0.45),.PIECEWISE_BEZIER_KNOTS.);
#1543 = CARTESIAN_POINT('',(24.107859950122,-27.81134922308,
    -2.383088235294));
#1544 = CARTESIAN_POINT('',(24.107859950122,-27.81134922308,
    -2.091117647059));
#1545 = ORIENTED_EDGE('',*,*,#330,.F.);
#1546 = ORIENTED_EDGE('',*,*,#1494,.F.);
#1547 = B_SPLINE_SURFACE_WITH_KNOTS('',1,1,(
    (#1548,#1549)
    ,(#1550,#1551
    )),.UNSPECIFIED.,.F.,.F.,.F.,(2,2),(2,2),(0.,1.205941133721),(-0.45,
    0.),.PIECEWISE_BEZIER_KNOTS.);
#1548 = CARTESIAN_POINT('',(24.107859950122,-27.81134922308,
    -2.091117647059));
#1549 = CARTESIAN_POINT('',(24.107859950122,-27.81134922308,
    -2.383088235294));
#1550 = CARTESIAN_POINT('',(23.7166384588,-27.1337337231,-2.091117647059
    ));
#1551 = CARTESIAN_POINT('',(23.7166384588,-27.1337337231,-2.383088235294
    ));
#1552 = ADVANCED_FACE('',(#1553),#1563,.T.);
#1553 = FACE_BOUND('',#1554,.T.);
#1554 = EDGE_LOOP('',(#1555,#1560,#1561,#1562));
#1555 = ORIENTED_EDGE('',*,*,#1556,.F.);
#1556 = EDGE_CURVE('',#1510,#1535,#1557,.T.);
#1557 = B_SPLINE_CURVE_WITH_KNOTS('',1,(#1558,#1559),.UNSPECIFIED.,.F.,
  .F.,(2,2),(0.,1.152464257514),.PIECEWISE_BEZIER_KNOTS.);
#1558 = CARTESIAN_POINT('',(24.459532763441,-27.15146271478,
    -2.383088235294));
#1559 = CARTESIAN_POINT('',(24.107859950122,-27.81134922308,
    -2.383088235294));
#1560 = ORIENTED_EDGE('',*,*,#1519,.T.);
#1561 = ORIENTED_EDGE('',*,*,#323,.F.);
#1562 = ORIENTED_EDGE('',*,*,#1541,.F.);
#1563 = B_SPLINE_SURFACE_WITH_KNOTS('',1,1,(
    (#1564,#1565)
    ,(#1566,#1567
    )),.UNSPECIFIED.,.F.,.F.,.F.,(2,2),(2,2),(0.,1.152464257514),(-0.45,
    0.),.PIECEWISE_BEZIER_KNOTS.);
#1564 = CARTESIAN_POINT('',(24.459532763441,-27.15146271478,
    -2.091117647059));
#1565 = CARTESIAN_POINT('',(24.459532763441,-27.15146271478,
    -2.383088235294));
#1566 = CARTESIAN_POINT('',(24.107859950122,-27.81134922308,
    -2.091117647059));
#1567 = CARTESIAN_POINT('',(24.107859950122,-27.81134922308,
    -2.383088235294));
#1568 = ADVANCED_FACE('',(#1569),#1591,.T.);
#1569 = FACE_BOUND('',#1570,.T.);
#1570 = EDGE_LOOP('',(#1571,#1580,#1585,#1586));
#1571 = ORIENTED_EDGE('',*,*,#1572,.F.);
#1572 = EDGE_CURVE('',#1573,#1575,#1577,.T.);
#1573 = VERTEX_POINT('',#1574);
#1574 = CARTESIAN_POINT('',(24.286377779401,-28.12055117345,
    -2.383088235294));
#1575 = VERTEX_POINT('',#1576);
#1576 = CARTESIAN_POINT('',(27.095866074619,-26.49849234992,
    -2.383088235294));
#1577 = B_SPLINE_CURVE_WITH_KNOTS('',1,(#1578,#1579),.UNSPECIFIED.,.F.,
  .F.,(2,2),(0.,5.),.PIECEWISE_BEZIER_KNOTS.);
#1578 = CARTESIAN_POINT('',(24.286377779401,-28.12055117345,
    -2.383088235294));
#1579 = CARTESIAN_POINT('',(27.095866074619,-26.49849234992,
    -2.383088235294));
#1580 = ORIENTED_EDGE('',*,*,#1581,.T.);
#1581 = EDGE_CURVE('',#1573,#404,#1582,.T.);
#1582 = B_SPLINE_CURVE_WITH_KNOTS('',1,(#1583,#1584),.UNSPECIFIED.,.F.,
  .F.,(2,2),(0.,0.45),.PIECEWISE_BEZIER_KNOTS.);
#1583 = CARTESIAN_POINT('',(24.286377779401,-28.12055117345,
    -2.383088235294));
#1584 = CARTESIAN_POINT('',(24.286377779401,-28.12055117345,
    -2.091117647059));
#1585 = ORIENTED_EDGE('',*,*,#401,.F.);
#1586 = ORIENTED_EDGE('',*,*,#1587,.F.);
#1587 = EDGE_CURVE('',#1575,#402,#1588,.T.);
#1588 = B_SPLINE_CURVE_WITH_KNOTS('',1,(#1589,#1590),.UNSPECIFIED.,.F.,
  .F.,(2,2),(0.,0.45),.PIECEWISE_BEZIER_KNOTS.);
#1589 = CARTESIAN_POINT('',(27.095866074619,-26.49849234992,
    -2.383088235294));
#1590 = CARTESIAN_POINT('',(27.095866074619,-26.49849234992,
    -2.091117647059));
#1591 = B_SPLINE_SURFACE_WITH_KNOTS('',1,1,(
    (#1592,#1593)
    ,(#1594,#1595
    )),.UNSPECIFIED.,.F.,.F.,.F.,(2,2),(2,2),(0.,5.),(-0.45,0.),
  .PIECEWISE_BEZIER_KNOTS.);
#1592 = CARTESIAN_POINT('',(24.286377779401,-28.12055117345,
    -2.091117647059));
#1593 = CARTESIAN_POINT('',(24.286377779401,-28.12055117345,
    -2.383088235294));
#1594 = CARTESIAN_POINT('',(27.095866074619,-26.49849234992,
    -2.091117647059));
#1595 = CARTESIAN_POINT('',(27.095866074619,-26.49849234992,
    -2.383088235294));
#1596 = ADVANCED_FACE('',(#1597),#1613,.T.);
#1597 = FACE_BOUND('',#1598,.T.);
#1598 = EDGE_LOOP('',(#1599,#1606,#1607,#1608));
#1599 = ORIENTED_EDGE('',*,*,#1600,.F.);
#1600 = EDGE_CURVE('',#1575,#1601,#1603,.T.);
#1601 = VERTEX_POINT('',#1602);
#1602 = CARTESIAN_POINT('',(28.297159184978,-28.57919305185,
    -2.383088235294));
#1603 = B_SPLINE_CURVE_WITH_KNOTS('',1,(#1604,#1605),.UNSPECIFIED.,.F.,
  .F.,(2,2),(0.,3.702988735465),.PIECEWISE_BEZIER_KNOTS.);
#1604 = CARTESIAN_POINT('',(27.095866074619,-26.49849234992,
    -2.383088235294));
#1605 = CARTESIAN_POINT('',(28.297159184978,-28.57919305185,
    -2.383088235294));
#1606 = ORIENTED_EDGE('',*,*,#1587,.T.);
#1607 = ORIENTED_EDGE('',*,*,#410,.F.);
#1608 = ORIENTED_EDGE('',*,*,#1609,.F.);
#1609 = EDGE_CURVE('',#1601,#411,#1610,.T.);
#1610 = B_SPLINE_CURVE_WITH_KNOTS('',1,(#1611,#1612),.UNSPECIFIED.,.F.,
  .F.,(2,2),(0.,0.45),.PIECEWISE_BEZIER_KNOTS.);
#1611 = CARTESIAN_POINT('',(28.297159184978,-28.57919305185,
    -2.383088235294));
#1612 = CARTESIAN_POINT('',(28.297159184978,-28.57919305185,
    -2.091117647059));
#1613 = B_SPLINE_SURFACE_WITH_KNOTS('',1,1,(
    (#1614,#1615)
    ,(#1616,#1617
    )),.UNSPECIFIED.,.F.,.F.,.F.,(2,2),(2,2),(0.,3.702988735465),(-0.45,
    0.),.PIECEWISE_BEZIER_KNOTS.);
#1614 = CARTESIAN_POINT('',(27.095866074619,-26.49849234992,
    -2.091117647059));
#1615 = CARTESIAN_POINT('',(27.095866074619,-26.49849234992,
    -2.383088235294));
#1616 = CARTESIAN_POINT('',(28.297159184978,-28.57919305185,
    -2.091117647059));
#1617 = CARTESIAN_POINT('',(28.297159184978,-28.57919305185,
    -2.383088235294));
#1618 = ADVANCED_FACE('',(#1619),#1635,.T.);
#1619 = FACE_BOUND('',#1620,.T.);
#1620 = EDGE_LOOP('',(#1621,#1628,#1633,#1634));
#1621 = ORIENTED_EDGE('',*,*,#1622,.F.);
#1622 = EDGE_CURVE('',#1623,#1573,#1625,.T.);
#1623 = VERTEX_POINT('',#1624);
#1624 = CARTESIAN_POINT('',(25.518614962519,-30.25484858159,
    -2.383088235294));
#1625 = B_SPLINE_CURVE_WITH_KNOTS('',1,(#1626,#1627),.UNSPECIFIED.,.F.,
  .F.,(2,2),(0.,3.798373909884),.PIECEWISE_BEZIER_KNOTS.);
#1626 = CARTESIAN_POINT('',(25.518614962519,-30.25484858159,
    -2.383088235294));
#1627 = CARTESIAN_POINT('',(24.286377779401,-28.12055117345,
    -2.383088235294));
#1628 = ORIENTED_EDGE('',*,*,#1629,.T.);
#1629 = EDGE_CURVE('',#1623,#474,#1630,.T.);
#1630 = B_SPLINE_CURVE_WITH_KNOTS('',1,(#1631,#1632),.UNSPECIFIED.,.F.,
  .F.,(2,2),(0.,0.45),.PIECEWISE_BEZIER_KNOTS.);
#1631 = CARTESIAN_POINT('',(25.518614962519,-30.25484858159,
    -2.383088235294));
#1632 = CARTESIAN_POINT('',(25.518614962519,-30.25484858159,
    -2.091117647059));
#1633 = ORIENTED_EDGE('',*,*,#480,.F.);
#1634 = ORIENTED_EDGE('',*,*,#1581,.F.);
#1635 = B_SPLINE_SURFACE_WITH_KNOTS('',1,1,(
    (#1636,#1637)
    ,(#1638,#1639
    )),.UNSPECIFIED.,.F.,.F.,.F.,(2,2),(2,2),(0.,3.798373909884),(-0.45,
    0.),.PIECEWISE_BEZIER_KNOTS.);
#1636 = CARTESIAN_POINT('',(25.518614962519,-30.25484858159,
    -2.091117647059));
#1637 = CARTESIAN_POINT('',(25.518614962519,-30.25484858159,
    -2.383088235294));
#1638 = CARTESIAN_POINT('',(24.286377779401,-28.12055117345,
    -2.091117647059));
#1639 = CARTESIAN_POINT('',(24.286377779401,-28.12055117345,
    -2.383088235294));
#1640 = ADVANCED_FACE('',(#1641),#1657,.T.);
#1641 = FACE_BOUND('',#1642,.T.);
#1642 = EDGE_LOOP('',(#1643,#1650,#1651,#1652));
#1643 = ORIENTED_EDGE('',*,*,#1644,.F.);
#1644 = EDGE_CURVE('',#1601,#1645,#1647,.T.);
#1645 = VERTEX_POINT('',#1646);
#1646 = CARTESIAN_POINT('',(27.823466391016,-28.85267971395,
    -2.383088235294));
#1647 = B_SPLINE_CURVE_WITH_KNOTS('',1,(#1648,#1649),.UNSPECIFIED.,.F.,
  .F.,(2,2),(0.,0.843023255814),.PIECEWISE_BEZIER_KNOTS.);
#1648 = CARTESIAN_POINT('',(28.297159184978,-28.57919305185,
    -2.383088235294));
#1649 = CARTESIAN_POINT('',(27.823466391016,-28.85267971395,
    -2.383088235294));
#1650 = ORIENTED_EDGE('',*,*,#1609,.T.);
#1651 = ORIENTED_EDGE('',*,*,#417,.F.);
#1652 = ORIENTED_EDGE('',*,*,#1653,.F.);
#1653 = EDGE_CURVE('',#1645,#418,#1654,.T.);
#1654 = B_SPLINE_CURVE_WITH_KNOTS('',1,(#1655,#1656),.UNSPECIFIED.,.F.,
  .F.,(2,2),(0.,0.45),.PIECEWISE_BEZIER_KNOTS.);
#1655 = CARTESIAN_POINT('',(27.823466391016,-28.85267971395,
    -2.383088235294));
#1656 = CARTESIAN_POINT('',(27.823466391016,-28.85267971395,
    -2.091117647059));
#1657 = B_SPLINE_SURFACE_WITH_KNOTS('',1,1,(
    (#1658,#1659)
    ,(#1660,#1661
    )),.UNSPECIFIED.,.F.,.F.,.F.,(2,2),(2,2),(0.,0.843023255814),(-0.45,
    0.),.PIECEWISE_BEZIER_KNOTS.);
#1658 = CARTESIAN_POINT('',(28.297159184978,-28.57919305185,
    -2.091117647059));
#1659 = CARTESIAN_POINT('',(28.297159184978,-28.57919305185,
    -2.383088235294));
#1660 = CARTESIAN_POINT('',(27.823466391016,-28.85267971395,
    -2.091117647059));
#1661 = CARTESIAN_POINT('',(27.823466391016,-28.85267971395,
    -2.383088235294));
#1662 = ADVANCED_FACE('',(#1663),#1679,.T.);
#1663 = FACE_BOUND('',#1664,.T.);
#1664 = EDGE_LOOP('',(#1665,#1672,#1677,#1678));
#1665 = ORIENTED_EDGE('',*,*,#1666,.F.);
#1666 = EDGE_CURVE('',#1667,#1623,#1669,.T.);
#1667 = VERTEX_POINT('',#1668);
#1668 = CARTESIAN_POINT('',(25.992307756481,-29.98136191948,
    -2.383088235294));
#1669 = B_SPLINE_CURVE_WITH_KNOTS('',1,(#1670,#1671),.UNSPECIFIED.,.F.,
  .F.,(2,2),(0.,0.843023255814),.PIECEWISE_BEZIER_KNOTS.);
#1670 = CARTESIAN_POINT('',(25.992307756481,-29.98136191948,
    -2.383088235294));
#1671 = CARTESIAN_POINT('',(25.518614962519,-30.25484858159,
    -2.383088235294));
#1672 = ORIENTED_EDGE('',*,*,#1673,.T.);
#1673 = EDGE_CURVE('',#1667,#467,#1674,.T.);
#1674 = B_SPLINE_CURVE_WITH_KNOTS('',1,(#1675,#1676),.UNSPECIFIED.,.F.,
  .F.,(2,2),(0.,0.45),.PIECEWISE_BEZIER_KNOTS.);
#1675 = CARTESIAN_POINT('',(25.992307756481,-29.98136191948,
    -2.383088235294));
#1676 = CARTESIAN_POINT('',(25.992307756481,-29.98136191948,
    -2.091117647059));
#1677 = ORIENTED_EDGE('',*,*,#473,.F.);
#1678 = ORIENTED_EDGE('',*,*,#1629,.F.);
#1679 = B_SPLINE_SURFACE_WITH_KNOTS('',1,1,(
    (#1680,#1681)
    ,(#1682,#1683
    )),.UNSPECIFIED.,.F.,.F.,.F.,(2,2),(2,2),(0.,0.843023255814),(-0.45,
    0.),.PIECEWISE_BEZIER_KNOTS.);
#1680 = CARTESIAN_POINT('',(25.992307756481,-29.98136191948,
    -2.091117647059));
#1681 = CARTESIAN_POINT('',(25.992307756481,-29.98136191948,
    -2.383088235294));
#1682 = CARTESIAN_POINT('',(25.518614962519,-30.25484858159,
    -2.091117647059));
#1683 = CARTESIAN_POINT('',(25.518614962519,-30.25484858159,
    -2.383088235294));
#1684 = ADVANCED_FACE('',(#1685),#1701,.T.);
#1685 = FACE_BOUND('',#1686,.T.);
#1686 = EDGE_LOOP('',(#1687,#1694,#1695,#1696));
#1687 = ORIENTED_EDGE('',*,*,#1688,.F.);
#1688 = EDGE_CURVE('',#1645,#1689,#1691,.T.);
#1689 = VERTEX_POINT('',#1690);
#1690 = CARTESIAN_POINT('',(26.949296335549,-27.33857276343,
    -2.383088235294));
#1691 = B_SPLINE_CURVE_WITH_KNOTS('',1,(#1692,#1693),.UNSPECIFIED.,.F.,
  .F.,(2,2),(0.,2.694631177326),.PIECEWISE_BEZIER_KNOTS.);
#1692 = CARTESIAN_POINT('',(27.823466391016,-28.85267971395,
    -2.383088235294));
#1693 = CARTESIAN_POINT('',(26.949296335549,-27.33857276343,
    -2.383088235294));
#1694 = ORIENTED_EDGE('',*,*,#1653,.T.);
#1695 = ORIENTED_EDGE('',*,*,#424,.F.);
#1696 = ORIENTED_EDGE('',*,*,#1697,.F.);
#1697 = EDGE_CURVE('',#1689,#425,#1698,.T.);
#1698 = B_SPLINE_CURVE_WITH_KNOTS('',1,(#1699,#1700),.UNSPECIFIED.,.F.,
  .F.,(2,2),(0.,0.45),.PIECEWISE_BEZIER_KNOTS.);
#1699 = CARTESIAN_POINT('',(26.949296335549,-27.33857276343,
    -2.383088235294));
#1700 = CARTESIAN_POINT('',(26.949296335549,-27.33857276343,
    -2.091117647059));
#1701 = B_SPLINE_SURFACE_WITH_KNOTS('',1,1,(
    (#1702,#1703)
    ,(#1704,#1705
    )),.UNSPECIFIED.,.F.,.F.,.F.,(2,2),(2,2),(0.,2.694631177326),(-0.45,
    0.),.PIECEWISE_BEZIER_KNOTS.);
#1702 = CARTESIAN_POINT('',(27.823466391016,-28.85267971395,
    -2.091117647059));
#1703 = CARTESIAN_POINT('',(27.823466391016,-28.85267971395,
    -2.383088235294));
#1704 = CARTESIAN_POINT('',(26.949296335549,-27.33857276343,
    -2.091117647059));
#1705 = CARTESIAN_POINT('',(26.949296335549,-27.33857276343,
    -2.383088235294));
#1706 = ADVANCED_FACE('',(#1707),#1723,.T.);
#1707 = FACE_BOUND('',#1708,.T.);
#1708 = EDGE_LOOP('',(#1709,#1716,#1721,#1722));
#1709 = ORIENTED_EDGE('',*,*,#1710,.F.);
#1710 = EDGE_CURVE('',#1711,#1667,#1713,.T.);
#1711 = VERTEX_POINT('',#1712);
#1712 = CARTESIAN_POINT('',(25.087193628253,-28.41365826274,
    -2.383088235294));
#1713 = B_SPLINE_CURVE_WITH_KNOTS('',1,(#1714,#1715),.UNSPECIFIED.,.F.,
  .F.,(2,2),(0.,2.790016351744),.PIECEWISE_BEZIER_KNOTS.);
#1714 = CARTESIAN_POINT('',(25.087193628253,-28.41365826274,
    -2.383088235294));
#1715 = CARTESIAN_POINT('',(25.992307756481,-29.98136191948,
    -2.383088235294));
#1716 = ORIENTED_EDGE('',*,*,#1717,.T.);
#1717 = EDGE_CURVE('',#1711,#460,#1718,.T.);
#1718 = B_SPLINE_CURVE_WITH_KNOTS('',1,(#1719,#1720),.UNSPECIFIED.,.F.,
  .F.,(2,2),(0.,0.45),.PIECEWISE_BEZIER_KNOTS.);
#1719 = CARTESIAN_POINT('',(25.087193628253,-28.41365826274,
    -2.383088235294));
#1720 = CARTESIAN_POINT('',(25.087193628253,-28.41365826274,
    -2.091117647059));
#1721 = ORIENTED_EDGE('',*,*,#466,.F.);
#1722 = ORIENTED_EDGE('',*,*,#1673,.F.);
#1723 = B_SPLINE_SURFACE_WITH_KNOTS('',1,1,(
    (#1724,#1725)
    ,(#1726,#1727
    )),.UNSPECIFIED.,.F.,.F.,.F.,(2,2),(2,2),(0.,2.790016351744),(-0.45,
    0.),.PIECEWISE_BEZIER_KNOTS.);
#1724 = CARTESIAN_POINT('',(25.087193628253,-28.41365826274,
    -2.091117647059));
#1725 = CARTESIAN_POINT('',(25.087193628253,-28.41365826274,
    -2.383088235294));
#1726 = CARTESIAN_POINT('',(25.992307756481,-29.98136191948,
    -2.091117647059));
#1727 = CARTESIAN_POINT('',(25.992307756481,-29.98136191948,
    -2.383088235294));
#1728 = ADVANCED_FACE('',(#1729),#1745,.T.);
#1729 = FACE_BOUND('',#1730,.T.);
#1730 = EDGE_LOOP('',(#1731,#1738,#1739,#1740));
#1731 = ORIENTED_EDGE('',*,*,#1732,.F.);
#1732 = EDGE_CURVE('',#1689,#1733,#1735,.T.);
#1733 = VERTEX_POINT('',#1734);
#1734 = CARTESIAN_POINT('',(26.328595433117,-27.69693459653,
    -2.383088235294));
#1735 = B_SPLINE_CURVE_WITH_KNOTS('',1,(#1736,#1737),.UNSPECIFIED.,.F.,
  .F.,(2,2),(0.,1.104651162791),.PIECEWISE_BEZIER_KNOTS.);
#1736 = CARTESIAN_POINT('',(26.949296335549,-27.33857276343,
    -2.383088235294));
#1737 = CARTESIAN_POINT('',(26.328595433117,-27.69693459653,
    -2.383088235294));
#1738 = ORIENTED_EDGE('',*,*,#1697,.T.);
#1739 = ORIENTED_EDGE('',*,*,#431,.F.);
#1740 = ORIENTED_EDGE('',*,*,#1741,.F.);
#1741 = EDGE_CURVE('',#1733,#432,#1742,.T.);
#1742 = B_SPLINE_CURVE_WITH_KNOTS('',1,(#1743,#1744),.UNSPECIFIED.,.F.,
  .F.,(2,2),(0.,0.45),.PIECEWISE_BEZIER_KNOTS.);
#1743 = CARTESIAN_POINT('',(26.328595433117,-27.69693459653,
    -2.383088235294));
#1744 = CARTESIAN_POINT('',(26.328595433117,-27.69693459653,
    -2.091117647059));
#1745 = B_SPLINE_SURFACE_WITH_KNOTS('',1,1,(
    (#1746,#1747)
    ,(#1748,#1749
    )),.UNSPECIFIED.,.F.,.F.,.F.,(2,2),(2,2),(0.,1.104651162791),(-0.45,
    0.),.PIECEWISE_BEZIER_KNOTS.);
#1746 = CARTESIAN_POINT('',(26.949296335549,-27.33857276343,
    -2.091117647059));
#1747 = CARTESIAN_POINT('',(26.949296335549,-27.33857276343,
    -2.383088235294));
#1748 = CARTESIAN_POINT('',(26.328595433117,-27.69693459653,
    -2.091117647059));
#1749 = CARTESIAN_POINT('',(26.328595433117,-27.69693459653,
    -2.383088235294));
#1750 = ADVANCED_FACE('',(#1751),#1767,.T.);
#1751 = FACE_BOUND('',#1752,.T.);
#1752 = EDGE_LOOP('',(#1753,#1760,#1765,#1766));
#1753 = ORIENTED_EDGE('',*,*,#1754,.F.);
#1754 = EDGE_CURVE('',#1755,#1711,#1757,.T.);
#1755 = VERTEX_POINT('',#1756);
#1756 = CARTESIAN_POINT('',(25.854902639156,-27.97042125864,
    -2.383088235294));
#1757 = B_SPLINE_CURVE_WITH_KNOTS('',1,(#1758,#1759),.UNSPECIFIED.,.F.,
  .F.,(2,2),(0.,1.366279069767),.PIECEWISE_BEZIER_KNOTS.);
#1758 = CARTESIAN_POINT('',(25.854902639156,-27.97042125864,
    -2.383088235294));
#1759 = CARTESIAN_POINT('',(25.087193628253,-28.41365826274,
    -2.383088235294));
#1760 = ORIENTED_EDGE('',*,*,#1761,.T.);
#1761 = EDGE_CURVE('',#1755,#453,#1762,.T.);
#1762 = B_SPLINE_CURVE_WITH_KNOTS('',1,(#1763,#1764),.UNSPECIFIED.,.F.,
  .F.,(2,2),(0.,0.45),.PIECEWISE_BEZIER_KNOTS.);
#1763 = CARTESIAN_POINT('',(25.854902639156,-27.97042125864,
    -2.383088235294));
#1764 = CARTESIAN_POINT('',(25.854902639156,-27.97042125864,
    -2.091117647059));
#1765 = ORIENTED_EDGE('',*,*,#459,.F.);
#1766 = ORIENTED_EDGE('',*,*,#1717,.F.);
#1767 = B_SPLINE_SURFACE_WITH_KNOTS('',1,1,(
    (#1768,#1769)
    ,(#1770,#1771
    )),.UNSPECIFIED.,.F.,.F.,.F.,(2,2),(2,2),(0.,1.366279069767),(-0.45,
    0.),.PIECEWISE_BEZIER_KNOTS.);
#1768 = CARTESIAN_POINT('',(25.854902639156,-27.97042125864,
    -2.091117647059));
#1769 = CARTESIAN_POINT('',(25.854902639156,-27.97042125864,
    -2.383088235294));
#1770 = CARTESIAN_POINT('',(25.087193628253,-28.41365826274,
    -2.091117647059));
#1771 = CARTESIAN_POINT('',(25.087193628253,-28.41365826274,
    -2.383088235294));
#1772 = ADVANCED_FACE('',(#1773),#1789,.T.);
#1773 = FACE_BOUND('',#1774,.T.);
#1774 = EDGE_LOOP('',(#1775,#1782,#1783,#1784));
#1775 = ORIENTED_EDGE('',*,*,#1776,.F.);
#1776 = EDGE_CURVE('',#1733,#1777,#1779,.T.);
#1777 = VERTEX_POINT('',#1778);
#1778 = CARTESIAN_POINT('',(27.14198248852,-29.10576230271,
    -2.383088235294));
#1779 = B_SPLINE_CURVE_WITH_KNOTS('',1,(#1780,#1781),.UNSPECIFIED.,.F.,
  .F.,(2,2),(0.,2.50726744186),.PIECEWISE_BEZIER_KNOTS.);
#1780 = CARTESIAN_POINT('',(26.328595433117,-27.69693459653,
    -2.383088235294));
#1781 = CARTESIAN_POINT('',(27.14198248852,-29.10576230271,
    -2.383088235294));
#1782 = ORIENTED_EDGE('',*,*,#1741,.T.);
#1783 = ORIENTED_EDGE('',*,*,#438,.F.);
#1784 = ORIENTED_EDGE('',*,*,#1785,.F.);
#1785 = EDGE_CURVE('',#1777,#439,#1786,.T.);
#1786 = B_SPLINE_CURVE_WITH_KNOTS('',1,(#1787,#1788),.UNSPECIFIED.,.F.,
  .F.,(2,2),(0.,0.45),.PIECEWISE_BEZIER_KNOTS.);
#1787 = CARTESIAN_POINT('',(27.14198248852,-29.10576230271,
    -2.383088235294));
#1788 = CARTESIAN_POINT('',(27.14198248852,-29.10576230271,
    -2.091117647059));
#1789 = B_SPLINE_SURFACE_WITH_KNOTS('',1,1,(
    (#1790,#1791)
    ,(#1792,#1793
    )),.UNSPECIFIED.,.F.,.F.,.F.,(2,2),(2,2),(0.,2.50726744186),(-0.45,
    0.),.PIECEWISE_BEZIER_KNOTS.);
#1790 = CARTESIAN_POINT('',(26.328595433117,-27.69693459653,
    -2.091117647059));
#1791 = CARTESIAN_POINT('',(26.328595433117,-27.69693459653,
    -2.383088235294));
#1792 = CARTESIAN_POINT('',(27.14198248852,-29.10576230271,
    -2.091117647059));
#1793 = CARTESIAN_POINT('',(27.14198248852,-29.10576230271,
    -2.383088235294));
#1794 = ADVANCED_FACE('',(#1795),#1811,.T.);
#1795 = FACE_BOUND('',#1796,.T.);
#1796 = EDGE_LOOP('',(#1797,#1804,#1809,#1810));
#1797 = ORIENTED_EDGE('',*,*,#1798,.F.);
#1798 = EDGE_CURVE('',#1799,#1755,#1801,.T.);
#1799 = VERTEX_POINT('',#1800);
#1800 = CARTESIAN_POINT('',(26.668289694559,-29.37924896482,
    -2.383088235294));
#1801 = B_SPLINE_CURVE_WITH_KNOTS('',1,(#1802,#1803),.UNSPECIFIED.,.F.,
  .F.,(2,2),(0.,2.50726744186),.PIECEWISE_BEZIER_KNOTS.);
#1802 = CARTESIAN_POINT('',(26.668289694559,-29.37924896482,
    -2.383088235294));
#1803 = CARTESIAN_POINT('',(25.854902639156,-27.97042125864,
    -2.383088235294));
#1804 = ORIENTED_EDGE('',*,*,#1805,.T.);
#1805 = EDGE_CURVE('',#1799,#446,#1806,.T.);
#1806 = B_SPLINE_CURVE_WITH_KNOTS('',1,(#1807,#1808),.UNSPECIFIED.,.F.,
  .F.,(2,2),(0.,0.45),.PIECEWISE_BEZIER_KNOTS.);
#1807 = CARTESIAN_POINT('',(26.668289694559,-29.37924896482,
    -2.383088235294));
#1808 = CARTESIAN_POINT('',(26.668289694559,-29.37924896482,
    -2.091117647059));
#1809 = ORIENTED_EDGE('',*,*,#452,.F.);
#1810 = ORIENTED_EDGE('',*,*,#1761,.F.);
#1811 = B_SPLINE_SURFACE_WITH_KNOTS('',1,1,(
    (#1812,#1813)
    ,(#1814,#1815
    )),.UNSPECIFIED.,.F.,.F.,.F.,(2,2),(2,2),(0.,2.50726744186),(-0.45,
    0.),.PIECEWISE_BEZIER_KNOTS.);
#1812 = CARTESIAN_POINT('',(26.668289694559,-29.37924896482,
    -2.091117647059));
#1813 = CARTESIAN_POINT('',(26.668289694559,-29.37924896482,
    -2.383088235294));
#1814 = CARTESIAN_POINT('',(25.854902639156,-27.97042125864,
    -2.091117647059));
#1815 = CARTESIAN_POINT('',(25.854902639156,-27.97042125864,
    -2.383088235294));
#1816 = ADVANCED_FACE('',(#1817),#1827,.T.);
#1817 = FACE_BOUND('',#1818,.T.);
#1818 = EDGE_LOOP('',(#1819,#1824,#1825,#1826));
#1819 = ORIENTED_EDGE('',*,*,#1820,.F.);
#1820 = EDGE_CURVE('',#1777,#1799,#1821,.T.);
#1821 = B_SPLINE_CURVE_WITH_KNOTS('',1,(#1822,#1823),.UNSPECIFIED.,.F.,
  .F.,(2,2),(0.,0.843023255814),.PIECEWISE_BEZIER_KNOTS.);
#1822 = CARTESIAN_POINT('',(27.14198248852,-29.10576230271,
    -2.383088235294));
#1823 = CARTESIAN_POINT('',(26.668289694559,-29.37924896482,
    -2.383088235294));
#1824 = ORIENTED_EDGE('',*,*,#1785,.T.);
#1825 = ORIENTED_EDGE('',*,*,#445,.F.);
#1826 = ORIENTED_EDGE('',*,*,#1805,.F.);
#1827 = B_SPLINE_SURFACE_WITH_KNOTS('',1,1,(
    (#1828,#1829)
    ,(#1830,#1831
    )),.UNSPECIFIED.,.F.,.F.,.F.,(2,2),(2,2),(0.,0.843023255814),(-0.45,
    0.),.PIECEWISE_BEZIER_KNOTS.);
#1828 = CARTESIAN_POINT('',(27.14198248852,-29.10576230271,
    -2.091117647059));
#1829 = CARTESIAN_POINT('',(27.14198248852,-29.10576230271,
    -2.383088235294));
#1830 = CARTESIAN_POINT('',(26.668289694559,-29.37924896482,
    -2.091117647059));
#1831 = CARTESIAN_POINT('',(26.668289694559,-29.37924896482,
    -2.383088235294));
#1832 = ADVANCED_FACE('',(#1833),#1855,.F.);
#1833 = FACE_BOUND('',#1834,.F.);
#1834 = EDGE_LOOP('',(#1835,#1842,#1849,#1854));
#1835 = ORIENTED_EDGE('',*,*,#1836,.F.);
#1836 = EDGE_CURVE('',#1837,#490,#1839,.T.);
#1837 = VERTEX_POINT('',#1838);
#1838 = CARTESIAN_POINT('',(26.968191177448,-29.52147058823,
    -2.285764705882));
#1839 = B_SPLINE_CURVE_WITH_KNOTS('',1,(#1840,#1841),.UNSPECIFIED.,.F.,
  .F.,(2,2),(0.,0.3),.PIECEWISE_BEZIER_KNOTS.);
#1840 = CARTESIAN_POINT('',(26.968191177448,-29.52147058823,
    -2.285764705882));
#1841 = CARTESIAN_POINT('',(26.968191177448,-29.52147058823,
    -2.091117647059));
#1842 = ORIENTED_EDGE('',*,*,#1843,.T.);
#1843 = EDGE_CURVE('',#1837,#1844,#1846,.T.);
#1844 = VERTEX_POINT('',#1845);
#1845 = CARTESIAN_POINT('',(31.463372449798,-26.92617647058,
    -2.285764705882));
#1846 = B_SPLINE_CURVE_WITH_KNOTS('',1,(#1847,#1848),.UNSPECIFIED.,.F.,
  .F.,(2,2),(0.,8.),.PIECEWISE_BEZIER_KNOTS.);
#1847 = CARTESIAN_POINT('',(26.968191177448,-29.52147058823,
    -2.285764705882));
#1848 = CARTESIAN_POINT('',(31.463372449798,-26.92617647058,
    -2.285764705882));
#1849 = ORIENTED_EDGE('',*,*,#1850,.T.);
#1850 = EDGE_CURVE('',#1844,#488,#1851,.T.);
#1851 = B_SPLINE_CURVE_WITH_KNOTS('',1,(#1852,#1853),.UNSPECIFIED.,.F.,
  .F.,(2,2),(0.,0.3),.PIECEWISE_BEZIER_KNOTS.);
#1852 = CARTESIAN_POINT('',(31.463372449798,-26.92617647058,
    -2.285764705882));
#1853 = CARTESIAN_POINT('',(31.463372449798,-26.92617647058,
    -2.091117647059));
#1854 = ORIENTED_EDGE('',*,*,#487,.T.);
#1855 = B_SPLINE_SURFACE_WITH_KNOTS('',1,1,(
    (#1856,#1857)
    ,(#1858,#1859
    )),.UNSPECIFIED.,.F.,.F.,.F.,(2,2),(2,2),(0.,0.3),(-8.,0.),
  .PIECEWISE_BEZIER_KNOTS.);
#1856 = CARTESIAN_POINT('',(31.463372449798,-26.92617647058,
    -2.285764705882));
#1857 = CARTESIAN_POINT('',(26.968191177448,-29.52147058823,
    -2.285764705882));
#1858 = CARTESIAN_POINT('',(31.463372449798,-26.92617647058,
    -2.091117647059));
#1859 = CARTESIAN_POINT('',(26.968191177448,-29.52147058823,
    -2.091117647059));
#1860 = ADVANCED_FACE('',(#1861),#1881,.F.);
#1861 = FACE_BOUND('',#1862,.F.);
#1862 = EDGE_LOOP('',(#1863,#1874,#1879,#1880));
#1863 = ORIENTED_EDGE('',*,*,#1864,.T.);
#1864 = EDGE_CURVE('',#746,#1865,#1867,.T.);
#1865 = VERTEX_POINT('',#1866);
#1866 = CARTESIAN_POINT('',(27.410886506625,-30.28824139064,
    -2.285764705882));
#1867 = B_SPLINE_CURVE_WITH_KNOTS('',5,(#1868,#1869,#1870,#1871,#1872,
    #1873),.UNSPECIFIED.,.F.,.F.,(6,6),(0.,1.),
  .PIECEWISE_BEZIER_KNOTS.);
#1868 = CARTESIAN_POINT('',(27.410886506625,-30.28824139064,
    -2.141117257765));
#1869 = CARTESIAN_POINT('',(27.410886506625,-30.28824139064,
    -2.168255538343));
#1870 = CARTESIAN_POINT('',(27.410886506625,-30.28824139064,
    -2.198629263218));
#1871 = CARTESIAN_POINT('',(27.410886506625,-30.28824139064,
    -2.22827250559));
#1872 = CARTESIAN_POINT('',(27.410886506625,-30.28824139064,
    -2.256475426544));
#1873 = CARTESIAN_POINT('',(27.410886506625,-30.28824139064,
    -2.285764705882));
#1874 = ORIENTED_EDGE('',*,*,#1875,.F.);
#1875 = EDGE_CURVE('',#1837,#1865,#1876,.T.);
#1876 = B_SPLINE_CURVE_WITH_KNOTS('',1,(#1877,#1878),.UNSPECIFIED.,.F.,
  .F.,(2,2),(0.,16.),.PIECEWISE_BEZIER_KNOTS.);
#1877 = CARTESIAN_POINT('',(26.968191177448,-29.52147058823,
    -2.285764705882));
#1878 = CARTESIAN_POINT('',(32.158779412743,-38.51183313293,
    -2.285764705882));
#1879 = ORIENTED_EDGE('',*,*,#1836,.T.);
#1880 = ORIENTED_EDGE('',*,*,#758,.T.);
#1881 = B_SPLINE_SURFACE_WITH_KNOTS('',1,1,(
    (#1882,#1883)
    ,(#1884,#1885
    )),.UNSPECIFIED.,.F.,.F.,.F.,(2,2),(2,2),(0.,0.3),(0.,16.),
  .PIECEWISE_BEZIER_KNOTS.);
#1882 = CARTESIAN_POINT('',(26.968191177448,-29.52147058823,
    -2.285764705882));
#1883 = CARTESIAN_POINT('',(32.158779412743,-38.51183313293,
    -2.285764705882));
#1884 = CARTESIAN_POINT('',(26.968191177448,-29.52147058823,
    -2.091117647059));
#1885 = CARTESIAN_POINT('',(32.158779412743,-38.51183313293,
    -2.091117647059));
#1886 = ADVANCED_FACE('',(#1887),#1932,.T.);
#1887 = FACE_BOUND('',#1888,.T.);
#1888 = EDGE_LOOP('',(#1889,#1899,#1904,#1905,#1906,#1927));
#1889 = ORIENTED_EDGE('',*,*,#1890,.F.);
#1890 = EDGE_CURVE('',#1891,#1893,#1895,.T.);
#1891 = VERTEX_POINT('',#1892);
#1892 = CARTESIAN_POINT('',(27.517399966485,-30.88060046433,
    -2.383088235294));
#1893 = VERTEX_POINT('',#1894);
#1894 = CARTESIAN_POINT('',(27.427239478997,-30.08021179485,
    -2.383088235294));
#1895 = B_SPLINE_CURVE_WITH_KNOTS('',2,(#1896,#1897,#1898),
  .UNSPECIFIED.,.F.,.F.,(3,3),(0.,1.),.PIECEWISE_BEZIER_KNOTS.);
#1896 = CARTESIAN_POINT('',(27.517399966485,-30.88060046433,
    -2.383088235294));
#1897 = CARTESIAN_POINT('',(27.368204543126,-30.35930914508,
    -2.383088235294));
#1898 = CARTESIAN_POINT('',(27.427239478997,-30.08021179485,
    -2.383088235294));
#1899 = ORIENTED_EDGE('',*,*,#1900,.T.);
#1900 = EDGE_CURVE('',#1891,#733,#1901,.T.);
#1901 = B_SPLINE_CURVE_WITH_KNOTS('',1,(#1902,#1903),.UNSPECIFIED.,.F.,
  .F.,(2,2),(0.,0.45),.PIECEWISE_BEZIER_KNOTS.);
#1902 = CARTESIAN_POINT('',(27.517399966485,-30.88060046433,
    -2.383088235294));
#1903 = CARTESIAN_POINT('',(27.517399966485,-30.88060046433,
    -2.091117647059));
#1904 = ORIENTED_EDGE('',*,*,#745,.F.);
#1905 = ORIENTED_EDGE('',*,*,#1864,.T.);
#1906 = ORIENTED_EDGE('',*,*,#1907,.T.);
#1907 = EDGE_CURVE('',#1865,#1908,#1910,.T.);
#1908 = VERTEX_POINT('',#1909);
#1909 = CARTESIAN_POINT('',(27.427239478997,-30.08021179485,
    -2.285764705882));
#1910 = B_SPLINE_CURVE_WITH_KNOTS('',8,(#1911,#1912,#1913,#1914,#1915,
    #1916,#1917,#1918,#1919,#1920,#1921,#1922,#1923,#1924,#1925,#1926),
  .UNSPECIFIED.,.F.,.F.,(9,7,9),(0.,0.308814850698,1.),.UNSPECIFIED.);
#1911 = CARTESIAN_POINT('',(27.410886506625,-30.28824139064,
    -2.285764705882));
#1912 = CARTESIAN_POINT('',(27.410675872528,-30.27980358879,
    -2.285764705882));
#1913 = CARTESIAN_POINT('',(27.410530056375,-30.27139377998,
    -2.285764705882));
#1914 = CARTESIAN_POINT('',(27.410450341789,-30.26301042151,
    -2.285764705882));
#1915 = CARTESIAN_POINT('',(27.410438214719,-30.2546588112,
    -2.285764705882));
#1916 = CARTESIAN_POINT('',(27.410494972585,-30.24633552049,
    -2.285764705882));
#1917 = CARTESIAN_POINT('',(27.410622155868,-30.23804566574,
    -2.285764705882));
#1918 = CARTESIAN_POINT('',(27.410821181593,-30.22978834578,
    -2.285764705882));
#1919 = CARTESIAN_POINT('',(27.411703224996,-30.20316246556,
    -2.285764705882));
#1920 = CARTESIAN_POINT('',(27.412680393688,-30.1849330152,
    -2.285764705882));
#1921 = CARTESIAN_POINT('',(27.414041830856,-30.16689287911,
    -2.285764705882));
#1922 = CARTESIAN_POINT('',(27.415805091681,-30.14905957134,
    -2.285764705882));
#1923 = CARTESIAN_POINT('',(27.417988247181,-30.13145261141,
    -2.285764705882));
#1924 = CARTESIAN_POINT('',(27.42060959609,-30.11409336708,
    -2.285764705882));
#1925 = CARTESIAN_POINT('',(27.42368737675,-30.09700489727,
    -2.285764705882));
#1926 = CARTESIAN_POINT('',(27.427239478997,-30.08021179485,
    -2.285764705882));
#1927 = ORIENTED_EDGE('',*,*,#1928,.F.);
#1928 = EDGE_CURVE('',#1893,#1908,#1929,.T.);
#1929 = B_SPLINE_CURVE_WITH_KNOTS('',1,(#1930,#1931),.UNSPECIFIED.,.F.,
  .F.,(2,2),(0.,0.45),.PIECEWISE_BEZIER_KNOTS.);
#1930 = CARTESIAN_POINT('',(27.427239478997,-30.08021179485,
    -2.383088235294));
#1931 = CARTESIAN_POINT('',(27.427239478997,-30.08021179485,
    -2.091117647059));
#1932 = B_SPLINE_SURFACE_WITH_KNOTS('',2,1,(
    (#1933,#1934)
    ,(#1935,#1936)
    ,(#1937,#1938
    )),.UNSPECIFIED.,.F.,.F.,.F.,(3,3),(2,2),(0.,1.),(-0.45,0.),
  .PIECEWISE_BEZIER_KNOTS.);
#1933 = CARTESIAN_POINT('',(27.517399966485,-30.88060046433,
    -2.091117647059));
#1934 = CARTESIAN_POINT('',(27.517399966485,-30.88060046433,
    -2.383088235294));
#1935 = CARTESIAN_POINT('',(27.368204543126,-30.35930914508,
    -2.091117647059));
#1936 = CARTESIAN_POINT('',(27.368204543126,-30.35930914508,
    -2.383088235294));
#1937 = CARTESIAN_POINT('',(27.427239478997,-30.08021179485,
    -2.091117647059));
#1938 = CARTESIAN_POINT('',(27.427239478997,-30.08021179485,
    -2.383088235294));
#1939 = ADVANCED_FACE('',(#1940),#1957,.T.);
#1940 = FACE_BOUND('',#1941,.T.);
#1941 = EDGE_LOOP('',(#1942,#1950,#1955,#1956));
#1942 = ORIENTED_EDGE('',*,*,#1943,.F.);
#1943 = EDGE_CURVE('',#1944,#1891,#1946,.T.);
#1944 = VERTEX_POINT('',#1945);
#1945 = CARTESIAN_POINT('',(27.655791792787,-31.40557701913,
    -2.383088235294));
#1946 = B_SPLINE_CURVE_WITH_KNOTS('',2,(#1947,#1948,#1949),
  .UNSPECIFIED.,.F.,.F.,(3,3),(0.,1.),.PIECEWISE_BEZIER_KNOTS.);
#1947 = CARTESIAN_POINT('',(27.655791792787,-31.40557701913,
    -2.383088235294));
#1948 = CARTESIAN_POINT('',(27.633034476923,-31.28600030809,
    -2.383088235294));
#1949 = CARTESIAN_POINT('',(27.517399966485,-30.88060046433,
    -2.383088235294));
#1950 = ORIENTED_EDGE('',*,*,#1951,.T.);
#1951 = EDGE_CURVE('',#1944,#722,#1952,.T.);
#1952 = B_SPLINE_CURVE_WITH_KNOTS('',1,(#1953,#1954),.UNSPECIFIED.,.F.,
  .F.,(2,2),(0.,0.45),.PIECEWISE_BEZIER_KNOTS.);
#1953 = CARTESIAN_POINT('',(27.655791792787,-31.40557701913,
    -2.383088235294));
#1954 = CARTESIAN_POINT('',(27.655791792787,-31.40557701913,
    -2.091117647059));
#1955 = ORIENTED_EDGE('',*,*,#732,.F.);
#1956 = ORIENTED_EDGE('',*,*,#1900,.F.);
#1957 = B_SPLINE_SURFACE_WITH_KNOTS('',2,1,(
    (#1958,#1959)
    ,(#1960,#1961)
    ,(#1962,#1963
    )),.UNSPECIFIED.,.F.,.F.,.F.,(3,3),(2,2),(0.,1.),(-0.45,0.),
  .PIECEWISE_BEZIER_KNOTS.);
#1958 = CARTESIAN_POINT('',(27.655791792787,-31.40557701913,
    -2.091117647059));
#1959 = CARTESIAN_POINT('',(27.655791792787,-31.40557701913,
    -2.383088235294));
#1960 = CARTESIAN_POINT('',(27.633034476923,-31.28600030809,
    -2.091117647059));
#1961 = CARTESIAN_POINT('',(27.633034476923,-31.28600030809,
    -2.383088235294));
#1962 = CARTESIAN_POINT('',(27.517399966485,-30.88060046433,
    -2.091117647059));
#1963 = CARTESIAN_POINT('',(27.517399966485,-30.88060046433,
    -2.383088235294));
#1964 = ADVANCED_FACE('',(#1965),#1982,.T.);
#1965 = FACE_BOUND('',#1966,.T.);
#1966 = EDGE_LOOP('',(#1967,#1975,#1980,#1981));
#1967 = ORIENTED_EDGE('',*,*,#1968,.F.);
#1968 = EDGE_CURVE('',#1969,#1944,#1971,.T.);
#1969 = VERTEX_POINT('',#1970);
#1970 = CARTESIAN_POINT('',(27.652987967864,-31.6789226013,
    -2.383088235294));
#1971 = B_SPLINE_CURVE_WITH_KNOTS('',2,(#1972,#1973,#1974),
  .UNSPECIFIED.,.F.,.F.,(3,3),(0.,1.),.PIECEWISE_BEZIER_KNOTS.);
#1972 = CARTESIAN_POINT('',(27.652987967864,-31.6789226013,
    -2.383088235294));
#1973 = CARTESIAN_POINT('',(27.688610754108,-31.58059801499,
    -2.383088235294));
#1974 = CARTESIAN_POINT('',(27.655791792787,-31.40557701913,
    -2.383088235294));
#1975 = ORIENTED_EDGE('',*,*,#1976,.T.);
#1976 = EDGE_CURVE('',#1969,#709,#1977,.T.);
#1977 = B_SPLINE_CURVE_WITH_KNOTS('',1,(#1978,#1979),.UNSPECIFIED.,.F.,
  .F.,(2,2),(0.,0.45),.PIECEWISE_BEZIER_KNOTS.);
#1978 = CARTESIAN_POINT('',(27.652987967864,-31.6789226013,
    -2.383088235294));
#1979 = CARTESIAN_POINT('',(27.652987967864,-31.6789226013,
    -2.091117647059));
#1980 = ORIENTED_EDGE('',*,*,#721,.F.);
#1981 = ORIENTED_EDGE('',*,*,#1951,.F.);
#1982 = B_SPLINE_SURFACE_WITH_KNOTS('',2,1,(
    (#1983,#1984)
    ,(#1985,#1986)
    ,(#1987,#1988
    )),.UNSPECIFIED.,.F.,.F.,.F.,(3,3),(2,2),(0.,1.),(-0.45,0.),
  .PIECEWISE_BEZIER_KNOTS.);
#1983 = CARTESIAN_POINT('',(27.652987967864,-31.6789226013,
    -2.091117647059));
#1984 = CARTESIAN_POINT('',(27.652987967864,-31.6789226013,
    -2.383088235294));
#1985 = CARTESIAN_POINT('',(27.688610754108,-31.58059801499,
    -2.091117647059));
#1986 = CARTESIAN_POINT('',(27.688610754108,-31.58059801499,
    -2.383088235294));
#1987 = CARTESIAN_POINT('',(27.655791792787,-31.40557701913,
    -2.091117647059));
#1988 = CARTESIAN_POINT('',(27.655791792787,-31.40557701913,
    -2.383088235294));
#1989 = ADVANCED_FACE('',(#1990),#2007,.T.);
#1990 = FACE_BOUND('',#1991,.T.);
#1991 = EDGE_LOOP('',(#1992,#2000,#2005,#2006));
#1992 = ORIENTED_EDGE('',*,*,#1993,.F.);
#1993 = EDGE_CURVE('',#1994,#1969,#1996,.T.);
#1994 = VERTEX_POINT('',#1995);
#1995 = CARTESIAN_POINT('',(27.51879539631,-31.83432662796,
    -2.383088235294));
#1996 = B_SPLINE_CURVE_WITH_KNOTS('',2,(#1997,#1998,#1999),
  .UNSPECIFIED.,.F.,.F.,(3,3),(0.,1.),.PIECEWISE_BEZIER_KNOTS.);
#1997 = CARTESIAN_POINT('',(27.51879539631,-31.83432662796,
    -2.383088235294));
#1998 = CARTESIAN_POINT('',(27.617438857983,-31.77737479881,
    -2.383088235294));
#1999 = CARTESIAN_POINT('',(27.652987967864,-31.6789226013,
    -2.383088235294));
#2000 = ORIENTED_EDGE('',*,*,#2001,.T.);
#2001 = EDGE_CURVE('',#1994,#694,#2002,.T.);
#2002 = B_SPLINE_CURVE_WITH_KNOTS('',1,(#2003,#2004),.UNSPECIFIED.,.F.,
  .F.,(2,2),(0.,0.45),.PIECEWISE_BEZIER_KNOTS.);
#2003 = CARTESIAN_POINT('',(27.51879539631,-31.83432662796,
    -2.383088235294));
#2004 = CARTESIAN_POINT('',(27.51879539631,-31.83432662796,
    -2.091117647059));
#2005 = ORIENTED_EDGE('',*,*,#708,.F.);
#2006 = ORIENTED_EDGE('',*,*,#1976,.F.);
#2007 = B_SPLINE_SURFACE_WITH_KNOTS('',2,1,(
    (#2008,#2009)
    ,(#2010,#2011)
    ,(#2012,#2013
    )),.UNSPECIFIED.,.F.,.F.,.F.,(3,3),(2,2),(0.,1.),(-0.45,0.),
  .PIECEWISE_BEZIER_KNOTS.);
#2008 = CARTESIAN_POINT('',(27.51879539631,-31.83432662796,
    -2.091117647059));
#2009 = CARTESIAN_POINT('',(27.51879539631,-31.83432662796,
    -2.383088235294));
#2010 = CARTESIAN_POINT('',(27.617438857983,-31.77737479881,
    -2.091117647059));
#2011 = CARTESIAN_POINT('',(27.617438857983,-31.77737479881,
    -2.383088235294));
#2012 = CARTESIAN_POINT('',(27.652987967864,-31.6789226013,
    -2.091117647059));
#2013 = CARTESIAN_POINT('',(27.652987967864,-31.6789226013,
    -2.383088235294));
#2014 = ADVANCED_FACE('',(#2015),#2032,.T.);
#2015 = FACE_BOUND('',#2016,.T.);
#2016 = EDGE_LOOP('',(#2017,#2025,#2030,#2031));
#2017 = ORIENTED_EDGE('',*,*,#2018,.F.);
#2018 = EDGE_CURVE('',#2019,#1994,#2021,.T.);
#2019 = VERTEX_POINT('',#2020);
#2020 = CARTESIAN_POINT('',(27.170013925496,-31.85057438224,
    -2.383088235294));
#2021 = B_SPLINE_CURVE_WITH_KNOTS('',2,(#2022,#2023,#2024),
  .UNSPECIFIED.,.F.,.F.,(3,3),(0.,1.),.PIECEWISE_BEZIER_KNOTS.);
#2022 = CARTESIAN_POINT('',(27.170013925496,-31.85057438224,
    -2.383088235294));
#2023 = CARTESIAN_POINT('',(27.36502389396,-31.92310664623,
    -2.383088235294));
#2024 = CARTESIAN_POINT('',(27.51879539631,-31.83432662796,
    -2.383088235294));
#2025 = ORIENTED_EDGE('',*,*,#2026,.T.);
#2026 = EDGE_CURVE('',#2019,#682,#2027,.T.);
#2027 = B_SPLINE_CURVE_WITH_KNOTS('',1,(#2028,#2029),.UNSPECIFIED.,.F.,
  .F.,(2,2),(0.,0.45),.PIECEWISE_BEZIER_KNOTS.);
#2028 = CARTESIAN_POINT('',(27.170013925496,-31.85057438224,
    -2.383088235294));
#2029 = CARTESIAN_POINT('',(27.170013925496,-31.85057438224,
    -2.091117647059));
#2030 = ORIENTED_EDGE('',*,*,#693,.F.);
#2031 = ORIENTED_EDGE('',*,*,#2001,.F.);
#2032 = B_SPLINE_SURFACE_WITH_KNOTS('',2,1,(
    (#2033,#2034)
    ,(#2035,#2036)
    ,(#2037,#2038
    )),.UNSPECIFIED.,.F.,.F.,.F.,(3,3),(2,2),(0.,1.),(-0.45,0.),
  .PIECEWISE_BEZIER_KNOTS.);
#2033 = CARTESIAN_POINT('',(27.170013925496,-31.85057438224,
    -2.091117647059));
#2034 = CARTESIAN_POINT('',(27.170013925496,-31.85057438224,
    -2.383088235294));
#2035 = CARTESIAN_POINT('',(27.36502389396,-31.92310664623,
    -2.091117647059));
#2036 = CARTESIAN_POINT('',(27.36502389396,-31.92310664623,
    -2.383088235294));
#2037 = CARTESIAN_POINT('',(27.51879539631,-31.83432662796,
    -2.091117647059));
#2038 = CARTESIAN_POINT('',(27.51879539631,-31.83432662796,
    -2.383088235294));
#2039 = ADVANCED_FACE('',(#2040),#2057,.T.);
#2040 = FACE_BOUND('',#2041,.T.);
#2041 = EDGE_LOOP('',(#2042,#2050,#2055,#2056));
#2042 = ORIENTED_EDGE('',*,*,#2043,.F.);
#2043 = EDGE_CURVE('',#2044,#2019,#2046,.T.);
#2044 = VERTEX_POINT('',#2045);
#2045 = CARTESIAN_POINT('',(26.817169444435,-31.50437001779,
    -2.383088235294));
#2046 = B_SPLINE_CURVE_WITH_KNOTS('',2,(#2047,#2048,#2049),
  .UNSPECIFIED.,.F.,.F.,(3,3),(0.,1.),.PIECEWISE_BEZIER_KNOTS.);
#2047 = CARTESIAN_POINT('',(26.817169444435,-31.50437001779,
    -2.383088235294));
#2048 = CARTESIAN_POINT('',(26.975205244601,-31.77809605309,
    -2.383088235294));
#2049 = CARTESIAN_POINT('',(27.170013925496,-31.85057438224,
    -2.383088235294));
#2050 = ORIENTED_EDGE('',*,*,#2051,.T.);
#2051 = EDGE_CURVE('',#2044,#670,#2052,.T.);
#2052 = B_SPLINE_CURVE_WITH_KNOTS('',1,(#2053,#2054),.UNSPECIFIED.,.F.,
  .F.,(2,2),(0.,0.45),.PIECEWISE_BEZIER_KNOTS.);
#2053 = CARTESIAN_POINT('',(26.817169444435,-31.50437001779,
    -2.383088235294));
#2054 = CARTESIAN_POINT('',(26.817169444435,-31.50437001779,
    -2.091117647059));
#2055 = ORIENTED_EDGE('',*,*,#681,.F.);
#2056 = ORIENTED_EDGE('',*,*,#2026,.F.);
#2057 = B_SPLINE_SURFACE_WITH_KNOTS('',2,1,(
    (#2058,#2059)
    ,(#2060,#2061)
    ,(#2062,#2063
    )),.UNSPECIFIED.,.F.,.F.,.F.,(3,3),(2,2),(0.,1.),(-0.45,0.),
  .PIECEWISE_BEZIER_KNOTS.);
#2058 = CARTESIAN_POINT('',(26.817169444435,-31.50437001779,
    -2.091117647059));
#2059 = CARTESIAN_POINT('',(26.817169444435,-31.50437001779,
    -2.383088235294));
#2060 = CARTESIAN_POINT('',(26.975205244601,-31.77809605309,
    -2.091117647059));
#2061 = CARTESIAN_POINT('',(26.975205244601,-31.77809605309,
    -2.383088235294));
#2062 = CARTESIAN_POINT('',(27.170013925496,-31.85057438224,
    -2.091117647059));
#2063 = CARTESIAN_POINT('',(27.170013925496,-31.85057438224,
    -2.383088235294));
#2064 = ADVANCED_FACE('',(#2065),#2082,.T.);
#2065 = FACE_BOUND('',#2066,.T.);
#2066 = EDGE_LOOP('',(#2067,#2075,#2080,#2081));
#2067 = ORIENTED_EDGE('',*,*,#2068,.F.);
#2068 = EDGE_CURVE('',#2069,#2044,#2071,.T.);
#2069 = VERTEX_POINT('',#2070);
#2070 = CARTESIAN_POINT('',(26.708455778504,-31.01959873734,
    -2.383088235294));
#2071 = B_SPLINE_CURVE_WITH_KNOTS('',2,(#2072,#2073,#2074),
  .UNSPECIFIED.,.F.,.F.,(3,3),(0.,1.),.PIECEWISE_BEZIER_KNOTS.);
#2072 = CARTESIAN_POINT('',(26.708455778504,-31.01959873734,
    -2.383088235294));
#2073 = CARTESIAN_POINT('',(26.667974807914,-31.24595732712,
    -2.383088235294));
#2074 = CARTESIAN_POINT('',(26.817169444435,-31.50437001779,
    -2.383088235294));
#2075 = ORIENTED_EDGE('',*,*,#2076,.T.);
#2076 = EDGE_CURVE('',#2069,#655,#2077,.T.);
#2077 = B_SPLINE_CURVE_WITH_KNOTS('',1,(#2078,#2079),.UNSPECIFIED.,.F.,
  .F.,(2,2),(0.,0.45),.PIECEWISE_BEZIER_KNOTS.);
#2078 = CARTESIAN_POINT('',(26.708455778504,-31.01959873734,
    -2.383088235294));
#2079 = CARTESIAN_POINT('',(26.708455778504,-31.01959873734,
    -2.091117647059));
#2080 = ORIENTED_EDGE('',*,*,#669,.F.);
#2081 = ORIENTED_EDGE('',*,*,#2051,.F.);
#2082 = B_SPLINE_SURFACE_WITH_KNOTS('',2,1,(
    (#2083,#2084)
    ,(#2085,#2086)
    ,(#2087,#2088
    )),.UNSPECIFIED.,.F.,.F.,.F.,(3,3),(2,2),(0.,1.),(-0.45,0.),
  .PIECEWISE_BEZIER_KNOTS.);
#2083 = CARTESIAN_POINT('',(26.708455778504,-31.01959873734,
    -2.091117647059));
#2084 = CARTESIAN_POINT('',(26.708455778504,-31.01959873734,
    -2.383088235294));
#2085 = CARTESIAN_POINT('',(26.667974807914,-31.24595732712,
    -2.091117647059));
#2086 = CARTESIAN_POINT('',(26.667974807914,-31.24595732712,
    -2.383088235294));
#2087 = CARTESIAN_POINT('',(26.817169444435,-31.50437001779,
    -2.091117647059));
#2088 = CARTESIAN_POINT('',(26.817169444435,-31.50437001779,
    -2.383088235294));
#2089 = ADVANCED_FACE('',(#2090),#2107,.T.);
#2090 = FACE_BOUND('',#2091,.T.);
#2091 = EDGE_LOOP('',(#2092,#2100,#2105,#2106));
#2092 = ORIENTED_EDGE('',*,*,#2093,.F.);
#2093 = EDGE_CURVE('',#2094,#2069,#2096,.T.);
#2094 = VERTEX_POINT('',#2095);
#2095 = CARTESIAN_POINT('',(26.994385512529,-30.58534255944,
    -2.383088235294));
#2096 = B_SPLINE_CURVE_WITH_KNOTS('',2,(#2097,#2098,#2099),
  .UNSPECIFIED.,.F.,.F.,(3,3),(0.,1.),.PIECEWISE_BEZIER_KNOTS.);
#2097 = CARTESIAN_POINT('',(26.994385512529,-30.58534255944,
    -2.383088235294));
#2098 = CARTESIAN_POINT('',(26.749138036664,-30.79329408239,
    -2.383088235294));
#2099 = CARTESIAN_POINT('',(26.708455778504,-31.01959873734,
    -2.383088235294));
#2100 = ORIENTED_EDGE('',*,*,#2101,.T.);
#2101 = EDGE_CURVE('',#2094,#648,#2102,.T.);
#2102 = B_SPLINE_CURVE_WITH_KNOTS('',1,(#2103,#2104),.UNSPECIFIED.,.F.,
  .F.,(2,2),(0.,0.45),.PIECEWISE_BEZIER_KNOTS.);
#2103 = CARTESIAN_POINT('',(26.994385512529,-30.58534255944,
    -2.383088235294));
#2104 = CARTESIAN_POINT('',(26.994385512529,-30.58534255944,
    -2.091117647059));
#2105 = ORIENTED_EDGE('',*,*,#654,.F.);
#2106 = ORIENTED_EDGE('',*,*,#2076,.F.);
#2107 = B_SPLINE_SURFACE_WITH_KNOTS('',2,1,(
    (#2108,#2109)
    ,(#2110,#2111)
    ,(#2112,#2113
    )),.UNSPECIFIED.,.F.,.F.,.F.,(3,3),(2,2),(0.,1.),(-0.45,0.),
  .PIECEWISE_BEZIER_KNOTS.);
#2108 = CARTESIAN_POINT('',(26.994385512529,-30.58534255944,
    -2.091117647059));
#2109 = CARTESIAN_POINT('',(26.994385512529,-30.58534255944,
    -2.383088235294));
#2110 = CARTESIAN_POINT('',(26.749138036664,-30.79329408239,
    -2.091117647059));
#2111 = CARTESIAN_POINT('',(26.749138036664,-30.79329408239,
    -2.383088235294));
#2112 = CARTESIAN_POINT('',(26.708455778504,-31.01959873734,
    -2.091117647059));
#2113 = CARTESIAN_POINT('',(26.708455778504,-31.01959873734,
    -2.383088235294));
#2114 = ADVANCED_FACE('',(#2115),#2131,.T.);
#2115 = FACE_BOUND('',#2116,.T.);
#2116 = EDGE_LOOP('',(#2117,#2124,#2129,#2130));
#2117 = ORIENTED_EDGE('',*,*,#2118,.F.);
#2118 = EDGE_CURVE('',#2119,#2094,#2121,.T.);
#2119 = VERTEX_POINT('',#2120);
#2120 = CARTESIAN_POINT('',(26.618933801323,-30.06706916362,
    -2.383088235294));
#2121 = B_SPLINE_CURVE_WITH_KNOTS('',1,(#2122,#2123),.UNSPECIFIED.,.F.,
  .F.,(2,2),(0.,0.986366167266),.PIECEWISE_BEZIER_KNOTS.);
#2122 = CARTESIAN_POINT('',(26.618933801323,-30.06706916362,
    -2.383088235294));
#2123 = CARTESIAN_POINT('',(26.994385512529,-30.58534255944,
    -2.383088235294));
#2124 = ORIENTED_EDGE('',*,*,#2125,.T.);
#2125 = EDGE_CURVE('',#2119,#631,#2126,.T.);
#2126 = B_SPLINE_CURVE_WITH_KNOTS('',1,(#2127,#2128),.UNSPECIFIED.,.F.,
  .F.,(2,2),(0.,0.45),.PIECEWISE_BEZIER_KNOTS.);
#2127 = CARTESIAN_POINT('',(26.618933801323,-30.06706916362,
    -2.383088235294));
#2128 = CARTESIAN_POINT('',(26.618933801323,-30.06706916362,
    -2.091117647059));
#2129 = ORIENTED_EDGE('',*,*,#647,.F.);
#2130 = ORIENTED_EDGE('',*,*,#2101,.F.);
#2131 = B_SPLINE_SURFACE_WITH_KNOTS('',1,1,(
    (#2132,#2133)
    ,(#2134,#2135
    )),.UNSPECIFIED.,.F.,.F.,.F.,(2,2),(2,2),(0.,0.986366167266),(-0.45,
    0.),.PIECEWISE_BEZIER_KNOTS.);
#2132 = CARTESIAN_POINT('',(26.618933801323,-30.06706916362,
    -2.091117647059));
#2133 = CARTESIAN_POINT('',(26.618933801323,-30.06706916362,
    -2.383088235294));
#2134 = CARTESIAN_POINT('',(26.994385512529,-30.58534255944,
    -2.091117647059));
#2135 = CARTESIAN_POINT('',(26.994385512529,-30.58534255944,
    -2.383088235294));
#2136 = ADVANCED_FACE('',(#2137),#2154,.T.);
#2137 = FACE_BOUND('',#2138,.T.);
#2138 = EDGE_LOOP('',(#2139,#2147,#2152,#2153));
#2139 = ORIENTED_EDGE('',*,*,#2140,.F.);
#2140 = EDGE_CURVE('',#2141,#2119,#2143,.T.);
#2141 = VERTEX_POINT('',#2142);
#2142 = CARTESIAN_POINT('',(26.104217223061,-30.8185368094,
    -2.383088235294));
#2143 = B_SPLINE_CURVE_WITH_KNOTS('',2,(#2144,#2145,#2146),
  .UNSPECIFIED.,.F.,.F.,(3,3),(0.,1.),.PIECEWISE_BEZIER_KNOTS.);
#2144 = CARTESIAN_POINT('',(26.104217223061,-30.8185368094,
    -2.383088235294));
#2145 = CARTESIAN_POINT('',(26.183670785841,-30.39238288184,
    -2.383088235294));
#2146 = CARTESIAN_POINT('',(26.618933801323,-30.06706916362,
    -2.383088235294));
#2147 = ORIENTED_EDGE('',*,*,#2148,.T.);
#2148 = EDGE_CURVE('',#2141,#614,#2149,.T.);
#2149 = B_SPLINE_CURVE_WITH_KNOTS('',1,(#2150,#2151),.UNSPECIFIED.,.F.,
  .F.,(2,2),(0.,0.45),.PIECEWISE_BEZIER_KNOTS.);
#2150 = CARTESIAN_POINT('',(26.104217223061,-30.8185368094,
    -2.383088235294));
#2151 = CARTESIAN_POINT('',(26.104217223061,-30.8185368094,
    -2.091117647059));
#2152 = ORIENTED_EDGE('',*,*,#630,.F.);
#2153 = ORIENTED_EDGE('',*,*,#2125,.F.);
#2154 = B_SPLINE_SURFACE_WITH_KNOTS('',2,1,(
    (#2155,#2156)
    ,(#2157,#2158)
    ,(#2159,#2160
    )),.UNSPECIFIED.,.F.,.F.,.F.,(3,3),(2,2),(0.,1.),(-0.45,0.),
  .PIECEWISE_BEZIER_KNOTS.);
#2155 = CARTESIAN_POINT('',(26.104217223061,-30.8185368094,
    -2.091117647059));
#2156 = CARTESIAN_POINT('',(26.104217223061,-30.8185368094,
    -2.383088235294));
#2157 = CARTESIAN_POINT('',(26.183670785841,-30.39238288184,
    -2.091117647059));
#2158 = CARTESIAN_POINT('',(26.183670785841,-30.39238288184,
    -2.383088235294));
#2159 = CARTESIAN_POINT('',(26.618933801323,-30.06706916362,
    -2.091117647059));
#2160 = CARTESIAN_POINT('',(26.618933801323,-30.06706916362,
    -2.383088235294));
#2161 = ADVANCED_FACE('',(#2162),#2179,.T.);
#2162 = FACE_BOUND('',#2163,.T.);
#2163 = EDGE_LOOP('',(#2164,#2172,#2177,#2178));
#2164 = ORIENTED_EDGE('',*,*,#2165,.F.);
#2165 = EDGE_CURVE('',#2166,#2141,#2168,.T.);
#2166 = VERTEX_POINT('',#2167);
#2167 = CARTESIAN_POINT('',(26.331994096969,-31.77682946294,
    -2.383088235294));
#2168 = B_SPLINE_CURVE_WITH_KNOTS('',2,(#2169,#2170,#2171),
  .UNSPECIFIED.,.F.,.F.,(3,3),(0.,1.),.PIECEWISE_BEZIER_KNOTS.);
#2169 = CARTESIAN_POINT('',(26.331994096969,-31.77682946294,
    -2.383088235294));
#2170 = CARTESIAN_POINT('',(26.024763660281,-31.24469073696,
    -2.383088235294));
#2171 = CARTESIAN_POINT('',(26.104217223061,-30.8185368094,
    -2.383088235294));
#2172 = ORIENTED_EDGE('',*,*,#2173,.T.);
#2173 = EDGE_CURVE('',#2166,#602,#2174,.T.);
#2174 = B_SPLINE_CURVE_WITH_KNOTS('',1,(#2175,#2176),.UNSPECIFIED.,.F.,
  .F.,(2,2),(0.,0.45),.PIECEWISE_BEZIER_KNOTS.);
#2175 = CARTESIAN_POINT('',(26.331994096969,-31.77682946294,
    -2.383088235294));
#2176 = CARTESIAN_POINT('',(26.331994096969,-31.77682946294,
    -2.091117647059));
#2177 = ORIENTED_EDGE('',*,*,#613,.F.);
#2178 = ORIENTED_EDGE('',*,*,#2148,.F.);
#2179 = B_SPLINE_SURFACE_WITH_KNOTS('',2,1,(
    (#2180,#2181)
    ,(#2182,#2183)
    ,(#2184,#2185
    )),.UNSPECIFIED.,.F.,.F.,.F.,(3,3),(2,2),(0.,1.),(-0.45,0.),
  .PIECEWISE_BEZIER_KNOTS.);
#2180 = CARTESIAN_POINT('',(26.331994096969,-31.77682946294,
    -2.091117647059));
#2181 = CARTESIAN_POINT('',(26.331994096969,-31.77682946294,
    -2.383088235294));
#2182 = CARTESIAN_POINT('',(26.024763660281,-31.24469073696,
    -2.091117647059));
#2183 = CARTESIAN_POINT('',(26.024763660281,-31.24469073696,
    -2.383088235294));
#2184 = CARTESIAN_POINT('',(26.104217223061,-30.8185368094,
    -2.091117647059));
#2185 = CARTESIAN_POINT('',(26.104217223061,-30.8185368094,
    -2.383088235294));
#2186 = ADVANCED_FACE('',(#2187),#2204,.T.);
#2187 = FACE_BOUND('',#2188,.T.);
#2188 = EDGE_LOOP('',(#2189,#2197,#2202,#2203));
#2189 = ORIENTED_EDGE('',*,*,#2190,.F.);
#2190 = EDGE_CURVE('',#2191,#2166,#2193,.T.);
#2191 = VERTEX_POINT('',#2192);
#2192 = CARTESIAN_POINT('',(26.787007295173,-32.32828696009,
    -2.383088235294));
#2193 = B_SPLINE_CURVE_WITH_KNOTS('',2,(#2194,#2195,#2196),
  .UNSPECIFIED.,.F.,.F.,(3,3),(0.,1.),.PIECEWISE_BEZIER_KNOTS.);
#2194 = CARTESIAN_POINT('',(26.787007295173,-32.32828696009,
    -2.383088235294));
#2195 = CARTESIAN_POINT('',(26.54307687901,-32.14243556604,
    -2.383088235294));
#2196 = CARTESIAN_POINT('',(26.331994096969,-31.77682946294,
    -2.383088235294));
#2197 = ORIENTED_EDGE('',*,*,#2198,.T.);
#2198 = EDGE_CURVE('',#2191,#587,#2199,.T.);
#2199 = B_SPLINE_CURVE_WITH_KNOTS('',1,(#2200,#2201),.UNSPECIFIED.,.F.,
  .F.,(2,2),(0.,0.45),.PIECEWISE_BEZIER_KNOTS.);
#2200 = CARTESIAN_POINT('',(26.787007295173,-32.32828696009,
    -2.383088235294));
#2201 = CARTESIAN_POINT('',(26.787007295173,-32.32828696009,
    -2.091117647059));
#2202 = ORIENTED_EDGE('',*,*,#601,.F.);
#2203 = ORIENTED_EDGE('',*,*,#2173,.F.);
#2204 = B_SPLINE_SURFACE_WITH_KNOTS('',2,1,(
    (#2205,#2206)
    ,(#2207,#2208)
    ,(#2209,#2210
    )),.UNSPECIFIED.,.F.,.F.,.F.,(3,3),(2,2),(0.,1.),(-0.45,0.),
  .PIECEWISE_BEZIER_KNOTS.);
#2205 = CARTESIAN_POINT('',(26.787007295173,-32.32828696009,
    -2.091117647059));
#2206 = CARTESIAN_POINT('',(26.787007295173,-32.32828696009,
    -2.383088235294));
#2207 = CARTESIAN_POINT('',(26.54307687901,-32.14243556604,
    -2.091117647059));
#2208 = CARTESIAN_POINT('',(26.54307687901,-32.14243556604,
    -2.383088235294));
#2209 = CARTESIAN_POINT('',(26.331994096969,-31.77682946294,
    -2.091117647059));
#2210 = CARTESIAN_POINT('',(26.331994096969,-31.77682946294,
    -2.383088235294));
#2211 = ADVANCED_FACE('',(#2212),#2229,.T.);
#2212 = FACE_BOUND('',#2213,.T.);
#2213 = EDGE_LOOP('',(#2214,#2222,#2227,#2228));
#2214 = ORIENTED_EDGE('',*,*,#2215,.F.);
#2215 = EDGE_CURVE('',#2216,#2191,#2218,.T.);
#2216 = VERTEX_POINT('',#2217);
#2217 = CARTESIAN_POINT('',(27.319239215546,-32.52634309046,
    -2.383088235294));
#2218 = B_SPLINE_CURVE_WITH_KNOTS('',2,(#2219,#2220,#2221),
  .UNSPECIFIED.,.F.,.F.,(3,3),(0.,1.),.PIECEWISE_BEZIER_KNOTS.);
#2219 = CARTESIAN_POINT('',(27.319239215546,-32.52634309046,
    -2.383088235294));
#2220 = CARTESIAN_POINT('',(27.031065322541,-32.51406467778,
    -2.383088235294));
#2221 = CARTESIAN_POINT('',(26.787007295173,-32.32828696009,
    -2.383088235294));
#2222 = ORIENTED_EDGE('',*,*,#2223,.T.);
#2223 = EDGE_CURVE('',#2216,#572,#2224,.T.);
#2224 = B_SPLINE_CURVE_WITH_KNOTS('',1,(#2225,#2226),.UNSPECIFIED.,.F.,
  .F.,(2,2),(0.,0.45),.PIECEWISE_BEZIER_KNOTS.);
#2225 = CARTESIAN_POINT('',(27.319239215546,-32.52634309046,
    -2.383088235294));
#2226 = CARTESIAN_POINT('',(27.319239215546,-32.52634309046,
    -2.091117647059));
#2227 = ORIENTED_EDGE('',*,*,#586,.F.);
#2228 = ORIENTED_EDGE('',*,*,#2198,.F.);
#2229 = B_SPLINE_SURFACE_WITH_KNOTS('',2,1,(
    (#2230,#2231)
    ,(#2232,#2233)
    ,(#2234,#2235
    )),.UNSPECIFIED.,.F.,.F.,.F.,(3,3),(2,2),(0.,1.),(-0.45,0.),
  .PIECEWISE_BEZIER_KNOTS.);
#2230 = CARTESIAN_POINT('',(27.319239215546,-32.52634309046,
    -2.091117647059));
#2231 = CARTESIAN_POINT('',(27.319239215546,-32.52634309046,
    -2.383088235294));
#2232 = CARTESIAN_POINT('',(27.031065322541,-32.51406467778,
    -2.091117647059));
#2233 = CARTESIAN_POINT('',(27.031065322541,-32.51406467778,
    -2.383088235294));
#2234 = CARTESIAN_POINT('',(26.787007295173,-32.32828696009,
    -2.091117647059));
#2235 = CARTESIAN_POINT('',(26.787007295173,-32.32828696009,
    -2.383088235294));
#2236 = ADVANCED_FACE('',(#2237),#2254,.T.);
#2237 = FACE_BOUND('',#2238,.T.);
#2238 = EDGE_LOOP('',(#2239,#2247,#2252,#2253));
#2239 = ORIENTED_EDGE('',*,*,#2240,.F.);
#2240 = EDGE_CURVE('',#2241,#2216,#2243,.T.);
#2241 = VERTEX_POINT('',#2242);
#2242 = CARTESIAN_POINT('',(27.848853508922,-32.39922582299,
    -2.383088235294));
#2243 = B_SPLINE_CURVE_WITH_KNOTS('',2,(#2244,#2245,#2246),
  .UNSPECIFIED.,.F.,.F.,(3,3),(0.,1.),.PIECEWISE_BEZIER_KNOTS.);
#2244 = CARTESIAN_POINT('',(27.848853508922,-32.39922582299,
    -2.383088235294));
#2245 = CARTESIAN_POINT('',(27.607413108551,-32.53862150314,
    -2.383088235294));
#2246 = CARTESIAN_POINT('',(27.319239215546,-32.52634309046,
    -2.383088235294));
#2247 = ORIENTED_EDGE('',*,*,#2248,.T.);
#2248 = EDGE_CURVE('',#2241,#561,#2249,.T.);
#2249 = B_SPLINE_CURVE_WITH_KNOTS('',1,(#2250,#2251),.UNSPECIFIED.,.F.,
  .F.,(2,2),(0.,0.45),.PIECEWISE_BEZIER_KNOTS.);
#2250 = CARTESIAN_POINT('',(27.848853508922,-32.39922582299,
    -2.383088235294));
#2251 = CARTESIAN_POINT('',(27.848853508922,-32.39922582299,
    -2.091117647059));
#2252 = ORIENTED_EDGE('',*,*,#571,.F.);
#2253 = ORIENTED_EDGE('',*,*,#2223,.F.);
#2254 = B_SPLINE_SURFACE_WITH_KNOTS('',2,1,(
    (#2255,#2256)
    ,(#2257,#2258)
    ,(#2259,#2260
    )),.UNSPECIFIED.,.F.,.F.,.F.,(3,3),(2,2),(0.,1.),(-0.45,0.),
  .PIECEWISE_BEZIER_KNOTS.);
#2255 = CARTESIAN_POINT('',(27.848853508922,-32.39922582299,
    -2.091117647059));
#2256 = CARTESIAN_POINT('',(27.848853508922,-32.39922582299,
    -2.383088235294));
#2257 = CARTESIAN_POINT('',(27.607413108551,-32.53862150314,
    -2.091117647059));
#2258 = CARTESIAN_POINT('',(27.607413108551,-32.53862150314,
    -2.383088235294));
#2259 = CARTESIAN_POINT('',(27.319239215546,-32.52634309046,
    -2.091117647059));
#2260 = CARTESIAN_POINT('',(27.319239215546,-32.52634309046,
    -2.383088235294));
#2261 = ADVANCED_FACE('',(#2262),#2279,.T.);
#2262 = FACE_BOUND('',#2263,.T.);
#2263 = EDGE_LOOP('',(#2264,#2272,#2277,#2278));
#2264 = ORIENTED_EDGE('',*,*,#2265,.F.);
#2265 = EDGE_CURVE('',#2266,#2241,#2268,.T.);
#2266 = VERTEX_POINT('',#2267);
#2267 = CARTESIAN_POINT('',(28.231570547256,-32.02887385358,
    -2.383088235294));
#2268 = B_SPLINE_CURVE_WITH_KNOTS('',2,(#2269,#2270,#2271),
  .UNSPECIFIED.,.F.,.F.,(3,3),(0.,1.),.PIECEWISE_BEZIER_KNOTS.);
#2269 = CARTESIAN_POINT('',(28.231570547256,-32.02887385358,
    -2.383088235294));
#2270 = CARTESIAN_POINT('',(28.11517809432,-32.24546325192,
    -2.383088235294));
#2271 = CARTESIAN_POINT('',(27.848853508922,-32.39922582299,
    -2.383088235294));
#2272 = ORIENTED_EDGE('',*,*,#2273,.T.);
#2273 = EDGE_CURVE('',#2266,#546,#2274,.T.);
#2274 = B_SPLINE_CURVE_WITH_KNOTS('',1,(#2275,#2276),.UNSPECIFIED.,.F.,
  .F.,(2,2),(0.,0.45),.PIECEWISE_BEZIER_KNOTS.);
#2275 = CARTESIAN_POINT('',(28.231570547256,-32.02887385358,
    -2.383088235294));
#2276 = CARTESIAN_POINT('',(28.231570547256,-32.02887385358,
    -2.091117647059));
#2277 = ORIENTED_EDGE('',*,*,#560,.F.);
#2278 = ORIENTED_EDGE('',*,*,#2248,.F.);
#2279 = B_SPLINE_SURFACE_WITH_KNOTS('',2,1,(
    (#2280,#2281)
    ,(#2282,#2283)
    ,(#2284,#2285
    )),.UNSPECIFIED.,.F.,.F.,.F.,(3,3),(2,2),(0.,1.),(-0.45,0.),
  .PIECEWISE_BEZIER_KNOTS.);
#2280 = CARTESIAN_POINT('',(28.231570547256,-32.02887385358,
    -2.091117647059));
#2281 = CARTESIAN_POINT('',(28.231570547256,-32.02887385358,
    -2.383088235294));
#2282 = CARTESIAN_POINT('',(28.11517809432,-32.24546325192,
    -2.091117647059));
#2283 = CARTESIAN_POINT('',(28.11517809432,-32.24546325192,
    -2.383088235294));
#2284 = CARTESIAN_POINT('',(27.848853508922,-32.39922582299,
    -2.091117647059));
#2285 = CARTESIAN_POINT('',(27.848853508922,-32.39922582299,
    -2.383088235294));
#2286 = ADVANCED_FACE('',(#2287),#2326,.T.);
#2287 = FACE_BOUND('',#2288,.T.);
#2288 = EDGE_LOOP('',(#2289,#2297,#2304,#2315,#2324,#2325));
#2289 = ORIENTED_EDGE('',*,*,#2290,.F.);
#2290 = EDGE_CURVE('',#2291,#2266,#2293,.T.);
#2291 = VERTEX_POINT('',#2292);
#2292 = CARTESIAN_POINT('',(28.33800324962,-31.55396459915,
    -2.383088235294));
#2293 = B_SPLINE_CURVE_WITH_KNOTS('',2,(#2294,#2295,#2296),
  .UNSPECIFIED.,.F.,.F.,(3,3),(0.,1.),.PIECEWISE_BEZIER_KNOTS.);
#2294 = CARTESIAN_POINT('',(28.33800324962,-31.55396459915,
    -2.383088235294));
#2295 = CARTESIAN_POINT('',(28.348036676557,-31.81241206645,
    -2.383088235294));
#2296 = CARTESIAN_POINT('',(28.231570547256,-32.02887385358,
    -2.383088235294));
#2297 = ORIENTED_EDGE('',*,*,#2298,.T.);
#2298 = EDGE_CURVE('',#2291,#2299,#2301,.T.);
#2299 = VERTEX_POINT('',#2300);
#2300 = CARTESIAN_POINT('',(28.33800324962,-31.55396459915,
    -2.285764705882));
#2301 = B_SPLINE_CURVE_WITH_KNOTS('',1,(#2302,#2303),.UNSPECIFIED.,.F.,
  .F.,(2,2),(0.,0.45),.PIECEWISE_BEZIER_KNOTS.);
#2302 = CARTESIAN_POINT('',(28.33800324962,-31.55396459915,
    -2.383088235294));
#2303 = CARTESIAN_POINT('',(28.33800324962,-31.55396459915,
    -2.091117647059));
#2304 = ORIENTED_EDGE('',*,*,#2305,.T.);
#2305 = EDGE_CURVE('',#2299,#2306,#2308,.T.);
#2306 = VERTEX_POINT('',#2307);
#2307 = CARTESIAN_POINT('',(28.306927610005,-31.84023010736,
    -2.285764705882));
#2308 = B_SPLINE_CURVE_WITH_KNOTS('',5,(#2309,#2310,#2311,#2312,#2313,
    #2314),.UNSPECIFIED.,.F.,.F.,(6,6),(0.,1.),
  .PIECEWISE_BEZIER_KNOTS.);
#2309 = CARTESIAN_POINT('',(28.33800324962,-31.55396459915,
    -2.285764705882));
#2310 = CARTESIAN_POINT('',(28.340293831781,-31.6129667368,
    -2.285764705882));
#2311 = CARTESIAN_POINT('',(28.338492020311,-31.67132868554,
    -2.285764705882));
#2312 = CARTESIAN_POINT('',(28.33238841358,-31.7288189802,
    -2.285764705882));
#2313 = CARTESIAN_POINT('',(28.321858023032,-31.78519730946,
    -2.285764705882));
#2314 = CARTESIAN_POINT('',(28.306927610005,-31.84023010736,
    -2.285764705882));
#2315 = ORIENTED_EDGE('',*,*,#2316,.T.);
#2316 = EDGE_CURVE('',#2306,#539,#2317,.T.);
#2317 = B_SPLINE_CURVE_WITH_KNOTS('',5,(#2318,#2319,#2320,#2321,#2322,
    #2323),.UNSPECIFIED.,.F.,.F.,(6,6),(0.,1.),
  .PIECEWISE_BEZIER_KNOTS.);
#2318 = CARTESIAN_POINT('',(28.306927610005,-31.84023010736,
    -2.285764705882));
#2319 = CARTESIAN_POINT('',(28.306927610005,-31.84023010736,
    -2.257939145619));
#2320 = CARTESIAN_POINT('',(28.306927610005,-31.84023010736,
    -2.228185066433));
#2321 = CARTESIAN_POINT('',(28.306927610005,-31.84023010736,
    -2.198678004983));
#2322 = CARTESIAN_POINT('',(28.306927610005,-31.84023010736,
    -2.169994436485));
#2323 = CARTESIAN_POINT('',(28.306927610005,-31.84023010736,
    -2.141117257765));
#2324 = ORIENTED_EDGE('',*,*,#545,.F.);
#2325 = ORIENTED_EDGE('',*,*,#2273,.F.);
#2326 = B_SPLINE_SURFACE_WITH_KNOTS('',2,1,(
    (#2327,#2328)
    ,(#2329,#2330)
    ,(#2331,#2332
    )),.UNSPECIFIED.,.F.,.F.,.F.,(3,3),(2,2),(0.,1.),(-0.45,0.),
  .PIECEWISE_BEZIER_KNOTS.);
#2327 = CARTESIAN_POINT('',(28.33800324962,-31.55396459915,
    -2.091117647059));
#2328 = CARTESIAN_POINT('',(28.33800324962,-31.55396459915,
    -2.383088235294));
#2329 = CARTESIAN_POINT('',(28.348036676557,-31.81241206645,
    -2.091117647059));
#2330 = CARTESIAN_POINT('',(28.348036676557,-31.81241206645,
    -2.383088235294));
#2331 = CARTESIAN_POINT('',(28.231570547256,-32.02887385358,
    -2.091117647059));
#2332 = CARTESIAN_POINT('',(28.231570547256,-32.02887385358,
    -2.383088235294));
#2333 = ADVANCED_FACE('',(#2334),#2350,.F.);
#2334 = FACE_BOUND('',#2335,.F.);
#2335 = EDGE_LOOP('',(#2336,#2343,#2348,#2349));
#2336 = ORIENTED_EDGE('',*,*,#2337,.T.);
#2337 = EDGE_CURVE('',#532,#2338,#2340,.T.);
#2338 = VERTEX_POINT('',#2339);
#2339 = CARTESIAN_POINT('',(29.073603785124,-33.16815219562,
    -2.285764705882));
#2340 = B_SPLINE_CURVE_WITH_KNOTS('',1,(#2341,#2342),.UNSPECIFIED.,.F.,
  .F.,(2,2),(0.,1.),.PIECEWISE_BEZIER_KNOTS.);
#2341 = CARTESIAN_POINT('',(29.073603785124,-33.16815219562,
    -2.141116868471));
#2342 = CARTESIAN_POINT('',(29.073603785124,-33.16815219562,
    -2.285764705882));
#2343 = ORIENTED_EDGE('',*,*,#2344,.F.);
#2344 = EDGE_CURVE('',#2306,#2338,#2345,.T.);
#2345 = B_SPLINE_CURVE_WITH_KNOTS('',1,(#2346,#2347),.UNSPECIFIED.,.F.,
  .F.,(2,2),(0.,16.),.PIECEWISE_BEZIER_KNOTS.);
#2346 = CARTESIAN_POINT('',(26.968191177448,-29.52147058823,
    -2.285764705882));
#2347 = CARTESIAN_POINT('',(32.158779412743,-38.51183313293,
    -2.285764705882));
#2348 = ORIENTED_EDGE('',*,*,#2316,.T.);
#2349 = ORIENTED_EDGE('',*,*,#538,.T.);
#2350 = B_SPLINE_SURFACE_WITH_KNOTS('',1,1,(
    (#2351,#2352)
    ,(#2353,#2354
    )),.UNSPECIFIED.,.F.,.F.,.F.,(2,2),(2,2),(0.,0.3),(0.,16.),
  .PIECEWISE_BEZIER_KNOTS.);
#2351 = CARTESIAN_POINT('',(26.968191177448,-29.52147058823,
    -2.285764705882));
#2352 = CARTESIAN_POINT('',(32.158779412743,-38.51183313293,
    -2.285764705882));
#2353 = CARTESIAN_POINT('',(26.968191177448,-29.52147058823,
    -2.091117647059));
#2354 = CARTESIAN_POINT('',(32.158779412743,-38.51183313293,
    -2.091117647059));
#2355 = ADVANCED_FACE('',(#2356),#2386,.T.);
#2356 = FACE_BOUND('',#2357,.T.);
#2357 = EDGE_LOOP('',(#2358,#2367,#2372,#2373,#2374,#2381));
#2358 = ORIENTED_EDGE('',*,*,#2359,.F.);
#2359 = EDGE_CURVE('',#2360,#2362,#2364,.T.);
#2360 = VERTEX_POINT('',#2361);
#2361 = CARTESIAN_POINT('',(27.668859637515,-33.97918160739,
    -2.383088235294));
#2362 = VERTEX_POINT('',#2363);
#2363 = CARTESIAN_POINT('',(30.004655138772,-32.63060944596,
    -2.383088235294));
#2364 = B_SPLINE_CURVE_WITH_KNOTS('',1,(#2365,#2366),.UNSPECIFIED.,.F.,
  .F.,(2,2),(0.,4.156976744186),.PIECEWISE_BEZIER_KNOTS.);
#2365 = CARTESIAN_POINT('',(27.668859637515,-33.97918160739,
    -2.383088235294));
#2366 = CARTESIAN_POINT('',(30.004655138772,-32.63060944596,
    -2.383088235294));
#2367 = ORIENTED_EDGE('',*,*,#2368,.T.);
#2368 = EDGE_CURVE('',#2360,#525,#2369,.T.);
#2369 = B_SPLINE_CURVE_WITH_KNOTS('',1,(#2370,#2371),.UNSPECIFIED.,.F.,
  .F.,(2,2),(0.,0.45),.PIECEWISE_BEZIER_KNOTS.);
#2370 = CARTESIAN_POINT('',(27.668859637515,-33.97918160739,
    -2.383088235294));
#2371 = CARTESIAN_POINT('',(27.668859637515,-33.97918160739,
    -2.091117647059));
#2372 = ORIENTED_EDGE('',*,*,#531,.F.);
#2373 = ORIENTED_EDGE('',*,*,#2337,.T.);
#2374 = ORIENTED_EDGE('',*,*,#2375,.T.);
#2375 = EDGE_CURVE('',#2338,#2376,#2378,.T.);
#2376 = VERTEX_POINT('',#2377);
#2377 = CARTESIAN_POINT('',(30.004655138772,-32.63060944596,
    -2.285764705882));
#2378 = B_SPLINE_CURVE_WITH_KNOTS('',1,(#2379,#2380),.UNSPECIFIED.,.F.,
  .F.,(2,2),(0.,1.),.PIECEWISE_BEZIER_KNOTS.);
#2379 = CARTESIAN_POINT('',(29.073603785124,-33.16815219562,
    -2.285764705882));
#2380 = CARTESIAN_POINT('',(30.004655138772,-32.63060944596,
    -2.285764705882));
#2381 = ORIENTED_EDGE('',*,*,#2382,.F.);
#2382 = EDGE_CURVE('',#2362,#2376,#2383,.T.);
#2383 = B_SPLINE_CURVE_WITH_KNOTS('',1,(#2384,#2385),.UNSPECIFIED.,.F.,
  .F.,(2,2),(0.,0.45),.PIECEWISE_BEZIER_KNOTS.);
#2384 = CARTESIAN_POINT('',(30.004655138772,-32.63060944596,
    -2.383088235294));
#2385 = CARTESIAN_POINT('',(30.004655138772,-32.63060944596,
    -2.091117647059));
#2386 = B_SPLINE_SURFACE_WITH_KNOTS('',1,1,(
    (#2387,#2388)
    ,(#2389,#2390
    )),.UNSPECIFIED.,.F.,.F.,.F.,(2,2),(2,2),(0.,4.156976744186),(-0.45,
    0.),.PIECEWISE_BEZIER_KNOTS.);
#2387 = CARTESIAN_POINT('',(27.668859637515,-33.97918160739,
    -2.091117647059));
#2388 = CARTESIAN_POINT('',(27.668859637515,-33.97918160739,
    -2.383088235294));
#2389 = CARTESIAN_POINT('',(30.004655138772,-32.63060944596,
    -2.091117647059));
#2390 = CARTESIAN_POINT('',(30.004655138772,-32.63060944596,
    -2.383088235294));
#2391 = ADVANCED_FACE('',(#2392),#2408,.T.);
#2392 = FACE_BOUND('',#2393,.T.);
#2393 = EDGE_LOOP('',(#2394,#2401,#2406,#2407));
#2394 = ORIENTED_EDGE('',*,*,#2395,.F.);
#2395 = EDGE_CURVE('',#2396,#2360,#2398,.T.);
#2396 = VERTEX_POINT('',#2397);
#2397 = CARTESIAN_POINT('',(27.995982692406,-34.54577535878,
    -2.383088235294));
#2398 = B_SPLINE_CURVE_WITH_KNOTS('',1,(#2399,#2400),.UNSPECIFIED.,.F.,
  .F.,(2,2),(0.,1.00835755814),.PIECEWISE_BEZIER_KNOTS.);
#2399 = CARTESIAN_POINT('',(27.995982692406,-34.54577535878,
    -2.383088235294));
#2400 = CARTESIAN_POINT('',(27.668859637515,-33.97918160739,
    -2.383088235294));
#2401 = ORIENTED_EDGE('',*,*,#2402,.T.);
#2402 = EDGE_CURVE('',#2396,#518,#2403,.T.);
#2403 = B_SPLINE_CURVE_WITH_KNOTS('',1,(#2404,#2405),.UNSPECIFIED.,.F.,
  .F.,(2,2),(0.,0.45),.PIECEWISE_BEZIER_KNOTS.);
#2404 = CARTESIAN_POINT('',(27.995982692406,-34.54577535878,
    -2.383088235294));
#2405 = CARTESIAN_POINT('',(27.995982692406,-34.54577535878,
    -2.091117647059));
#2406 = ORIENTED_EDGE('',*,*,#524,.F.);
#2407 = ORIENTED_EDGE('',*,*,#2368,.F.);
#2408 = B_SPLINE_SURFACE_WITH_KNOTS('',1,1,(
    (#2409,#2410)
    ,(#2411,#2412
    )),.UNSPECIFIED.,.F.,.F.,.F.,(2,2),(2,2),(0.,1.00835755814),(-0.45,
    0.),.PIECEWISE_BEZIER_KNOTS.);
#2409 = CARTESIAN_POINT('',(27.995982692406,-34.54577535878,
    -2.091117647059));
#2410 = CARTESIAN_POINT('',(27.995982692406,-34.54577535878,
    -2.383088235294));
#2411 = CARTESIAN_POINT('',(27.668859637515,-33.97918160739,
    -2.091117647059));
#2412 = CARTESIAN_POINT('',(27.668859637515,-33.97918160739,
    -2.383088235294));
#2413 = ADVANCED_FACE('',(#2414),#2444,.T.);
#2414 = FACE_BOUND('',#2415,.T.);
#2415 = EDGE_LOOP('',(#2416,#2423,#2430,#2437,#2442,#2443));
#2416 = ORIENTED_EDGE('',*,*,#2417,.F.);
#2417 = EDGE_CURVE('',#2418,#2396,#2420,.T.);
#2418 = VERTEX_POINT('',#2419);
#2419 = CARTESIAN_POINT('',(30.331778193663,-33.19720319736,
    -2.383088235294));
#2420 = B_SPLINE_CURVE_WITH_KNOTS('',1,(#2421,#2422),.UNSPECIFIED.,.F.,
  .F.,(2,2),(0.,4.156976744186),.PIECEWISE_BEZIER_KNOTS.);
#2421 = CARTESIAN_POINT('',(30.331778193663,-33.19720319736,
    -2.383088235294));
#2422 = CARTESIAN_POINT('',(27.995982692406,-34.54577535878,
    -2.383088235294));
#2423 = ORIENTED_EDGE('',*,*,#2424,.T.);
#2424 = EDGE_CURVE('',#2418,#2425,#2427,.T.);
#2425 = VERTEX_POINT('',#2426);
#2426 = CARTESIAN_POINT('',(30.331778193663,-33.19720319736,
    -2.285764705882));
#2427 = B_SPLINE_CURVE_WITH_KNOTS('',1,(#2428,#2429),.UNSPECIFIED.,.F.,
  .F.,(2,2),(0.,0.45),.PIECEWISE_BEZIER_KNOTS.);
#2428 = CARTESIAN_POINT('',(30.331778193663,-33.19720319736,
    -2.383088235294));
#2429 = CARTESIAN_POINT('',(30.331778193663,-33.19720319736,
    -2.091117647059));
#2430 = ORIENTED_EDGE('',*,*,#2431,.T.);
#2431 = EDGE_CURVE('',#2425,#2432,#2434,.T.);
#2432 = VERTEX_POINT('',#2433);
#2433 = CARTESIAN_POINT('',(29.400726840015,-33.73474594702,
    -2.285764705882));
#2434 = B_SPLINE_CURVE_WITH_KNOTS('',1,(#2435,#2436),.UNSPECIFIED.,.F.,
  .F.,(2,2),(0.,1.),.PIECEWISE_BEZIER_KNOTS.);
#2435 = CARTESIAN_POINT('',(30.331778193663,-33.19720319736,
    -2.285764705882));
#2436 = CARTESIAN_POINT('',(29.400726840015,-33.73474594702,
    -2.285764705882));
#2437 = ORIENTED_EDGE('',*,*,#2438,.T.);
#2438 = EDGE_CURVE('',#2432,#511,#2439,.T.);
#2439 = B_SPLINE_CURVE_WITH_KNOTS('',1,(#2440,#2441),.UNSPECIFIED.,.F.,
  .F.,(2,2),(0.,1.),.PIECEWISE_BEZIER_KNOTS.);
#2440 = CARTESIAN_POINT('',(29.400726840015,-33.73474594702,
    -2.285764705882));
#2441 = CARTESIAN_POINT('',(29.400726840015,-33.73474594702,
    -2.141116868471));
#2442 = ORIENTED_EDGE('',*,*,#517,.F.);
#2443 = ORIENTED_EDGE('',*,*,#2402,.F.);
#2444 = B_SPLINE_SURFACE_WITH_KNOTS('',1,1,(
    (#2445,#2446)
    ,(#2447,#2448
    )),.UNSPECIFIED.,.F.,.F.,.F.,(2,2),(2,2),(0.,4.156976744186),(-0.45,
    0.),.PIECEWISE_BEZIER_KNOTS.);
#2445 = CARTESIAN_POINT('',(30.331778193663,-33.19720319736,
    -2.091117647059));
#2446 = CARTESIAN_POINT('',(30.331778193663,-33.19720319736,
    -2.383088235294));
#2447 = CARTESIAN_POINT('',(27.995982692406,-34.54577535878,
    -2.091117647059));
#2448 = CARTESIAN_POINT('',(27.995982692406,-34.54577535878,
    -2.383088235294));
#2449 = ADVANCED_FACE('',(#2450),#2466,.F.);
#2450 = FACE_BOUND('',#2451,.F.);
#2451 = EDGE_LOOP('',(#2452,#2459,#2464,#2465));
#2452 = ORIENTED_EDGE('',*,*,#2453,.F.);
#2453 = EDGE_CURVE('',#2454,#504,#2456,.T.);
#2454 = VERTEX_POINT('',#2455);
#2455 = CARTESIAN_POINT('',(32.158779412743,-38.51183313293,
    -2.285764705882));
#2456 = B_SPLINE_CURVE_WITH_KNOTS('',1,(#2457,#2458),.UNSPECIFIED.,.F.,
  .F.,(2,2),(0.,0.3),.PIECEWISE_BEZIER_KNOTS.);
#2457 = CARTESIAN_POINT('',(32.158779412743,-38.51183313293,
    -2.285764705882));
#2458 = CARTESIAN_POINT('',(32.158779412743,-38.51183313293,
    -2.091117647059));
#2459 = ORIENTED_EDGE('',*,*,#2460,.F.);
#2460 = EDGE_CURVE('',#2432,#2454,#2461,.T.);
#2461 = B_SPLINE_CURVE_WITH_KNOTS('',1,(#2462,#2463),.UNSPECIFIED.,.F.,
  .F.,(2,2),(0.,16.),.PIECEWISE_BEZIER_KNOTS.);
#2462 = CARTESIAN_POINT('',(26.968191177448,-29.52147058823,
    -2.285764705882));
#2463 = CARTESIAN_POINT('',(32.158779412743,-38.51183313293,
    -2.285764705882));
#2464 = ORIENTED_EDGE('',*,*,#2438,.T.);
#2465 = ORIENTED_EDGE('',*,*,#510,.T.);
#2466 = B_SPLINE_SURFACE_WITH_KNOTS('',1,1,(
    (#2467,#2468)
    ,(#2469,#2470
    )),.UNSPECIFIED.,.F.,.F.,.F.,(2,2),(2,2),(0.,0.3),(0.,16.),
  .PIECEWISE_BEZIER_KNOTS.);
#2467 = CARTESIAN_POINT('',(26.968191177448,-29.52147058823,
    -2.285764705882));
#2468 = CARTESIAN_POINT('',(32.158779412743,-38.51183313293,
    -2.285764705882));
#2469 = CARTESIAN_POINT('',(26.968191177448,-29.52147058823,
    -2.091117647059));
#2470 = CARTESIAN_POINT('',(32.158779412743,-38.51183313293,
    -2.091117647059));
#2471 = ADVANCED_FACE('',(#2472),#2488,.T.);
#2472 = FACE_BOUND('',#2473,.T.);
#2473 = EDGE_LOOP('',(#2474,#2475,#2482,#2487));
#2474 = ORIENTED_EDGE('',*,*,#2453,.F.);
#2475 = ORIENTED_EDGE('',*,*,#2476,.T.);
#2476 = EDGE_CURVE('',#2454,#2477,#2479,.T.);
#2477 = VERTEX_POINT('',#2478);
#2478 = CARTESIAN_POINT('',(36.653960685092,-35.91653901528,
    -2.285764705882));
#2479 = B_SPLINE_CURVE_WITH_KNOTS('',1,(#2480,#2481),.UNSPECIFIED.,.F.,
  .F.,(2,2),(0.,8.),.PIECEWISE_BEZIER_KNOTS.);
#2480 = CARTESIAN_POINT('',(32.158779412743,-38.51183313293,
    -2.285764705882));
#2481 = CARTESIAN_POINT('',(36.653960685092,-35.91653901528,
    -2.285764705882));
#2482 = ORIENTED_EDGE('',*,*,#2483,.T.);
#2483 = EDGE_CURVE('',#2477,#497,#2484,.T.);
#2484 = B_SPLINE_CURVE_WITH_KNOTS('',1,(#2485,#2486),.UNSPECIFIED.,.F.,
  .F.,(2,2),(0.,0.3),.PIECEWISE_BEZIER_KNOTS.);
#2485 = CARTESIAN_POINT('',(36.653960685092,-35.91653901528,
    -2.285764705882));
#2486 = CARTESIAN_POINT('',(36.653960685092,-35.91653901528,
    -2.091117647059));
#2487 = ORIENTED_EDGE('',*,*,#503,.T.);
#2488 = B_SPLINE_SURFACE_WITH_KNOTS('',1,1,(
    (#2489,#2490)
    ,(#2491,#2492
    )),.UNSPECIFIED.,.F.,.F.,.F.,(2,2),(2,2),(0.,0.3),(-8.,0.),
  .PIECEWISE_BEZIER_KNOTS.);
#2489 = CARTESIAN_POINT('',(36.653960685092,-35.91653901528,
    -2.285764705882));
#2490 = CARTESIAN_POINT('',(32.158779412743,-38.51183313293,
    -2.285764705882));
#2491 = CARTESIAN_POINT('',(36.653960685092,-35.91653901528,
    -2.091117647059));
#2492 = CARTESIAN_POINT('',(32.158779412743,-38.51183313293,
    -2.091117647059));
#2493 = ADVANCED_FACE('',(#2494),#2504,.T.);
#2494 = FACE_BOUND('',#2495,.T.);
#2495 = EDGE_LOOP('',(#2496,#2497,#2502,#2503));
#2496 = ORIENTED_EDGE('',*,*,#2483,.F.);
#2497 = ORIENTED_EDGE('',*,*,#2498,.F.);
#2498 = EDGE_CURVE('',#1844,#2477,#2499,.T.);
#2499 = B_SPLINE_CURVE_WITH_KNOTS('',1,(#2500,#2501),.UNSPECIFIED.,.F.,
  .F.,(2,2),(0.,16.),.PIECEWISE_BEZIER_KNOTS.);
#2500 = CARTESIAN_POINT('',(31.463372449798,-26.92617647058,
    -2.285764705882));
#2501 = CARTESIAN_POINT('',(36.653960685092,-35.91653901528,
    -2.285764705882));
#2502 = ORIENTED_EDGE('',*,*,#1850,.T.);
#2503 = ORIENTED_EDGE('',*,*,#496,.T.);
#2504 = B_SPLINE_SURFACE_WITH_KNOTS('',1,1,(
    (#2505,#2506)
    ,(#2507,#2508
    )),.UNSPECIFIED.,.F.,.F.,.F.,(2,2),(2,2),(0.,0.3),(0.,16.),
  .PIECEWISE_BEZIER_KNOTS.);
#2505 = CARTESIAN_POINT('',(31.463372449798,-26.92617647058,
    -2.285764705882));
#2506 = CARTESIAN_POINT('',(36.653960685092,-35.91653901528,
    -2.285764705882));
#2507 = CARTESIAN_POINT('',(31.463372449798,-26.92617647058,
    -2.091117647059));
#2508 = CARTESIAN_POINT('',(36.653960685092,-35.91653901528,
    -2.091117647059));
#2509 = ADVANCED_FACE('',(#2510),#2521,.F.);
#2510 = FACE_BOUND('',#2511,.F.);
#2511 = EDGE_LOOP('',(#2512,#2513,#2519,#2520));
#2512 = ORIENTED_EDGE('',*,*,#913,.F.);
#2513 = ORIENTED_EDGE('',*,*,#2514,.F.);
#2514 = EDGE_CURVE('',#766,#914,#2515,.T.);
#2515 = LINE('',#2516,#2517);
#2516 = CARTESIAN_POINT('',(55.928588235294,-16.09764381743,
    -2.141117647059));
#2517 = VECTOR('',#2518,1.);
#2518 = DIRECTION('',(0.,0.,1.));
#2519 = ORIENTED_EDGE('',*,*,#765,.T.);
#2520 = ORIENTED_EDGE('',*,*,#2514,.T.);
#2521 = CYLINDRICAL_SURFACE('',#2522,2.854823529412);
#2522 = AXIS2_PLACEMENT_3D('',#2523,#2524,#2525);
#2523 = CARTESIAN_POINT('',(54.501176470588,-13.62529411764,
    -2.141117647059));
#2524 = DIRECTION('',(0.,0.,1.));
#2525 = DIRECTION('',(0.5,-0.866025403784,0.));
#2526 = ADVANCED_FACE('',(#2527,#2547),#2618,.F.);
#2527 = FACE_BOUND('',#2528,.F.);
#2528 = EDGE_LOOP('',(#2529,#2530,#2531,#2532,#2533,#2534,#2535,#2536,
    #2537,#2538,#2539,#2540,#2541,#2542,#2543,#2544,#2545,#2546));
#2529 = ORIENTED_EDGE('',*,*,#1146,.F.);
#2530 = ORIENTED_EDGE('',*,*,#1196,.F.);
#2531 = ORIENTED_EDGE('',*,*,#1243,.F.);
#2532 = ORIENTED_EDGE('',*,*,#1290,.F.);
#2533 = ORIENTED_EDGE('',*,*,#1337,.F.);
#2534 = ORIENTED_EDGE('',*,*,#1387,.F.);
#2535 = ORIENTED_EDGE('',*,*,#1437,.F.);
#2536 = ORIENTED_EDGE('',*,*,#1487,.F.);
#2537 = ORIENTED_EDGE('',*,*,#1534,.F.);
#2538 = ORIENTED_EDGE('',*,*,#1556,.F.);
#2539 = ORIENTED_EDGE('',*,*,#1509,.F.);
#2540 = ORIENTED_EDGE('',*,*,#1462,.F.);
#2541 = ORIENTED_EDGE('',*,*,#1412,.F.);
#2542 = ORIENTED_EDGE('',*,*,#1362,.F.);
#2543 = ORIENTED_EDGE('',*,*,#1312,.F.);
#2544 = ORIENTED_EDGE('',*,*,#1265,.F.);
#2545 = ORIENTED_EDGE('',*,*,#1218,.F.);
#2546 = ORIENTED_EDGE('',*,*,#1174,.F.);
#2547 = FACE_BOUND('',#2548,.F.);
#2548 = EDGE_LOOP('',(#2549,#2558,#2565,#2572,#2580,#2588,#2596,#2604,
    #2612));
#2549 = ORIENTED_EDGE('',*,*,#2550,.F.);
#2550 = EDGE_CURVE('',#2551,#2553,#2555,.T.);
#2551 = VERTEX_POINT('',#2552);
#2552 = CARTESIAN_POINT('',(24.6036576047,-24.91672727804,
    -2.383088235294));
#2553 = VERTEX_POINT('',#2554);
#2554 = CARTESIAN_POINT('',(24.845684459501,-25.33593008735,
    -2.383088235294));
#2555 = B_SPLINE_CURVE_WITH_KNOTS('',1,(#2556,#2557),.UNSPECIFIED.,.F.,
  .F.,(2,2),(0.,0.746048328488),.PIECEWISE_BEZIER_KNOTS.);
#2556 = CARTESIAN_POINT('',(24.6036576047,-24.91672727804,
    -2.383088235294));
#2557 = CARTESIAN_POINT('',(24.845684459501,-25.33593008735,
    -2.383088235294));
#2558 = ORIENTED_EDGE('',*,*,#2559,.F.);
#2559 = EDGE_CURVE('',#2560,#2551,#2562,.T.);
#2560 = VERTEX_POINT('',#2561);
#2561 = CARTESIAN_POINT('',(25.314196795642,-24.50649728488,
    -2.383088235294));
#2562 = B_SPLINE_CURVE_WITH_KNOTS('',1,(#2563,#2564),.UNSPECIFIED.,.F.,
  .F.,(2,2),(0.,1.264534883721),.PIECEWISE_BEZIER_KNOTS.);
#2563 = CARTESIAN_POINT('',(25.314196795642,-24.50649728488,
    -2.383088235294));
#2564 = CARTESIAN_POINT('',(24.6036576047,-24.91672727804,
    -2.383088235294));
#2565 = ORIENTED_EDGE('',*,*,#2566,.F.);
#2566 = EDGE_CURVE('',#2567,#2560,#2569,.T.);
#2567 = VERTEX_POINT('',#2568);
#2568 = CARTESIAN_POINT('',(25.569485395911,-24.94867011114,
    -2.383088235294));
#2569 = B_SPLINE_CURVE_WITH_KNOTS('',1,(#2570,#2571),.UNSPECIFIED.,.F.,
  .F.,(2,2),(0.,0.786927688953),.PIECEWISE_BEZIER_KNOTS.);
#2570 = CARTESIAN_POINT('',(25.569485395911,-24.94867011114,
    -2.383088235294));
#2571 = CARTESIAN_POINT('',(25.314196795642,-24.50649728488,
    -2.383088235294));
#2572 = ORIENTED_EDGE('',*,*,#2573,.F.);
#2573 = EDGE_CURVE('',#2574,#2567,#2576,.T.);
#2574 = VERTEX_POINT('',#2575);
#2575 = CARTESIAN_POINT('',(25.79862597395,-25.36765614349,
    -2.383088235294));
#2576 = B_SPLINE_CURVE_WITH_KNOTS('',2,(#2577,#2578,#2579),
  .UNSPECIFIED.,.F.,.F.,(3,3),(0.,1.),.PIECEWISE_BEZIER_KNOTS.);
#2577 = CARTESIAN_POINT('',(25.79862597395,-25.36765614349,
    -2.383088235294));
#2578 = CARTESIAN_POINT('',(25.768411577939,-25.29322036536,
    -2.383088235294));
#2579 = CARTESIAN_POINT('',(25.569485395911,-24.94867011114,
    -2.383088235294));
#2580 = ORIENTED_EDGE('',*,*,#2581,.F.);
#2581 = EDGE_CURVE('',#2582,#2574,#2584,.T.);
#2582 = VERTEX_POINT('',#2583);
#2583 = CARTESIAN_POINT('',(25.811939606342,-25.64445742786,
    -2.383088235294));
#2584 = B_SPLINE_CURVE_WITH_KNOTS('',2,(#2585,#2586,#2587),
  .UNSPECIFIED.,.F.,.F.,(3,3),(0.,1.),.PIECEWISE_BEZIER_KNOTS.);
#2585 = CARTESIAN_POINT('',(25.811939606342,-25.64445742786,
    -2.383088235294));
#2586 = CARTESIAN_POINT('',(25.855354041018,-25.51866431428,
    -2.383088235294));
#2587 = CARTESIAN_POINT('',(25.79862597395,-25.36765614349,
    -2.383088235294));
#2588 = ORIENTED_EDGE('',*,*,#2589,.F.);
#2589 = EDGE_CURVE('',#2590,#2582,#2592,.T.);
#2590 = VERTEX_POINT('',#2591);
#2591 = CARTESIAN_POINT('',(25.627460855003,-25.8518642109,
    -2.383088235294));
#2592 = B_SPLINE_CURVE_WITH_KNOTS('',2,(#2593,#2594,#2595),
  .UNSPECIFIED.,.F.,.F.,(3,3),(0.,1.),.PIECEWISE_BEZIER_KNOTS.);
#2593 = CARTESIAN_POINT('',(25.627460855003,-25.8518642109,
    -2.383088235294));
#2594 = CARTESIAN_POINT('',(25.768726459236,-25.77030447627,
    -2.383088235294));
#2595 = CARTESIAN_POINT('',(25.811939606342,-25.64445742786,
    -2.383088235294));
#2596 = ORIENTED_EDGE('',*,*,#2597,.F.);
#2597 = EDGE_CURVE('',#2598,#2590,#2600,.T.);
#2598 = VERTEX_POINT('',#2599);
#2599 = CARTESIAN_POINT('',(25.384130836252,-25.91578413957,
    -2.383088235294));
#2600 = B_SPLINE_CURVE_WITH_KNOTS('',2,(#2601,#2602,#2603),
  .UNSPECIFIED.,.F.,.F.,(3,3),(0.,1.),.PIECEWISE_BEZIER_KNOTS.);
#2601 = CARTESIAN_POINT('',(25.384130836252,-25.91578413957,
    -2.383088235294));
#2602 = CARTESIAN_POINT('',(25.501380984196,-25.92465645825,
    -2.383088235294));
#2603 = CARTESIAN_POINT('',(25.627460855003,-25.8518642109,
    -2.383088235294));
#2604 = ORIENTED_EDGE('',*,*,#2605,.F.);
#2605 = EDGE_CURVE('',#2606,#2598,#2608,.T.);
#2606 = VERTEX_POINT('',#2607);
#2607 = CARTESIAN_POINT('',(25.173980564938,-25.82527985453,
    -2.383088235294));
#2608 = B_SPLINE_CURVE_WITH_KNOTS('',2,(#2609,#2610,#2611),
  .UNSPECIFIED.,.F.,.F.,(3,3),(0.,1.),.PIECEWISE_BEZIER_KNOTS.);
#2609 = CARTESIAN_POINT('',(25.173980564938,-25.82527985453,
    -2.383088235294));
#2610 = CARTESIAN_POINT('',(25.267008299513,-25.90683814452,
    -2.383088235294));
#2611 = CARTESIAN_POINT('',(25.384130836252,-25.91578413957,
    -2.383088235294));
#2612 = ORIENTED_EDGE('',*,*,#2613,.F.);
#2613 = EDGE_CURVE('',#2553,#2606,#2614,.T.);
#2614 = B_SPLINE_CURVE_WITH_KNOTS('',2,(#2615,#2616,#2617),
  .UNSPECIFIED.,.F.,.F.,(3,3),(0.,1.),.PIECEWISE_BEZIER_KNOTS.);
#2615 = CARTESIAN_POINT('',(24.845684459501,-25.33593008735,
    -2.383088235294));
#2616 = CARTESIAN_POINT('',(25.081080441567,-25.74364788818,
    -2.383088235294));
#2617 = CARTESIAN_POINT('',(25.173980564938,-25.82527985453,
    -2.383088235294));
#2618 = B_SPLINE_SURFACE_WITH_KNOTS('',1,1,(
    (#2619,#2620)
    ,(#2621,#2622
    )),.UNSPECIFIED.,.F.,.F.,.F.,(2,2),(2,2),(-1.970290079599,
    2.51962634482),(-2.551267620436,2.448732379564),
  .PIECEWISE_BEZIER_KNOTS.);
#2619 = CARTESIAN_POINT('',(22.651278239494,-25.2884756949,
    -2.383088235294));
#2620 = CARTESIAN_POINT('',(25.460766534713,-23.66641687137,
    -2.383088235294));
#2621 = CARTESIAN_POINT('',(24.107859950122,-27.81134922308,
    -2.383088235294));
#2622 = CARTESIAN_POINT('',(26.91734824534,-26.18929039955,
    -2.383088235294));
#2623 = ADVANCED_FACE('',(#2624),#2638,.F.);
#2624 = FACE_BOUND('',#2625,.F.);
#2625 = EDGE_LOOP('',(#2626,#2627,#2628,#2629,#2630,#2631,#2632,#2633,
    #2634,#2635,#2636,#2637));
#2626 = ORIENTED_EDGE('',*,*,#1572,.F.);
#2627 = ORIENTED_EDGE('',*,*,#1622,.F.);
#2628 = ORIENTED_EDGE('',*,*,#1666,.F.);
#2629 = ORIENTED_EDGE('',*,*,#1710,.F.);
#2630 = ORIENTED_EDGE('',*,*,#1754,.F.);
#2631 = ORIENTED_EDGE('',*,*,#1798,.F.);
#2632 = ORIENTED_EDGE('',*,*,#1820,.F.);
#2633 = ORIENTED_EDGE('',*,*,#1776,.F.);
#2634 = ORIENTED_EDGE('',*,*,#1732,.F.);
#2635 = ORIENTED_EDGE('',*,*,#1688,.F.);
#2636 = ORIENTED_EDGE('',*,*,#1644,.F.);
#2637 = ORIENTED_EDGE('',*,*,#1600,.F.);
#2638 = B_SPLINE_SURFACE_WITH_KNOTS('',1,1,(
    (#2639,#2640)
    ,(#2641,#2642
    )),.UNSPECIFIED.,.F.,.F.,.F.,(2,2),(2,2),(-1.794428537378,
    2.003945372506),(-2.509266147523,2.490733852477),
  .PIECEWISE_BEZIER_KNOTS.);
#2639 = CARTESIAN_POINT('',(24.286377779401,-28.12055117345,
    -2.383088235294));
#2640 = CARTESIAN_POINT('',(27.095866074619,-26.49849234992,
    -2.383088235294));
#2641 = CARTESIAN_POINT('',(25.518614962519,-30.25484858159,
    -2.383088235294));
#2642 = CARTESIAN_POINT('',(28.328103257738,-28.63278975806,
    -2.383088235294));
#2643 = ADVANCED_FACE('',(#2644),#2913,.F.);
#2644 = FACE_BOUND('',#2645,.F.);
#2645 = EDGE_LOOP('',(#2646,#2647,#2648,#2649,#2650,#2651,#2670,#2685,
    #2704,#2719,#2736,#2755,#2762,#2777,#2792,#2807,#2822,#2837,#2858,
    #2875,#2876,#2877,#2878,#2885,#2892,#2899,#2906,#2911,#2912));
#2646 = ORIENTED_EDGE('',*,*,#2476,.T.);
#2647 = ORIENTED_EDGE('',*,*,#2498,.F.);
#2648 = ORIENTED_EDGE('',*,*,#1843,.F.);
#2649 = ORIENTED_EDGE('',*,*,#1875,.T.);
#2650 = ORIENTED_EDGE('',*,*,#1907,.T.);
#2651 = ORIENTED_EDGE('',*,*,#2652,.T.);
#2652 = EDGE_CURVE('',#1908,#2653,#2655,.T.);
#2653 = VERTEX_POINT('',#2654);
#2654 = CARTESIAN_POINT('',(27.844255760257,-29.49489707837,
    -2.285764705882));
#2655 = B_SPLINE_CURVE_WITH_KNOTS('',5,(#2656,#2657,#2658,#2659,#2660,
    #2661,#2662,#2663,#2664,#2665,#2666,#2667,#2668,#2669),
  .UNSPECIFIED.,.F.,.F.,(6,4,4,6),(0.,0.189088208112,0.561706502333,1.),
  .UNSPECIFIED.);
#2656 = CARTESIAN_POINT('',(27.427239478997,-30.08021179485,
    -2.285764705882));
#2657 = CARTESIAN_POINT('',(27.433201214591,-30.05203903292,
    -2.285764705882));
#2658 = CARTESIAN_POINT('',(27.440035951509,-30.02419963455,
    -2.285764705882));
#2659 = CARTESIAN_POINT('',(27.447777087937,-29.99673737352,
    -2.285764705882));
#2660 = CARTESIAN_POINT('',(27.456451537907,-29.96969938661,
    -2.285764705882));
#2661 = CARTESIAN_POINT('',(27.485052917532,-29.89079048812,
    -2.285764705882));
#2662 = CARTESIAN_POINT('',(27.507731291578,-29.8402794874,
    -2.285764705882));
#2663 = CARTESIAN_POINT('',(27.534257039854,-29.79200672327,
    -2.285764705882));
#2664 = CARTESIAN_POINT('',(27.564641818081,-29.74635114969,
    -2.285764705882));
#2665 = CARTESIAN_POINT('',(27.638665519252,-29.65330563141,
    -2.285764705882));
#2666 = CARTESIAN_POINT('',(27.683718388245,-29.60700135855,
    -2.285764705882));
#2667 = CARTESIAN_POINT('',(27.733441401875,-29.56516484613,
    -2.285764705882));
#2668 = CARTESIAN_POINT('',(27.787185685768,-29.52784643191,
    -2.285764705882));
#2669 = CARTESIAN_POINT('',(27.844255760257,-29.49489707837,
    -2.285764705882));
#2670 = ORIENTED_EDGE('',*,*,#2671,.T.);
#2671 = EDGE_CURVE('',#2653,#2672,#2674,.T.);
#2672 = VERTEX_POINT('',#2673);
#2673 = CARTESIAN_POINT('',(28.316626177523,-29.38415504736,
    -2.285764705882));
#2674 = B_SPLINE_CURVE_WITH_KNOTS('',5,(#2675,#2676,#2677,#2678,#2679,
    #2680,#2681,#2682,#2683,#2684),.UNSPECIFIED.,.F.,.F.,(6,4,6),(0.,
    0.383726873882,1.),.UNSPECIFIED.);
#2675 = CARTESIAN_POINT('',(27.844255760257,-29.49489707837,
    -2.285764705882));
#2676 = CARTESIAN_POINT('',(27.877127910862,-29.47591846567,
    -2.285764705882));
#2677 = CARTESIAN_POINT('',(27.910803294388,-29.45884155001,
    -2.285764705882));
#2678 = CARTESIAN_POINT('',(27.945239005268,-29.44374617014,
    -2.285764705882));
#2679 = CARTESIAN_POINT('',(27.980377938219,-29.43068388447,
    -2.285764705882));
#2680 = CARTESIAN_POINT('',(28.073597444303,-29.40200207892,
    -2.285764705882));
#2681 = CARTESIAN_POINT('',(28.132684734826,-29.38962611387,
    -2.285764705882));
#2682 = CARTESIAN_POINT('',(28.193101463965,-29.38264825303,
    -2.285764705882));
#2683 = CARTESIAN_POINT('',(28.254521632883,-29.38092062049,
    -2.285764705882));
#2684 = CARTESIAN_POINT('',(28.316626177523,-29.38415504736,
    -2.285764705882));
#2685 = ORIENTED_EDGE('',*,*,#2686,.T.);
#2686 = EDGE_CURVE('',#2672,#2687,#2689,.T.);
#2687 = VERTEX_POINT('',#2688);
#2688 = CARTESIAN_POINT('',(28.803951228491,-29.56985480929,
    -2.285764705882));
#2689 = B_SPLINE_CURVE_WITH_KNOTS('',5,(#2690,#2691,#2692,#2693,#2694,
    #2695,#2696,#2697,#2698,#2699,#2700,#2701,#2702,#2703),
  .UNSPECIFIED.,.F.,.F.,(6,4,4,6),(0.,0.186907841737,0.588952888516,1.),
  .UNSPECIFIED.);
#2690 = CARTESIAN_POINT('',(28.316626177523,-29.38415504736,
    -2.285764705882));
#2691 = CARTESIAN_POINT('',(28.336120742361,-29.38517970708,
    -2.285764705882));
#2692 = CARTESIAN_POINT('',(28.3555491365,-29.38677469808,
    -2.285764705882));
#2693 = CARTESIAN_POINT('',(28.374900143604,-29.38894328726,
    -2.285764705882));
#2694 = CARTESIAN_POINT('',(28.394162750664,-29.39168619491,
    -2.285764705882));
#2695 = CARTESIAN_POINT('',(28.4545473023,-29.40213288337,
    -2.285764705882));
#2696 = CARTESIAN_POINT('',(28.495310823141,-29.41191436572,
    -2.285764705882));
#2697 = CARTESIAN_POINT('',(28.535506416519,-29.42432428212,
    -2.285764705882));
#2698 = CARTESIAN_POINT('',(28.575042483217,-29.43929266429,
    -2.285764705882));
#2699 = CARTESIAN_POINT('',(28.653518495317,-29.47450001929,
    -2.285764705882));
#2700 = CARTESIAN_POINT('',(28.692427052937,-29.49485162931,
    -2.285764705882));
#2701 = CARTESIAN_POINT('',(28.730494723047,-29.51763432208,
    -2.285764705882));
#2702 = CARTESIAN_POINT('',(28.767677018773,-29.542690142,
    -2.285764705882));
#2703 = CARTESIAN_POINT('',(28.803951228491,-29.56985480929,
    -2.285764705882));
#2704 = ORIENTED_EDGE('',*,*,#2705,.T.);
#2705 = EDGE_CURVE('',#2687,#2706,#2708,.T.);
#2706 = VERTEX_POINT('',#2707);
#2707 = CARTESIAN_POINT('',(29.220700325088,-30.06564633473,
    -2.285764705882));
#2708 = B_SPLINE_CURVE_WITH_KNOTS('',5,(#2709,#2710,#2711,#2712,#2713,
    #2714,#2715,#2716,#2717,#2718),.UNSPECIFIED.,.F.,.F.,(6,4,6),(0.,
    0.430992416782,1.),.UNSPECIFIED.);
#2709 = CARTESIAN_POINT('',(28.803951228491,-29.56985480929,
    -2.285764705882));
#2710 = CARTESIAN_POINT('',(28.846526145847,-29.60175125524,
    -2.285764705882));
#2711 = CARTESIAN_POINT('',(28.887668994368,-29.63650696793,
    -2.285764705882));
#2712 = CARTESIAN_POINT('',(28.927335261951,-29.67390067893,
    -2.285764705882));
#2713 = CARTESIAN_POINT('',(28.965529071923,-29.71368961876,
    -2.285764705882));
#2714 = CARTESIAN_POINT('',(29.050798747453,-29.81104767493,
    -2.285764705882));
#2715 = CARTESIAN_POINT('',(29.096800401865,-29.87022850125,
    -2.285764705882));
#2716 = CARTESIAN_POINT('',(29.140359058497,-29.93268045633,
    -2.285764705882));
#2717 = CARTESIAN_POINT('',(29.181609426611,-29.99793879344,
    -2.285764705882));
#2718 = CARTESIAN_POINT('',(29.220700325088,-30.06564633473,
    -2.285764705882));
#2719 = ORIENTED_EDGE('',*,*,#2720,.T.);
#2720 = EDGE_CURVE('',#2706,#2721,#2723,.T.);
#2721 = VERTEX_POINT('',#2722);
#2722 = CARTESIAN_POINT('',(29.448364697394,-30.99456828975,
    -2.285764705882));
#2723 = B_SPLINE_CURVE_WITH_KNOTS('',6,(#2724,#2725,#2726,#2727,#2728,
    #2729,#2730,#2731,#2732,#2733,#2734,#2735),.UNSPECIFIED.,.F.,.F.,(7,
    5,7),(0.,0.526784082201,1.),.UNSPECIFIED.);
#2724 = CARTESIAN_POINT('',(29.220700325088,-30.06564633473,
    -2.285764705882));
#2725 = CARTESIAN_POINT('',(29.265593916029,-30.14340439414,
    -2.285764705882));
#2726 = CARTESIAN_POINT('',(29.307137190415,-30.22230746346,
    -2.285764705882));
#2727 = CARTESIAN_POINT('',(29.344826938871,-30.30242625787,
    -2.285764705882));
#2728 = CARTESIAN_POINT('',(29.377958680993,-30.38370639971,
    -2.285764705882));
#2729 = CARTESIAN_POINT('',(29.405630273881,-30.46596709596,
    -2.285764705882));
#2730 = CARTESIAN_POINT('',(29.445880118663,-30.62336319346,
    -2.285764705882));
#2731 = CARTESIAN_POINT('',(29.459702664467,-30.69835318531,
    -2.285764705882));
#2732 = CARTESIAN_POINT('',(29.467560321049,-30.7735562023,
    -2.285764705882));
#2733 = CARTESIAN_POINT('',(29.468654711891,-30.84847682916,
    -2.285764705882));
#2734 = CARTESIAN_POINT('',(29.462294500132,-30.92242851932,
    -2.285764705882));
#2735 = CARTESIAN_POINT('',(29.448364697394,-30.99456828975,
    -2.285764705882));
#2736 = ORIENTED_EDGE('',*,*,#2737,.T.);
#2737 = EDGE_CURVE('',#2721,#2738,#2740,.T.);
#2738 = VERTEX_POINT('',#2739);
#2739 = CARTESIAN_POINT('',(28.992411888922,-31.63179867204,
    -2.285764705882));
#2740 = B_SPLINE_CURVE_WITH_KNOTS('',5,(#2741,#2742,#2743,#2744,#2745,
    #2746,#2747,#2748,#2749,#2750,#2751,#2752,#2753,#2754),
  .UNSPECIFIED.,.F.,.F.,(6,4,4,6),(0.,0.356107686913,0.77407559832,1.),
  .UNSPECIFIED.);
#2741 = CARTESIAN_POINT('',(29.448364697394,-30.99456828975,
    -2.285764705882));
#2742 = CARTESIAN_POINT('',(29.43743550954,-31.05124061703,
    -2.285764705882));
#2743 = CARTESIAN_POINT('',(29.422566733939,-31.10675326374,
    -2.285764705882));
#2744 = CARTESIAN_POINT('',(29.403566645223,-31.16074034987,
    -2.285764705882));
#2745 = CARTESIAN_POINT('',(29.380372546762,-31.21283923248,
    -2.285764705882));
#2746 = CARTESIAN_POINT('',(29.321219169684,-31.32130047568,
    -2.285764705882));
#2747 = CARTESIAN_POINT('',(29.283726501235,-31.37685989254,
    -2.285764705882));
#2748 = CARTESIAN_POINT('',(29.240961285656,-31.42888850039,
    -2.285764705882));
#2749 = CARTESIAN_POINT('',(29.193522775275,-31.47721127564,
    -2.285764705882));
#2750 = CARTESIAN_POINT('',(29.114293527828,-31.54595618183,
    -2.285764705882));
#2751 = CARTESIAN_POINT('',(29.085323755201,-31.56899877082,
    -2.285764705882));
#2752 = CARTESIAN_POINT('',(29.055288136616,-31.59097034654,
    -2.285764705882));
#2753 = CARTESIAN_POINT('',(29.024286105324,-31.61189200305,
    -2.285764705882));
#2754 = CARTESIAN_POINT('',(28.992411888922,-31.63179867204,
    -2.285764705882));
#2755 = ORIENTED_EDGE('',*,*,#2756,.T.);
#2756 = EDGE_CURVE('',#2738,#2757,#2759,.T.);
#2757 = VERTEX_POINT('',#2758);
#2758 = CARTESIAN_POINT('',(28.64078748262,-31.07935078247,
    -2.285764705882));
#2759 = B_SPLINE_CURVE_WITH_KNOTS('',1,(#2760,#2761),.UNSPECIFIED.,.F.,
  .F.,(2,2),(0.,1.),.PIECEWISE_BEZIER_KNOTS.);
#2760 = CARTESIAN_POINT('',(28.992411888922,-31.63179867204,
    -2.285764705882));
#2761 = CARTESIAN_POINT('',(28.64078748262,-31.07935078247,
    -2.285764705882));
#2762 = ORIENTED_EDGE('',*,*,#2763,.T.);
#2763 = EDGE_CURVE('',#2757,#2764,#2766,.T.);
#2764 = VERTEX_POINT('',#2765);
#2765 = CARTESIAN_POINT('',(28.863711576324,-30.74255415824,
    -2.285764705882));
#2766 = B_SPLINE_CURVE_WITH_KNOTS('',5,(#2767,#2768,#2769,#2770,#2771,
    #2772,#2773,#2774,#2775,#2776),.UNSPECIFIED.,.F.,.F.,(6,4,6),(0.,
    0.543547527754,1.),.UNSPECIFIED.);
#2767 = CARTESIAN_POINT('',(28.64078748262,-31.07935078247,
    -2.285764705882));
#2768 = CARTESIAN_POINT('',(28.680034364916,-31.04701662921,
    -2.285764705882));
#2769 = CARTESIAN_POINT('',(28.716145105535,-31.01345500469,
    -2.285764705882));
#2770 = CARTESIAN_POINT('',(28.748647119077,-30.97863080926,
    -2.285764705882));
#2771 = CARTESIAN_POINT('',(28.776947775875,-30.94256294876,
    -2.285764705882));
#2772 = CARTESIAN_POINT('',(28.820340097524,-30.87416650183,
    -2.285764705882));
#2773 = CARTESIAN_POINT('',(28.836824260797,-30.84216207063,
    -2.285764705882));
#2774 = CARTESIAN_POINT('',(28.849678898716,-30.80946174003,
    -2.285764705882));
#2775 = CARTESIAN_POINT('',(28.858664004639,-30.77619601001,
    -2.285764705882));
#2776 = CARTESIAN_POINT('',(28.863711576324,-30.74255415824,
    -2.285764705882));
#2777 = ORIENTED_EDGE('',*,*,#2778,.T.);
#2778 = EDGE_CURVE('',#2764,#2779,#2781,.T.);
#2779 = VERTEX_POINT('',#2780);
#2780 = CARTESIAN_POINT('',(28.751859211896,-30.32867520532,
    -2.285764705882));
#2781 = B_SPLINE_CURVE_WITH_KNOTS('',5,(#2782,#2783,#2784,#2785,#2786,
    #2787,#2788,#2789,#2790,#2791),.UNSPECIFIED.,.F.,.F.,(6,4,6),(0.,
    0.441771483716,1.),.UNSPECIFIED.);
#2782 = CARTESIAN_POINT('',(28.863711576324,-30.74255415824,
    -2.285764705882));
#2783 = CARTESIAN_POINT('',(28.868719104734,-30.70929752971,
    -2.285764705882));
#2784 = CARTESIAN_POINT('',(28.86995905276,-30.67483372575,
    -2.285764705882));
#2785 = CARTESIAN_POINT('',(28.867521247838,-30.63939433148,
    -2.285764705882));
#2786 = CARTESIAN_POINT('',(28.861663737841,-30.60320858346,
    -2.285764705882));
#2787 = CARTESIAN_POINT('',(28.841320259114,-30.52004524856,
    -2.285764705882));
#2788 = CARTESIAN_POINT('',(28.824965805273,-30.47273737225,
    -2.285764705882));
#2789 = CARTESIAN_POINT('',(28.804202979654,-30.4249158436,
    -2.285764705882));
#2790 = CARTESIAN_POINT('',(28.779671766308,-30.37684760924,
    -2.285764705882));
#2791 = CARTESIAN_POINT('',(28.751859211896,-30.32867520532,
    -2.285764705882));
#2792 = ORIENTED_EDGE('',*,*,#2793,.T.);
#2793 = EDGE_CURVE('',#2779,#2794,#2796,.T.);
#2794 = VERTEX_POINT('',#2795);
#2795 = CARTESIAN_POINT('',(28.426530865627,-30.00095434433,
    -2.285764705882));
#2796 = B_SPLINE_CURVE_WITH_KNOTS('',5,(#2797,#2798,#2799,#2800,#2801,
    #2802,#2803,#2804,#2805,#2806),.UNSPECIFIED.,.F.,.F.,(6,4,6),(0.,
    0.548999329769,1.),.UNSPECIFIED.);
#2797 = CARTESIAN_POINT('',(28.751859211896,-30.32867520532,
    -2.285764705882));
#2798 = CARTESIAN_POINT('',(28.723273220559,-30.27916254077,
    -2.285764705882));
#2799 = CARTESIAN_POINT('',(28.692864415374,-30.23241886681,
    -2.285764705882));
#2800 = CARTESIAN_POINT('',(28.660504072274,-30.18888712722,
    -2.285764705882));
#2801 = CARTESIAN_POINT('',(28.626091091318,-30.14915016276,
    -2.285764705882));
#2802 = CARTESIAN_POINT('',(28.559688425183,-30.08472383966,
    -2.285764705882));
#2803 = CARTESIAN_POINT('',(28.528362050477,-30.05861327942,
    -2.285764705882));
#2804 = CARTESIAN_POINT('',(28.495670564882,-30.03576894102,
    -2.285764705882));
#2805 = CARTESIAN_POINT('',(28.461676429313,-30.0164908035,
    -2.285764705882));
#2806 = CARTESIAN_POINT('',(28.426530865627,-30.00095434433,
    -2.285764705882));
#2807 = ORIENTED_EDGE('',*,*,#2808,.T.);
#2808 = EDGE_CURVE('',#2794,#2809,#2811,.T.);
#2809 = VERTEX_POINT('',#2810);
#2810 = CARTESIAN_POINT('',(28.199251233168,-30.01221976836,
    -2.285764705882));
#2811 = B_SPLINE_CURVE_WITH_KNOTS('',5,(#2812,#2813,#2814,#2815,#2816,
    #2817,#2818,#2819,#2820,#2821),.UNSPECIFIED.,.F.,.F.,(6,4,6),(0.,
    0.518643998563,1.),.UNSPECIFIED.);
#2812 = CARTESIAN_POINT('',(28.426530865627,-30.00095434433,
    -2.285764705882));
#2813 = CARTESIAN_POINT('',(28.4024824564,-29.99029503131,
    -2.285764705882));
#2814 = CARTESIAN_POINT('',(28.378401159489,-29.98255179248,
    -2.285764705882));
#2815 = CARTESIAN_POINT('',(28.354364090809,-29.97787423049,
    -2.285764705882));
#2816 = CARTESIAN_POINT('',(28.33045389818,-29.97634913848,
    -2.285764705882));
#2817 = CARTESIAN_POINT('',(28.284765416849,-29.97947320598,
    -2.285764705882));
#2818 = CARTESIAN_POINT('',(28.262955069888,-29.98368651394,
    -2.285764705882));
#2819 = CARTESIAN_POINT('',(28.24139617574,-29.99060501048,
    -2.285764705882));
#2820 = CARTESIAN_POINT('',(28.220145890838,-30.00015623415,
    -2.285764705882));
#2821 = CARTESIAN_POINT('',(28.199251233168,-30.01221976836,
    -2.285764705882));
#2822 = ORIENTED_EDGE('',*,*,#2823,.T.);
#2823 = EDGE_CURVE('',#2809,#2824,#2826,.T.);
#2824 = VERTEX_POINT('',#2825);
#2825 = CARTESIAN_POINT('',(28.076368173337,-30.19546419667,
    -2.285764705882));
#2826 = B_SPLINE_CURVE_WITH_KNOTS('',5,(#2827,#2828,#2829,#2830,#2831,
    #2832,#2833,#2834,#2835,#2836),.UNSPECIFIED.,.F.,.F.,(6,4,6),(0.,
    0.365396717524,1.),.UNSPECIFIED.);
#2827 = CARTESIAN_POINT('',(28.199251233168,-30.01221976836,
    -2.285764705882));
#2828 = CARTESIAN_POINT('',(28.184622071564,-30.02066596171,
    -2.285764705882));
#2829 = CARTESIAN_POINT('',(28.170966643417,-30.03004280853,
    -2.285764705882));
#2830 = CARTESIAN_POINT('',(28.158320893466,-30.04035439862,
    -2.285764705882));
#2831 = CARTESIAN_POINT('',(28.146710456701,-30.05159432949,
    -2.285764705882));
#2832 = CARTESIAN_POINT('',(28.11781086593,-30.08484958657,
    -2.285764705882));
#2833 = CARTESIAN_POINT('',(28.102637727003,-30.10870459905,
    -2.285764705882));
#2834 = CARTESIAN_POINT('',(28.090714309944,-30.13521810381,
    -2.285764705882));
#2835 = CARTESIAN_POINT('',(28.08199846667,-30.16421304009,
    -2.285764705882));
#2836 = CARTESIAN_POINT('',(28.076368173337,-30.19546419667,
    -2.285764705882));
#2837 = ORIENTED_EDGE('',*,*,#2838,.T.);
#2838 = EDGE_CURVE('',#2824,#2839,#2841,.T.);
#2839 = VERTEX_POINT('',#2840);
#2840 = CARTESIAN_POINT('',(28.18784793108,-30.82530628519,
    -2.285764705882));
#2841 = B_SPLINE_CURVE_WITH_KNOTS('',8,(#2842,#2843,#2844,#2845,#2846,
    #2847,#2848,#2849,#2850,#2851,#2852,#2853,#2854,#2855,#2856,#2857),
  .UNSPECIFIED.,.F.,.F.,(9,7,9),(0.,0.263120406188,1.),.UNSPECIFIED.);
#2842 = CARTESIAN_POINT('',(28.076368173337,-30.19546419667,
    -2.285764705882));
#2843 = CARTESIAN_POINT('',(28.07382504453,-30.20959006758,
    -2.285764705882));
#2844 = CARTESIAN_POINT('',(28.07209698535,-30.22478707702,
    -2.285764705882));
#2845 = CARTESIAN_POINT('',(28.071125939117,-30.24092961239,
    -2.285764705882));
#2846 = CARTESIAN_POINT('',(28.070850241394,-30.25789825559,
    -2.285764705882));
#2847 = CARTESIAN_POINT('',(28.071209174958,-30.27558507498,
    -2.285764705882));
#2848 = CARTESIAN_POINT('',(28.072146162522,-30.29389732771,
    -2.285764705882));
#2849 = CARTESIAN_POINT('',(28.073610597203,-30.31275957226,
    -2.285764705882));
#2850 = CARTESIAN_POINT('',(28.081013046865,-30.38631759521,
    -2.285764705882));
#2851 = CARTESIAN_POINT('',(28.090237876014,-30.44418236573,
    -2.285764705882));
#2852 = CARTESIAN_POINT('',(28.102235886425,-30.50455314715,
    -2.285764705882));
#2853 = CARTESIAN_POINT('',(28.116426301925,-30.56670524727,
    -2.285764705882));
#2854 = CARTESIAN_POINT('',(28.132345152791,-30.63009839146,
    -2.285764705882));
#2855 = CARTESIAN_POINT('',(28.149684932012,-30.69440954102,
    -2.285764705882));
#2856 = CARTESIAN_POINT('',(28.168225624236,-30.7594760509,
    -2.285764705882));
#2857 = CARTESIAN_POINT('',(28.18784793108,-30.82530628519,
    -2.285764705882));
#2858 = ORIENTED_EDGE('',*,*,#2859,.T.);
#2859 = EDGE_CURVE('',#2839,#2299,#2860,.T.);
#2860 = B_SPLINE_CURVE_WITH_KNOTS('',7,(#2861,#2862,#2863,#2864,#2865,
    #2866,#2867,#2868,#2869,#2870,#2871,#2872,#2873,#2874),
  .UNSPECIFIED.,.F.,.F.,(8,6,8),(0.,0.928411119979,1.),.UNSPECIFIED.);
#2861 = CARTESIAN_POINT('',(28.18784793108,-30.82530628519,
    -2.285764705882));
#2862 = CARTESIAN_POINT('',(28.21859915722,-30.92836351026,
    -2.285764705882));
#2863 = CARTESIAN_POINT('',(28.247115242676,-31.03024081148,
    -2.285764705882));
#2864 = CARTESIAN_POINT('',(28.273070982378,-31.13092039031,
    -2.285764705882));
#2865 = CARTESIAN_POINT('',(28.295931477114,-31.23002869881,
    -2.285764705882));
#2866 = CARTESIAN_POINT('',(28.314817094131,-31.32674844714,
    -2.285764705882));
#2867 = CARTESIAN_POINT('',(28.328611333519,-31.41988802172,
    -2.285764705882));
#2868 = CARTESIAN_POINT('',(28.335825890863,-31.51421406785,
    -2.285764705882));
#2869 = CARTESIAN_POINT('',(28.336300037209,-31.52093225633,
    -2.285764705882));
#2870 = CARTESIAN_POINT('',(28.336730956973,-31.52761481934,
    -2.285764705882));
#2871 = CARTESIAN_POINT('',(28.33711771306,-31.53426058652,
    -2.285764705882));
#2872 = CARTESIAN_POINT('',(28.33745934313,-31.54086833348,
    -2.285764705882));
#2873 = CARTESIAN_POINT('',(28.337754859594,-31.54743678183,
    -2.285764705882));
#2874 = CARTESIAN_POINT('',(28.33800324962,-31.55396459915,
    -2.285764705882));
#2875 = ORIENTED_EDGE('',*,*,#2305,.T.);
#2876 = ORIENTED_EDGE('',*,*,#2344,.T.);
#2877 = ORIENTED_EDGE('',*,*,#2375,.T.);
#2878 = ORIENTED_EDGE('',*,*,#2879,.T.);
#2879 = EDGE_CURVE('',#2376,#2880,#2882,.T.);
#2880 = VERTEX_POINT('',#2881);
#2881 = CARTESIAN_POINT('',(29.523916865538,-31.79794633158,
    -2.285764705882));
#2882 = B_SPLINE_CURVE_WITH_KNOTS('',1,(#2883,#2884),.UNSPECIFIED.,.F.,
  .F.,(2,2),(0.,1.),.PIECEWISE_BEZIER_KNOTS.);
#2883 = CARTESIAN_POINT('',(30.004655138772,-32.63060944596,
    -2.285764705882));
#2884 = CARTESIAN_POINT('',(29.523916865538,-31.79794633158,
    -2.285764705882));
#2885 = ORIENTED_EDGE('',*,*,#2886,.T.);
#2886 = EDGE_CURVE('',#2880,#2887,#2889,.T.);
#2887 = VERTEX_POINT('',#2888);
#2888 = CARTESIAN_POINT('',(29.997609659499,-31.52445966947,
    -2.285764705882));
#2889 = B_SPLINE_CURVE_WITH_KNOTS('',1,(#2890,#2891),.UNSPECIFIED.,.F.,
  .F.,(2,2),(0.,1.),.PIECEWISE_BEZIER_KNOTS.);
#2890 = CARTESIAN_POINT('',(29.523916865538,-31.79794633158,
    -2.285764705882));
#2891 = CARTESIAN_POINT('',(29.997609659499,-31.52445966947,
    -2.285764705882));
#2892 = ORIENTED_EDGE('',*,*,#2893,.T.);
#2893 = EDGE_CURVE('',#2887,#2894,#2896,.T.);
#2894 = VERTEX_POINT('',#2895);
#2895 = CARTESIAN_POINT('',(31.285104115403,-33.75446548156,
    -2.285764705882));
#2896 = B_SPLINE_CURVE_WITH_KNOTS('',1,(#2897,#2898),.UNSPECIFIED.,.F.,
  .F.,(2,2),(0.,1.),.PIECEWISE_BEZIER_KNOTS.);
#2897 = CARTESIAN_POINT('',(29.997609659499,-31.52445966947,
    -2.285764705882));
#2898 = CARTESIAN_POINT('',(31.285104115403,-33.75446548156,
    -2.285764705882));
#2899 = ORIENTED_EDGE('',*,*,#2900,.T.);
#2900 = EDGE_CURVE('',#2894,#2901,#2903,.T.);
#2901 = VERTEX_POINT('',#2902);
#2902 = CARTESIAN_POINT('',(30.811411321441,-34.02795214367,
    -2.285764705882));
#2903 = B_SPLINE_CURVE_WITH_KNOTS('',1,(#2904,#2905),.UNSPECIFIED.,.F.,
  .F.,(2,2),(0.,1.),.PIECEWISE_BEZIER_KNOTS.);
#2904 = CARTESIAN_POINT('',(31.285104115403,-33.75446548156,
    -2.285764705882));
#2905 = CARTESIAN_POINT('',(30.811411321441,-34.02795214367,
    -2.285764705882));
#2906 = ORIENTED_EDGE('',*,*,#2907,.T.);
#2907 = EDGE_CURVE('',#2901,#2425,#2908,.T.);
#2908 = B_SPLINE_CURVE_WITH_KNOTS('',1,(#2909,#2910),.UNSPECIFIED.,.F.,
  .F.,(2,2),(0.,1.),.PIECEWISE_BEZIER_KNOTS.);
#2909 = CARTESIAN_POINT('',(30.811411321441,-34.02795214367,
    -2.285764705882));
#2910 = CARTESIAN_POINT('',(30.331778193663,-33.19720319736,
    -2.285764705882));
#2911 = ORIENTED_EDGE('',*,*,#2431,.T.);
#2912 = ORIENTED_EDGE('',*,*,#2460,.T.);
#2913 = B_SPLINE_SURFACE_WITH_KNOTS('',1,1,(
    (#2914,#2915)
    ,(#2916,#2917
    )),.UNSPECIFIED.,.F.,.F.,.F.,(2,2),(2,2),(0.,16.),(0.,8.),
  .PIECEWISE_BEZIER_KNOTS.);
#2914 = CARTESIAN_POINT('',(26.968191177448,-29.52147058823,
    -2.285764705882));
#2915 = CARTESIAN_POINT('',(31.463372449798,-26.92617647058,
    -2.285764705882));
#2916 = CARTESIAN_POINT('',(32.158779412743,-38.51183313293,
    -2.285764705882));
#2917 = CARTESIAN_POINT('',(36.653960685092,-35.91653901528,
    -2.285764705882));
#2918 = ADVANCED_FACE('',(#2919),#3046,.F.);
#2919 = FACE_BOUND('',#2920,.F.);
#2920 = EDGE_LOOP('',(#2921,#2922,#2923,#2924,#2925,#2926,#2927,#2928,
    #2929,#2937,#2945,#2953,#2961,#2969,#2977,#2985,#2992,#3000,#3008,
    #3016,#3024,#3032,#3038,#3039,#3040,#3041,#3042,#3043,#3044,#3045));
#2921 = ORIENTED_EDGE('',*,*,#2118,.F.);
#2922 = ORIENTED_EDGE('',*,*,#2140,.F.);
#2923 = ORIENTED_EDGE('',*,*,#2165,.F.);
#2924 = ORIENTED_EDGE('',*,*,#2190,.F.);
#2925 = ORIENTED_EDGE('',*,*,#2215,.F.);
#2926 = ORIENTED_EDGE('',*,*,#2240,.F.);
#2927 = ORIENTED_EDGE('',*,*,#2265,.F.);
#2928 = ORIENTED_EDGE('',*,*,#2290,.F.);
#2929 = ORIENTED_EDGE('',*,*,#2930,.F.);
#2930 = EDGE_CURVE('',#2931,#2291,#2933,.T.);
#2931 = VERTEX_POINT('',#2932);
#2932 = CARTESIAN_POINT('',(28.18784793108,-30.82530628519,
    -2.383088235294));
#2933 = B_SPLINE_CURVE_WITH_KNOTS('',2,(#2934,#2935,#2936),
  .UNSPECIFIED.,.F.,.F.,(3,3),(0.,1.),.PIECEWISE_BEZIER_KNOTS.);
#2934 = CARTESIAN_POINT('',(28.18784793108,-30.82530628519,
    -2.383088235294));
#2935 = CARTESIAN_POINT('',(28.328171110251,-31.29557106669,
    -2.383088235294));
#2936 = CARTESIAN_POINT('',(28.33800324962,-31.55396459915,
    -2.383088235294));
#2937 = ORIENTED_EDGE('',*,*,#2938,.F.);
#2938 = EDGE_CURVE('',#2939,#2931,#2941,.T.);
#2939 = VERTEX_POINT('',#2940);
#2940 = CARTESIAN_POINT('',(28.076368173337,-30.19546419667,
    -2.383088235294));
#2941 = B_SPLINE_CURVE_WITH_KNOTS('',2,(#2942,#2943,#2944),
  .UNSPECIFIED.,.F.,.F.,(3,3),(0.,1.),.PIECEWISE_BEZIER_KNOTS.);
#2942 = CARTESIAN_POINT('',(28.076368173337,-30.19546419667,
    -2.383088235294));
#2943 = CARTESIAN_POINT('',(28.047652363115,-30.35496782733,
    -2.383088235294));
#2944 = CARTESIAN_POINT('',(28.18784793108,-30.82530628519,
    -2.383088235294));
#2945 = ORIENTED_EDGE('',*,*,#2946,.F.);
#2946 = EDGE_CURVE('',#2947,#2939,#2949,.T.);
#2947 = VERTEX_POINT('',#2948);
#2948 = CARTESIAN_POINT('',(28.199251233168,-30.01221976836,
    -2.383088235294));
#2949 = B_SPLINE_CURVE_WITH_KNOTS('',2,(#2950,#2951,#2952),
  .UNSPECIFIED.,.F.,.F.,(3,3),(0.,1.),.PIECEWISE_BEZIER_KNOTS.);
#2950 = CARTESIAN_POINT('',(28.199251233168,-30.01221976836,
    -2.383088235294));
#2951 = CARTESIAN_POINT('',(28.098948825826,-30.07012939023,
    -2.383088235294));
#2952 = CARTESIAN_POINT('',(28.076368173337,-30.19546419667,
    -2.383088235294));
#2953 = ORIENTED_EDGE('',*,*,#2954,.F.);
#2954 = EDGE_CURVE('',#2955,#2947,#2957,.T.);
#2955 = VERTEX_POINT('',#2956);
#2956 = CARTESIAN_POINT('',(28.426530865627,-30.00095434433,
    -2.383088235294));
#2957 = B_SPLINE_CURVE_WITH_KNOTS('',2,(#2958,#2959,#2960),
  .UNSPECIFIED.,.F.,.F.,(3,3),(0.,1.),.PIECEWISE_BEZIER_KNOTS.);
#2958 = CARTESIAN_POINT('',(28.426530865627,-30.00095434433,
    -2.383088235294));
#2959 = CARTESIAN_POINT('',(28.3089968697,-29.94885809556,
    -2.383088235294));
#2960 = CARTESIAN_POINT('',(28.199251233168,-30.01221976836,
    -2.383088235294));
#2961 = ORIENTED_EDGE('',*,*,#2962,.F.);
#2962 = EDGE_CURVE('',#2963,#2955,#2965,.T.);
#2963 = VERTEX_POINT('',#2964);
#2964 = CARTESIAN_POINT('',(28.751859211896,-30.32867520532,
    -2.383088235294));
#2965 = B_SPLINE_CURVE_WITH_KNOTS('',2,(#2966,#2967,#2968),
  .UNSPECIFIED.,.F.,.F.,(3,3),(0.,1.),.PIECEWISE_BEZIER_KNOTS.);
#2966 = CARTESIAN_POINT('',(28.751859211896,-30.32867520532,
    -2.383088235294));
#2967 = CARTESIAN_POINT('',(28.60929544811,-30.08174752313,
    -2.383088235294));
#2968 = CARTESIAN_POINT('',(28.426530865627,-30.00095434433,
    -2.383088235294));
#2969 = ORIENTED_EDGE('',*,*,#2970,.F.);
#2970 = EDGE_CURVE('',#2971,#2963,#2973,.T.);
#2971 = VERTEX_POINT('',#2972);
#2972 = CARTESIAN_POINT('',(28.863711576324,-30.74255415824,
    -2.383088235294));
#2973 = B_SPLINE_CURVE_WITH_KNOTS('',2,(#2974,#2975,#2976),
  .UNSPECIFIED.,.F.,.F.,(3,3),(0.,1.),.PIECEWISE_BEZIER_KNOTS.);
#2974 = CARTESIAN_POINT('',(28.863711576324,-30.74255415824,
    -2.383088235294));
#2975 = CARTESIAN_POINT('',(28.89000239386,-30.5679462152,
    -2.383088235294));
#2976 = CARTESIAN_POINT('',(28.751859211896,-30.32867520532,
    -2.383088235294));
#2977 = ORIENTED_EDGE('',*,*,#2978,.F.);
#2978 = EDGE_CURVE('',#2979,#2971,#2981,.T.);
#2979 = VERTEX_POINT('',#2980);
#2980 = CARTESIAN_POINT('',(28.64078748262,-31.07935078247,
    -2.383088235294));
#2981 = B_SPLINE_CURVE_WITH_KNOTS('',2,(#2982,#2983,#2984),
  .UNSPECIFIED.,.F.,.F.,(3,3),(0.,1.),.PIECEWISE_BEZIER_KNOTS.);
#2982 = CARTESIAN_POINT('',(28.64078748262,-31.07935078247,
    -2.383088235294));
#2983 = CARTESIAN_POINT('',(28.837494435151,-30.91728971247,
    -2.383088235294));
#2984 = CARTESIAN_POINT('',(28.863711576324,-30.74255415824,
    -2.383088235294));
#2985 = ORIENTED_EDGE('',*,*,#2986,.F.);
#2986 = EDGE_CURVE('',#2987,#2979,#2989,.T.);
#2987 = VERTEX_POINT('',#2988);
#2988 = CARTESIAN_POINT('',(28.992411888922,-31.63179867204,
    -2.383088235294));
#2989 = B_SPLINE_CURVE_WITH_KNOTS('',1,(#2990,#2991),.UNSPECIFIED.,.F.,
  .F.,(2,2),(0.,1.009299921064),.PIECEWISE_BEZIER_KNOTS.);
#2990 = CARTESIAN_POINT('',(28.992411888922,-31.63179867204,
    -2.383088235294));
#2991 = CARTESIAN_POINT('',(28.64078748262,-31.07935078247,
    -2.383088235294));
#2992 = ORIENTED_EDGE('',*,*,#2993,.F.);
#2993 = EDGE_CURVE('',#2994,#2987,#2996,.T.);
#2994 = VERTEX_POINT('',#2995);
#2995 = CARTESIAN_POINT('',(29.448364697394,-30.99456828975,
    -2.383088235294));
#2996 = B_SPLINE_CURVE_WITH_KNOTS('',2,(#2997,#2998,#2999),
  .UNSPECIFIED.,.F.,.F.,(3,3),(0.,1.),.PIECEWISE_BEZIER_KNOTS.);
#2997 = CARTESIAN_POINT('',(29.448364697394,-30.99456828975,
    -2.383088235294));
#2998 = CARTESIAN_POINT('',(29.371082600289,-31.39530746616,
    -2.383088235294));
#2999 = CARTESIAN_POINT('',(28.992411888922,-31.63179867204,
    -2.383088235294));
#3000 = ORIENTED_EDGE('',*,*,#3001,.F.);
#3001 = EDGE_CURVE('',#3002,#2994,#3004,.T.);
#3002 = VERTEX_POINT('',#3003);
#3003 = CARTESIAN_POINT('',(29.220700325088,-30.06564633473,
    -2.383088235294));
#3004 = B_SPLINE_CURVE_WITH_KNOTS('',2,(#3005,#3006,#3007),
  .UNSPECIFIED.,.F.,.F.,(3,3),(0.,1.),.PIECEWISE_BEZIER_KNOTS.);
#3005 = CARTESIAN_POINT('',(29.220700325088,-30.06564633473,
    -2.383088235294));
#3006 = CARTESIAN_POINT('',(29.525720470864,-30.59395672455,
    -2.383088235294));
#3007 = CARTESIAN_POINT('',(29.448364697394,-30.99456828975,
    -2.383088235294));
#3008 = ORIENTED_EDGE('',*,*,#3009,.F.);
#3009 = EDGE_CURVE('',#3010,#3002,#3012,.T.);
#3010 = VERTEX_POINT('',#3011);
#3011 = CARTESIAN_POINT('',(28.803951228491,-29.56985480929,
    -2.383088235294));
#3012 = B_SPLINE_CURVE_WITH_KNOTS('',2,(#3013,#3014,#3015),
  .UNSPECIFIED.,.F.,.F.,(3,3),(0.,1.),.PIECEWISE_BEZIER_KNOTS.);
#3013 = CARTESIAN_POINT('',(28.803951228491,-29.56985480929,
    -2.383088235294));
#3014 = CARTESIAN_POINT('',(29.033930743072,-29.74215192937,
    -2.383088235294));
#3015 = CARTESIAN_POINT('',(29.220700325088,-30.06564633473,
    -2.383088235294));
#3016 = ORIENTED_EDGE('',*,*,#3017,.F.);
#3017 = EDGE_CURVE('',#3018,#3010,#3020,.T.);
#3018 = VERTEX_POINT('',#3019);
#3019 = CARTESIAN_POINT('',(28.316626177523,-29.38415504736,
    -2.383088235294));
#3020 = B_SPLINE_CURVE_WITH_KNOTS('',2,(#3021,#3022,#3023),
  .UNSPECIFIED.,.F.,.F.,(3,3),(0.,1.),.PIECEWISE_BEZIER_KNOTS.);
#3021 = CARTESIAN_POINT('',(28.316626177523,-29.38415504736,
    -2.383088235294));
#3022 = CARTESIAN_POINT('',(28.574045390274,-29.39768530042,
    -2.383088235294));
#3023 = CARTESIAN_POINT('',(28.803951228491,-29.56985480929,
    -2.383088235294));
#3024 = ORIENTED_EDGE('',*,*,#3025,.F.);
#3025 = EDGE_CURVE('',#3026,#3018,#3028,.T.);
#3026 = VERTEX_POINT('',#3027);
#3027 = CARTESIAN_POINT('',(27.844255760257,-29.49489707837,
    -2.383088235294));
#3028 = B_SPLINE_CURVE_WITH_KNOTS('',2,(#3029,#3030,#3031),
  .UNSPECIFIED.,.F.,.F.,(3,3),(0.,1.),.PIECEWISE_BEZIER_KNOTS.);
#3029 = CARTESIAN_POINT('',(27.844255760257,-29.49489707837,
    -2.383088235294));
#3030 = CARTESIAN_POINT('',(28.059280641137,-29.37075240552,
    -2.383088235294));
#3031 = CARTESIAN_POINT('',(28.316626177523,-29.38415504736,
    -2.383088235294));
#3032 = ORIENTED_EDGE('',*,*,#3033,.F.);
#3033 = EDGE_CURVE('',#1893,#3026,#3034,.T.);
#3034 = B_SPLINE_CURVE_WITH_KNOTS('',2,(#3035,#3036,#3037),
  .UNSPECIFIED.,.F.,.F.,(3,3),(0.,1.),.PIECEWISE_BEZIER_KNOTS.);
#3035 = CARTESIAN_POINT('',(27.427239478997,-30.08021179485,
    -2.383088235294));
#3036 = CARTESIAN_POINT('',(27.510297236066,-29.68770812221,
    -2.383088235294));
#3037 = CARTESIAN_POINT('',(27.844255760257,-29.49489707837,
    -2.383088235294));
#3038 = ORIENTED_EDGE('',*,*,#1890,.F.);
#3039 = ORIENTED_EDGE('',*,*,#1943,.F.);
#3040 = ORIENTED_EDGE('',*,*,#1968,.F.);
#3041 = ORIENTED_EDGE('',*,*,#1993,.F.);
#3042 = ORIENTED_EDGE('',*,*,#2018,.F.);
#3043 = ORIENTED_EDGE('',*,*,#2043,.F.);
#3044 = ORIENTED_EDGE('',*,*,#2068,.F.);
#3045 = ORIENTED_EDGE('',*,*,#2093,.F.);
#3046 = B_SPLINE_SURFACE_WITH_KNOTS('',1,1,(
    (#3047,#3048)
    ,(#3049,#3050
    )),.UNSPECIFIED.,.F.,.F.,.F.,(2,2),(2,2),(-2.062695217685,
    1.99798792185),(-2.583449574023,2.590969030628),
  .PIECEWISE_BEZIER_KNOTS.);
#3047 = CARTESIAN_POINT('',(25.663381096264,-30.61875777511,
    -2.383088235294));
#3048 = CARTESIAN_POINT('',(28.570874797129,-28.94011550425,
    -2.383088235294));
#3049 = CARTESIAN_POINT('',(26.980714479472,-32.90044612534,
    -2.383088235294));
#3050 = CARTESIAN_POINT('',(29.888208180337,-31.22180385448,
    -2.383088235294));
#3051 = ADVANCED_FACE('',(#3052),#3062,.T.);
#3052 = FACE_BOUND('',#3053,.T.);
#3053 = EDGE_LOOP('',(#3054,#3055,#3056,#3057));
#3054 = ORIENTED_EDGE('',*,*,#3033,.F.);
#3055 = ORIENTED_EDGE('',*,*,#1928,.T.);
#3056 = ORIENTED_EDGE('',*,*,#2652,.T.);
#3057 = ORIENTED_EDGE('',*,*,#3058,.F.);
#3058 = EDGE_CURVE('',#3026,#2653,#3059,.T.);
#3059 = B_SPLINE_CURVE_WITH_KNOTS('',1,(#3060,#3061),.UNSPECIFIED.,.F.,
  .F.,(2,2),(0.,0.45),.PIECEWISE_BEZIER_KNOTS.);
#3060 = CARTESIAN_POINT('',(27.844255760257,-29.49489707837,
    -2.383088235294));
#3061 = CARTESIAN_POINT('',(27.844255760257,-29.49489707837,
    -2.091117647059));
#3062 = B_SPLINE_SURFACE_WITH_KNOTS('',2,1,(
    (#3063,#3064)
    ,(#3065,#3066)
    ,(#3067,#3068
    )),.UNSPECIFIED.,.F.,.F.,.F.,(3,3),(2,2),(0.,1.),(-0.45,0.),
  .PIECEWISE_BEZIER_KNOTS.);
#3063 = CARTESIAN_POINT('',(27.427239478997,-30.08021179485,
    -2.091117647059));
#3064 = CARTESIAN_POINT('',(27.427239478997,-30.08021179485,
    -2.383088235294));
#3065 = CARTESIAN_POINT('',(27.510297236066,-29.68770812221,
    -2.091117647059));
#3066 = CARTESIAN_POINT('',(27.510297236066,-29.68770812221,
    -2.383088235294));
#3067 = CARTESIAN_POINT('',(27.844255760257,-29.49489707837,
    -2.091117647059));
#3068 = CARTESIAN_POINT('',(27.844255760257,-29.49489707837,
    -2.383088235294));
#3069 = ADVANCED_FACE('',(#3070),#3080,.T.);
#3070 = FACE_BOUND('',#3071,.T.);
#3071 = EDGE_LOOP('',(#3072,#3073,#3078,#3079));
#3072 = ORIENTED_EDGE('',*,*,#2930,.F.);
#3073 = ORIENTED_EDGE('',*,*,#3074,.T.);
#3074 = EDGE_CURVE('',#2931,#2839,#3075,.T.);
#3075 = B_SPLINE_CURVE_WITH_KNOTS('',1,(#3076,#3077),.UNSPECIFIED.,.F.,
  .F.,(2,2),(0.,0.45),.PIECEWISE_BEZIER_KNOTS.);
#3076 = CARTESIAN_POINT('',(28.18784793108,-30.82530628519,
    -2.383088235294));
#3077 = CARTESIAN_POINT('',(28.18784793108,-30.82530628519,
    -2.091117647059));
#3078 = ORIENTED_EDGE('',*,*,#2859,.T.);
#3079 = ORIENTED_EDGE('',*,*,#2298,.F.);
#3080 = B_SPLINE_SURFACE_WITH_KNOTS('',2,1,(
    (#3081,#3082)
    ,(#3083,#3084)
    ,(#3085,#3086
    )),.UNSPECIFIED.,.F.,.F.,.F.,(3,3),(2,2),(0.,1.),(-0.45,0.),
  .PIECEWISE_BEZIER_KNOTS.);
#3081 = CARTESIAN_POINT('',(28.18784793108,-30.82530628519,
    -2.091117647059));
#3082 = CARTESIAN_POINT('',(28.18784793108,-30.82530628519,
    -2.383088235294));
#3083 = CARTESIAN_POINT('',(28.328171110251,-31.29557106669,
    -2.091117647059));
#3084 = CARTESIAN_POINT('',(28.328171110251,-31.29557106669,
    -2.383088235294));
#3085 = CARTESIAN_POINT('',(28.33800324962,-31.55396459915,
    -2.091117647059));
#3086 = CARTESIAN_POINT('',(28.33800324962,-31.55396459915,
    -2.383088235294));
#3087 = ADVANCED_FACE('',(#3088),#3126,.F.);
#3088 = FACE_BOUND('',#3089,.F.);
#3089 = EDGE_LOOP('',(#3090,#3091,#3092,#3093,#3100,#3107,#3114,#3121));
#3090 = ORIENTED_EDGE('',*,*,#2359,.F.);
#3091 = ORIENTED_EDGE('',*,*,#2395,.F.);
#3092 = ORIENTED_EDGE('',*,*,#2417,.F.);
#3093 = ORIENTED_EDGE('',*,*,#3094,.F.);
#3094 = EDGE_CURVE('',#3095,#2418,#3097,.T.);
#3095 = VERTEX_POINT('',#3096);
#3096 = CARTESIAN_POINT('',(30.811411321441,-34.02795214367,
    -2.383088235294));
#3097 = B_SPLINE_CURVE_WITH_KNOTS('',1,(#3098,#3099),.UNSPECIFIED.,.F.,
  .F.,(2,2),(0.,1.478470203488),.PIECEWISE_BEZIER_KNOTS.);
#3098 = CARTESIAN_POINT('',(30.811411321441,-34.02795214367,
    -2.383088235294));
#3099 = CARTESIAN_POINT('',(30.331778193663,-33.19720319736,
    -2.383088235294));
#3100 = ORIENTED_EDGE('',*,*,#3101,.F.);
#3101 = EDGE_CURVE('',#3102,#3095,#3104,.T.);
#3102 = VERTEX_POINT('',#3103);
#3103 = CARTESIAN_POINT('',(31.285104115403,-33.75446548156,
    -2.383088235294));
#3104 = B_SPLINE_CURVE_WITH_KNOTS('',1,(#3105,#3106),.UNSPECIFIED.,.F.,
  .F.,(2,2),(0.,0.843023255814),.PIECEWISE_BEZIER_KNOTS.);
#3105 = CARTESIAN_POINT('',(31.285104115403,-33.75446548156,
    -2.383088235294));
#3106 = CARTESIAN_POINT('',(30.811411321441,-34.02795214367,
    -2.383088235294));
#3107 = ORIENTED_EDGE('',*,*,#3108,.F.);
#3108 = EDGE_CURVE('',#3109,#3102,#3111,.T.);
#3109 = VERTEX_POINT('',#3110);
#3110 = CARTESIAN_POINT('',(29.997609659499,-31.52445966947,
    -2.383088235294));
#3111 = B_SPLINE_CURVE_WITH_KNOTS('',1,(#3112,#3113),.UNSPECIFIED.,.F.,
  .F.,(2,2),(0.,3.968704578488),.PIECEWISE_BEZIER_KNOTS.);
#3112 = CARTESIAN_POINT('',(29.997609659499,-31.52445966947,
    -2.383088235294));
#3113 = CARTESIAN_POINT('',(31.285104115403,-33.75446548156,
    -2.383088235294));
#3114 = ORIENTED_EDGE('',*,*,#3115,.F.);
#3115 = EDGE_CURVE('',#3116,#3109,#3118,.T.);
#3116 = VERTEX_POINT('',#3117);
#3117 = CARTESIAN_POINT('',(29.523916865538,-31.79794633158,
    -2.383088235294));
#3118 = B_SPLINE_CURVE_WITH_KNOTS('',1,(#3119,#3120),.UNSPECIFIED.,.F.,
  .F.,(2,2),(0.,0.843023255814),.PIECEWISE_BEZIER_KNOTS.);
#3119 = CARTESIAN_POINT('',(29.523916865538,-31.79794633158,
    -2.383088235294));
#3120 = CARTESIAN_POINT('',(29.997609659499,-31.52445966947,
    -2.383088235294));
#3121 = ORIENTED_EDGE('',*,*,#3122,.F.);
#3122 = EDGE_CURVE('',#2362,#3116,#3123,.T.);
#3123 = B_SPLINE_CURVE_WITH_KNOTS('',1,(#3124,#3125),.UNSPECIFIED.,.F.,
  .F.,(2,2),(0.,1.48187681686),.PIECEWISE_BEZIER_KNOTS.);
#3124 = CARTESIAN_POINT('',(30.004655138772,-32.63060944596,
    -2.383088235294));
#3125 = CARTESIAN_POINT('',(29.523916865538,-31.79794633158,
    -2.383088235294));
#3126 = B_SPLINE_SURFACE_WITH_KNOTS('',1,1,(
    (#3127,#3128)
    ,(#3129,#3130
    )),.UNSPECIFIED.,.F.,.F.,.F.,(2,2),(2,2),(-1.985141768507,
    1.983562809981),(-3.186057479685,1.813942520315),
  .PIECEWISE_BEZIER_KNOTS.);
#3127 = CARTESIAN_POINT('',(27.188121364281,-33.146518493,
    -2.383088235294));
#3128 = CARTESIAN_POINT('',(29.997609659499,-31.52445966947,
    -2.383088235294));
#3129 = CARTESIAN_POINT('',(28.475615820184,-35.37652430509,
    -2.383088235294));
#3130 = CARTESIAN_POINT('',(31.285104115403,-33.75446548156,
    -2.383088235294));
#3131 = ADVANCED_FACE('',(#3132),#3142,.T.);
#3132 = FACE_BOUND('',#3133,.T.);
#3133 = EDGE_LOOP('',(#3134,#3135,#3136,#3137));
#3134 = ORIENTED_EDGE('',*,*,#3122,.F.);
#3135 = ORIENTED_EDGE('',*,*,#2382,.T.);
#3136 = ORIENTED_EDGE('',*,*,#2879,.T.);
#3137 = ORIENTED_EDGE('',*,*,#3138,.F.);
#3138 = EDGE_CURVE('',#3116,#2880,#3139,.T.);
#3139 = B_SPLINE_CURVE_WITH_KNOTS('',1,(#3140,#3141),.UNSPECIFIED.,.F.,
  .F.,(2,2),(0.,0.45),.PIECEWISE_BEZIER_KNOTS.);
#3140 = CARTESIAN_POINT('',(29.523916865538,-31.79794633158,
    -2.383088235294));
#3141 = CARTESIAN_POINT('',(29.523916865538,-31.79794633158,
    -2.091117647059));
#3142 = B_SPLINE_SURFACE_WITH_KNOTS('',1,1,(
    (#3143,#3144)
    ,(#3145,#3146
    )),.UNSPECIFIED.,.F.,.F.,.F.,(2,2),(2,2),(0.,1.48187681686),(-0.45,
    0.),.PIECEWISE_BEZIER_KNOTS.);
#3143 = CARTESIAN_POINT('',(30.004655138772,-32.63060944596,
    -2.091117647059));
#3144 = CARTESIAN_POINT('',(30.004655138772,-32.63060944596,
    -2.383088235294));
#3145 = CARTESIAN_POINT('',(29.523916865538,-31.79794633158,
    -2.091117647059));
#3146 = CARTESIAN_POINT('',(29.523916865538,-31.79794633158,
    -2.383088235294));
#3147 = ADVANCED_FACE('',(#3148),#3158,.T.);
#3148 = FACE_BOUND('',#3149,.T.);
#3149 = EDGE_LOOP('',(#3150,#3151,#3156,#3157));
#3150 = ORIENTED_EDGE('',*,*,#3094,.F.);
#3151 = ORIENTED_EDGE('',*,*,#3152,.T.);
#3152 = EDGE_CURVE('',#3095,#2901,#3153,.T.);
#3153 = B_SPLINE_CURVE_WITH_KNOTS('',1,(#3154,#3155),.UNSPECIFIED.,.F.,
  .F.,(2,2),(0.,0.45),.PIECEWISE_BEZIER_KNOTS.);
#3154 = CARTESIAN_POINT('',(30.811411321441,-34.02795214367,
    -2.383088235294));
#3155 = CARTESIAN_POINT('',(30.811411321441,-34.02795214367,
    -2.091117647059));
#3156 = ORIENTED_EDGE('',*,*,#2907,.T.);
#3157 = ORIENTED_EDGE('',*,*,#2424,.F.);
#3158 = B_SPLINE_SURFACE_WITH_KNOTS('',1,1,(
    (#3159,#3160)
    ,(#3161,#3162
    )),.UNSPECIFIED.,.F.,.F.,.F.,(2,2),(2,2),(0.,1.478470203488),(-0.45,
    0.),.PIECEWISE_BEZIER_KNOTS.);
#3159 = CARTESIAN_POINT('',(30.811411321441,-34.02795214367,
    -2.091117647059));
#3160 = CARTESIAN_POINT('',(30.811411321441,-34.02795214367,
    -2.383088235294));
#3161 = CARTESIAN_POINT('',(30.331778193663,-33.19720319736,
    -2.091117647059));
#3162 = CARTESIAN_POINT('',(30.331778193663,-33.19720319736,
    -2.383088235294));
#3163 = ADVANCED_FACE('',(#3164),#3186,.T.);
#3164 = FACE_BOUND('',#3165,.T.);
#3165 = EDGE_LOOP('',(#3166,#3167,#3174,#3181));
#3166 = ORIENTED_EDGE('',*,*,#2550,.F.);
#3167 = ORIENTED_EDGE('',*,*,#3168,.T.);
#3168 = EDGE_CURVE('',#2551,#3169,#3171,.T.);
#3169 = VERTEX_POINT('',#3170);
#3170 = CARTESIAN_POINT('',(24.6036576047,-24.91672727804,
    -2.141117647059));
#3171 = B_SPLINE_CURVE_WITH_KNOTS('',1,(#3172,#3173),.UNSPECIFIED.,.F.,
  .F.,(2,2),(0.,0.45),.PIECEWISE_BEZIER_KNOTS.);
#3172 = CARTESIAN_POINT('',(24.6036576047,-24.91672727804,
    -2.383088235294));
#3173 = CARTESIAN_POINT('',(24.6036576047,-24.91672727804,
    -2.091117647059));
#3174 = ORIENTED_EDGE('',*,*,#3175,.F.);
#3175 = EDGE_CURVE('',#3176,#3169,#3178,.T.);
#3176 = VERTEX_POINT('',#3177);
#3177 = CARTESIAN_POINT('',(24.845684459501,-25.33593008735,
    -2.141117647059));
#3178 = B_SPLINE_CURVE_WITH_KNOTS('',1,(#3179,#3180),.UNSPECIFIED.,.F.,
  .F.,(2,2),(0.,1.),.PIECEWISE_BEZIER_KNOTS.);
#3179 = CARTESIAN_POINT('',(24.845684459501,-25.33593008735,
    -2.141117647059));
#3180 = CARTESIAN_POINT('',(24.6036576047,-24.91672727804,
    -2.141117647059));
#3181 = ORIENTED_EDGE('',*,*,#3182,.F.);
#3182 = EDGE_CURVE('',#2553,#3176,#3183,.T.);
#3183 = B_SPLINE_CURVE_WITH_KNOTS('',1,(#3184,#3185),.UNSPECIFIED.,.F.,
  .F.,(2,2),(0.,0.45),.PIECEWISE_BEZIER_KNOTS.);
#3184 = CARTESIAN_POINT('',(24.845684459501,-25.33593008735,
    -2.383088235294));
#3185 = CARTESIAN_POINT('',(24.845684459501,-25.33593008735,
    -2.091117647059));
#3186 = B_SPLINE_SURFACE_WITH_KNOTS('',1,1,(
    (#3187,#3188)
    ,(#3189,#3190
    )),.UNSPECIFIED.,.F.,.F.,.F.,(2,2),(2,2),(0.,0.746048328488),(-0.45,
    0.),.PIECEWISE_BEZIER_KNOTS.);
#3187 = CARTESIAN_POINT('',(24.6036576047,-24.91672727804,
    -2.091117647059));
#3188 = CARTESIAN_POINT('',(24.6036576047,-24.91672727804,
    -2.383088235294));
#3189 = CARTESIAN_POINT('',(24.845684459501,-25.33593008735,
    -2.091117647059));
#3190 = CARTESIAN_POINT('',(24.845684459501,-25.33593008735,
    -2.383088235294));
#3191 = ADVANCED_FACE('',(#3192),#3208,.T.);
#3192 = FACE_BOUND('',#3193,.T.);
#3193 = EDGE_LOOP('',(#3194,#3195,#3202,#3207));
#3194 = ORIENTED_EDGE('',*,*,#2559,.F.);
#3195 = ORIENTED_EDGE('',*,*,#3196,.T.);
#3196 = EDGE_CURVE('',#2560,#3197,#3199,.T.);
#3197 = VERTEX_POINT('',#3198);
#3198 = CARTESIAN_POINT('',(25.314196795642,-24.50649728488,
    -2.141117647059));
#3199 = B_SPLINE_CURVE_WITH_KNOTS('',1,(#3200,#3201),.UNSPECIFIED.,.F.,
  .F.,(2,2),(0.,0.45),.PIECEWISE_BEZIER_KNOTS.);
#3200 = CARTESIAN_POINT('',(25.314196795642,-24.50649728488,
    -2.383088235294));
#3201 = CARTESIAN_POINT('',(25.314196795642,-24.50649728488,
    -2.091117647059));
#3202 = ORIENTED_EDGE('',*,*,#3203,.F.);
#3203 = EDGE_CURVE('',#3169,#3197,#3204,.T.);
#3204 = B_SPLINE_CURVE_WITH_KNOTS('',1,(#3205,#3206),.UNSPECIFIED.,.F.,
  .F.,(2,2),(0.,1.),.PIECEWISE_BEZIER_KNOTS.);
#3205 = CARTESIAN_POINT('',(24.6036576047,-24.91672727804,
    -2.141117647059));
#3206 = CARTESIAN_POINT('',(25.314196795642,-24.50649728488,
    -2.141117647059));
#3207 = ORIENTED_EDGE('',*,*,#3168,.F.);
#3208 = B_SPLINE_SURFACE_WITH_KNOTS('',1,1,(
    (#3209,#3210)
    ,(#3211,#3212
    )),.UNSPECIFIED.,.F.,.F.,.F.,(2,2),(2,2),(0.,1.264534883721),(-0.45,
    0.),.PIECEWISE_BEZIER_KNOTS.);
#3209 = CARTESIAN_POINT('',(25.314196795642,-24.50649728488,
    -2.091117647059));
#3210 = CARTESIAN_POINT('',(25.314196795642,-24.50649728488,
    -2.383088235294));
#3211 = CARTESIAN_POINT('',(24.6036576047,-24.91672727804,
    -2.091117647059));
#3212 = CARTESIAN_POINT('',(24.6036576047,-24.91672727804,
    -2.383088235294));
#3213 = ADVANCED_FACE('',(#3214),#3230,.T.);
#3214 = FACE_BOUND('',#3215,.T.);
#3215 = EDGE_LOOP('',(#3216,#3217,#3224,#3229));
#3216 = ORIENTED_EDGE('',*,*,#2566,.F.);
#3217 = ORIENTED_EDGE('',*,*,#3218,.T.);
#3218 = EDGE_CURVE('',#2567,#3219,#3221,.T.);
#3219 = VERTEX_POINT('',#3220);
#3220 = CARTESIAN_POINT('',(25.569485395911,-24.94867011114,
    -2.141117647059));
#3221 = B_SPLINE_CURVE_WITH_KNOTS('',1,(#3222,#3223),.UNSPECIFIED.,.F.,
  .F.,(2,2),(0.,0.45),.PIECEWISE_BEZIER_KNOTS.);
#3222 = CARTESIAN_POINT('',(25.569485395911,-24.94867011114,
    -2.383088235294));
#3223 = CARTESIAN_POINT('',(25.569485395911,-24.94867011114,
    -2.091117647059));
#3224 = ORIENTED_EDGE('',*,*,#3225,.F.);
#3225 = EDGE_CURVE('',#3197,#3219,#3226,.T.);
#3226 = B_SPLINE_CURVE_WITH_KNOTS('',1,(#3227,#3228),.UNSPECIFIED.,.F.,
  .F.,(2,2),(0.,1.),.PIECEWISE_BEZIER_KNOTS.);
#3227 = CARTESIAN_POINT('',(25.314196795642,-24.50649728488,
    -2.141117647059));
#3228 = CARTESIAN_POINT('',(25.569485395911,-24.94867011114,
    -2.141117647059));
#3229 = ORIENTED_EDGE('',*,*,#3196,.F.);
#3230 = B_SPLINE_SURFACE_WITH_KNOTS('',1,1,(
    (#3231,#3232)
    ,(#3233,#3234
    )),.UNSPECIFIED.,.F.,.F.,.F.,(2,2),(2,2),(0.,0.786927688953),(-0.45,
    0.),.PIECEWISE_BEZIER_KNOTS.);
#3231 = CARTESIAN_POINT('',(25.569485395911,-24.94867011114,
    -2.091117647059));
#3232 = CARTESIAN_POINT('',(25.569485395911,-24.94867011114,
    -2.383088235294));
#3233 = CARTESIAN_POINT('',(25.314196795642,-24.50649728488,
    -2.091117647059));
#3234 = CARTESIAN_POINT('',(25.314196795642,-24.50649728488,
    -2.383088235294));
#3235 = ADVANCED_FACE('',(#3236),#3258,.T.);
#3236 = FACE_BOUND('',#3237,.T.);
#3237 = EDGE_LOOP('',(#3238,#3239,#3246,#3257));
#3238 = ORIENTED_EDGE('',*,*,#2573,.F.);
#3239 = ORIENTED_EDGE('',*,*,#3240,.T.);
#3240 = EDGE_CURVE('',#2574,#3241,#3243,.T.);
#3241 = VERTEX_POINT('',#3242);
#3242 = CARTESIAN_POINT('',(25.79862597395,-25.36765614349,
    -2.141117647059));
#3243 = B_SPLINE_CURVE_WITH_KNOTS('',1,(#3244,#3245),.UNSPECIFIED.,.F.,
  .F.,(2,2),(0.,0.45),.PIECEWISE_BEZIER_KNOTS.);
#3244 = CARTESIAN_POINT('',(25.79862597395,-25.36765614349,
    -2.383088235294));
#3245 = CARTESIAN_POINT('',(25.79862597395,-25.36765614349,
    -2.091117647059));
#3246 = ORIENTED_EDGE('',*,*,#3247,.F.);
#3247 = EDGE_CURVE('',#3219,#3241,#3248,.T.);
#3248 = B_SPLINE_CURVE_WITH_KNOTS('',7,(#3249,#3250,#3251,#3252,#3253,
    #3254,#3255,#3256),.UNSPECIFIED.,.F.,.F.,(8,8),(0.,1.),
  .PIECEWISE_BEZIER_KNOTS.);
#3249 = CARTESIAN_POINT('',(25.569485395911,-24.94867011114,
    -2.141117647059));
#3250 = CARTESIAN_POINT('',(25.619302877454,-25.03495652027,
    -2.141117647059));
#3251 = CARTESIAN_POINT('',(25.66521380106,-25.11528523261,
    -2.141117647059));
#3252 = CARTESIAN_POINT('',(25.706436479239,-25.18843446121,
    -2.141117647059));
#3253 = CARTESIAN_POINT('',(25.741790842543,-25.25252480446,
    -2.141117647059));
#3254 = CARTESIAN_POINT('',(25.769843658122,-25.30524637964,
    -2.141117647059));
#3255 = CARTESIAN_POINT('',(25.789066253295,-25.34410494474,
    -2.141117647059));
#3256 = CARTESIAN_POINT('',(25.79862597395,-25.36765614349,
    -2.141117647059));
#3257 = ORIENTED_EDGE('',*,*,#3218,.F.);
#3258 = B_SPLINE_SURFACE_WITH_KNOTS('',2,1,(
    (#3259,#3260)
    ,(#3261,#3262)
    ,(#3263,#3264
    )),.UNSPECIFIED.,.F.,.F.,.F.,(3,3),(2,2),(0.,1.),(-0.45,0.),
  .PIECEWISE_BEZIER_KNOTS.);
#3259 = CARTESIAN_POINT('',(25.79862597395,-25.36765614349,
    -2.091117647059));
#3260 = CARTESIAN_POINT('',(25.79862597395,-25.36765614349,
    -2.383088235294));
#3261 = CARTESIAN_POINT('',(25.768411577939,-25.29322036536,
    -2.091117647059));
#3262 = CARTESIAN_POINT('',(25.768411577939,-25.29322036536,
    -2.383088235294));
#3263 = CARTESIAN_POINT('',(25.569485395911,-24.94867011114,
    -2.091117647059));
#3264 = CARTESIAN_POINT('',(25.569485395911,-24.94867011114,
    -2.383088235294));
#3265 = ADVANCED_FACE('',(#3266),#3290,.T.);
#3266 = FACE_BOUND('',#3267,.T.);
#3267 = EDGE_LOOP('',(#3268,#3269,#3276,#3289));
#3268 = ORIENTED_EDGE('',*,*,#2581,.F.);
#3269 = ORIENTED_EDGE('',*,*,#3270,.T.);
#3270 = EDGE_CURVE('',#2582,#3271,#3273,.T.);
#3271 = VERTEX_POINT('',#3272);
#3272 = CARTESIAN_POINT('',(25.811939606342,-25.64445742786,
    -2.141117647059));
#3273 = B_SPLINE_CURVE_WITH_KNOTS('',1,(#3274,#3275),.UNSPECIFIED.,.F.,
  .F.,(2,2),(0.,0.45),.PIECEWISE_BEZIER_KNOTS.);
#3274 = CARTESIAN_POINT('',(25.811939606342,-25.64445742786,
    -2.383088235294));
#3275 = CARTESIAN_POINT('',(25.811939606342,-25.64445742786,
    -2.091117647059));
#3276 = ORIENTED_EDGE('',*,*,#3277,.F.);
#3277 = EDGE_CURVE('',#3241,#3271,#3278,.T.);
#3278 = B_SPLINE_CURVE_WITH_KNOTS('',5,(#3279,#3280,#3281,#3282,#3283,
    #3284,#3285,#3286,#3287,#3288),.UNSPECIFIED.,.F.,.F.,(6,4,6),(0.,
    0.891496647064,1.),.UNSPECIFIED.);
#3279 = CARTESIAN_POINT('',(25.79862597395,-25.36765614349,
    -2.141117647059));
#3280 = CARTESIAN_POINT('',(25.81863611833,-25.4209224622,
    -2.141117647059));
#3281 = CARTESIAN_POINT('',(25.831011126004,-25.47263370072,
    -2.141117647059));
#3282 = CARTESIAN_POINT('',(25.835467519075,-25.52260746282,
    -2.141117647059));
#3283 = CARTESIAN_POINT('',(25.831857221285,-25.5706836333,
    -2.141117647059));
#3284 = CARTESIAN_POINT('',(25.818797092248,-25.62233981827,
    -2.141117647059));
#3285 = CARTESIAN_POINT('',(25.817261027632,-25.62791471707,
    -2.141117647059));
#3286 = CARTESIAN_POINT('',(25.815606022826,-25.63345942423,
    -2.141117647059));
#3287 = CARTESIAN_POINT('',(25.813832171896,-25.63897372836,
    -2.141117647059));
#3288 = CARTESIAN_POINT('',(25.811939606342,-25.64445742786,
    -2.141117647059));
#3289 = ORIENTED_EDGE('',*,*,#3240,.F.);
#3290 = B_SPLINE_SURFACE_WITH_KNOTS('',2,1,(
    (#3291,#3292)
    ,(#3293,#3294)
    ,(#3295,#3296
    )),.UNSPECIFIED.,.F.,.F.,.F.,(3,3),(2,2),(0.,1.),(-0.45,0.),
  .PIECEWISE_BEZIER_KNOTS.);
#3291 = CARTESIAN_POINT('',(25.811939606342,-25.64445742786,
    -2.091117647059));
#3292 = CARTESIAN_POINT('',(25.811939606342,-25.64445742786,
    -2.383088235294));
#3293 = CARTESIAN_POINT('',(25.855354041018,-25.51866431428,
    -2.091117647059));
#3294 = CARTESIAN_POINT('',(25.855354041018,-25.51866431428,
    -2.383088235294));
#3295 = CARTESIAN_POINT('',(25.79862597395,-25.36765614349,
    -2.091117647059));
#3296 = CARTESIAN_POINT('',(25.79862597395,-25.36765614349,
    -2.383088235294));
#3297 = ADVANCED_FACE('',(#3298),#3322,.T.);
#3298 = FACE_BOUND('',#3299,.T.);
#3299 = EDGE_LOOP('',(#3300,#3301,#3308,#3321));
#3300 = ORIENTED_EDGE('',*,*,#2589,.F.);
#3301 = ORIENTED_EDGE('',*,*,#3302,.T.);
#3302 = EDGE_CURVE('',#2590,#3303,#3305,.T.);
#3303 = VERTEX_POINT('',#3304);
#3304 = CARTESIAN_POINT('',(25.627460855003,-25.8518642109,
    -2.141117647059));
#3305 = B_SPLINE_CURVE_WITH_KNOTS('',1,(#3306,#3307),.UNSPECIFIED.,.F.,
  .F.,(2,2),(0.,0.45),.PIECEWISE_BEZIER_KNOTS.);
#3306 = CARTESIAN_POINT('',(25.627460855003,-25.8518642109,
    -2.383088235294));
#3307 = CARTESIAN_POINT('',(25.627460855003,-25.8518642109,
    -2.091117647059));
#3308 = ORIENTED_EDGE('',*,*,#3309,.F.);
#3309 = EDGE_CURVE('',#3271,#3303,#3310,.T.);
#3310 = B_SPLINE_CURVE_WITH_KNOTS('',5,(#3311,#3312,#3313,#3314,#3315,
    #3316,#3317,#3318,#3319,#3320),.UNSPECIFIED.,.F.,.F.,(6,4,6),(0.,
    0.113447308709,1.),.UNSPECIFIED.);
#3311 = CARTESIAN_POINT('',(25.811939606342,-25.64445742786,
    -2.141117647059));
#3312 = CARTESIAN_POINT('',(25.80996946298,-25.65019495784,
    -2.141117647059));
#3313 = CARTESIAN_POINT('',(25.807871659058,-25.65587577014,
    -2.141117647059));
#3314 = CARTESIAN_POINT('',(25.805646214129,-25.66149956384,
    -2.141117647059));
#3315 = CARTESIAN_POINT('',(25.803293195669,-25.66706605905,
    -2.141117647059));
#3316 = CARTESIAN_POINT('',(25.781428625872,-25.71562550026,
    -2.141117647059));
#3317 = CARTESIAN_POINT('',(25.754260038768,-25.75516278118,
    -2.141117647059));
#3318 = CARTESIAN_POINT('',(25.719362994835,-25.79105745798,
    -2.141117647059));
#3319 = CARTESIAN_POINT('',(25.676974333214,-25.82327759093,
    -2.141117647059));
#3320 = CARTESIAN_POINT('',(25.627460855003,-25.8518642109,
    -2.141117647059));
#3321 = ORIENTED_EDGE('',*,*,#3270,.F.);
#3322 = B_SPLINE_SURFACE_WITH_KNOTS('',2,1,(
    (#3323,#3324)
    ,(#3325,#3326)
    ,(#3327,#3328
    )),.UNSPECIFIED.,.F.,.F.,.F.,(3,3),(2,2),(0.,1.),(-0.45,0.),
  .PIECEWISE_BEZIER_KNOTS.);
#3323 = CARTESIAN_POINT('',(25.627460855003,-25.8518642109,
    -2.091117647059));
#3324 = CARTESIAN_POINT('',(25.627460855003,-25.8518642109,
    -2.383088235294));
#3325 = CARTESIAN_POINT('',(25.768726459236,-25.77030447627,
    -2.091117647059));
#3326 = CARTESIAN_POINT('',(25.768726459236,-25.77030447627,
    -2.383088235294));
#3327 = CARTESIAN_POINT('',(25.811939606342,-25.64445742786,
    -2.091117647059));
#3328 = CARTESIAN_POINT('',(25.811939606342,-25.64445742786,
    -2.383088235294));
#3329 = ADVANCED_FACE('',(#3330),#3350,.T.);
#3330 = FACE_BOUND('',#3331,.T.);
#3331 = EDGE_LOOP('',(#3332,#3333,#3340,#3349));
#3332 = ORIENTED_EDGE('',*,*,#2597,.F.);
#3333 = ORIENTED_EDGE('',*,*,#3334,.T.);
#3334 = EDGE_CURVE('',#2598,#3335,#3337,.T.);
#3335 = VERTEX_POINT('',#3336);
#3336 = CARTESIAN_POINT('',(25.384130836252,-25.91578413957,
    -2.141117647059));
#3337 = B_SPLINE_CURVE_WITH_KNOTS('',1,(#3338,#3339),.UNSPECIFIED.,.F.,
  .F.,(2,2),(0.,0.45),.PIECEWISE_BEZIER_KNOTS.);
#3338 = CARTESIAN_POINT('',(25.384130836252,-25.91578413957,
    -2.383088235294));
#3339 = CARTESIAN_POINT('',(25.384130836252,-25.91578413957,
    -2.091117647059));
#3340 = ORIENTED_EDGE('',*,*,#3341,.F.);
#3341 = EDGE_CURVE('',#3303,#3335,#3342,.T.);
#3342 = B_SPLINE_CURVE_WITH_KNOTS('',5,(#3343,#3344,#3345,#3346,#3347,
    #3348),.UNSPECIFIED.,.F.,.F.,(6,6),(0.,1.),
  .PIECEWISE_BEZIER_KNOTS.);
#3343 = CARTESIAN_POINT('',(25.627460855003,-25.8518642109,
    -2.141117647059));
#3344 = CARTESIAN_POINT('',(25.577478751043,-25.88072139208,
    -2.141117647059));
#3345 = CARTESIAN_POINT('',(25.528040369833,-25.90174397888,
    -2.141117647059));
#3346 = CARTESIAN_POINT('',(25.479262318947,-25.91466982139,
    -2.141117647059));
#3347 = CARTESIAN_POINT('',(25.431257245001,-25.91935019491,
    -2.141117647059));
#3348 = CARTESIAN_POINT('',(25.384130836252,-25.91578413957,
    -2.141117647059));
#3349 = ORIENTED_EDGE('',*,*,#3302,.F.);
#3350 = B_SPLINE_SURFACE_WITH_KNOTS('',2,1,(
    (#3351,#3352)
    ,(#3353,#3354)
    ,(#3355,#3356
    )),.UNSPECIFIED.,.F.,.F.,.F.,(3,3),(2,2),(0.,1.),(-0.45,0.),
  .PIECEWISE_BEZIER_KNOTS.);
#3351 = CARTESIAN_POINT('',(25.384130836252,-25.91578413957,
    -2.091117647059));
#3352 = CARTESIAN_POINT('',(25.384130836252,-25.91578413957,
    -2.383088235294));
#3353 = CARTESIAN_POINT('',(25.501380984196,-25.92465645825,
    -2.091117647059));
#3354 = CARTESIAN_POINT('',(25.501380984196,-25.92465645825,
    -2.383088235294));
#3355 = CARTESIAN_POINT('',(25.627460855003,-25.8518642109,
    -2.091117647059));
#3356 = CARTESIAN_POINT('',(25.627460855003,-25.8518642109,
    -2.383088235294));
#3357 = ADVANCED_FACE('',(#3358),#3380,.T.);
#3358 = FACE_BOUND('',#3359,.T.);
#3359 = EDGE_LOOP('',(#3360,#3361,#3368,#3379));
#3360 = ORIENTED_EDGE('',*,*,#2605,.F.);
#3361 = ORIENTED_EDGE('',*,*,#3362,.T.);
#3362 = EDGE_CURVE('',#2606,#3363,#3365,.T.);
#3363 = VERTEX_POINT('',#3364);
#3364 = CARTESIAN_POINT('',(25.173980564938,-25.82527985453,
    -2.141117647059));
#3365 = B_SPLINE_CURVE_WITH_KNOTS('',1,(#3366,#3367),.UNSPECIFIED.,.F.,
  .F.,(2,2),(0.,0.45),.PIECEWISE_BEZIER_KNOTS.);
#3366 = CARTESIAN_POINT('',(25.173980564938,-25.82527985453,
    -2.383088235294));
#3367 = CARTESIAN_POINT('',(25.173980564938,-25.82527985453,
    -2.091117647059));
#3368 = ORIENTED_EDGE('',*,*,#3369,.F.);
#3369 = EDGE_CURVE('',#3335,#3363,#3370,.T.);
#3370 = B_SPLINE_CURVE_WITH_KNOTS('',4,(#3371,#3372,#3373,#3374,#3375,
    #3376,#3377,#3378),.UNSPECIFIED.,.F.,.F.,(5,3,5),(0.,0.371776756282,
    1.),.UNSPECIFIED.);
#3371 = CARTESIAN_POINT('',(25.384130836252,-25.91578413957,
    -2.141117647059));
#3372 = CARTESIAN_POINT('',(25.362368280998,-25.91412188295,
    -2.141117647059));
#3373 = CARTESIAN_POINT('',(25.341138100703,-25.91078662196,
    -2.141117647059));
#3374 = CARTESIAN_POINT('',(25.320453878787,-25.90577149222,
    -2.141117647059));
#3375 = CARTESIAN_POINT('',(25.266314198384,-25.88777264567,
    -2.141117647059));
#3376 = CARTESIAN_POINT('',(25.233890846366,-25.87167838165,
    -2.141117647059));
#3377 = CARTESIAN_POINT('',(25.203106215441,-25.85081458631,
    -2.141117647059));
#3378 = CARTESIAN_POINT('',(25.173980564938,-25.82527985453,
    -2.141117647059));
#3379 = ORIENTED_EDGE('',*,*,#3334,.F.);
#3380 = B_SPLINE_SURFACE_WITH_KNOTS('',2,1,(
    (#3381,#3382)
    ,(#3383,#3384)
    ,(#3385,#3386
    )),.UNSPECIFIED.,.F.,.F.,.F.,(3,3),(2,2),(0.,1.),(-0.45,0.),
  .PIECEWISE_BEZIER_KNOTS.);
#3381 = CARTESIAN_POINT('',(25.173980564938,-25.82527985453,
    -2.091117647059));
#3382 = CARTESIAN_POINT('',(25.173980564938,-25.82527985453,
    -2.383088235294));
#3383 = CARTESIAN_POINT('',(25.267008299513,-25.90683814452,
    -2.091117647059));
#3384 = CARTESIAN_POINT('',(25.267008299513,-25.90683814452,
    -2.383088235294));
#3385 = CARTESIAN_POINT('',(25.384130836252,-25.91578413957,
    -2.091117647059));
#3386 = CARTESIAN_POINT('',(25.384130836252,-25.91578413957,
    -2.383088235294));
#3387 = ADVANCED_FACE('',(#3388),#3404,.T.);
#3388 = FACE_BOUND('',#3389,.T.);
#3389 = EDGE_LOOP('',(#3390,#3391,#3392,#3403));
#3390 = ORIENTED_EDGE('',*,*,#2613,.F.);
#3391 = ORIENTED_EDGE('',*,*,#3182,.T.);
#3392 = ORIENTED_EDGE('',*,*,#3393,.F.);
#3393 = EDGE_CURVE('',#3363,#3176,#3394,.T.);
#3394 = B_SPLINE_CURVE_WITH_KNOTS('',7,(#3395,#3396,#3397,#3398,#3399,
    #3400,#3401,#3402),.UNSPECIFIED.,.F.,.F.,(8,8),(0.,1.),
  .PIECEWISE_BEZIER_KNOTS.);
#3395 = CARTESIAN_POINT('',(25.173980564938,-25.82527985453,
    -2.141117647059));
#3396 = CARTESIAN_POINT('',(25.143676238629,-25.79865123817,
    -2.141117647059));
#3397 = CARTESIAN_POINT('',(25.105495251526,-25.75263201424,
    -2.141117647059));
#3398 = CARTESIAN_POINT('',(25.060840893775,-25.6898961254,
    -2.141117647059));
#3399 = CARTESIAN_POINT('',(25.011424194099,-25.61423250701,
    -2.141117647059));
#3400 = CARTESIAN_POINT('',(24.958567149713,-25.52868850095,
    -2.141117647059));
#3401 = CARTESIAN_POINT('',(24.903189311647,-25.43553141295,
    -2.141117647059));
#3402 = CARTESIAN_POINT('',(24.845684459501,-25.33593008735,
    -2.141117647059));
#3403 = ORIENTED_EDGE('',*,*,#3362,.F.);
#3404 = B_SPLINE_SURFACE_WITH_KNOTS('',2,1,(
    (#3405,#3406)
    ,(#3407,#3408)
    ,(#3409,#3410
    )),.UNSPECIFIED.,.F.,.F.,.F.,(3,3),(2,2),(0.,1.),(-0.45,0.),
  .PIECEWISE_BEZIER_KNOTS.);
#3405 = CARTESIAN_POINT('',(24.845684459501,-25.33593008735,
    -2.091117647059));
#3406 = CARTESIAN_POINT('',(24.845684459501,-25.33593008735,
    -2.383088235294));
#3407 = CARTESIAN_POINT('',(25.081080441567,-25.74364788818,
    -2.091117647059));
#3408 = CARTESIAN_POINT('',(25.081080441567,-25.74364788818,
    -2.383088235294));
#3409 = CARTESIAN_POINT('',(25.173980564938,-25.82527985453,
    -2.091117647059));
#3410 = CARTESIAN_POINT('',(25.173980564938,-25.82527985453,
    -2.383088235294));
#3411 = ADVANCED_FACE('',(#3412),#3422,.T.);
#3412 = FACE_BOUND('',#3413,.T.);
#3413 = EDGE_LOOP('',(#3414,#3415,#3420,#3421));
#3414 = ORIENTED_EDGE('',*,*,#3101,.F.);
#3415 = ORIENTED_EDGE('',*,*,#3416,.T.);
#3416 = EDGE_CURVE('',#3102,#2894,#3417,.T.);
#3417 = B_SPLINE_CURVE_WITH_KNOTS('',1,(#3418,#3419),.UNSPECIFIED.,.F.,
  .F.,(2,2),(0.,0.45),.PIECEWISE_BEZIER_KNOTS.);
#3418 = CARTESIAN_POINT('',(31.285104115403,-33.75446548156,
    -2.383088235294));
#3419 = CARTESIAN_POINT('',(31.285104115403,-33.75446548156,
    -2.091117647059));
#3420 = ORIENTED_EDGE('',*,*,#2900,.T.);
#3421 = ORIENTED_EDGE('',*,*,#3152,.F.);
#3422 = B_SPLINE_SURFACE_WITH_KNOTS('',1,1,(
    (#3423,#3424)
    ,(#3425,#3426
    )),.UNSPECIFIED.,.F.,.F.,.F.,(2,2),(2,2),(0.,0.843023255814),(-0.45,
    0.),.PIECEWISE_BEZIER_KNOTS.);
#3423 = CARTESIAN_POINT('',(31.285104115403,-33.75446548156,
    -2.091117647059));
#3424 = CARTESIAN_POINT('',(31.285104115403,-33.75446548156,
    -2.383088235294));
#3425 = CARTESIAN_POINT('',(30.811411321441,-34.02795214367,
    -2.091117647059));
#3426 = CARTESIAN_POINT('',(30.811411321441,-34.02795214367,
    -2.383088235294));
#3427 = ADVANCED_FACE('',(#3428),#3438,.T.);
#3428 = FACE_BOUND('',#3429,.T.);
#3429 = EDGE_LOOP('',(#3430,#3431,#3436,#3437));
#3430 = ORIENTED_EDGE('',*,*,#3108,.F.);
#3431 = ORIENTED_EDGE('',*,*,#3432,.T.);
#3432 = EDGE_CURVE('',#3109,#2887,#3433,.T.);
#3433 = B_SPLINE_CURVE_WITH_KNOTS('',1,(#3434,#3435),.UNSPECIFIED.,.F.,
  .F.,(2,2),(0.,0.45),.PIECEWISE_BEZIER_KNOTS.);
#3434 = CARTESIAN_POINT('',(29.997609659499,-31.52445966947,
    -2.383088235294));
#3435 = CARTESIAN_POINT('',(29.997609659499,-31.52445966947,
    -2.091117647059));
#3436 = ORIENTED_EDGE('',*,*,#2893,.T.);
#3437 = ORIENTED_EDGE('',*,*,#3416,.F.);
#3438 = B_SPLINE_SURFACE_WITH_KNOTS('',1,1,(
    (#3439,#3440)
    ,(#3441,#3442
    )),.UNSPECIFIED.,.F.,.F.,.F.,(2,2),(2,2),(0.,3.968704578488),(-0.45,
    0.),.PIECEWISE_BEZIER_KNOTS.);
#3439 = CARTESIAN_POINT('',(29.997609659499,-31.52445966947,
    -2.091117647059));
#3440 = CARTESIAN_POINT('',(29.997609659499,-31.52445966947,
    -2.383088235294));
#3441 = CARTESIAN_POINT('',(31.285104115403,-33.75446548156,
    -2.091117647059));
#3442 = CARTESIAN_POINT('',(31.285104115403,-33.75446548156,
    -2.383088235294));
#3443 = ADVANCED_FACE('',(#3444),#3450,.T.);
#3444 = FACE_BOUND('',#3445,.T.);
#3445 = EDGE_LOOP('',(#3446,#3447,#3448,#3449));
#3446 = ORIENTED_EDGE('',*,*,#3115,.F.);
#3447 = ORIENTED_EDGE('',*,*,#3138,.T.);
#3448 = ORIENTED_EDGE('',*,*,#2886,.T.);
#3449 = ORIENTED_EDGE('',*,*,#3432,.F.);
#3450 = B_SPLINE_SURFACE_WITH_KNOTS('',1,1,(
    (#3451,#3452)
    ,(#3453,#3454
    )),.UNSPECIFIED.,.F.,.F.,.F.,(2,2),(2,2),(0.,0.843023255814),(-0.45,
    0.),.PIECEWISE_BEZIER_KNOTS.);
#3451 = CARTESIAN_POINT('',(29.523916865538,-31.79794633158,
    -2.091117647059));
#3452 = CARTESIAN_POINT('',(29.523916865538,-31.79794633158,
    -2.383088235294));
#3453 = CARTESIAN_POINT('',(29.997609659499,-31.52445966947,
    -2.091117647059));
#3454 = CARTESIAN_POINT('',(29.997609659499,-31.52445966947,
    -2.383088235294));
#3455 = ADVANCED_FACE('',(#3456),#3466,.T.);
#3456 = FACE_BOUND('',#3457,.T.);
#3457 = EDGE_LOOP('',(#3458,#3459,#3464,#3465));
#3458 = ORIENTED_EDGE('',*,*,#2938,.F.);
#3459 = ORIENTED_EDGE('',*,*,#3460,.T.);
#3460 = EDGE_CURVE('',#2939,#2824,#3461,.T.);
#3461 = B_SPLINE_CURVE_WITH_KNOTS('',1,(#3462,#3463),.UNSPECIFIED.,.F.,
  .F.,(2,2),(0.,0.45),.PIECEWISE_BEZIER_KNOTS.);
#3462 = CARTESIAN_POINT('',(28.076368173337,-30.19546419667,
    -2.383088235294));
#3463 = CARTESIAN_POINT('',(28.076368173337,-30.19546419667,
    -2.091117647059));
#3464 = ORIENTED_EDGE('',*,*,#2838,.T.);
#3465 = ORIENTED_EDGE('',*,*,#3074,.F.);
#3466 = B_SPLINE_SURFACE_WITH_KNOTS('',2,1,(
    (#3467,#3468)
    ,(#3469,#3470)
    ,(#3471,#3472
    )),.UNSPECIFIED.,.F.,.F.,.F.,(3,3),(2,2),(0.,1.),(-0.45,0.),
  .PIECEWISE_BEZIER_KNOTS.);
#3467 = CARTESIAN_POINT('',(28.076368173337,-30.19546419667,
    -2.091117647059));
#3468 = CARTESIAN_POINT('',(28.076368173337,-30.19546419667,
    -2.383088235294));
#3469 = CARTESIAN_POINT('',(28.047652363115,-30.35496782733,
    -2.091117647059));
#3470 = CARTESIAN_POINT('',(28.047652363115,-30.35496782733,
    -2.383088235294));
#3471 = CARTESIAN_POINT('',(28.18784793108,-30.82530628519,
    -2.091117647059));
#3472 = CARTESIAN_POINT('',(28.18784793108,-30.82530628519,
    -2.383088235294));
#3473 = ADVANCED_FACE('',(#3474),#3484,.T.);
#3474 = FACE_BOUND('',#3475,.T.);
#3475 = EDGE_LOOP('',(#3476,#3477,#3482,#3483));
#3476 = ORIENTED_EDGE('',*,*,#2946,.F.);
#3477 = ORIENTED_EDGE('',*,*,#3478,.T.);
#3478 = EDGE_CURVE('',#2947,#2809,#3479,.T.);
#3479 = B_SPLINE_CURVE_WITH_KNOTS('',1,(#3480,#3481),.UNSPECIFIED.,.F.,
  .F.,(2,2),(0.,0.45),.PIECEWISE_BEZIER_KNOTS.);
#3480 = CARTESIAN_POINT('',(28.199251233168,-30.01221976836,
    -2.383088235294));
#3481 = CARTESIAN_POINT('',(28.199251233168,-30.01221976836,
    -2.091117647059));
#3482 = ORIENTED_EDGE('',*,*,#2823,.T.);
#3483 = ORIENTED_EDGE('',*,*,#3460,.F.);
#3484 = B_SPLINE_SURFACE_WITH_KNOTS('',2,1,(
    (#3485,#3486)
    ,(#3487,#3488)
    ,(#3489,#3490
    )),.UNSPECIFIED.,.F.,.F.,.F.,(3,3),(2,2),(0.,1.),(-0.45,0.),
  .PIECEWISE_BEZIER_KNOTS.);
#3485 = CARTESIAN_POINT('',(28.199251233168,-30.01221976836,
    -2.091117647059));
#3486 = CARTESIAN_POINT('',(28.199251233168,-30.01221976836,
    -2.383088235294));
#3487 = CARTESIAN_POINT('',(28.098948825826,-30.07012939023,
    -2.091117647059));
#3488 = CARTESIAN_POINT('',(28.098948825826,-30.07012939023,
    -2.383088235294));
#3489 = CARTESIAN_POINT('',(28.076368173337,-30.19546419667,
    -2.091117647059));
#3490 = CARTESIAN_POINT('',(28.076368173337,-30.19546419667,
    -2.383088235294));
#3491 = ADVANCED_FACE('',(#3492),#3502,.T.);
#3492 = FACE_BOUND('',#3493,.T.);
#3493 = EDGE_LOOP('',(#3494,#3495,#3500,#3501));
#3494 = ORIENTED_EDGE('',*,*,#2954,.F.);
#3495 = ORIENTED_EDGE('',*,*,#3496,.T.);
#3496 = EDGE_CURVE('',#2955,#2794,#3497,.T.);
#3497 = B_SPLINE_CURVE_WITH_KNOTS('',1,(#3498,#3499),.UNSPECIFIED.,.F.,
  .F.,(2,2),(0.,0.45),.PIECEWISE_BEZIER_KNOTS.);
#3498 = CARTESIAN_POINT('',(28.426530865627,-30.00095434433,
    -2.383088235294));
#3499 = CARTESIAN_POINT('',(28.426530865627,-30.00095434433,
    -2.091117647059));
#3500 = ORIENTED_EDGE('',*,*,#2808,.T.);
#3501 = ORIENTED_EDGE('',*,*,#3478,.F.);
#3502 = B_SPLINE_SURFACE_WITH_KNOTS('',2,1,(
    (#3503,#3504)
    ,(#3505,#3506)
    ,(#3507,#3508
    )),.UNSPECIFIED.,.F.,.F.,.F.,(3,3),(2,2),(0.,1.),(-0.45,0.),
  .PIECEWISE_BEZIER_KNOTS.);
#3503 = CARTESIAN_POINT('',(28.426530865627,-30.00095434433,
    -2.091117647059));
#3504 = CARTESIAN_POINT('',(28.426530865627,-30.00095434433,
    -2.383088235294));
#3505 = CARTESIAN_POINT('',(28.3089968697,-29.94885809556,
    -2.091117647059));
#3506 = CARTESIAN_POINT('',(28.3089968697,-29.94885809556,
    -2.383088235294));
#3507 = CARTESIAN_POINT('',(28.199251233168,-30.01221976836,
    -2.091117647059));
#3508 = CARTESIAN_POINT('',(28.199251233168,-30.01221976836,
    -2.383088235294));
#3509 = ADVANCED_FACE('',(#3510),#3520,.T.);
#3510 = FACE_BOUND('',#3511,.T.);
#3511 = EDGE_LOOP('',(#3512,#3513,#3518,#3519));
#3512 = ORIENTED_EDGE('',*,*,#2962,.F.);
#3513 = ORIENTED_EDGE('',*,*,#3514,.T.);
#3514 = EDGE_CURVE('',#2963,#2779,#3515,.T.);
#3515 = B_SPLINE_CURVE_WITH_KNOTS('',1,(#3516,#3517),.UNSPECIFIED.,.F.,
  .F.,(2,2),(0.,0.45),.PIECEWISE_BEZIER_KNOTS.);
#3516 = CARTESIAN_POINT('',(28.751859211896,-30.32867520532,
    -2.383088235294));
#3517 = CARTESIAN_POINT('',(28.751859211896,-30.32867520532,
    -2.091117647059));
#3518 = ORIENTED_EDGE('',*,*,#2793,.T.);
#3519 = ORIENTED_EDGE('',*,*,#3496,.F.);
#3520 = B_SPLINE_SURFACE_WITH_KNOTS('',2,1,(
    (#3521,#3522)
    ,(#3523,#3524)
    ,(#3525,#3526
    )),.UNSPECIFIED.,.F.,.F.,.F.,(3,3),(2,2),(0.,1.),(-0.45,0.),
  .PIECEWISE_BEZIER_KNOTS.);
#3521 = CARTESIAN_POINT('',(28.751859211896,-30.32867520532,
    -2.091117647059));
#3522 = CARTESIAN_POINT('',(28.751859211896,-30.32867520532,
    -2.383088235294));
#3523 = CARTESIAN_POINT('',(28.60929544811,-30.08174752313,
    -2.091117647059));
#3524 = CARTESIAN_POINT('',(28.60929544811,-30.08174752313,
    -2.383088235294));
#3525 = CARTESIAN_POINT('',(28.426530865627,-30.00095434433,
    -2.091117647059));
#3526 = CARTESIAN_POINT('',(28.426530865627,-30.00095434433,
    -2.383088235294));
#3527 = ADVANCED_FACE('',(#3528),#3538,.T.);
#3528 = FACE_BOUND('',#3529,.T.);
#3529 = EDGE_LOOP('',(#3530,#3531,#3536,#3537));
#3530 = ORIENTED_EDGE('',*,*,#2970,.F.);
#3531 = ORIENTED_EDGE('',*,*,#3532,.T.);
#3532 = EDGE_CURVE('',#2971,#2764,#3533,.T.);
#3533 = B_SPLINE_CURVE_WITH_KNOTS('',1,(#3534,#3535),.UNSPECIFIED.,.F.,
  .F.,(2,2),(0.,0.45),.PIECEWISE_BEZIER_KNOTS.);
#3534 = CARTESIAN_POINT('',(28.863711576324,-30.74255415824,
    -2.383088235294));
#3535 = CARTESIAN_POINT('',(28.863711576324,-30.74255415824,
    -2.091117647059));
#3536 = ORIENTED_EDGE('',*,*,#2778,.T.);
#3537 = ORIENTED_EDGE('',*,*,#3514,.F.);
#3538 = B_SPLINE_SURFACE_WITH_KNOTS('',2,1,(
    (#3539,#3540)
    ,(#3541,#3542)
    ,(#3543,#3544
    )),.UNSPECIFIED.,.F.,.F.,.F.,(3,3),(2,2),(0.,1.),(-0.45,0.),
  .PIECEWISE_BEZIER_KNOTS.);
#3539 = CARTESIAN_POINT('',(28.863711576324,-30.74255415824,
    -2.091117647059));
#3540 = CARTESIAN_POINT('',(28.863711576324,-30.74255415824,
    -2.383088235294));
#3541 = CARTESIAN_POINT('',(28.89000239386,-30.5679462152,
    -2.091117647059));
#3542 = CARTESIAN_POINT('',(28.89000239386,-30.5679462152,
    -2.383088235294));
#3543 = CARTESIAN_POINT('',(28.751859211896,-30.32867520532,
    -2.091117647059));
#3544 = CARTESIAN_POINT('',(28.751859211896,-30.32867520532,
    -2.383088235294));
#3545 = ADVANCED_FACE('',(#3546),#3556,.T.);
#3546 = FACE_BOUND('',#3547,.T.);
#3547 = EDGE_LOOP('',(#3548,#3549,#3554,#3555));
#3548 = ORIENTED_EDGE('',*,*,#2978,.F.);
#3549 = ORIENTED_EDGE('',*,*,#3550,.T.);
#3550 = EDGE_CURVE('',#2979,#2757,#3551,.T.);
#3551 = B_SPLINE_CURVE_WITH_KNOTS('',1,(#3552,#3553),.UNSPECIFIED.,.F.,
  .F.,(2,2),(0.,0.45),.PIECEWISE_BEZIER_KNOTS.);
#3552 = CARTESIAN_POINT('',(28.64078748262,-31.07935078247,
    -2.383088235294));
#3553 = CARTESIAN_POINT('',(28.64078748262,-31.07935078247,
    -2.091117647059));
#3554 = ORIENTED_EDGE('',*,*,#2763,.T.);
#3555 = ORIENTED_EDGE('',*,*,#3532,.F.);
#3556 = B_SPLINE_SURFACE_WITH_KNOTS('',2,1,(
    (#3557,#3558)
    ,(#3559,#3560)
    ,(#3561,#3562
    )),.UNSPECIFIED.,.F.,.F.,.F.,(3,3),(2,2),(0.,1.),(-0.45,0.),
  .PIECEWISE_BEZIER_KNOTS.);
#3557 = CARTESIAN_POINT('',(28.64078748262,-31.07935078247,
    -2.091117647059));
#3558 = CARTESIAN_POINT('',(28.64078748262,-31.07935078247,
    -2.383088235294));
#3559 = CARTESIAN_POINT('',(28.837494435151,-30.91728971247,
    -2.091117647059));
#3560 = CARTESIAN_POINT('',(28.837494435151,-30.91728971247,
    -2.383088235294));
#3561 = CARTESIAN_POINT('',(28.863711576324,-30.74255415824,
    -2.091117647059));
#3562 = CARTESIAN_POINT('',(28.863711576324,-30.74255415824,
    -2.383088235294));
#3563 = ADVANCED_FACE('',(#3564),#3574,.T.);
#3564 = FACE_BOUND('',#3565,.T.);
#3565 = EDGE_LOOP('',(#3566,#3567,#3572,#3573));
#3566 = ORIENTED_EDGE('',*,*,#2986,.F.);
#3567 = ORIENTED_EDGE('',*,*,#3568,.T.);
#3568 = EDGE_CURVE('',#2987,#2738,#3569,.T.);
#3569 = B_SPLINE_CURVE_WITH_KNOTS('',1,(#3570,#3571),.UNSPECIFIED.,.F.,
  .F.,(2,2),(0.,0.45),.PIECEWISE_BEZIER_KNOTS.);
#3570 = CARTESIAN_POINT('',(28.992411888922,-31.63179867204,
    -2.383088235294));
#3571 = CARTESIAN_POINT('',(28.992411888922,-31.63179867204,
    -2.091117647059));
#3572 = ORIENTED_EDGE('',*,*,#2756,.T.);
#3573 = ORIENTED_EDGE('',*,*,#3550,.F.);
#3574 = B_SPLINE_SURFACE_WITH_KNOTS('',1,1,(
    (#3575,#3576)
    ,(#3577,#3578
    )),.UNSPECIFIED.,.F.,.F.,.F.,(2,2),(2,2),(0.,1.009299921064),(-0.45,
    0.),.PIECEWISE_BEZIER_KNOTS.);
#3575 = CARTESIAN_POINT('',(28.992411888922,-31.63179867204,
    -2.091117647059));
#3576 = CARTESIAN_POINT('',(28.992411888922,-31.63179867204,
    -2.383088235294));
#3577 = CARTESIAN_POINT('',(28.64078748262,-31.07935078247,
    -2.091117647059));
#3578 = CARTESIAN_POINT('',(28.64078748262,-31.07935078247,
    -2.383088235294));
#3579 = ADVANCED_FACE('',(#3580),#3590,.T.);
#3580 = FACE_BOUND('',#3581,.T.);
#3581 = EDGE_LOOP('',(#3582,#3583,#3588,#3589));
#3582 = ORIENTED_EDGE('',*,*,#2993,.F.);
#3583 = ORIENTED_EDGE('',*,*,#3584,.T.);
#3584 = EDGE_CURVE('',#2994,#2721,#3585,.T.);
#3585 = B_SPLINE_CURVE_WITH_KNOTS('',1,(#3586,#3587),.UNSPECIFIED.,.F.,
  .F.,(2,2),(0.,0.45),.PIECEWISE_BEZIER_KNOTS.);
#3586 = CARTESIAN_POINT('',(29.448364697394,-30.99456828975,
    -2.383088235294));
#3587 = CARTESIAN_POINT('',(29.448364697394,-30.99456828975,
    -2.091117647059));
#3588 = ORIENTED_EDGE('',*,*,#2737,.T.);
#3589 = ORIENTED_EDGE('',*,*,#3568,.F.);
#3590 = B_SPLINE_SURFACE_WITH_KNOTS('',2,1,(
    (#3591,#3592)
    ,(#3593,#3594)
    ,(#3595,#3596
    )),.UNSPECIFIED.,.F.,.F.,.F.,(3,3),(2,2),(0.,1.),(-0.45,0.),
  .PIECEWISE_BEZIER_KNOTS.);
#3591 = CARTESIAN_POINT('',(29.448364697394,-30.99456828975,
    -2.091117647059));
#3592 = CARTESIAN_POINT('',(29.448364697394,-30.99456828975,
    -2.383088235294));
#3593 = CARTESIAN_POINT('',(29.371082600289,-31.39530746616,
    -2.091117647059));
#3594 = CARTESIAN_POINT('',(29.371082600289,-31.39530746616,
    -2.383088235294));
#3595 = CARTESIAN_POINT('',(28.992411888922,-31.63179867204,
    -2.091117647059));
#3596 = CARTESIAN_POINT('',(28.992411888922,-31.63179867204,
    -2.383088235294));
#3597 = ADVANCED_FACE('',(#3598),#3608,.T.);
#3598 = FACE_BOUND('',#3599,.T.);
#3599 = EDGE_LOOP('',(#3600,#3601,#3606,#3607));
#3600 = ORIENTED_EDGE('',*,*,#3001,.F.);
#3601 = ORIENTED_EDGE('',*,*,#3602,.T.);
#3602 = EDGE_CURVE('',#3002,#2706,#3603,.T.);
#3603 = B_SPLINE_CURVE_WITH_KNOTS('',1,(#3604,#3605),.UNSPECIFIED.,.F.,
  .F.,(2,2),(0.,0.45),.PIECEWISE_BEZIER_KNOTS.);
#3604 = CARTESIAN_POINT('',(29.220700325088,-30.06564633473,
    -2.383088235294));
#3605 = CARTESIAN_POINT('',(29.220700325088,-30.06564633473,
    -2.091117647059));
#3606 = ORIENTED_EDGE('',*,*,#2720,.T.);
#3607 = ORIENTED_EDGE('',*,*,#3584,.F.);
#3608 = B_SPLINE_SURFACE_WITH_KNOTS('',2,1,(
    (#3609,#3610)
    ,(#3611,#3612)
    ,(#3613,#3614
    )),.UNSPECIFIED.,.F.,.F.,.F.,(3,3),(2,2),(0.,1.),(-0.45,0.),
  .PIECEWISE_BEZIER_KNOTS.);
#3609 = CARTESIAN_POINT('',(29.220700325088,-30.06564633473,
    -2.091117647059));
#3610 = CARTESIAN_POINT('',(29.220700325088,-30.06564633473,
    -2.383088235294));
#3611 = CARTESIAN_POINT('',(29.525720470864,-30.59395672455,
    -2.091117647059));
#3612 = CARTESIAN_POINT('',(29.525720470864,-30.59395672455,
    -2.383088235294));
#3613 = CARTESIAN_POINT('',(29.448364697394,-30.99456828975,
    -2.091117647059));
#3614 = CARTESIAN_POINT('',(29.448364697394,-30.99456828975,
    -2.383088235294));
#3615 = ADVANCED_FACE('',(#3616),#3626,.T.);
#3616 = FACE_BOUND('',#3617,.T.);
#3617 = EDGE_LOOP('',(#3618,#3619,#3624,#3625));
#3618 = ORIENTED_EDGE('',*,*,#3009,.F.);
#3619 = ORIENTED_EDGE('',*,*,#3620,.T.);
#3620 = EDGE_CURVE('',#3010,#2687,#3621,.T.);
#3621 = B_SPLINE_CURVE_WITH_KNOTS('',1,(#3622,#3623),.UNSPECIFIED.,.F.,
  .F.,(2,2),(0.,0.45),.PIECEWISE_BEZIER_KNOTS.);
#3622 = CARTESIAN_POINT('',(28.803951228491,-29.56985480929,
    -2.383088235294));
#3623 = CARTESIAN_POINT('',(28.803951228491,-29.56985480929,
    -2.091117647059));
#3624 = ORIENTED_EDGE('',*,*,#2705,.T.);
#3625 = ORIENTED_EDGE('',*,*,#3602,.F.);
#3626 = B_SPLINE_SURFACE_WITH_KNOTS('',2,1,(
    (#3627,#3628)
    ,(#3629,#3630)
    ,(#3631,#3632
    )),.UNSPECIFIED.,.F.,.F.,.F.,(3,3),(2,2),(0.,1.),(-0.45,0.),
  .PIECEWISE_BEZIER_KNOTS.);
#3627 = CARTESIAN_POINT('',(28.803951228491,-29.56985480929,
    -2.091117647059));
#3628 = CARTESIAN_POINT('',(28.803951228491,-29.56985480929,
    -2.383088235294));
#3629 = CARTESIAN_POINT('',(29.033930743072,-29.74215192937,
    -2.091117647059));
#3630 = CARTESIAN_POINT('',(29.033930743072,-29.74215192937,
    -2.383088235294));
#3631 = CARTESIAN_POINT('',(29.220700325088,-30.06564633473,
    -2.091117647059));
#3632 = CARTESIAN_POINT('',(29.220700325088,-30.06564633473,
    -2.383088235294));
#3633 = ADVANCED_FACE('',(#3634),#3644,.T.);
#3634 = FACE_BOUND('',#3635,.T.);
#3635 = EDGE_LOOP('',(#3636,#3637,#3642,#3643));
#3636 = ORIENTED_EDGE('',*,*,#3017,.F.);
#3637 = ORIENTED_EDGE('',*,*,#3638,.T.);
#3638 = EDGE_CURVE('',#3018,#2672,#3639,.T.);
#3639 = B_SPLINE_CURVE_WITH_KNOTS('',1,(#3640,#3641),.UNSPECIFIED.,.F.,
  .F.,(2,2),(0.,0.45),.PIECEWISE_BEZIER_KNOTS.);
#3640 = CARTESIAN_POINT('',(28.316626177523,-29.38415504736,
    -2.383088235294));
#3641 = CARTESIAN_POINT('',(28.316626177523,-29.38415504736,
    -2.091117647059));
#3642 = ORIENTED_EDGE('',*,*,#2686,.T.);
#3643 = ORIENTED_EDGE('',*,*,#3620,.F.);
#3644 = B_SPLINE_SURFACE_WITH_KNOTS('',2,1,(
    (#3645,#3646)
    ,(#3647,#3648)
    ,(#3649,#3650
    )),.UNSPECIFIED.,.F.,.F.,.F.,(3,3),(2,2),(0.,1.),(-0.45,0.),
  .PIECEWISE_BEZIER_KNOTS.);
#3645 = CARTESIAN_POINT('',(28.316626177523,-29.38415504736,
    -2.091117647059));
#3646 = CARTESIAN_POINT('',(28.316626177523,-29.38415504736,
    -2.383088235294));
#3647 = CARTESIAN_POINT('',(28.574045390274,-29.39768530042,
    -2.091117647059));
#3648 = CARTESIAN_POINT('',(28.574045390274,-29.39768530042,
    -2.383088235294));
#3649 = CARTESIAN_POINT('',(28.803951228491,-29.56985480929,
    -2.091117647059));
#3650 = CARTESIAN_POINT('',(28.803951228491,-29.56985480929,
    -2.383088235294));
#3651 = ADVANCED_FACE('',(#3652),#3658,.T.);
#3652 = FACE_BOUND('',#3653,.T.);
#3653 = EDGE_LOOP('',(#3654,#3655,#3656,#3657));
#3654 = ORIENTED_EDGE('',*,*,#3025,.F.);
#3655 = ORIENTED_EDGE('',*,*,#3058,.T.);
#3656 = ORIENTED_EDGE('',*,*,#2671,.T.);
#3657 = ORIENTED_EDGE('',*,*,#3638,.F.);
#3658 = B_SPLINE_SURFACE_WITH_KNOTS('',2,1,(
    (#3659,#3660)
    ,(#3661,#3662)
    ,(#3663,#3664
    )),.UNSPECIFIED.,.F.,.F.,.F.,(3,3),(2,2),(0.,1.),(-0.45,0.),
  .PIECEWISE_BEZIER_KNOTS.);
#3659 = CARTESIAN_POINT('',(27.844255760257,-29.49489707837,
    -2.091117647059));
#3660 = CARTESIAN_POINT('',(27.844255760257,-29.49489707837,
    -2.383088235294));
#3661 = CARTESIAN_POINT('',(28.059280641137,-29.37075240552,
    -2.091117647059));
#3662 = CARTESIAN_POINT('',(28.059280641137,-29.37075240552,
    -2.383088235294));
#3663 = CARTESIAN_POINT('',(28.316626177523,-29.38415504736,
    -2.091117647059));
#3664 = CARTESIAN_POINT('',(28.316626177523,-29.38415504736,
    -2.383088235294));
#3665 = ADVANCED_FACE('',(#3666),#3677,.F.);
#3666 = FACE_BOUND('',#3667,.F.);
#3667 = EDGE_LOOP('',(#3668,#3669,#3670,#3671,#3672,#3673,#3674,#3675,
    #3676));
#3668 = ORIENTED_EDGE('',*,*,#3175,.F.);
#3669 = ORIENTED_EDGE('',*,*,#3393,.F.);
#3670 = ORIENTED_EDGE('',*,*,#3369,.F.);
#3671 = ORIENTED_EDGE('',*,*,#3341,.F.);
#3672 = ORIENTED_EDGE('',*,*,#3309,.F.);
#3673 = ORIENTED_EDGE('',*,*,#3277,.F.);
#3674 = ORIENTED_EDGE('',*,*,#3247,.F.);
#3675 = ORIENTED_EDGE('',*,*,#3225,.F.);
#3676 = ORIENTED_EDGE('',*,*,#3203,.F.);
#3677 = PLANE('',#3678);
#3678 = AXIS2_PLACEMENT_3D('',#3679,#3680,#3681);
#3679 = CARTESIAN_POINT('',(54.501176470588,-13.62529411764,
    -2.141117647059));
#3680 = DIRECTION('',(0.,0.,1.));
#3681 = DIRECTION('',(0.5,-0.866025403784,0.));
#3682 = ( GEOMETRIC_REPRESENTATION_CONTEXT(3) 
GLOBAL_UNCERTAINTY_ASSIGNED_CONTEXT((#3686)) 
GLOBAL_UNIT_ASSIGNED_CONTEXT((#3683,#3684,#3685)) REPRESENTATION_CONTEXT
('Context #1','3D Context with UNIT and UNCERTAINTY') );
#3683 = ( LENGTH_UNIT() NAMED_UNIT(*) SI_UNIT(.MILLI.,.METRE.) );
#3684 = ( NAMED_UNIT(*) PLANE_ANGLE_UNIT() SI_UNIT($,.RADIAN.) );
#3685 = ( NAMED_UNIT(*) SI_UNIT($,.STERADIAN.) SOLID_ANGLE_UNIT() );
#3686 = UNCERTAINTY_MEASURE_WITH_UNIT(LENGTH_MEASURE(2.E-06),#3683,
  'distance_accuracy_value','confusion accuracy');
#3687 = PRODUCT_RELATED_PRODUCT_CATEGORY('part',$,(#7));
ENDSEC;
END-ISO-10303-21;
